p,firm_penalty,firm_honest_payoff,firm_bribe_payoff,firm_prefers_bribe
0.0,0,30.0,70.0,True
0.0,5,30.0,70.0,True
0.0,10,30.0,70.0,True
0.0,15,30.0,70.0,True
0.0,20,30.0,70.0,True
0.0,25,30.0,70.0,True
0.0,30,30.0,70.0,True
0.0,35,30.0,70.0,True
0.0,40,30.0,70.0,True
0.0,45,30.0,70.0,True
0.0,50,30.0,70.0,True
0.0,55,30.0,70.0,True
0.0,60,30.0,70.0,True
0.0,65,30.0,70.0,True
0.0,70,30.0,70.0,True
0.0,75,30.0,70.0,True
0.0,80,30.0,70.0,True
0.0,85,30.0,70.0,True
0.0,90,30.0,70.0,True
0.0,95,30.0,70.0,True
0.0,100,30.0,70.0,True
0.0,105,30.0,70.0,True
0.0,110,30.0,70.0,True
0.0,115,30.0,70.0,True
0.0,120,30.0,70.0,True
0.0,125,30.0,70.0,True
0.0,130,30.0,70.0,True
0.0,135,30.0,70.0,True
0.0,140,30.0,70.0,True
0.0,145,30.0,70.0,True
0.0,150,30.0,70.0,True
0.0,155,30.0,70.0,True
0.0,160,30.0,70.0,True
0.0,165,30.0,70.0,True
0.0,170,30.0,70.0,True
0.0,175,30.0,70.0,True
0.0,180,30.0,70.0,True
0.0,185,30.0,70.0,True
0.0,190,30.0,70.0,True
0.0,195,30.0,70.0,True
0.0,200,30.0,70.0,True
0.0,205,30.0,70.0,True
0.0,210,30.0,70.0,True
0.0,215,30.0,70.0,True
0.0,220,30.0,70.0,True
0.0,225,30.0,70.0,True
0.0,230,30.0,70.0,True
0.0,235,30.0,70.0,True
0.0,240,30.0,70.0,True
0.0,245,30.0,70.0,True
0.0,250,30.0,70.0,True
0.0,255,30.0,70.0,True
0.0,260,30.0,70.0,True
0.0,265,30.0,70.0,True
0.0,270,30.0,70.0,True
0.0,275,30.0,70.0,True
0.0,280,30.0,70.0,True
0.0,285,30.0,70.0,True
0.0,290,30.0,70.0,True
0.0,295,30.0,70.0,True
0.0,300,30.0,70.0,True
0.0,305,30.0,70.0,True
0.0,310,30.0,70.0,True
0.0,315,30.0,70.0,True
0.0,320,30.0,70.0,True
0.0,325,30.0,70.0,True
0.0,330,30.0,70.0,True
0.0,335,30.0,70.0,True
0.0,340,30.0,70.0,True
0.0,345,30.0,70.0,True
0.0,350,30.0,70.0,True
0.0,355,30.0,70.0,True
0.0,360,30.0,70.0,True
0.0,365,30.0,70.0,True
0.0,370,30.0,70.0,True
0.0,375,30.0,70.0,True
0.0,380,30.0,70.0,True
0.0,385,30.0,70.0,True
0.0,390,30.0,70.0,True
0.0,395,30.0,70.0,True
0.0,400,30.0,70.0,True
0.0,405,30.0,70.0,True
0.0,410,30.0,70.0,True
0.0,415,30.0,70.0,True
0.0,420,30.0,70.0,True
0.0,425,30.0,70.0,True
0.0,430,30.0,70.0,True
0.0,435,30.0,70.0,True
0.0,440,30.0,70.0,True
0.0,445,30.0,70.0,True
0.0,450,30.0,70.0,True
0.0,455,30.0,70.0,True
0.0,460,30.0,70.0,True
0.0,465,30.0,70.0,True
0.0,470,30.0,70.0,True
0.0,475,30.0,70.0,True
0.0,480,30.0,70.0,True
0.0,485,30.0,70.0,True
0.0,490,30.0,70.0,True
0.0,495,30.0,70.0,True
0.0,500,30.0,70.0,True
0.01,0,30.0,70.0,True
0.01,5,30.0,69.95,True
0.01,10,30.0,69.9,True
0.01,15,30.0,69.85,True
0.01,20,30.0,69.8,True
0.01,25,30.0,69.75,True
0.01,30,30.0,69.7,True
0.01,35,30.0,69.65,True
0.01,40,30.0,69.6,True
0.01,45,30.0,69.55,True
0.01,50,30.0,69.5,True
0.01,55,30.0,69.45,True
0.01,60,30.0,69.4,True
0.01,65,30.0,69.35,True
0.01,70,30.0,69.3,True
0.01,75,30.0,69.25,True
0.01,80,30.0,69.2,True
0.01,85,30.0,69.15,True
0.01,90,30.0,69.1,True
0.01,95,30.0,69.05,True
0.01,100,30.0,69.0,True
0.01,105,30.0,68.95,True
0.01,110,30.0,68.9,True
0.01,115,30.0,68.85,True
0.01,120,30.0,68.8,True
0.01,125,30.0,68.75,True
0.01,130,30.0,68.7,True
0.01,135,30.0,68.65,True
0.01,140,30.0,68.6,True
0.01,145,30.0,68.55,True
0.01,150,30.0,68.5,True
0.01,155,30.0,68.45,True
0.01,160,30.0,68.4,True
0.01,165,30.0,68.35,True
0.01,170,30.0,68.3,True
0.01,175,30.0,68.25,True
0.01,180,30.0,68.2,True
0.01,185,30.0,68.15,True
0.01,190,30.0,68.1,True
0.01,195,30.0,68.05,True
0.01,200,30.0,68.0,True
0.01,205,30.0,67.95,True
0.01,210,30.0,67.9,True
0.01,215,30.0,67.85,True
0.01,220,30.0,67.8,True
0.01,225,30.0,67.75,True
0.01,230,30.0,67.7,True
0.01,235,30.0,67.65,True
0.01,240,30.0,67.6,True
0.01,245,30.0,67.55,True
0.01,250,30.0,67.5,True
0.01,255,30.0,67.45,True
0.01,260,30.0,67.4,True
0.01,265,30.0,67.35,True
0.01,270,30.0,67.3,True
0.01,275,30.0,67.25,True
0.01,280,30.0,67.2,True
0.01,285,30.0,67.15,True
0.01,290,30.0,67.1,True
0.01,295,30.0,67.05,True
0.01,300,30.0,67.0,True
0.01,305,30.0,66.95,True
0.01,310,30.0,66.9,True
0.01,315,30.0,66.85,True
0.01,320,30.0,66.8,True
0.01,325,30.0,66.75,True
0.01,330,30.0,66.7,True
0.01,335,30.0,66.65,True
0.01,340,30.0,66.6,True
0.01,345,30.0,66.55,True
0.01,350,30.0,66.5,True
0.01,355,30.0,66.45,True
0.01,360,30.0,66.4,True
0.01,365,30.0,66.35,True
0.01,370,30.0,66.3,True
0.01,375,30.0,66.25,True
0.01,380,30.0,66.2,True
0.01,385,30.0,66.15,True
0.01,390,30.0,66.1,True
0.01,395,30.0,66.05,True
0.01,400,30.0,66.0,True
0.01,405,30.0,65.95,True
0.01,410,30.0,65.9,True
0.01,415,30.0,65.85,True
0.01,420,30.0,65.8,True
0.01,425,30.0,65.75,True
0.01,430,30.0,65.7,True
0.01,435,30.0,65.65,True
0.01,440,30.0,65.6,True
0.01,445,30.0,65.55,True
0.01,450,30.0,65.5,True
0.01,455,30.0,65.45,True
0.01,460,30.0,65.4,True
0.01,465,30.0,65.35,True
0.01,470,30.0,65.3,True
0.01,475,30.0,65.25,True
0.01,480,30.0,65.2,True
0.01,485,30.0,65.15,True
0.01,490,30.0,65.1,True
0.01,495,30.0,65.05,True
0.01,500,30.0,65.0,True
0.02,0,30.0,70.0,True
0.02,5,30.0,69.9,True
0.02,10,30.0,69.8,True
0.02,15,30.0,69.7,True
0.02,20,30.0,69.6,True
0.02,25,30.0,69.5,True
0.02,30,30.0,69.4,True
0.02,35,30.0,69.3,True
0.02,40,30.0,69.2,True
0.02,45,30.0,69.1,True
0.02,50,30.0,69.0,True
0.02,55,30.0,68.9,True
0.02,60,30.0,68.8,True
0.02,65,30.0,68.7,True
0.02,70,30.0,68.6,True
0.02,75,30.0,68.5,True
0.02,80,30.0,68.4,True
0.02,85,30.0,68.3,True
0.02,90,30.0,68.2,True
0.02,95,30.0,68.1,True
0.02,100,30.0,68.0,True
0.02,105,30.0,67.9,True
0.02,110,30.0,67.8,True
0.02,115,30.0,67.7,True
0.02,120,30.0,67.6,True
0.02,125,30.0,67.5,True
0.02,130,30.0,67.4,True
0.02,135,30.0,67.3,True
0.02,140,30.0,67.2,True
0.02,145,30.0,67.1,True
0.02,150,30.0,67.0,True
0.02,155,30.0,66.9,True
0.02,160,30.0,66.8,True
0.02,165,30.0,66.7,True
0.02,170,30.0,66.6,True
0.02,175,30.0,66.5,True
0.02,180,30.0,66.4,True
0.02,185,30.0,66.3,True
0.02,190,30.0,66.2,True
0.02,195,30.0,66.1,True
0.02,200,30.0,66.0,True
0.02,205,30.0,65.9,True
0.02,210,30.0,65.8,True
0.02,215,30.0,65.7,True
0.02,220,30.0,65.6,True
0.02,225,30.0,65.5,True
0.02,230,30.0,65.4,True
0.02,235,30.0,65.3,True
0.02,240,30.0,65.2,True
0.02,245,30.0,65.1,True
0.02,250,30.0,65.0,True
0.02,255,30.0,64.9,True
0.02,260,30.0,64.8,True
0.02,265,30.0,64.7,True
0.02,270,30.0,64.6,True
0.02,275,30.0,64.5,True
0.02,280,30.0,64.4,True
0.02,285,30.0,64.3,True
0.02,290,30.0,64.2,True
0.02,295,30.0,64.1,True
0.02,300,30.0,64.0,True
0.02,305,30.0,63.9,True
0.02,310,30.0,63.8,True
0.02,315,30.0,63.7,True
0.02,320,30.0,63.6,True
0.02,325,30.0,63.5,True
0.02,330,30.0,63.4,True
0.02,335,30.0,63.3,True
0.02,340,30.0,63.2,True
0.02,345,30.0,63.1,True
0.02,350,30.0,63.0,True
0.02,355,30.0,62.9,True
0.02,360,30.0,62.8,True
0.02,365,30.0,62.7,True
0.02,370,30.0,62.6,True
0.02,375,30.0,62.5,True
0.02,380,30.0,62.4,True
0.02,385,30.0,62.3,True
0.02,390,30.0,62.2,True
0.02,395,30.0,62.1,True
0.02,400,30.0,62.0,True
0.02,405,30.0,61.9,True
0.02,410,30.0,61.8,True
0.02,415,30.0,61.7,True
0.02,420,30.0,61.6,True
0.02,425,30.0,61.5,True
0.02,430,30.0,61.4,True
0.02,435,30.0,61.3,True
0.02,440,30.0,61.2,True
0.02,445,30.0,61.1,True
0.02,450,30.0,61.0,True
0.02,455,30.0,60.9,True
0.02,460,30.0,60.8,True
0.02,465,30.0,60.7,True
0.02,470,30.0,60.6,True
0.02,475,30.0,60.5,True
0.02,480,30.0,60.4,True
0.02,485,30.0,60.3,True
0.02,490,30.0,60.2,True
0.02,495,30.0,60.1,True
0.02,500,30.0,60.0,True
0.03,0,30.0,70.0,True
0.03,5,30.0,69.85,True
0.03,10,30.0,69.7,True
0.03,15,30.0,69.55,True
0.03,20,30.0,69.4,True
0.03,25,30.0,69.25,True
0.03,30,30.0,69.1,True
0.03,35,30.0,68.95,True
0.03,40,30.0,68.8,True
0.03,45,30.0,68.65,True
0.03,50,30.0,68.5,True
0.03,55,30.0,68.35,True
0.03,60,30.0,68.2,True
0.03,65,30.0,68.05,True
0.03,70,30.0,67.9,True
0.03,75,30.0,67.75,True
0.03,80,30.0,67.6,True
0.03,85,30.0,67.45,True
0.03,90,30.0,67.3,True
0.03,95,30.0,67.15,True
0.03,100,30.0,67.0,True
0.03,105,30.0,66.85,True
0.03,110,30.0,66.7,True
0.03,115,30.0,66.55,True
0.03,120,30.0,66.4,True
0.03,125,30.0,66.25,True
0.03,130,30.0,66.1,True
0.03,135,30.0,65.95,True
0.03,140,30.0,65.8,True
0.03,145,30.0,65.65,True
0.03,150,30.0,65.5,True
0.03,155,30.0,65.35,True
0.03,160,30.0,65.2,True
0.03,165,30.0,65.05,True
0.03,170,30.0,64.9,True
0.03,175,30.0,64.75,True
0.03,180,30.0,64.6,True
0.03,185,30.0,64.45,True
0.03,190,30.0,64.3,True
0.03,195,30.0,64.15,True
0.03,200,30.0,64.0,True
0.03,205,30.0,63.85,True
0.03,210,30.0,63.7,True
0.03,215,30.0,63.55,True
0.03,220,30.0,63.4,True
0.03,225,30.0,63.25,True
0.03,230,30.0,63.1,True
0.03,235,30.0,62.95,True
0.03,240,30.0,62.8,True
0.03,245,30.0,62.65,True
0.03,250,30.0,62.5,True
0.03,255,30.0,62.35,True
0.03,260,30.0,62.2,True
0.03,265,30.0,62.05,True
0.03,270,30.0,61.9,True
0.03,275,30.0,61.75,True
0.03,280,30.0,61.6,True
0.03,285,30.0,61.45,True
0.03,290,30.0,61.3,True
0.03,295,30.0,61.15,True
0.03,300,30.0,61.0,True
0.03,305,30.0,60.85,True
0.03,310,30.0,60.7,True
0.03,315,30.0,60.55,True
0.03,320,30.0,60.4,True
0.03,325,30.0,60.25,True
0.03,330,30.0,60.1,True
0.03,335,30.0,59.95,True
0.03,340,30.0,59.8,True
0.03,345,30.0,59.65,True
0.03,350,30.0,59.5,True
0.03,355,30.0,59.35,True
0.03,360,30.0,59.2,True
0.03,365,30.0,59.05,True
0.03,370,30.0,58.9,True
0.03,375,30.0,58.75,True
0.03,380,30.0,58.6,True
0.03,385,30.0,58.45,True
0.03,390,30.0,58.3,True
0.03,395,30.0,58.15,True
0.03,400,30.0,58.0,True
0.03,405,30.0,57.85,True
0.03,410,30.0,57.7,True
0.03,415,30.0,57.55,True
0.03,420,30.0,57.4,True
0.03,425,30.0,57.25,True
0.03,430,30.0,57.1,True
0.03,435,30.0,56.95,True
0.03,440,30.0,56.8,True
0.03,445,30.0,56.65,True
0.03,450,30.0,56.5,True
0.03,455,30.0,56.35,True
0.03,460,30.0,56.2,True
0.03,465,30.0,56.05,True
0.03,470,30.0,55.9,True
0.03,475,30.0,55.75,True
0.03,480,30.0,55.6,True
0.03,485,30.0,55.45,True
0.03,490,30.0,55.3,True
0.03,495,30.0,55.15,True
0.03,500,30.0,55.0,True
0.04,0,30.0,70.0,True
0.04,5,30.0,69.8,True
0.04,10,30.0,69.6,True
0.04,15,30.0,69.4,True
0.04,20,30.0,69.2,True
0.04,25,30.0,69.0,True
0.04,30,30.0,68.8,True
0.04,35,30.0,68.6,True
0.04,40,30.0,68.4,True
0.04,45,30.0,68.2,True
0.04,50,30.0,68.0,True
0.04,55,30.0,67.8,True
0.04,60,30.0,67.6,True
0.04,65,30.0,67.4,True
0.04,70,30.0,67.2,True
0.04,75,30.0,67.0,True
0.04,80,30.0,66.8,True
0.04,85,30.0,66.6,True
0.04,90,30.0,66.4,True
0.04,95,30.0,66.2,True
0.04,100,30.0,66.0,True
0.04,105,30.0,65.8,True
0.04,110,30.0,65.6,True
0.04,115,30.0,65.4,True
0.04,120,30.0,65.2,True
0.04,125,30.0,65.0,True
0.04,130,30.0,64.8,True
0.04,135,30.0,64.6,True
0.04,140,30.0,64.4,True
0.04,145,30.0,64.2,True
0.04,150,30.0,64.0,True
0.04,155,30.0,63.8,True
0.04,160,30.0,63.6,True
0.04,165,30.0,63.4,True
0.04,170,30.0,63.2,True
0.04,175,30.0,63.0,True
0.04,180,30.0,62.8,True
0.04,185,30.0,62.6,True
0.04,190,30.0,62.4,True
0.04,195,30.0,62.2,True
0.04,200,30.0,62.0,True
0.04,205,30.0,61.8,True
0.04,210,30.0,61.6,True
0.04,215,30.0,61.4,True
0.04,220,30.0,61.2,True
0.04,225,30.0,61.0,True
0.04,230,30.0,60.8,True
0.04,235,30.0,60.6,True
0.04,240,30.0,60.4,True
0.04,245,30.0,60.2,True
0.04,250,30.0,60.0,True
0.04,255,30.0,59.8,True
0.04,260,30.0,59.6,True
0.04,265,30.0,59.4,True
0.04,270,30.0,59.2,True
0.04,275,30.0,59.0,True
0.04,280,30.0,58.8,True
0.04,285,30.0,58.6,True
0.04,290,30.0,58.4,True
0.04,295,30.0,58.2,True
0.04,300,30.0,58.0,True
0.04,305,30.0,57.8,True
0.04,310,30.0,57.6,True
0.04,315,30.0,57.4,True
0.04,320,30.0,57.2,True
0.04,325,30.0,57.0,True
0.04,330,30.0,56.8,True
0.04,335,30.0,56.6,True
0.04,340,30.0,56.4,True
0.04,345,30.0,56.2,True
0.04,350,30.0,56.0,True
0.04,355,30.0,55.8,True
0.04,360,30.0,55.6,True
0.04,365,30.0,55.4,True
0.04,370,30.0,55.2,True
0.04,375,30.0,55.0,True
0.04,380,30.0,54.8,True
0.04,385,30.0,54.6,True
0.04,390,30.0,54.4,True
0.04,395,30.0,54.2,True
0.04,400,30.0,54.0,True
0.04,405,30.0,53.8,True
0.04,410,30.0,53.6,True
0.04,415,30.0,53.4,True
0.04,420,30.0,53.2,True
0.04,425,30.0,53.0,True
0.04,430,30.0,52.8,True
0.04,435,30.0,52.599999999999994,True
0.04,440,30.0,52.4,True
0.04,445,30.0,52.2,True
0.04,450,30.0,52.0,True
0.04,455,30.0,51.8,True
0.04,460,30.0,51.599999999999994,True
0.04,465,30.0,51.4,True
0.04,470,30.0,51.2,True
0.04,475,30.0,51.0,True
0.04,480,30.0,50.8,True
0.04,485,30.0,50.599999999999994,True
0.04,490,30.0,50.4,True
0.04,495,30.0,50.2,True
0.04,500,30.0,50.0,True
0.05,0,30.0,70.0,True
0.05,5,30.0,69.75,True
0.05,10,30.0,69.5,True
0.05,15,30.0,69.25,True
0.05,20,30.0,69.0,True
0.05,25,30.0,68.75,True
0.05,30,30.0,68.5,True
0.05,35,30.0,68.25,True
0.05,40,30.0,68.0,True
0.05,45,30.0,67.75,True
0.05,50,30.0,67.5,True
0.05,55,30.0,67.25,True
0.05,60,30.0,67.0,True
0.05,65,30.0,66.75,True
0.05,70,30.0,66.5,True
0.05,75,30.0,66.25,True
0.05,80,30.0,66.0,True
0.05,85,30.0,65.75,True
0.05,90,30.0,65.5,True
0.05,95,30.0,65.25,True
0.05,100,30.0,65.0,True
0.05,105,30.0,64.75,True
0.05,110,30.0,64.5,True
0.05,115,30.0,64.25,True
0.05,120,30.0,64.0,True
0.05,125,30.0,63.75,True
0.05,130,30.0,63.5,True
0.05,135,30.0,63.25,True
0.05,140,30.0,63.0,True
0.05,145,30.0,62.75,True
0.05,150,30.0,62.5,True
0.05,155,30.0,62.25,True
0.05,160,30.0,62.0,True
0.05,165,30.0,61.75,True
0.05,170,30.0,61.5,True
0.05,175,30.0,61.25,True
0.05,180,30.0,61.0,True
0.05,185,30.0,60.75,True
0.05,190,30.0,60.5,True
0.05,195,30.0,60.25,True
0.05,200,30.0,60.0,True
0.05,205,30.0,59.75,True
0.05,210,30.0,59.5,True
0.05,215,30.0,59.25,True
0.05,220,30.0,59.0,True
0.05,225,30.0,58.75,True
0.05,230,30.0,58.5,True
0.05,235,30.0,58.25,True
0.05,240,30.0,58.0,True
0.05,245,30.0,57.75,True
0.05,250,30.0,57.5,True
0.05,255,30.0,57.25,True
0.05,260,30.0,57.0,True
0.05,265,30.0,56.75,True
0.05,270,30.0,56.5,True
0.05,275,30.0,56.25,True
0.05,280,30.0,56.0,True
0.05,285,30.0,55.75,True
0.05,290,30.0,55.5,True
0.05,295,30.0,55.25,True
0.05,300,30.0,55.0,True
0.05,305,30.0,54.75,True
0.05,310,30.0,54.5,True
0.05,315,30.0,54.25,True
0.05,320,30.0,54.0,True
0.05,325,30.0,53.75,True
0.05,330,30.0,53.5,True
0.05,335,30.0,53.25,True
0.05,340,30.0,53.0,True
0.05,345,30.0,52.75,True
0.05,350,30.0,52.5,True
0.05,355,30.0,52.25,True
0.05,360,30.0,52.0,True
0.05,365,30.0,51.75,True
0.05,370,30.0,51.5,True
0.05,375,30.0,51.25,True
0.05,380,30.0,51.0,True
0.05,385,30.0,50.75,True
0.05,390,30.0,50.5,True
0.05,395,30.0,50.25,True
0.05,400,30.0,50.0,True
0.05,405,30.0,49.75,True
0.05,410,30.0,49.5,True
0.05,415,30.0,49.25,True
0.05,420,30.0,49.0,True
0.05,425,30.0,48.75,True
0.05,430,30.0,48.5,True
0.05,435,30.0,48.25,True
0.05,440,30.0,48.0,True
0.05,445,30.0,47.75,True
0.05,450,30.0,47.5,True
0.05,455,30.0,47.25,True
0.05,460,30.0,47.0,True
0.05,465,30.0,46.75,True
0.05,470,30.0,46.5,True
0.05,475,30.0,46.25,True
0.05,480,30.0,46.0,True
0.05,485,30.0,45.75,True
0.05,490,30.0,45.5,True
0.05,495,30.0,45.25,True
0.05,500,30.0,45.0,True
0.06,0,30.0,70.0,True
0.06,5,30.0,69.7,True
0.06,10,30.0,69.4,True
0.06,15,30.0,69.1,True
0.06,20,30.0,68.8,True
0.06,25,30.0,68.5,True
0.06,30,30.0,68.2,True
0.06,35,30.0,67.9,True
0.06,40,30.0,67.6,True
0.06,45,30.0,67.3,True
0.06,50,30.0,67.0,True
0.06,55,30.0,66.7,True
0.06,60,30.0,66.4,True
0.06,65,30.0,66.1,True
0.06,70,30.0,65.8,True
0.06,75,30.0,65.5,True
0.06,80,30.0,65.2,True
0.06,85,30.0,64.9,True
0.06,90,30.0,64.6,True
0.06,95,30.0,64.3,True
0.06,100,30.0,64.0,True
0.06,105,30.0,63.7,True
0.06,110,30.0,63.4,True
0.06,115,30.0,63.1,True
0.06,120,30.0,62.8,True
0.06,125,30.0,62.5,True
0.06,130,30.0,62.2,True
0.06,135,30.0,61.9,True
0.06,140,30.0,61.6,True
0.06,145,30.0,61.3,True
0.06,150,30.0,61.0,True
0.06,155,30.0,60.7,True
0.06,160,30.0,60.4,True
0.06,165,30.0,60.1,True
0.06,170,30.0,59.8,True
0.06,175,30.0,59.5,True
0.06,180,30.0,59.2,True
0.06,185,30.0,58.9,True
0.06,190,30.0,58.6,True
0.06,195,30.0,58.3,True
0.06,200,30.0,58.0,True
0.06,205,30.0,57.7,True
0.06,210,30.0,57.4,True
0.06,215,30.0,57.1,True
0.06,220,30.0,56.8,True
0.06,225,30.0,56.5,True
0.06,230,30.0,56.2,True
0.06,235,30.0,55.9,True
0.06,240,30.0,55.6,True
0.06,245,30.0,55.3,True
0.06,250,30.0,55.0,True
0.06,255,30.0,54.7,True
0.06,260,30.0,54.4,True
0.06,265,30.0,54.1,True
0.06,270,30.0,53.8,True
0.06,275,30.0,53.5,True
0.06,280,30.0,53.2,True
0.06,285,30.0,52.900000000000006,True
0.06,290,30.0,52.6,True
0.06,295,30.0,52.3,True
0.06,300,30.0,52.0,True
0.06,305,30.0,51.7,True
0.06,310,30.0,51.400000000000006,True
0.06,315,30.0,51.1,True
0.06,320,30.0,50.8,True
0.06,325,30.0,50.5,True
0.06,330,30.0,50.2,True
0.06,335,30.0,49.900000000000006,True
0.06,340,30.0,49.6,True
0.06,345,30.0,49.3,True
0.06,350,30.0,49.0,True
0.06,355,30.0,48.7,True
0.06,360,30.0,48.400000000000006,True
0.06,365,30.0,48.1,True
0.06,370,30.0,47.8,True
0.06,375,30.0,47.5,True
0.06,380,30.0,47.2,True
0.06,385,30.0,46.900000000000006,True
0.06,390,30.0,46.6,True
0.06,395,30.0,46.3,True
0.06,400,30.0,46.0,True
0.06,405,30.0,45.7,True
0.06,410,30.0,45.400000000000006,True
0.06,415,30.0,45.1,True
0.06,420,30.0,44.8,True
0.06,425,30.0,44.5,True
0.06,430,30.0,44.2,True
0.06,435,30.0,43.900000000000006,True
0.06,440,30.0,43.6,True
0.06,445,30.0,43.3,True
0.06,450,30.0,43.0,True
0.06,455,30.0,42.7,True
0.06,460,30.0,42.400000000000006,True
0.06,465,30.0,42.1,True
0.06,470,30.0,41.8,True
0.06,475,30.0,41.5,True
0.06,480,30.0,41.2,True
0.06,485,30.0,40.900000000000006,True
0.06,490,30.0,40.6,True
0.06,495,30.0,40.3,True
0.06,500,30.0,40.0,True
0.07,0,30.0,70.0,True
0.07,5,30.0,69.65,True
0.07,10,30.0,69.3,True
0.07,15,30.0,68.95,True
0.07,20,30.0,68.6,True
0.07,25,30.0,68.25,True
0.07,30,30.0,67.9,True
0.07,35,30.0,67.55,True
0.07,40,30.0,67.2,True
0.07,45,30.0,66.85,True
0.07,50,30.0,66.5,True
0.07,55,30.0,66.15,True
0.07,60,30.0,65.8,True
0.07,65,30.0,65.45,True
0.07,70,30.0,65.1,True
0.07,75,30.0,64.75,True
0.07,80,30.0,64.4,True
0.07,85,30.0,64.05,True
0.07,90,30.0,63.7,True
0.07,95,30.0,63.35,True
0.07,100,30.0,63.0,True
0.07,105,30.0,62.65,True
0.07,110,30.0,62.3,True
0.07,115,30.0,61.95,True
0.07,120,30.0,61.6,True
0.07,125,30.0,61.25,True
0.07,130,30.0,60.9,True
0.07,135,30.0,60.55,True
0.07,140,30.0,60.2,True
0.07,145,30.0,59.85,True
0.07,150,30.0,59.5,True
0.07,155,30.0,59.15,True
0.07,160,30.0,58.8,True
0.07,165,30.0,58.45,True
0.07,170,30.0,58.1,True
0.07,175,30.0,57.75,True
0.07,180,30.0,57.4,True
0.07,185,30.0,57.05,True
0.07,190,30.0,56.7,True
0.07,195,30.0,56.349999999999994,True
0.07,200,30.0,56.0,True
0.07,205,30.0,55.65,True
0.07,210,30.0,55.3,True
0.07,215,30.0,54.95,True
0.07,220,30.0,54.599999999999994,True
0.07,225,30.0,54.25,True
0.07,230,30.0,53.9,True
0.07,235,30.0,53.55,True
0.07,240,30.0,53.2,True
0.07,245,30.0,52.849999999999994,True
0.07,250,30.0,52.5,True
0.07,255,30.0,52.15,True
0.07,260,30.0,51.8,True
0.07,265,30.0,51.45,True
0.07,270,30.0,51.099999999999994,True
0.07,275,30.0,50.75,True
0.07,280,30.0,50.4,True
0.07,285,30.0,50.05,True
0.07,290,30.0,49.7,True
0.07,295,30.0,49.349999999999994,True
0.07,300,30.0,49.0,True
0.07,305,30.0,48.65,True
0.07,310,30.0,48.3,True
0.07,315,30.0,47.95,True
0.07,320,30.0,47.599999999999994,True
0.07,325,30.0,47.25,True
0.07,330,30.0,46.9,True
0.07,335,30.0,46.55,True
0.07,340,30.0,46.2,True
0.07,345,30.0,45.849999999999994,True
0.07,350,30.0,45.5,True
0.07,355,30.0,45.15,True
0.07,360,30.0,44.8,True
0.07,365,30.0,44.45,True
0.07,370,30.0,44.099999999999994,True
0.07,375,30.0,43.75,True
0.07,380,30.0,43.4,True
0.07,385,30.0,43.05,True
0.07,390,30.0,42.699999999999996,True
0.07,395,30.0,42.349999999999994,True
0.07,400,30.0,42.0,True
0.07,405,30.0,41.65,True
0.07,410,30.0,41.3,True
0.07,415,30.0,40.949999999999996,True
0.07,420,30.0,40.599999999999994,True
0.07,425,30.0,40.25,True
0.07,430,30.0,39.9,True
0.07,435,30.0,39.55,True
0.07,440,30.0,39.199999999999996,True
0.07,445,30.0,38.849999999999994,True
0.07,450,30.0,38.5,True
0.07,455,30.0,38.15,True
0.07,460,30.0,37.8,True
0.07,465,30.0,37.449999999999996,True
0.07,470,30.0,37.099999999999994,True
0.07,475,30.0,36.75,True
0.07,480,30.0,36.4,True
0.07,485,30.0,36.05,True
0.07,490,30.0,35.699999999999996,True
0.07,495,30.0,35.349999999999994,True
0.07,500,30.0,35.0,True
0.08,0,30.0,70.0,True
0.08,5,30.0,69.6,True
0.08,10,30.0,69.2,True
0.08,15,30.0,68.8,True
0.08,20,30.0,68.4,True
0.08,25,30.0,68.0,True
0.08,30,30.0,67.6,True
0.08,35,30.0,67.2,True
0.08,40,30.0,66.8,True
0.08,45,30.0,66.4,True
0.08,50,30.0,66.0,True
0.08,55,30.0,65.6,True
0.08,60,30.0,65.2,True
0.08,65,30.0,64.8,True
0.08,70,30.0,64.4,True
0.08,75,30.0,64.0,True
0.08,80,30.0,63.6,True
0.08,85,30.0,63.2,True
0.08,90,30.0,62.8,True
0.08,95,30.0,62.4,True
0.08,100,30.0,62.0,True
0.08,105,30.0,61.6,True
0.08,110,30.0,61.2,True
0.08,115,30.0,60.8,True
0.08,120,30.0,60.4,True
0.08,125,30.0,60.0,True
0.08,130,30.0,59.6,True
0.08,135,30.0,59.2,True
0.08,140,30.0,58.8,True
0.08,145,30.0,58.4,True
0.08,150,30.0,58.0,True
0.08,155,30.0,57.6,True
0.08,160,30.0,57.2,True
0.08,165,30.0,56.8,True
0.08,170,30.0,56.4,True
0.08,175,30.0,56.0,True
0.08,180,30.0,55.6,True
0.08,185,30.0,55.2,True
0.08,190,30.0,54.8,True
0.08,195,30.0,54.4,True
0.08,200,30.0,54.0,True
0.08,205,30.0,53.6,True
0.08,210,30.0,53.2,True
0.08,215,30.0,52.8,True
0.08,220,30.0,52.4,True
0.08,225,30.0,52.0,True
0.08,230,30.0,51.599999999999994,True
0.08,235,30.0,51.2,True
0.08,240,30.0,50.8,True
0.08,245,30.0,50.4,True
0.08,250,30.0,50.0,True
0.08,255,30.0,49.599999999999994,True
0.08,260,30.0,49.2,True
0.08,265,30.0,48.8,True
0.08,270,30.0,48.4,True
0.08,275,30.0,48.0,True
0.08,280,30.0,47.599999999999994,True
0.08,285,30.0,47.2,True
0.08,290,30.0,46.8,True
0.08,295,30.0,46.4,True
0.08,300,30.0,46.0,True
0.08,305,30.0,45.599999999999994,True
0.08,310,30.0,45.2,True
0.08,315,30.0,44.8,True
0.08,320,30.0,44.4,True
0.08,325,30.0,44.0,True
0.08,330,30.0,43.599999999999994,True
0.08,335,30.0,43.2,True
0.08,340,30.0,42.8,True
0.08,345,30.0,42.4,True
0.08,350,30.0,42.0,True
0.08,355,30.0,41.599999999999994,True
0.08,360,30.0,41.2,True
0.08,365,30.0,40.8,True
0.08,370,30.0,40.4,True
0.08,375,30.0,40.0,True
0.08,380,30.0,39.599999999999994,True
0.08,385,30.0,39.2,True
0.08,390,30.0,38.8,True
0.08,395,30.0,38.4,True
0.08,400,30.0,38.0,True
0.08,405,30.0,37.6,True
0.08,410,30.0,37.2,True
0.08,415,30.0,36.8,True
0.08,420,30.0,36.4,True
0.08,425,30.0,36.0,True
0.08,430,30.0,35.6,True
0.08,435,30.0,35.199999999999996,True
0.08,440,30.0,34.8,True
0.08,445,30.0,34.4,True
0.08,450,30.0,34.0,True
0.08,455,30.0,33.6,True
0.08,460,30.0,33.199999999999996,True
0.08,465,30.0,32.8,True
0.08,470,30.0,32.4,True
0.08,475,30.0,32.0,True
0.08,480,30.0,31.6,True
0.08,485,30.0,31.199999999999996,True
0.08,490,30.0,30.799999999999997,True
0.08,495,30.0,30.4,True
0.08,500,30.0,30.0,False
0.09,0,30.0,70.0,True
0.09,5,30.0,69.55,True
0.09,10,30.0,69.1,True
0.09,15,30.0,68.65,True
0.09,20,30.0,68.2,True
0.09,25,30.0,67.75,True
0.09,30,30.0,67.3,True
0.09,35,30.0,66.85,True
0.09,40,30.0,66.4,True
0.09,45,30.0,65.95,True
0.09,50,30.0,65.5,True
0.09,55,30.0,65.05,True
0.09,60,30.0,64.6,True
0.09,65,30.0,64.15,True
0.09,70,30.0,63.7,True
0.09,75,30.0,63.25,True
0.09,80,30.0,62.8,True
0.09,85,30.0,62.35,True
0.09,90,30.0,61.9,True
0.09,95,30.0,61.45,True
0.09,100,30.0,61.0,True
0.09,105,30.0,60.55,True
0.09,110,30.0,60.1,True
0.09,115,30.0,59.65,True
0.09,120,30.0,59.2,True
0.09,125,30.0,58.75,True
0.09,130,30.0,58.3,True
0.09,135,30.0,57.85,True
0.09,140,30.0,57.4,True
0.09,145,30.0,56.95,True
0.09,150,30.0,56.5,True
0.09,155,30.0,56.05,True
0.09,160,30.0,55.6,True
0.09,165,30.0,55.15,True
0.09,170,30.0,54.7,True
0.09,175,30.0,54.25,True
0.09,180,30.0,53.8,True
0.09,185,30.0,53.35,True
0.09,190,30.0,52.900000000000006,True
0.09,195,30.0,52.45,True
0.09,200,30.0,52.0,True
0.09,205,30.0,51.55,True
0.09,210,30.0,51.1,True
0.09,215,30.0,50.650000000000006,True
0.09,220,30.0,50.2,True
0.09,225,30.0,49.75,True
0.09,230,30.0,49.3,True
0.09,235,30.0,48.85,True
0.09,240,30.0,48.400000000000006,True
0.09,245,30.0,47.95,True
0.09,250,30.0,47.5,True
0.09,255,30.0,47.05,True
0.09,260,30.0,46.6,True
0.09,265,30.0,46.150000000000006,True
0.09,270,30.0,45.7,True
0.09,275,30.0,45.25,True
0.09,280,30.0,44.8,True
0.09,285,30.0,44.35,True
0.09,290,30.0,43.900000000000006,True
0.09,295,30.0,43.45,True
0.09,300,30.0,43.0,True
0.09,305,30.0,42.55,True
0.09,310,30.0,42.1,True
0.09,315,30.0,41.650000000000006,True
0.09,320,30.0,41.2,True
0.09,325,30.0,40.75,True
0.09,330,30.0,40.3,True
0.09,335,30.0,39.85,True
0.09,340,30.0,39.400000000000006,True
0.09,345,30.0,38.95,True
0.09,350,30.0,38.5,True
0.09,355,30.0,38.05,True
0.09,360,30.0,37.6,True
0.09,365,30.0,37.15,True
0.09,370,30.0,36.7,True
0.09,375,30.0,36.25,True
0.09,380,30.0,35.800000000000004,True
0.09,385,30.0,35.35,True
0.09,390,30.0,34.9,True
0.09,395,30.0,34.45,True
0.09,400,30.0,34.0,True
0.09,405,30.0,33.550000000000004,True
0.09,410,30.0,33.1,True
0.09,415,30.0,32.65,True
0.09,420,30.0,32.2,True
0.09,425,30.0,31.75,True
0.09,430,30.0,31.300000000000004,True
0.09,435,30.0,30.85,True
0.09,440,30.0,30.4,True
0.09,445,30.0,29.950000000000003,False
0.09,450,30.0,29.5,False
0.09,455,30.0,29.050000000000004,False
0.09,460,30.0,28.6,False
0.09,465,30.0,28.15,False
0.09,470,30.0,27.700000000000003,False
0.09,475,30.0,27.25,False
0.09,480,30.0,26.800000000000004,False
0.09,485,30.0,26.35,False
0.09,490,30.0,25.9,False
0.09,495,30.0,25.450000000000003,False
0.09,500,30.0,25.0,False
0.1,0,30.0,70.0,True
0.1,5,30.0,69.5,True
0.1,10,30.0,69.0,True
0.1,15,30.0,68.5,True
0.1,20,30.0,68.0,True
0.1,25,30.0,67.5,True
0.1,30,30.0,67.0,True
0.1,35,30.0,66.5,True
0.1,40,30.0,66.0,True
0.1,45,30.0,65.5,True
0.1,50,30.0,65.0,True
0.1,55,30.0,64.5,True
0.1,60,30.0,64.0,True
0.1,65,30.0,63.5,True
0.1,70,30.0,63.0,True
0.1,75,30.0,62.5,True
0.1,80,30.0,62.0,True
0.1,85,30.0,61.5,True
0.1,90,30.0,61.0,True
0.1,95,30.0,60.5,True
0.1,100,30.0,60.0,True
0.1,105,30.0,59.5,True
0.1,110,30.0,59.0,True
0.1,115,30.0,58.5,True
0.1,120,30.0,58.0,True
0.1,125,30.0,57.5,True
0.1,130,30.0,57.0,True
0.1,135,30.0,56.5,True
0.1,140,30.0,56.0,True
0.1,145,30.0,55.5,True
0.1,150,30.0,55.0,True
0.1,155,30.0,54.5,True
0.1,160,30.0,54.0,True
0.1,165,30.0,53.5,True
0.1,170,30.0,53.0,True
0.1,175,30.0,52.5,True
0.1,180,30.0,52.0,True
0.1,185,30.0,51.5,True
0.1,190,30.0,51.0,True
0.1,195,30.0,50.5,True
0.1,200,30.0,50.0,True
0.1,205,30.0,49.5,True
0.1,210,30.0,49.0,True
0.1,215,30.0,48.5,True
0.1,220,30.0,48.0,True
0.1,225,30.0,47.5,True
0.1,230,30.0,47.0,True
0.1,235,30.0,46.5,True
0.1,240,30.0,46.0,True
0.1,245,30.0,45.5,True
0.1,250,30.0,45.0,True
0.1,255,30.0,44.5,True
0.1,260,30.0,44.0,True
0.1,265,30.0,43.5,True
0.1,270,30.0,43.0,True
0.1,275,30.0,42.5,True
0.1,280,30.0,42.0,True
0.1,285,30.0,41.5,True
0.1,290,30.0,41.0,True
0.1,295,30.0,40.5,True
0.1,300,30.0,40.0,True
0.1,305,30.0,39.5,True
0.1,310,30.0,39.0,True
0.1,315,30.0,38.5,True
0.1,320,30.0,38.0,True
0.1,325,30.0,37.5,True
0.1,330,30.0,37.0,True
0.1,335,30.0,36.5,True
0.1,340,30.0,36.0,True
0.1,345,30.0,35.5,True
0.1,350,30.0,35.0,True
0.1,355,30.0,34.5,True
0.1,360,30.0,34.0,True
0.1,365,30.0,33.5,True
0.1,370,30.0,33.0,True
0.1,375,30.0,32.5,True
0.1,380,30.0,32.0,True
0.1,385,30.0,31.5,True
0.1,390,30.0,31.0,True
0.1,395,30.0,30.5,True
0.1,400,30.0,30.0,False
0.1,405,30.0,29.5,False
0.1,410,30.0,29.0,False
0.1,415,30.0,28.5,False
0.1,420,30.0,28.0,False
0.1,425,30.0,27.5,False
0.1,430,30.0,27.0,False
0.1,435,30.0,26.5,False
0.1,440,30.0,26.0,False
0.1,445,30.0,25.5,False
0.1,450,30.0,25.0,False
0.1,455,30.0,24.5,False
0.1,460,30.0,24.0,False
0.1,465,30.0,23.5,False
0.1,470,30.0,23.0,False
0.1,475,30.0,22.5,False
0.1,480,30.0,22.0,False
0.1,485,30.0,21.5,False
0.1,490,30.0,21.0,False
0.1,495,30.0,20.5,False
0.1,500,30.0,20.0,False
0.11,0,30.0,70.0,True
0.11,5,30.0,69.45,True
0.11,10,30.0,68.9,True
0.11,15,30.0,68.35,True
0.11,20,30.0,67.8,True
0.11,25,30.0,67.25,True
0.11,30,30.0,66.7,True
0.11,35,30.0,66.15,True
0.11,40,30.0,65.6,True
0.11,45,30.0,65.05,True
0.11,50,30.0,64.5,True
0.11,55,30.0,63.95,True
0.11,60,30.0,63.4,True
0.11,65,30.0,62.85,True
0.11,70,30.0,62.3,True
0.11,75,30.0,61.75,True
0.11,80,30.0,61.2,True
0.11,85,30.0,60.65,True
0.11,90,30.0,60.1,True
0.11,95,30.0,59.55,True
0.11,100,30.0,59.0,True
0.11,105,30.0,58.45,True
0.11,110,30.0,57.9,True
0.11,115,30.0,57.35,True
0.11,120,30.0,56.8,True
0.11,125,30.0,56.25,True
0.11,130,30.0,55.7,True
0.11,135,30.0,55.15,True
0.11,140,30.0,54.6,True
0.11,145,30.0,54.05,True
0.11,150,30.0,53.5,True
0.11,155,30.0,52.95,True
0.11,160,30.0,52.4,True
0.11,165,30.0,51.85,True
0.11,170,30.0,51.3,True
0.11,175,30.0,50.75,True
0.11,180,30.0,50.2,True
0.11,185,30.0,49.65,True
0.11,190,30.0,49.1,True
0.11,195,30.0,48.55,True
0.11,200,30.0,48.0,True
0.11,205,30.0,47.45,True
0.11,210,30.0,46.9,True
0.11,215,30.0,46.35,True
0.11,220,30.0,45.8,True
0.11,225,30.0,45.25,True
0.11,230,30.0,44.7,True
0.11,235,30.0,44.15,True
0.11,240,30.0,43.6,True
0.11,245,30.0,43.05,True
0.11,250,30.0,42.5,True
0.11,255,30.0,41.95,True
0.11,260,30.0,41.4,True
0.11,265,30.0,40.85,True
0.11,270,30.0,40.3,True
0.11,275,30.0,39.75,True
0.11,280,30.0,39.2,True
0.11,285,30.0,38.65,True
0.11,290,30.0,38.1,True
0.11,295,30.0,37.55,True
0.11,300,30.0,37.0,True
0.11,305,30.0,36.45,True
0.11,310,30.0,35.9,True
0.11,315,30.0,35.35,True
0.11,320,30.0,34.8,True
0.11,325,30.0,34.25,True
0.11,330,30.0,33.7,True
0.11,335,30.0,33.15,True
0.11,340,30.0,32.6,True
0.11,345,30.0,32.05,True
0.11,350,30.0,31.5,True
0.11,355,30.0,30.950000000000003,True
0.11,360,30.0,30.4,True
0.11,365,30.0,29.85,False
0.11,370,30.0,29.299999999999997,False
0.11,375,30.0,28.75,False
0.11,380,30.0,28.200000000000003,False
0.11,385,30.0,27.65,False
0.11,390,30.0,27.1,False
0.11,395,30.0,26.549999999999997,False
0.11,400,30.0,26.0,False
0.11,405,30.0,25.450000000000003,False
0.11,410,30.0,24.9,False
0.11,415,30.0,24.35,False
0.11,420,30.0,23.799999999999997,False
0.11,425,30.0,23.25,False
0.11,430,30.0,22.700000000000003,False
0.11,435,30.0,22.15,False
0.11,440,30.0,21.6,False
0.11,445,30.0,21.049999999999997,False
0.11,450,30.0,20.5,False
0.11,455,30.0,19.950000000000003,False
0.11,460,30.0,19.4,False
0.11,465,30.0,18.85,False
0.11,470,30.0,18.299999999999997,False
0.11,475,30.0,17.75,False
0.11,480,30.0,17.200000000000003,False
0.11,485,30.0,16.65,False
0.11,490,30.0,16.1,False
0.11,495,30.0,15.549999999999997,False
0.11,500,30.0,15.0,False
0.12,0,30.0,70.0,True
0.12,5,30.0,69.4,True
0.12,10,30.0,68.8,True
0.12,15,30.0,68.2,True
0.12,20,30.0,67.6,True
0.12,25,30.0,67.0,True
0.12,30,30.0,66.4,True
0.12,35,30.0,65.8,True
0.12,40,30.0,65.2,True
0.12,45,30.0,64.6,True
0.12,50,30.0,64.0,True
0.12,55,30.0,63.4,True
0.12,60,30.0,62.8,True
0.12,65,30.0,62.2,True
0.12,70,30.0,61.6,True
0.12,75,30.0,61.0,True
0.12,80,30.0,60.4,True
0.12,85,30.0,59.8,True
0.12,90,30.0,59.2,True
0.12,95,30.0,58.6,True
0.12,100,30.0,58.0,True
0.12,105,30.0,57.4,True
0.12,110,30.0,56.8,True
0.12,115,30.0,56.2,True
0.12,120,30.0,55.6,True
0.12,125,30.0,55.0,True
0.12,130,30.0,54.4,True
0.12,135,30.0,53.8,True
0.12,140,30.0,53.2,True
0.12,145,30.0,52.6,True
0.12,150,30.0,52.0,True
0.12,155,30.0,51.400000000000006,True
0.12,160,30.0,50.8,True
0.12,165,30.0,50.2,True
0.12,170,30.0,49.6,True
0.12,175,30.0,49.0,True
0.12,180,30.0,48.400000000000006,True
0.12,185,30.0,47.8,True
0.12,190,30.0,47.2,True
0.12,195,30.0,46.6,True
0.12,200,30.0,46.0,True
0.12,205,30.0,45.400000000000006,True
0.12,210,30.0,44.8,True
0.12,215,30.0,44.2,True
0.12,220,30.0,43.6,True
0.12,225,30.0,43.0,True
0.12,230,30.0,42.400000000000006,True
0.12,235,30.0,41.8,True
0.12,240,30.0,41.2,True
0.12,245,30.0,40.6,True
0.12,250,30.0,40.0,True
0.12,255,30.0,39.400000000000006,True
0.12,260,30.0,38.8,True
0.12,265,30.0,38.2,True
0.12,270,30.0,37.6,True
0.12,275,30.0,37.0,True
0.12,280,30.0,36.4,True
0.12,285,30.0,35.800000000000004,True
0.12,290,30.0,35.2,True
0.12,295,30.0,34.6,True
0.12,300,30.0,34.0,True
0.12,305,30.0,33.4,True
0.12,310,30.0,32.800000000000004,True
0.12,315,30.0,32.2,True
0.12,320,30.0,31.6,True
0.12,325,30.0,31.0,True
0.12,330,30.0,30.4,True
0.12,335,30.0,29.800000000000004,False
0.12,340,30.0,29.200000000000003,False
0.12,345,30.0,28.6,False
0.12,350,30.0,28.0,False
0.12,355,30.0,27.4,False
0.12,360,30.0,26.800000000000004,False
0.12,365,30.0,26.200000000000003,False
0.12,370,30.0,25.6,False
0.12,375,30.0,25.0,False
0.12,380,30.0,24.4,False
0.12,385,30.0,23.800000000000004,False
0.12,390,30.0,23.200000000000003,False
0.12,395,30.0,22.6,False
0.12,400,30.0,22.0,False
0.12,405,30.0,21.4,False
0.12,410,30.0,20.800000000000004,False
0.12,415,30.0,20.200000000000003,False
0.12,420,30.0,19.6,False
0.12,425,30.0,19.0,False
0.12,430,30.0,18.4,False
0.12,435,30.0,17.800000000000004,False
0.12,440,30.0,17.200000000000003,False
0.12,445,30.0,16.6,False
0.12,450,30.0,16.0,False
0.12,455,30.0,15.399999999999999,False
0.12,460,30.0,14.800000000000004,False
0.12,465,30.0,14.200000000000003,False
0.12,470,30.0,13.600000000000001,False
0.12,475,30.0,13.0,False
0.12,480,30.0,12.400000000000006,False
0.12,485,30.0,11.800000000000004,False
0.12,490,30.0,11.200000000000003,False
0.12,495,30.0,10.600000000000001,False
0.12,500,30.0,10.0,False
0.13,0,30.0,70.0,True
0.13,5,30.0,69.35,True
0.13,10,30.0,68.7,True
0.13,15,30.0,68.05,True
0.13,20,30.0,67.4,True
0.13,25,30.0,66.75,True
0.13,30,30.0,66.1,True
0.13,35,30.0,65.45,True
0.13,40,30.0,64.8,True
0.13,45,30.0,64.15,True
0.13,50,30.0,63.5,True
0.13,55,30.0,62.85,True
0.13,60,30.0,62.2,True
0.13,65,30.0,61.55,True
0.13,70,30.0,60.9,True
0.13,75,30.0,60.25,True
0.13,80,30.0,59.6,True
0.13,85,30.0,58.95,True
0.13,90,30.0,58.3,True
0.13,95,30.0,57.65,True
0.13,100,30.0,57.0,True
0.13,105,30.0,56.35,True
0.13,110,30.0,55.7,True
0.13,115,30.0,55.05,True
0.13,120,30.0,54.4,True
0.13,125,30.0,53.75,True
0.13,130,30.0,53.099999999999994,True
0.13,135,30.0,52.45,True
0.13,140,30.0,51.8,True
0.13,145,30.0,51.15,True
0.13,150,30.0,50.5,True
0.13,155,30.0,49.849999999999994,True
0.13,160,30.0,49.2,True
0.13,165,30.0,48.55,True
0.13,170,30.0,47.9,True
0.13,175,30.0,47.25,True
0.13,180,30.0,46.599999999999994,True
0.13,185,30.0,45.95,True
0.13,190,30.0,45.3,True
0.13,195,30.0,44.65,True
0.13,200,30.0,44.0,True
0.13,205,30.0,43.349999999999994,True
0.13,210,30.0,42.7,True
0.13,215,30.0,42.05,True
0.13,220,30.0,41.4,True
0.13,225,30.0,40.75,True
0.13,230,30.0,40.099999999999994,True
0.13,235,30.0,39.45,True
0.13,240,30.0,38.8,True
0.13,245,30.0,38.15,True
0.13,250,30.0,37.5,True
0.13,255,30.0,36.85,True
0.13,260,30.0,36.199999999999996,True
0.13,265,30.0,35.55,True
0.13,270,30.0,34.9,True
0.13,275,30.0,34.25,True
0.13,280,30.0,33.6,True
0.13,285,30.0,32.949999999999996,True
0.13,290,30.0,32.3,True
0.13,295,30.0,31.65,True
0.13,300,30.0,31.0,True
0.13,305,30.0,30.35,True
0.13,310,30.0,29.699999999999996,False
0.13,315,30.0,29.049999999999997,False
0.13,320,30.0,28.4,False
0.13,325,30.0,27.75,False
0.13,330,30.0,27.1,False
0.13,335,30.0,26.449999999999996,False
0.13,340,30.0,25.799999999999997,False
0.13,345,30.0,25.15,False
0.13,350,30.0,24.5,False
0.13,355,30.0,23.85,False
0.13,360,30.0,23.199999999999996,False
0.13,365,30.0,22.549999999999997,False
0.13,370,30.0,21.9,False
0.13,375,30.0,21.25,False
0.13,380,30.0,20.6,False
0.13,385,30.0,19.949999999999996,False
0.13,390,30.0,19.299999999999997,False
0.13,395,30.0,18.65,False
0.13,400,30.0,18.0,False
0.13,405,30.0,17.35,False
0.13,410,30.0,16.699999999999996,False
0.13,415,30.0,16.049999999999997,False
0.13,420,30.0,15.399999999999999,False
0.13,425,30.0,14.75,False
0.13,430,30.0,14.100000000000001,False
0.13,435,30.0,13.449999999999996,False
0.13,440,30.0,12.799999999999997,False
0.13,445,30.0,12.149999999999999,False
0.13,450,30.0,11.5,False
0.13,455,30.0,10.850000000000001,False
0.13,460,30.0,10.199999999999996,False
0.13,465,30.0,9.549999999999997,False
0.13,470,30.0,8.899999999999999,False
0.13,475,30.0,8.25,False
0.13,480,30.0,7.599999999999994,False
0.13,485,30.0,6.949999999999996,False
0.13,490,30.0,6.299999999999997,False
0.13,495,30.0,5.6499999999999915,False
0.13,500,30.0,5.0,False
0.14,0,30.0,70.0,True
0.14,5,30.0,69.3,True
0.14,10,30.0,68.6,True
0.14,15,30.0,67.9,True
0.14,20,30.0,67.2,True
0.14,25,30.0,66.5,True
0.14,30,30.0,65.8,True
0.14,35,30.0,65.1,True
0.14,40,30.0,64.4,True
0.14,45,30.0,63.7,True
0.14,50,30.0,63.0,True
0.14,55,30.0,62.3,True
0.14,60,30.0,61.6,True
0.14,65,30.0,60.9,True
0.14,70,30.0,60.2,True
0.14,75,30.0,59.5,True
0.14,80,30.0,58.8,True
0.14,85,30.0,58.1,True
0.14,90,30.0,57.4,True
0.14,95,30.0,56.7,True
0.14,100,30.0,56.0,True
0.14,105,30.0,55.3,True
0.14,110,30.0,54.599999999999994,True
0.14,115,30.0,53.9,True
0.14,120,30.0,53.2,True
0.14,125,30.0,52.5,True
0.14,130,30.0,51.8,True
0.14,135,30.0,51.099999999999994,True
0.14,140,30.0,50.4,True
0.14,145,30.0,49.7,True
0.14,150,30.0,49.0,True
0.14,155,30.0,48.3,True
0.14,160,30.0,47.599999999999994,True
0.14,165,30.0,46.9,True
0.14,170,30.0,46.2,True
0.14,175,30.0,45.5,True
0.14,180,30.0,44.8,True
0.14,185,30.0,44.099999999999994,True
0.14,190,30.0,43.4,True
0.14,195,30.0,42.699999999999996,True
0.14,200,30.0,42.0,True
0.14,205,30.0,41.3,True
0.14,210,30.0,40.599999999999994,True
0.14,215,30.0,39.9,True
0.14,220,30.0,39.199999999999996,True
0.14,225,30.0,38.5,True
0.14,230,30.0,37.8,True
0.14,235,30.0,37.099999999999994,True
0.14,240,30.0,36.4,True
0.14,245,30.0,35.699999999999996,True
0.14,250,30.0,35.0,True
0.14,255,30.0,34.3,True
0.14,260,30.0,33.599999999999994,True
0.14,265,30.0,32.9,True
0.14,270,30.0,32.199999999999996,True
0.14,275,30.0,31.499999999999993,True
0.14,280,30.0,30.799999999999997,True
0.14,285,30.0,30.099999999999994,True
0.14,290,30.0,29.4,False
0.14,295,30.0,28.699999999999996,False
0.14,300,30.0,27.999999999999993,False
0.14,305,30.0,27.299999999999997,False
0.14,310,30.0,26.599999999999994,False
0.14,315,30.0,25.9,False
0.14,320,30.0,25.199999999999996,False
0.14,325,30.0,24.499999999999993,False
0.14,330,30.0,23.799999999999997,False
0.14,335,30.0,23.099999999999994,False
0.14,340,30.0,22.4,False
0.14,345,30.0,21.699999999999996,False
0.14,350,30.0,20.999999999999993,False
0.14,355,30.0,20.299999999999997,False
0.14,360,30.0,19.599999999999994,False
0.14,365,30.0,18.9,False
0.14,370,30.0,18.199999999999996,False
0.14,375,30.0,17.499999999999993,False
0.14,380,30.0,16.799999999999997,False
0.14,385,30.0,16.099999999999994,False
0.14,390,30.0,15.399999999999991,False
0.14,395,30.0,14.699999999999996,False
0.14,400,30.0,13.999999999999993,False
0.14,405,30.0,13.299999999999997,False
0.14,410,30.0,12.599999999999994,False
0.14,415,30.0,11.899999999999991,False
0.14,420,30.0,11.199999999999996,False
0.14,425,30.0,10.499999999999993,False
0.14,430,30.0,9.799999999999997,False
0.14,435,30.0,9.099999999999994,False
0.14,440,30.0,8.399999999999991,False
0.14,445,30.0,7.699999999999996,False
0.14,450,30.0,6.999999999999993,False
0.14,455,30.0,6.299999999999997,False
0.14,460,30.0,5.599999999999994,False
0.14,465,30.0,4.8999999999999915,False
0.14,470,30.0,4.199999999999989,False
0.14,475,30.0,3.5,False
0.14,480,30.0,2.799999999999997,False
0.14,485,30.0,2.0999999999999943,False
0.14,490,30.0,1.3999999999999915,False
0.14,495,30.0,0.6999999999999886,False
0.14,500,30.0,0.0,False
0.15,0,30.0,70.0,True
0.15,5,30.0,69.25,True
0.15,10,30.0,68.5,True
0.15,15,30.0,67.75,True
0.15,20,30.0,67.0,True
0.15,25,30.0,66.25,True
0.15,30,30.0,65.5,True
0.15,35,30.0,64.75,True
0.15,40,30.0,64.0,True
0.15,45,30.0,63.25,True
0.15,50,30.0,62.5,True
0.15,55,30.0,61.75,True
0.15,60,30.0,61.0,True
0.15,65,30.0,60.25,True
0.15,70,30.0,59.5,True
0.15,75,30.0,58.75,True
0.15,80,30.0,58.0,True
0.15,85,30.0,57.25,True
0.15,90,30.0,56.5,True
0.15,95,30.0,55.75,True
0.15,100,30.0,55.0,True
0.15,105,30.0,54.25,True
0.15,110,30.0,53.5,True
0.15,115,30.0,52.75,True
0.15,120,30.0,52.0,True
0.15,125,30.0,51.25,True
0.15,130,30.0,50.5,True
0.15,135,30.0,49.75,True
0.15,140,30.0,49.0,True
0.15,145,30.0,48.25,True
0.15,150,30.0,47.5,True
0.15,155,30.0,46.75,True
0.15,160,30.0,46.0,True
0.15,165,30.0,45.25,True
0.15,170,30.0,44.5,True
0.15,175,30.0,43.75,True
0.15,180,30.0,43.0,True
0.15,185,30.0,42.25,True
0.15,190,30.0,41.5,True
0.15,195,30.0,40.75,True
0.15,200,30.0,40.0,True
0.15,205,30.0,39.25,True
0.15,210,30.0,38.5,True
0.15,215,30.0,37.75,True
0.15,220,30.0,37.0,True
0.15,225,30.0,36.25,True
0.15,230,30.0,35.5,True
0.15,235,30.0,34.75,True
0.15,240,30.0,34.0,True
0.15,245,30.0,33.25,True
0.15,250,30.0,32.5,True
0.15,255,30.0,31.75,True
0.15,260,30.0,31.0,True
0.15,265,30.0,30.25,True
0.15,270,30.0,29.5,False
0.15,275,30.0,28.75,False
0.15,280,30.0,28.0,False
0.15,285,30.0,27.25,False
0.15,290,30.0,26.5,False
0.15,295,30.0,25.75,False
0.15,300,30.0,25.0,False
0.15,305,30.0,24.25,False
0.15,310,30.0,23.5,False
0.15,315,30.0,22.75,False
0.15,320,30.0,22.0,False
0.15,325,30.0,21.25,False
0.15,330,30.0,20.5,False
0.15,335,30.0,19.75,False
0.15,340,30.0,19.0,False
0.15,345,30.0,18.25,False
0.15,350,30.0,17.5,False
0.15,355,30.0,16.75,False
0.15,360,30.0,16.0,False
0.15,365,30.0,15.25,False
0.15,370,30.0,14.5,False
0.15,375,30.0,13.75,False
0.15,380,30.0,13.0,False
0.15,385,30.0,12.25,False
0.15,390,30.0,11.5,False
0.15,395,30.0,10.75,False
0.15,400,30.0,10.0,False
0.15,405,30.0,9.25,False
0.15,410,30.0,8.5,False
0.15,415,30.0,7.75,False
0.15,420,30.0,7.0,False
0.15,425,30.0,6.25,False
0.15,430,30.0,5.5,False
0.15,435,30.0,4.75,False
0.15,440,30.0,4.0,False
0.15,445,30.0,3.25,False
0.15,450,30.0,2.5,False
0.15,455,30.0,1.75,False
0.15,460,30.0,1.0,False
0.15,465,30.0,0.25,False
0.15,470,30.0,-0.5,False
0.15,475,30.0,-1.25,False
0.15,480,30.0,-2.0,False
0.15,485,30.0,-2.75,False
0.15,490,30.0,-3.5,False
0.15,495,30.0,-4.25,False
0.15,500,30.0,-5.0,False
0.16,0,30.0,70.0,True
0.16,5,30.0,69.2,True
0.16,10,30.0,68.4,True
0.16,15,30.0,67.6,True
0.16,20,30.0,66.8,True
0.16,25,30.0,66.0,True
0.16,30,30.0,65.2,True
0.16,35,30.0,64.4,True
0.16,40,30.0,63.6,True
0.16,45,30.0,62.8,True
0.16,50,30.0,62.0,True
0.16,55,30.0,61.2,True
0.16,60,30.0,60.4,True
0.16,65,30.0,59.6,True
0.16,70,30.0,58.8,True
0.16,75,30.0,58.0,True
0.16,80,30.0,57.2,True
0.16,85,30.0,56.4,True
0.16,90,30.0,55.6,True
0.16,95,30.0,54.8,True
0.16,100,30.0,54.0,True
0.16,105,30.0,53.2,True
0.16,110,30.0,52.4,True
0.16,115,30.0,51.599999999999994,True
0.16,120,30.0,50.8,True
0.16,125,30.0,50.0,True
0.16,130,30.0,49.2,True
0.16,135,30.0,48.4,True
0.16,140,30.0,47.599999999999994,True
0.16,145,30.0,46.8,True
0.16,150,30.0,46.0,True
0.16,155,30.0,45.2,True
0.16,160,30.0,44.4,True
0.16,165,30.0,43.599999999999994,True
0.16,170,30.0,42.8,True
0.16,175,30.0,42.0,True
0.16,180,30.0,41.2,True
0.16,185,30.0,40.4,True
0.16,190,30.0,39.599999999999994,True
0.16,195,30.0,38.8,True
0.16,200,30.0,38.0,True
0.16,205,30.0,37.2,True
0.16,210,30.0,36.4,True
0.16,215,30.0,35.6,True
0.16,220,30.0,34.8,True
0.16,225,30.0,34.0,True
0.16,230,30.0,33.199999999999996,True
0.16,235,30.0,32.4,True
0.16,240,30.0,31.6,True
0.16,245,30.0,30.799999999999997,True
0.16,250,30.0,30.0,False
0.16,255,30.0,29.199999999999996,False
0.16,260,30.0,28.4,False
0.16,265,30.0,27.6,False
0.16,270,30.0,26.799999999999997,False
0.16,275,30.0,26.0,False
0.16,280,30.0,25.199999999999996,False
0.16,285,30.0,24.4,False
0.16,290,30.0,23.6,False
0.16,295,30.0,22.799999999999997,False
0.16,300,30.0,22.0,False
0.16,305,30.0,21.199999999999996,False
0.16,310,30.0,20.4,False
0.16,315,30.0,19.6,False
0.16,320,30.0,18.799999999999997,False
0.16,325,30.0,18.0,False
0.16,330,30.0,17.199999999999996,False
0.16,335,30.0,16.4,False
0.16,340,30.0,15.600000000000001,False
0.16,345,30.0,14.799999999999997,False
0.16,350,30.0,14.0,False
0.16,355,30.0,13.199999999999996,False
0.16,360,30.0,12.399999999999999,False
0.16,365,30.0,11.600000000000001,False
0.16,370,30.0,10.799999999999997,False
0.16,375,30.0,10.0,False
0.16,380,30.0,9.199999999999996,False
0.16,385,30.0,8.399999999999999,False
0.16,390,30.0,7.600000000000001,False
0.16,395,30.0,6.799999999999997,False
0.16,400,30.0,6.0,False
0.16,405,30.0,5.200000000000003,False
0.16,410,30.0,4.400000000000006,False
0.16,415,30.0,3.5999999999999943,False
0.16,420,30.0,2.799999999999997,False
0.16,425,30.0,2.0,False
0.16,430,30.0,1.2000000000000028,False
0.16,435,30.0,0.3999999999999915,False
0.16,440,30.0,-0.4000000000000057,False
0.16,445,30.0,-1.2000000000000028,False
0.16,450,30.0,-2.0,False
0.16,455,30.0,-2.799999999999997,False
0.16,460,30.0,-3.6000000000000085,False
0.16,465,30.0,-4.400000000000006,False
0.16,470,30.0,-5.200000000000003,False
0.16,475,30.0,-6.0,False
0.16,480,30.0,-6.799999999999997,False
0.16,485,30.0,-7.6000000000000085,False
0.16,490,30.0,-8.400000000000006,False
0.16,495,30.0,-9.200000000000003,False
0.16,500,30.0,-10.0,False
0.17,0,30.0,70.0,True
0.17,5,30.0,69.15,True
0.17,10,30.0,68.3,True
0.17,15,30.0,67.45,True
0.17,20,30.0,66.6,True
0.17,25,30.0,65.75,True
0.17,30,30.0,64.9,True
0.17,35,30.0,64.05,True
0.17,40,30.0,63.2,True
0.17,45,30.0,62.35,True
0.17,50,30.0,61.5,True
0.17,55,30.0,60.65,True
0.17,60,30.0,59.8,True
0.17,65,30.0,58.95,True
0.17,70,30.0,58.1,True
0.17,75,30.0,57.25,True
0.17,80,30.0,56.4,True
0.17,85,30.0,55.55,True
0.17,90,30.0,54.7,True
0.17,95,30.0,53.849999999999994,True
0.17,100,30.0,53.0,True
0.17,105,30.0,52.15,True
0.17,110,30.0,51.3,True
0.17,115,30.0,50.45,True
0.17,120,30.0,49.599999999999994,True
0.17,125,30.0,48.75,True
0.17,130,30.0,47.9,True
0.17,135,30.0,47.05,True
0.17,140,30.0,46.2,True
0.17,145,30.0,45.349999999999994,True
0.17,150,30.0,44.5,True
0.17,155,30.0,43.65,True
0.17,160,30.0,42.8,True
0.17,165,30.0,41.95,True
0.17,170,30.0,41.099999999999994,True
0.17,175,30.0,40.25,True
0.17,180,30.0,39.4,True
0.17,185,30.0,38.55,True
0.17,190,30.0,37.699999999999996,True
0.17,195,30.0,36.849999999999994,True
0.17,200,30.0,36.0,True
0.17,205,30.0,35.15,True
0.17,210,30.0,34.3,True
0.17,215,30.0,33.449999999999996,True
0.17,220,30.0,32.599999999999994,True
0.17,225,30.0,31.75,True
0.17,230,30.0,30.9,True
0.17,235,30.0,30.049999999999997,True
0.17,240,30.0,29.199999999999996,False
0.17,245,30.0,28.349999999999994,False
0.17,250,30.0,27.5,False
0.17,255,30.0,26.65,False
0.17,260,30.0,25.799999999999997,False
0.17,265,30.0,24.949999999999996,False
0.17,270,30.0,24.099999999999994,False
0.17,275,30.0,23.25,False
0.17,280,30.0,22.4,False
0.17,285,30.0,21.549999999999997,False
0.17,290,30.0,20.699999999999996,False
0.17,295,30.0,19.849999999999994,False
0.17,300,30.0,18.999999999999993,False
0.17,305,30.0,18.15,False
0.17,310,30.0,17.299999999999997,False
0.17,315,30.0,16.449999999999996,False
0.17,320,30.0,15.599999999999994,False
0.17,325,30.0,14.749999999999993,False
0.17,330,30.0,13.899999999999999,False
0.17,335,30.0,13.049999999999997,False
0.17,340,30.0,12.199999999999996,False
0.17,345,30.0,11.349999999999994,False
0.17,350,30.0,10.499999999999993,False
0.17,355,30.0,9.649999999999999,False
0.17,360,30.0,8.799999999999997,False
0.17,365,30.0,7.949999999999996,False
0.17,370,30.0,7.099999999999994,False
0.17,375,30.0,6.249999999999993,False
0.17,380,30.0,5.3999999999999915,False
0.17,385,30.0,4.549999999999997,False
0.17,390,30.0,3.6999999999999886,False
0.17,395,30.0,2.8499999999999943,False
0.17,400,30.0,2.0,False
0.17,405,30.0,1.1499999999999915,False
0.17,410,30.0,0.29999999999999716,False
0.17,415,30.0,-0.5500000000000114,False
0.17,420,30.0,-1.4000000000000057,False
0.17,425,30.0,-2.25,False
0.17,430,30.0,-3.1000000000000085,False
0.17,435,30.0,-3.950000000000003,False
0.17,440,30.0,-4.800000000000011,False
0.17,445,30.0,-5.650000000000006,False
0.17,450,30.0,-6.5,False
0.17,455,30.0,-7.3500000000000085,False
0.17,460,30.0,-8.200000000000003,False
0.17,465,30.0,-9.050000000000011,False
0.17,470,30.0,-9.900000000000006,False
0.17,475,30.0,-10.75,False
0.17,480,30.0,-11.600000000000009,False
0.17,485,30.0,-12.450000000000003,False
0.17,490,30.0,-13.300000000000011,False
0.17,495,30.0,-14.150000000000006,False
0.17,500,30.0,-15.0,False
0.18,0,30.0,70.0,True
0.18,5,30.0,69.1,True
0.18,10,30.0,68.2,True
0.18,15,30.0,67.3,True
0.18,20,30.0,66.4,True
0.18,25,30.0,65.5,True
0.18,30,30.0,64.6,True
0.18,35,30.0,63.7,True
0.18,40,30.0,62.8,True
0.18,45,30.0,61.9,True
0.18,50,30.0,61.0,True
0.18,55,30.0,60.1,True
0.18,60,30.0,59.2,True
0.18,65,30.0,58.3,True
0.18,70,30.0,57.4,True
0.18,75,30.0,56.5,True
0.18,80,30.0,55.6,True
0.18,85,30.0,54.7,True
0.18,90,30.0,53.8,True
0.18,95,30.0,52.900000000000006,True
0.18,100,30.0,52.0,True
0.18,105,30.0,51.1,True
0.18,110,30.0,50.2,True
0.18,115,30.0,49.3,True
0.18,120,30.0,48.400000000000006,True
0.18,125,30.0,47.5,True
0.18,130,30.0,46.6,True
0.18,135,30.0,45.7,True
0.18,140,30.0,44.8,True
0.18,145,30.0,43.900000000000006,True
0.18,150,30.0,43.0,True
0.18,155,30.0,42.1,True
0.18,160,30.0,41.2,True
0.18,165,30.0,40.3,True
0.18,170,30.0,39.400000000000006,True
0.18,175,30.0,38.5,True
0.18,180,30.0,37.6,True
0.18,185,30.0,36.7,True
0.18,190,30.0,35.800000000000004,True
0.18,195,30.0,34.9,True
0.18,200,30.0,34.0,True
0.18,205,30.0,33.1,True
0.18,210,30.0,32.2,True
0.18,215,30.0,31.300000000000004,True
0.18,220,30.0,30.4,True
0.18,225,30.0,29.5,False
0.18,230,30.0,28.6,False
0.18,235,30.0,27.700000000000003,False
0.18,240,30.0,26.800000000000004,False
0.18,245,30.0,25.9,False
0.18,250,30.0,25.0,False
0.18,255,30.0,24.1,False
0.18,260,30.0,23.200000000000003,False
0.18,265,30.0,22.300000000000004,False
0.18,270,30.0,21.4,False
0.18,275,30.0,20.5,False
0.18,280,30.0,19.6,False
0.18,285,30.0,18.700000000000003,False
0.18,290,30.0,17.800000000000004,False
0.18,295,30.0,16.9,False
0.18,300,30.0,16.0,False
0.18,305,30.0,15.100000000000001,False
0.18,310,30.0,14.200000000000003,False
0.18,315,30.0,13.300000000000004,False
0.18,320,30.0,12.400000000000006,False
0.18,325,30.0,11.5,False
0.18,330,30.0,10.600000000000001,False
0.18,335,30.0,9.700000000000003,False
0.18,340,30.0,8.800000000000004,False
0.18,345,30.0,7.900000000000006,False
0.18,350,30.0,7.0,False
0.18,355,30.0,6.100000000000001,False
0.18,360,30.0,5.200000000000003,False
0.18,365,30.0,4.299999999999997,False
0.18,370,30.0,3.4000000000000057,False
0.18,375,30.0,2.5,False
0.18,380,30.0,1.6000000000000085,False
0.18,385,30.0,0.7000000000000028,False
0.18,390,30.0,-0.20000000000000284,False
0.18,395,30.0,-1.0999999999999943,False
0.18,400,30.0,-2.0,False
0.18,405,30.0,-2.8999999999999915,False
0.18,410,30.0,-3.799999999999997,False
0.18,415,30.0,-4.700000000000003,False
0.18,420,30.0,-5.599999999999994,False
0.18,425,30.0,-6.5,False
0.18,430,30.0,-7.3999999999999915,False
0.18,435,30.0,-8.299999999999997,False
0.18,440,30.0,-9.200000000000003,False
0.18,445,30.0,-10.099999999999994,False
0.18,450,30.0,-11.0,False
0.18,455,30.0,-11.899999999999991,False
0.18,460,30.0,-12.799999999999997,False
0.18,465,30.0,-13.700000000000003,False
0.18,470,30.0,-14.599999999999994,False
0.18,475,30.0,-15.5,False
0.18,480,30.0,-16.39999999999999,False
0.18,485,30.0,-17.299999999999997,False
0.18,490,30.0,-18.200000000000003,False
0.18,495,30.0,-19.099999999999994,False
0.18,500,30.0,-20.0,False
0.19,0,30.0,70.0,True
0.19,5,30.0,69.05,True
0.19,10,30.0,68.1,True
0.19,15,30.0,67.15,True
0.19,20,30.0,66.2,True
0.19,25,30.0,65.25,True
0.19,30,30.0,64.3,True
0.19,35,30.0,63.35,True
0.19,40,30.0,62.4,True
0.19,45,30.0,61.45,True
0.19,50,30.0,60.5,True
0.19,55,30.0,59.55,True
0.19,60,30.0,58.6,True
0.19,65,30.0,57.65,True
0.19,70,30.0,56.7,True
0.19,75,30.0,55.75,True
0.19,80,30.0,54.8,True
0.19,85,30.0,53.85,True
0.19,90,30.0,52.9,True
0.19,95,30.0,51.95,True
0.19,100,30.0,51.0,True
0.19,105,30.0,50.05,True
0.19,110,30.0,49.1,True
0.19,115,30.0,48.15,True
0.19,120,30.0,47.2,True
0.19,125,30.0,46.25,True
0.19,130,30.0,45.3,True
0.19,135,30.0,44.35,True
0.19,140,30.0,43.4,True
0.19,145,30.0,42.45,True
0.19,150,30.0,41.5,True
0.19,155,30.0,40.55,True
0.19,160,30.0,39.6,True
0.19,165,30.0,38.65,True
0.19,170,30.0,37.7,True
0.19,175,30.0,36.75,True
0.19,180,30.0,35.8,True
0.19,185,30.0,34.85,True
0.19,190,30.0,33.9,True
0.19,195,30.0,32.95,True
0.19,200,30.0,32.0,True
0.19,205,30.0,31.049999999999997,True
0.19,210,30.0,30.1,True
0.19,215,30.0,29.15,False
0.19,220,30.0,28.200000000000003,False
0.19,225,30.0,27.25,False
0.19,230,30.0,26.299999999999997,False
0.19,235,30.0,25.35,False
0.19,240,30.0,24.4,False
0.19,245,30.0,23.450000000000003,False
0.19,250,30.0,22.5,False
0.19,255,30.0,21.549999999999997,False
0.19,260,30.0,20.6,False
0.19,265,30.0,19.65,False
0.19,270,30.0,18.700000000000003,False
0.19,275,30.0,17.75,False
0.19,280,30.0,16.799999999999997,False
0.19,285,30.0,15.850000000000001,False
0.19,290,30.0,14.899999999999999,False
0.19,295,30.0,13.950000000000003,False
0.19,300,30.0,13.0,False
0.19,305,30.0,12.049999999999997,False
0.19,310,30.0,11.100000000000001,False
0.19,315,30.0,10.149999999999999,False
0.19,320,30.0,9.200000000000003,False
0.19,325,30.0,8.25,False
0.19,330,30.0,7.299999999999997,False
0.19,335,30.0,6.350000000000001,False
0.19,340,30.0,5.400000000000006,False
0.19,345,30.0,4.450000000000003,False
0.19,350,30.0,3.5,False
0.19,355,30.0,2.549999999999997,False
0.19,360,30.0,1.5999999999999943,False
0.19,365,30.0,0.6500000000000057,False
0.19,370,30.0,-0.29999999999999716,False
0.19,375,30.0,-1.25,False
0.19,380,30.0,-2.200000000000003,False
0.19,385,30.0,-3.1500000000000057,False
0.19,390,30.0,-4.099999999999994,False
0.19,395,30.0,-5.049999999999997,False
0.19,400,30.0,-6.0,False
0.19,405,30.0,-6.950000000000003,False
0.19,410,30.0,-7.900000000000006,False
0.19,415,30.0,-8.849999999999994,False
0.19,420,30.0,-9.799999999999997,False
0.19,425,30.0,-10.75,False
0.19,430,30.0,-11.700000000000003,False
0.19,435,30.0,-12.650000000000006,False
0.19,440,30.0,-13.599999999999994,False
0.19,445,30.0,-14.549999999999997,False
0.19,450,30.0,-15.5,False
0.19,455,30.0,-16.450000000000003,False
0.19,460,30.0,-17.400000000000006,False
0.19,465,30.0,-18.349999999999994,False
0.19,470,30.0,-19.299999999999997,False
0.19,475,30.0,-20.25,False
0.19,480,30.0,-21.200000000000003,False
0.19,485,30.0,-22.150000000000006,False
0.19,490,30.0,-23.099999999999994,False
0.19,495,30.0,-24.049999999999997,False
0.19,500,30.0,-25.0,False
0.2,0,30.0,70.0,True
0.2,5,30.0,69.0,True
0.2,10,30.0,68.0,True
0.2,15,30.0,67.0,True
0.2,20,30.0,66.0,True
0.2,25,30.0,65.0,True
0.2,30,30.0,64.0,True
0.2,35,30.0,63.0,True
0.2,40,30.0,62.0,True
0.2,45,30.0,61.0,True
0.2,50,30.0,60.0,True
0.2,55,30.0,59.0,True
0.2,60,30.0,58.0,True
0.2,65,30.0,57.0,True
0.2,70,30.0,56.0,True
0.2,75,30.0,55.0,True
0.2,80,30.0,54.0,True
0.2,85,30.0,53.0,True
0.2,90,30.0,52.0,True
0.2,95,30.0,51.0,True
0.2,100,30.0,50.0,True
0.2,105,30.0,49.0,True
0.2,110,30.0,48.0,True
0.2,115,30.0,47.0,True
0.2,120,30.0,46.0,True
0.2,125,30.0,45.0,True
0.2,130,30.0,44.0,True
0.2,135,30.0,43.0,True
0.2,140,30.0,42.0,True
0.2,145,30.0,41.0,True
0.2,150,30.0,40.0,True
0.2,155,30.0,39.0,True
0.2,160,30.0,38.0,True
0.2,165,30.0,37.0,True
0.2,170,30.0,36.0,True
0.2,175,30.0,35.0,True
0.2,180,30.0,34.0,True
0.2,185,30.0,33.0,True
0.2,190,30.0,32.0,True
0.2,195,30.0,31.0,True
0.2,200,30.0,30.0,False
0.2,205,30.0,29.0,False
0.2,210,30.0,28.0,False
0.2,215,30.0,27.0,False
0.2,220,30.0,26.0,False
0.2,225,30.0,25.0,False
0.2,230,30.0,24.0,False
0.2,235,30.0,23.0,False
0.2,240,30.0,22.0,False
0.2,245,30.0,21.0,False
0.2,250,30.0,20.0,False
0.2,255,30.0,19.0,False
0.2,260,30.0,18.0,False
0.2,265,30.0,17.0,False
0.2,270,30.0,16.0,False
0.2,275,30.0,15.0,False
0.2,280,30.0,14.0,False
0.2,285,30.0,13.0,False
0.2,290,30.0,12.0,False
0.2,295,30.0,11.0,False
0.2,300,30.0,10.0,False
0.2,305,30.0,9.0,False
0.2,310,30.0,8.0,False
0.2,315,30.0,7.0,False
0.2,320,30.0,6.0,False
0.2,325,30.0,5.0,False
0.2,330,30.0,4.0,False
0.2,335,30.0,3.0,False
0.2,340,30.0,2.0,False
0.2,345,30.0,1.0,False
0.2,350,30.0,0.0,False
0.2,355,30.0,-1.0,False
0.2,360,30.0,-2.0,False
0.2,365,30.0,-3.0,False
0.2,370,30.0,-4.0,False
0.2,375,30.0,-5.0,False
0.2,380,30.0,-6.0,False
0.2,385,30.0,-7.0,False
0.2,390,30.0,-8.0,False
0.2,395,30.0,-9.0,False
0.2,400,30.0,-10.0,False
0.2,405,30.0,-11.0,False
0.2,410,30.0,-12.0,False
0.2,415,30.0,-13.0,False
0.2,420,30.0,-14.0,False
0.2,425,30.0,-15.0,False
0.2,430,30.0,-16.0,False
0.2,435,30.0,-17.0,False
0.2,440,30.0,-18.0,False
0.2,445,30.0,-19.0,False
0.2,450,30.0,-20.0,False
0.2,455,30.0,-21.0,False
0.2,460,30.0,-22.0,False
0.2,465,30.0,-23.0,False
0.2,470,30.0,-24.0,False
0.2,475,30.0,-25.0,False
0.2,480,30.0,-26.0,False
0.2,485,30.0,-27.0,False
0.2,490,30.0,-28.0,False
0.2,495,30.0,-29.0,False
0.2,500,30.0,-30.0,False
0.21,0,30.0,70.0,True
0.21,5,30.0,68.95,True
0.21,10,30.0,67.9,True
0.21,15,30.0,66.85,True
0.21,20,30.0,65.8,True
0.21,25,30.0,64.75,True
0.21,30,30.0,63.7,True
0.21,35,30.0,62.65,True
0.21,40,30.0,61.6,True
0.21,45,30.0,60.55,True
0.21,50,30.0,59.5,True
0.21,55,30.0,58.45,True
0.21,60,30.0,57.4,True
0.21,65,30.0,56.35,True
0.21,70,30.0,55.3,True
0.21,75,30.0,54.25,True
0.21,80,30.0,53.2,True
0.21,85,30.0,52.150000000000006,True
0.21,90,30.0,51.1,True
0.21,95,30.0,50.05,True
0.21,100,30.0,49.0,True
0.21,105,30.0,47.95,True
0.21,110,30.0,46.900000000000006,True
0.21,115,30.0,45.85,True
0.21,120,30.0,44.8,True
0.21,125,30.0,43.75,True
0.21,130,30.0,42.7,True
0.21,135,30.0,41.650000000000006,True
0.21,140,30.0,40.6,True
0.21,145,30.0,39.55,True
0.21,150,30.0,38.5,True
0.21,155,30.0,37.45,True
0.21,160,30.0,36.4,True
0.21,165,30.0,35.35,True
0.21,170,30.0,34.300000000000004,True
0.21,175,30.0,33.25,True
0.21,180,30.0,32.2,True
0.21,185,30.0,31.15,True
0.21,190,30.0,30.1,True
0.21,195,30.0,29.050000000000004,False
0.21,200,30.0,28.0,False
0.21,205,30.0,26.950000000000003,False
0.21,210,30.0,25.9,False
0.21,215,30.0,24.85,False
0.21,220,30.0,23.800000000000004,False
0.21,225,30.0,22.75,False
0.21,230,30.0,21.700000000000003,False
0.21,235,30.0,20.65,False
0.21,240,30.0,19.6,False
0.21,245,30.0,18.550000000000004,False
0.21,250,30.0,17.5,False
0.21,255,30.0,16.450000000000003,False
0.21,260,30.0,15.399999999999999,False
0.21,265,30.0,14.350000000000001,False
0.21,270,30.0,13.300000000000004,False
0.21,275,30.0,12.25,False
0.21,280,30.0,11.200000000000003,False
0.21,285,30.0,10.150000000000006,False
0.21,290,30.0,9.100000000000001,False
0.21,295,30.0,8.050000000000004,False
0.21,300,30.0,7.0,False
0.21,305,30.0,5.950000000000003,False
0.21,310,30.0,4.900000000000006,False
0.21,315,30.0,3.8500000000000085,False
0.21,320,30.0,2.799999999999997,False
0.21,325,30.0,1.75,False
0.21,330,30.0,0.7000000000000028,False
0.21,335,30.0,-0.3499999999999943,False
0.21,340,30.0,-1.3999999999999915,False
0.21,345,30.0,-2.450000000000003,False
0.21,350,30.0,-3.5,False
0.21,355,30.0,-4.549999999999997,False
0.21,360,30.0,-5.599999999999994,False
0.21,365,30.0,-6.6499999999999915,False
0.21,370,30.0,-7.700000000000003,False
0.21,375,30.0,-8.75,False
0.21,380,30.0,-9.799999999999997,False
0.21,385,30.0,-10.849999999999994,False
0.21,390,30.0,-11.899999999999991,False
0.21,395,30.0,-12.950000000000003,False
0.21,400,30.0,-14.0,False
0.21,405,30.0,-15.049999999999997,False
0.21,410,30.0,-16.099999999999994,False
0.21,415,30.0,-17.14999999999999,False
0.21,420,30.0,-18.200000000000003,False
0.21,425,30.0,-19.25,False
0.21,430,30.0,-20.299999999999997,False
0.21,435,30.0,-21.349999999999994,False
0.21,440,30.0,-22.39999999999999,False
0.21,445,30.0,-23.450000000000003,False
0.21,450,30.0,-24.5,False
0.21,455,30.0,-25.549999999999997,False
0.21,460,30.0,-26.599999999999994,False
0.21,465,30.0,-27.64999999999999,False
0.21,470,30.0,-28.700000000000003,False
0.21,475,30.0,-29.75,False
0.21,480,30.0,-30.799999999999997,False
0.21,485,30.0,-31.849999999999994,False
0.21,490,30.0,-32.89999999999999,False
0.21,495,30.0,-33.95,False
0.21,500,30.0,-35.0,False
0.22,0,30.0,70.0,True
0.22,5,30.0,68.9,True
0.22,10,30.0,67.8,True
0.22,15,30.0,66.7,True
0.22,20,30.0,65.6,True
0.22,25,30.0,64.5,True
0.22,30,30.0,63.4,True
0.22,35,30.0,62.3,True
0.22,40,30.0,61.2,True
0.22,45,30.0,60.1,True
0.22,50,30.0,59.0,True
0.22,55,30.0,57.9,True
0.22,60,30.0,56.8,True
0.22,65,30.0,55.7,True
0.22,70,30.0,54.6,True
0.22,75,30.0,53.5,True
0.22,80,30.0,52.4,True
0.22,85,30.0,51.3,True
0.22,90,30.0,50.2,True
0.22,95,30.0,49.1,True
0.22,100,30.0,48.0,True
0.22,105,30.0,46.9,True
0.22,110,30.0,45.8,True
0.22,115,30.0,44.7,True
0.22,120,30.0,43.6,True
0.22,125,30.0,42.5,True
0.22,130,30.0,41.4,True
0.22,135,30.0,40.3,True
0.22,140,30.0,39.2,True
0.22,145,30.0,38.1,True
0.22,150,30.0,37.0,True
0.22,155,30.0,35.9,True
0.22,160,30.0,34.8,True
0.22,165,30.0,33.7,True
0.22,170,30.0,32.6,True
0.22,175,30.0,31.5,True
0.22,180,30.0,30.4,True
0.22,185,30.0,29.299999999999997,False
0.22,190,30.0,28.200000000000003,False
0.22,195,30.0,27.1,False
0.22,200,30.0,26.0,False
0.22,205,30.0,24.9,False
0.22,210,30.0,23.799999999999997,False
0.22,215,30.0,22.700000000000003,False
0.22,220,30.0,21.6,False
0.22,225,30.0,20.5,False
0.22,230,30.0,19.4,False
0.22,235,30.0,18.299999999999997,False
0.22,240,30.0,17.200000000000003,False
0.22,245,30.0,16.1,False
0.22,250,30.0,15.0,False
0.22,255,30.0,13.899999999999999,False
0.22,260,30.0,12.799999999999997,False
0.22,265,30.0,11.700000000000003,False
0.22,270,30.0,10.600000000000001,False
0.22,275,30.0,9.5,False
0.22,280,30.0,8.399999999999999,False
0.22,285,30.0,7.299999999999997,False
0.22,290,30.0,6.200000000000003,False
0.22,295,30.0,5.099999999999994,False
0.22,300,30.0,4.0,False
0.22,305,30.0,2.9000000000000057,False
0.22,310,30.0,1.7999999999999972,False
0.22,315,30.0,0.7000000000000028,False
0.22,320,30.0,-0.4000000000000057,False
0.22,325,30.0,-1.5,False
0.22,330,30.0,-2.5999999999999943,False
0.22,335,30.0,-3.700000000000003,False
0.22,340,30.0,-4.799999999999997,False
0.22,345,30.0,-5.900000000000006,False
0.22,350,30.0,-7.0,False
0.22,355,30.0,-8.099999999999994,False
0.22,360,30.0,-9.200000000000003,False
0.22,365,30.0,-10.299999999999997,False
0.22,370,30.0,-11.400000000000006,False
0.22,375,30.0,-12.5,False
0.22,380,30.0,-13.599999999999994,False
0.22,385,30.0,-14.700000000000003,False
0.22,390,30.0,-15.799999999999997,False
0.22,395,30.0,-16.900000000000006,False
0.22,400,30.0,-18.0,False
0.22,405,30.0,-19.099999999999994,False
0.22,410,30.0,-20.200000000000003,False
0.22,415,30.0,-21.299999999999997,False
0.22,420,30.0,-22.400000000000006,False
0.22,425,30.0,-23.5,False
0.22,430,30.0,-24.599999999999994,False
0.22,435,30.0,-25.700000000000003,False
0.22,440,30.0,-26.799999999999997,False
0.22,445,30.0,-27.900000000000006,False
0.22,450,30.0,-29.0,False
0.22,455,30.0,-30.099999999999994,False
0.22,460,30.0,-31.200000000000003,False
0.22,465,30.0,-32.3,False
0.22,470,30.0,-33.400000000000006,False
0.22,475,30.0,-34.5,False
0.22,480,30.0,-35.599999999999994,False
0.22,485,30.0,-36.7,False
0.22,490,30.0,-37.8,False
0.22,495,30.0,-38.900000000000006,False
0.22,500,30.0,-40.0,False
0.23,0,30.0,70.0,True
0.23,5,30.0,68.85,True
0.23,10,30.0,67.7,True
0.23,15,30.0,66.55,True
0.23,20,30.0,65.4,True
0.23,25,30.0,64.25,True
0.23,30,30.0,63.1,True
0.23,35,30.0,61.95,True
0.23,40,30.0,60.8,True
0.23,45,30.0,59.65,True
0.23,50,30.0,58.5,True
0.23,55,30.0,57.35,True
0.23,60,30.0,56.2,True
0.23,65,30.0,55.05,True
0.23,70,30.0,53.9,True
0.23,75,30.0,52.75,True
0.23,80,30.0,51.599999999999994,True
0.23,85,30.0,50.45,True
0.23,90,30.0,49.3,True
0.23,95,30.0,48.15,True
0.23,100,30.0,47.0,True
0.23,105,30.0,45.849999999999994,True
0.23,110,30.0,44.7,True
0.23,115,30.0,43.55,True
0.23,120,30.0,42.4,True
0.23,125,30.0,41.25,True
0.23,130,30.0,40.099999999999994,True
0.23,135,30.0,38.95,True
0.23,140,30.0,37.8,True
0.23,145,30.0,36.65,True
0.23,150,30.0,35.5,True
0.23,155,30.0,34.35,True
0.23,160,30.0,33.199999999999996,True
0.23,165,30.0,32.05,True
0.23,170,30.0,30.9,True
0.23,175,30.0,29.75,False
0.23,180,30.0,28.6,False
0.23,185,30.0,27.449999999999996,False
0.23,190,30.0,26.299999999999997,False
0.23,195,30.0,25.15,False
0.23,200,30.0,24.0,False
0.23,205,30.0,22.85,False
0.23,210,30.0,21.699999999999996,False
0.23,215,30.0,20.549999999999997,False
0.23,220,30.0,19.4,False
0.23,225,30.0,18.25,False
0.23,230,30.0,17.099999999999994,False
0.23,235,30.0,15.949999999999996,False
0.23,240,30.0,14.799999999999997,False
0.23,245,30.0,13.649999999999999,False
0.23,250,30.0,12.5,False
0.23,255,30.0,11.349999999999994,False
0.23,260,30.0,10.199999999999996,False
0.23,265,30.0,9.049999999999997,False
0.23,270,30.0,7.899999999999999,False
0.23,275,30.0,6.75,False
0.23,280,30.0,5.599999999999994,False
0.23,285,30.0,4.450000000000003,False
0.23,290,30.0,3.299999999999997,False
0.23,295,30.0,2.1499999999999915,False
0.23,300,30.0,1.0,False
0.23,305,30.0,-0.15000000000000568,False
0.23,310,30.0,-1.2999999999999972,False
0.23,315,30.0,-2.450000000000003,False
0.23,320,30.0,-3.6000000000000085,False
0.23,325,30.0,-4.75,False
0.23,330,30.0,-5.900000000000006,False
0.23,335,30.0,-7.049999999999997,False
0.23,340,30.0,-8.200000000000003,False
0.23,345,30.0,-9.350000000000009,False
0.23,350,30.0,-10.5,False
0.23,355,30.0,-11.650000000000006,False
0.23,360,30.0,-12.799999999999997,False
0.23,365,30.0,-13.950000000000003,False
0.23,370,30.0,-15.100000000000009,False
0.23,375,30.0,-16.25,False
0.23,380,30.0,-17.400000000000006,False
0.23,385,30.0,-18.549999999999997,False
0.23,390,30.0,-19.700000000000003,False
0.23,395,30.0,-20.85000000000001,False
0.23,400,30.0,-22.0,False
0.23,405,30.0,-23.150000000000006,False
0.23,410,30.0,-24.299999999999997,False
0.23,415,30.0,-25.450000000000003,False
0.23,420,30.0,-26.60000000000001,False
0.23,425,30.0,-27.75,False
0.23,430,30.0,-28.900000000000006,False
0.23,435,30.0,-30.05000000000001,False
0.23,440,30.0,-31.200000000000003,False
0.23,445,30.0,-32.35000000000001,False
0.23,450,30.0,-33.5,False
0.23,455,30.0,-34.650000000000006,False
0.23,460,30.0,-35.80000000000001,False
0.23,465,30.0,-36.95,False
0.23,470,30.0,-38.10000000000001,False
0.23,475,30.0,-39.25,False
0.23,480,30.0,-40.400000000000006,False
0.23,485,30.0,-41.55000000000001,False
0.23,490,30.0,-42.7,False
0.23,495,30.0,-43.85000000000001,False
0.23,500,30.0,-45.0,False
0.24,0,30.0,70.0,True
0.24,5,30.0,68.8,True
0.24,10,30.0,67.6,True
0.24,15,30.0,66.4,True
0.24,20,30.0,65.2,True
0.24,25,30.0,64.0,True
0.24,30,30.0,62.8,True
0.24,35,30.0,61.6,True
0.24,40,30.0,60.4,True
0.24,45,30.0,59.2,True
0.24,50,30.0,58.0,True
0.24,55,30.0,56.8,True
0.24,60,30.0,55.6,True
0.24,65,30.0,54.4,True
0.24,70,30.0,53.2,True
0.24,75,30.0,52.0,True
0.24,80,30.0,50.8,True
0.24,85,30.0,49.6,True
0.24,90,30.0,48.400000000000006,True
0.24,95,30.0,47.2,True
0.24,100,30.0,46.0,True
0.24,105,30.0,44.8,True
0.24,110,30.0,43.6,True
0.24,115,30.0,42.400000000000006,True
0.24,120,30.0,41.2,True
0.24,125,30.0,40.0,True
0.24,130,30.0,38.8,True
0.24,135,30.0,37.6,True
0.24,140,30.0,36.4,True
0.24,145,30.0,35.2,True
0.24,150,30.0,34.0,True
0.24,155,30.0,32.800000000000004,True
0.24,160,30.0,31.6,True
0.24,165,30.0,30.4,True
0.24,170,30.0,29.200000000000003,False
0.24,175,30.0,28.0,False
0.24,180,30.0,26.800000000000004,False
0.24,185,30.0,25.6,False
0.24,190,30.0,24.4,False
0.24,195,30.0,23.200000000000003,False
0.24,200,30.0,22.0,False
0.24,205,30.0,20.800000000000004,False
0.24,210,30.0,19.6,False
0.24,215,30.0,18.4,False
0.24,220,30.0,17.200000000000003,False
0.24,225,30.0,16.0,False
0.24,230,30.0,14.800000000000004,False
0.24,235,30.0,13.600000000000001,False
0.24,240,30.0,12.400000000000006,False
0.24,245,30.0,11.200000000000003,False
0.24,250,30.0,10.0,False
0.24,255,30.0,8.800000000000004,False
0.24,260,30.0,7.600000000000001,False
0.24,265,30.0,6.400000000000006,False
0.24,270,30.0,5.200000000000003,False
0.24,275,30.0,4.0,False
0.24,280,30.0,2.799999999999997,False
0.24,285,30.0,1.6000000000000085,False
0.24,290,30.0,0.4000000000000057,False
0.24,295,30.0,-0.7999999999999972,False
0.24,300,30.0,-2.0,False
0.24,305,30.0,-3.200000000000003,False
0.24,310,30.0,-4.3999999999999915,False
0.24,315,30.0,-5.599999999999994,False
0.24,320,30.0,-6.799999999999997,False
0.24,325,30.0,-8.0,False
0.24,330,30.0,-9.200000000000003,False
0.24,335,30.0,-10.399999999999991,False
0.24,340,30.0,-11.599999999999994,False
0.24,345,30.0,-12.799999999999997,False
0.24,350,30.0,-14.0,False
0.24,355,30.0,-15.200000000000003,False
0.24,360,30.0,-16.39999999999999,False
0.24,365,30.0,-17.599999999999994,False
0.24,370,30.0,-18.799999999999997,False
0.24,375,30.0,-20.0,False
0.24,380,30.0,-21.200000000000003,False
0.24,385,30.0,-22.39999999999999,False
0.24,390,30.0,-23.599999999999994,False
0.24,395,30.0,-24.799999999999997,False
0.24,400,30.0,-26.0,False
0.24,405,30.0,-27.200000000000003,False
0.24,410,30.0,-28.39999999999999,False
0.24,415,30.0,-29.599999999999994,False
0.24,420,30.0,-30.799999999999997,False
0.24,425,30.0,-32.0,False
0.24,430,30.0,-33.2,False
0.24,435,30.0,-34.39999999999999,False
0.24,440,30.0,-35.599999999999994,False
0.24,445,30.0,-36.8,False
0.24,450,30.0,-38.0,False
0.24,455,30.0,-39.2,False
0.24,460,30.0,-40.39999999999999,False
0.24,465,30.0,-41.599999999999994,False
0.24,470,30.0,-42.8,False
0.24,475,30.0,-44.0,False
0.24,480,30.0,-45.19999999999999,False
0.24,485,30.0,-46.39999999999999,False
0.24,490,30.0,-47.599999999999994,False
0.24,495,30.0,-48.8,False
0.24,500,30.0,-50.0,False
0.25,0,30.0,70.0,True
0.25,5,30.0,68.75,True
0.25,10,30.0,67.5,True
0.25,15,30.0,66.25,True
0.25,20,30.0,65.0,True
0.25,25,30.0,63.75,True
0.25,30,30.0,62.5,True
0.25,35,30.0,61.25,True
0.25,40,30.0,60.0,True
0.25,45,30.0,58.75,True
0.25,50,30.0,57.5,True
0.25,55,30.0,56.25,True
0.25,60,30.0,55.0,True
0.25,65,30.0,53.75,True
0.25,70,30.0,52.5,True
0.25,75,30.0,51.25,True
0.25,80,30.0,50.0,True
0.25,85,30.0,48.75,True
0.25,90,30.0,47.5,True
0.25,95,30.0,46.25,True
0.25,100,30.0,45.0,True
0.25,105,30.0,43.75,True
0.25,110,30.0,42.5,True
0.25,115,30.0,41.25,True
0.25,120,30.0,40.0,True
0.25,125,30.0,38.75,True
0.25,130,30.0,37.5,True
0.25,135,30.0,36.25,True
0.25,140,30.0,35.0,True
0.25,145,30.0,33.75,True
0.25,150,30.0,32.5,True
0.25,155,30.0,31.25,True
0.25,160,30.0,30.0,False
0.25,165,30.0,28.75,False
0.25,170,30.0,27.5,False
0.25,175,30.0,26.25,False
0.25,180,30.0,25.0,False
0.25,185,30.0,23.75,False
0.25,190,30.0,22.5,False
0.25,195,30.0,21.25,False
0.25,200,30.0,20.0,False
0.25,205,30.0,18.75,False
0.25,210,30.0,17.5,False
0.25,215,30.0,16.25,False
0.25,220,30.0,15.0,False
0.25,225,30.0,13.75,False
0.25,230,30.0,12.5,False
0.25,235,30.0,11.25,False
0.25,240,30.0,10.0,False
0.25,245,30.0,8.75,False
0.25,250,30.0,7.5,False
0.25,255,30.0,6.25,False
0.25,260,30.0,5.0,False
0.25,265,30.0,3.75,False
0.25,270,30.0,2.5,False
0.25,275,30.0,1.25,False
0.25,280,30.0,0.0,False
0.25,285,30.0,-1.25,False
0.25,290,30.0,-2.5,False
0.25,295,30.0,-3.75,False
0.25,300,30.0,-5.0,False
0.25,305,30.0,-6.25,False
0.25,310,30.0,-7.5,False
0.25,315,30.0,-8.75,False
0.25,320,30.0,-10.0,False
0.25,325,30.0,-11.25,False
0.25,330,30.0,-12.5,False
0.25,335,30.0,-13.75,False
0.25,340,30.0,-15.0,False
0.25,345,30.0,-16.25,False
0.25,350,30.0,-17.5,False
0.25,355,30.0,-18.75,False
0.25,360,30.0,-20.0,False
0.25,365,30.0,-21.25,False
0.25,370,30.0,-22.5,False
0.25,375,30.0,-23.75,False
0.25,380,30.0,-25.0,False
0.25,385,30.0,-26.25,False
0.25,390,30.0,-27.5,False
0.25,395,30.0,-28.75,False
0.25,400,30.0,-30.0,False
0.25,405,30.0,-31.25,False
0.25,410,30.0,-32.5,False
0.25,415,30.0,-33.75,False
0.25,420,30.0,-35.0,False
0.25,425,30.0,-36.25,False
0.25,430,30.0,-37.5,False
0.25,435,30.0,-38.75,False
0.25,440,30.0,-40.0,False
0.25,445,30.0,-41.25,False
0.25,450,30.0,-42.5,False
0.25,455,30.0,-43.75,False
0.25,460,30.0,-45.0,False
0.25,465,30.0,-46.25,False
0.25,470,30.0,-47.5,False
0.25,475,30.0,-48.75,False
0.25,480,30.0,-50.0,False
0.25,485,30.0,-51.25,False
0.25,490,30.0,-52.5,False
0.25,495,30.0,-53.75,False
0.25,500,30.0,-55.0,False
0.26,0,30.0,70.0,True
0.26,5,30.0,68.7,True
0.26,10,30.0,67.4,True
0.26,15,30.0,66.1,True
0.26,20,30.0,64.8,True
0.26,25,30.0,63.5,True
0.26,30,30.0,62.2,True
0.26,35,30.0,60.9,True
0.26,40,30.0,59.6,True
0.26,45,30.0,58.3,True
0.26,50,30.0,57.0,True
0.26,55,30.0,55.7,True
0.26,60,30.0,54.4,True
0.26,65,30.0,53.099999999999994,True
0.26,70,30.0,51.8,True
0.26,75,30.0,50.5,True
0.26,80,30.0,49.2,True
0.26,85,30.0,47.9,True
0.26,90,30.0,46.599999999999994,True
0.26,95,30.0,45.3,True
0.26,100,30.0,44.0,True
0.26,105,30.0,42.7,True
0.26,110,30.0,41.4,True
0.26,115,30.0,40.099999999999994,True
0.26,120,30.0,38.8,True
0.26,125,30.0,37.5,True
0.26,130,30.0,36.199999999999996,True
0.26,135,30.0,34.9,True
0.26,140,30.0,33.6,True
0.26,145,30.0,32.3,True
0.26,150,30.0,31.0,True
0.26,155,30.0,29.699999999999996,False
0.26,160,30.0,28.4,False
0.26,165,30.0,27.1,False
0.26,170,30.0,25.799999999999997,False
0.26,175,30.0,24.5,False
0.26,180,30.0,23.199999999999996,False
0.26,185,30.0,21.9,False
0.26,190,30.0,20.6,False
0.26,195,30.0,19.299999999999997,False
0.26,200,30.0,18.0,False
0.26,205,30.0,16.699999999999996,False
0.26,210,30.0,15.399999999999999,False
0.26,215,30.0,14.100000000000001,False
0.26,220,30.0,12.799999999999997,False
0.26,225,30.0,11.5,False
0.26,230,30.0,10.199999999999996,False
0.26,235,30.0,8.899999999999999,False
0.26,240,30.0,7.599999999999994,False
0.26,245,30.0,6.299999999999997,False
0.26,250,30.0,5.0,False
0.26,255,30.0,3.700000000000003,False
0.26,260,30.0,2.3999999999999915,False
0.26,265,30.0,1.0999999999999943,False
0.26,270,30.0,-0.20000000000000284,False
0.26,275,30.0,-1.5,False
0.26,280,30.0,-2.799999999999997,False
0.26,285,30.0,-4.1000000000000085,False
0.26,290,30.0,-5.400000000000006,False
0.26,295,30.0,-6.700000000000003,False
0.26,300,30.0,-8.0,False
0.26,305,30.0,-9.299999999999997,False
0.26,310,30.0,-10.600000000000009,False
0.26,315,30.0,-11.900000000000006,False
0.26,320,30.0,-13.200000000000003,False
0.26,325,30.0,-14.5,False
0.26,330,30.0,-15.799999999999997,False
0.26,335,30.0,-17.10000000000001,False
0.26,340,30.0,-18.400000000000006,False
0.26,345,30.0,-19.700000000000003,False
0.26,350,30.0,-21.0,False
0.26,355,30.0,-22.299999999999997,False
0.26,360,30.0,-23.60000000000001,False
0.26,365,30.0,-24.900000000000006,False
0.26,370,30.0,-26.200000000000003,False
0.26,375,30.0,-27.5,False
0.26,380,30.0,-28.799999999999997,False
0.26,385,30.0,-30.10000000000001,False
0.26,390,30.0,-31.400000000000006,False
0.26,395,30.0,-32.7,False
0.26,400,30.0,-34.0,False
0.26,405,30.0,-35.3,False
0.26,410,30.0,-36.60000000000001,False
0.26,415,30.0,-37.900000000000006,False
0.26,420,30.0,-39.2,False
0.26,425,30.0,-40.5,False
0.26,430,30.0,-41.8,False
0.26,435,30.0,-43.10000000000001,False
0.26,440,30.0,-44.400000000000006,False
0.26,445,30.0,-45.7,False
0.26,450,30.0,-47.0,False
0.26,455,30.0,-48.3,False
0.26,460,30.0,-49.60000000000001,False
0.26,465,30.0,-50.900000000000006,False
0.26,470,30.0,-52.2,False
0.26,475,30.0,-53.5,False
0.26,480,30.0,-54.80000000000001,False
0.26,485,30.0,-56.10000000000001,False
0.26,490,30.0,-57.400000000000006,False
0.26,495,30.0,-58.70000000000002,False
0.26,500,30.0,-60.0,False
0.27,0,30.0,70.0,True
0.27,5,30.0,68.65,True
0.27,10,30.0,67.3,True
0.27,15,30.0,65.95,True
0.27,20,30.0,64.6,True
0.27,25,30.0,63.25,True
0.27,30,30.0,61.9,True
0.27,35,30.0,60.55,True
0.27,40,30.0,59.2,True
0.27,45,30.0,57.85,True
0.27,50,30.0,56.5,True
0.27,55,30.0,55.15,True
0.27,60,30.0,53.8,True
0.27,65,30.0,52.45,True
0.27,70,30.0,51.099999999999994,True
0.27,75,30.0,49.75,True
0.27,80,30.0,48.4,True
0.27,85,30.0,47.05,True
0.27,90,30.0,45.7,True
0.27,95,30.0,44.349999999999994,True
0.27,100,30.0,43.0,True
0.27,105,30.0,41.65,True
0.27,110,30.0,40.3,True
0.27,115,30.0,38.95,True
0.27,120,30.0,37.599999999999994,True
0.27,125,30.0,36.25,True
0.27,130,30.0,34.9,True
0.27,135,30.0,33.55,True
0.27,140,30.0,32.199999999999996,True
0.27,145,30.0,30.849999999999994,True
0.27,150,30.0,29.5,False
0.27,155,30.0,28.15,False
0.27,160,30.0,26.799999999999997,False
0.27,165,30.0,25.449999999999996,False
0.27,170,30.0,24.099999999999994,False
0.27,175,30.0,22.75,False
0.27,180,30.0,21.4,False
0.27,185,30.0,20.049999999999997,False
0.27,190,30.0,18.699999999999996,False
0.27,195,30.0,17.349999999999994,False
0.27,200,30.0,16.0,False
0.27,205,30.0,14.649999999999999,False
0.27,210,30.0,13.299999999999997,False
0.27,215,30.0,11.949999999999996,False
0.27,220,30.0,10.599999999999994,False
0.27,225,30.0,9.249999999999993,False
0.27,230,30.0,7.899999999999999,False
0.27,235,30.0,6.549999999999997,False
0.27,240,30.0,5.199999999999989,False
0.27,245,30.0,3.8499999999999943,False
0.27,250,30.0,2.5,False
0.27,255,30.0,1.1499999999999915,False
0.27,260,30.0,-0.20000000000000284,False
0.27,265,30.0,-1.5500000000000114,False
0.27,270,30.0,-2.9000000000000057,False
0.27,275,30.0,-4.25,False
0.27,280,30.0,-5.6000000000000085,False
0.27,285,30.0,-6.950000000000003,False
0.27,290,30.0,-8.300000000000011,False
0.27,295,30.0,-9.650000000000006,False
0.27,300,30.0,-11.0,False
0.27,305,30.0,-12.350000000000009,False
0.27,310,30.0,-13.700000000000003,False
0.27,315,30.0,-15.050000000000011,False
0.27,320,30.0,-16.400000000000006,False
0.27,325,30.0,-17.75,False
0.27,330,30.0,-19.10000000000001,False
0.27,335,30.0,-20.450000000000003,False
0.27,340,30.0,-21.80000000000001,False
0.27,345,30.0,-23.150000000000006,False
0.27,350,30.0,-24.5,False
0.27,355,30.0,-25.85000000000001,False
0.27,360,30.0,-27.200000000000003,False
0.27,365,30.0,-28.55000000000001,False
0.27,370,30.0,-29.900000000000006,False
0.27,375,30.0,-31.25,False
0.27,380,30.0,-32.60000000000001,False
0.27,385,30.0,-33.95,False
0.27,390,30.0,-35.30000000000001,False
0.27,395,30.0,-36.650000000000006,False
0.27,400,30.0,-38.0,False
0.27,405,30.0,-39.35000000000001,False
0.27,410,30.0,-40.7,False
0.27,415,30.0,-42.05000000000001,False
0.27,420,30.0,-43.400000000000006,False
0.27,425,30.0,-44.750000000000014,False
0.27,430,30.0,-46.10000000000001,False
0.27,435,30.0,-47.45,False
0.27,440,30.0,-48.80000000000001,False
0.27,445,30.0,-50.150000000000006,False
0.27,450,30.0,-51.500000000000014,False
0.27,455,30.0,-52.85000000000001,False
0.27,460,30.0,-54.2,False
0.27,465,30.0,-55.55000000000001,False
0.27,470,30.0,-56.900000000000006,False
0.27,475,30.0,-58.25,False
0.27,480,30.0,-59.60000000000002,False
0.27,485,30.0,-60.95000000000002,False
0.27,490,30.0,-62.30000000000001,False
0.27,495,30.0,-63.650000000000006,False
0.27,500,30.0,-65.0,False
0.28,0,30.0,70.0,True
0.28,5,30.0,68.6,True
0.28,10,30.0,67.2,True
0.28,15,30.0,65.8,True
0.28,20,30.0,64.4,True
0.28,25,30.0,63.0,True
0.28,30,30.0,61.6,True
0.28,35,30.0,60.2,True
0.28,40,30.0,58.8,True
0.28,45,30.0,57.4,True
0.28,50,30.0,56.0,True
0.28,55,30.0,54.599999999999994,True
0.28,60,30.0,53.2,True
0.28,65,30.0,51.8,True
0.28,70,30.0,50.4,True
0.28,75,30.0,49.0,True
0.28,80,30.0,47.599999999999994,True
0.28,85,30.0,46.2,True
0.28,90,30.0,44.8,True
0.28,95,30.0,43.4,True
0.28,100,30.0,42.0,True
0.28,105,30.0,40.599999999999994,True
0.28,110,30.0,39.199999999999996,True
0.28,115,30.0,37.8,True
0.28,120,30.0,36.4,True
0.28,125,30.0,35.0,True
0.28,130,30.0,33.599999999999994,True
0.28,135,30.0,32.199999999999996,True
0.28,140,30.0,30.799999999999997,True
0.28,145,30.0,29.4,False
0.28,150,30.0,27.999999999999993,False
0.28,155,30.0,26.599999999999994,False
0.28,160,30.0,25.199999999999996,False
0.28,165,30.0,23.799999999999997,False
0.28,170,30.0,22.4,False
0.28,175,30.0,20.999999999999993,False
0.28,180,30.0,19.599999999999994,False
0.28,185,30.0,18.199999999999996,False
0.28,190,30.0,16.799999999999997,False
0.28,195,30.0,15.399999999999991,False
0.28,200,30.0,13.999999999999993,False
0.28,205,30.0,12.599999999999994,False
0.28,210,30.0,11.199999999999996,False
0.28,215,30.0,9.799999999999997,False
0.28,220,30.0,8.399999999999991,False
0.28,225,30.0,6.999999999999993,False
0.28,230,30.0,5.599999999999994,False
0.28,235,30.0,4.199999999999989,False
0.28,240,30.0,2.799999999999997,False
0.28,245,30.0,1.3999999999999915,False
0.28,250,30.0,0.0,False
0.28,255,30.0,-1.4000000000000057,False
0.28,260,30.0,-2.8000000000000114,False
0.28,265,30.0,-4.200000000000003,False
0.28,270,30.0,-5.6000000000000085,False
0.28,275,30.0,-7.000000000000014,False
0.28,280,30.0,-8.400000000000006,False
0.28,285,30.0,-9.800000000000011,False
0.28,290,30.0,-11.200000000000003,False
0.28,295,30.0,-12.600000000000009,False
0.28,300,30.0,-14.000000000000014,False
0.28,305,30.0,-15.400000000000006,False
0.28,310,30.0,-16.80000000000001,False
0.28,315,30.0,-18.200000000000003,False
0.28,320,30.0,-19.60000000000001,False
0.28,325,30.0,-21.000000000000014,False
0.28,330,30.0,-22.400000000000006,False
0.28,335,30.0,-23.80000000000001,False
0.28,340,30.0,-25.200000000000003,False
0.28,345,30.0,-26.60000000000001,False
0.28,350,30.0,-28.000000000000014,False
0.28,355,30.0,-29.400000000000006,False
0.28,360,30.0,-30.80000000000001,False
0.28,365,30.0,-32.2,False
0.28,370,30.0,-33.60000000000001,False
0.28,375,30.0,-35.000000000000014,False
0.28,380,30.0,-36.400000000000006,False
0.28,385,30.0,-37.80000000000001,False
0.28,390,30.0,-39.20000000000002,False
0.28,395,30.0,-40.60000000000001,False
0.28,400,30.0,-42.000000000000014,False
0.28,405,30.0,-43.400000000000006,False
0.28,410,30.0,-44.80000000000001,False
0.28,415,30.0,-46.20000000000002,False
0.28,420,30.0,-47.60000000000001,False
0.28,425,30.0,-49.000000000000014,False
0.28,430,30.0,-50.400000000000006,False
0.28,435,30.0,-51.80000000000001,False
0.28,440,30.0,-53.20000000000002,False
0.28,445,30.0,-54.60000000000001,False
0.28,450,30.0,-56.000000000000014,False
0.28,455,30.0,-57.400000000000006,False
0.28,460,30.0,-58.80000000000001,False
0.28,465,30.0,-60.20000000000002,False
0.28,470,30.0,-61.60000000000002,False
0.28,475,30.0,-63.0,False
0.28,480,30.0,-64.4,False
0.28,485,30.0,-65.80000000000001,False
0.28,490,30.0,-67.20000000000002,False
0.28,495,30.0,-68.60000000000002,False
0.28,500,30.0,-70.0,False
0.29,0,30.0,70.0,True
0.29,5,30.0,68.55,True
0.29,10,30.0,67.1,True
0.29,15,30.0,65.65,True
0.29,20,30.0,64.2,True
0.29,25,30.0,62.75,True
0.29,30,30.0,61.3,True
0.29,35,30.0,59.85,True
0.29,40,30.0,58.4,True
0.29,45,30.0,56.95,True
0.29,50,30.0,55.5,True
0.29,55,30.0,54.05,True
0.29,60,30.0,52.6,True
0.29,65,30.0,51.150000000000006,True
0.29,70,30.0,49.7,True
0.29,75,30.0,48.25,True
0.29,80,30.0,46.8,True
0.29,85,30.0,45.35,True
0.29,90,30.0,43.900000000000006,True
0.29,95,30.0,42.45,True
0.29,100,30.0,41.0,True
0.29,105,30.0,39.55,True
0.29,110,30.0,38.1,True
0.29,115,30.0,36.650000000000006,True
0.29,120,30.0,35.2,True
0.29,125,30.0,33.75,True
0.29,130,30.0,32.300000000000004,True
0.29,135,30.0,30.85,True
0.29,140,30.0,29.400000000000006,False
0.29,145,30.0,27.950000000000003,False
0.29,150,30.0,26.5,False
0.29,155,30.0,25.050000000000004,False
0.29,160,30.0,23.6,False
0.29,165,30.0,22.150000000000006,False
0.29,170,30.0,20.700000000000003,False
0.29,175,30.0,19.25,False
0.29,180,30.0,17.800000000000004,False
0.29,185,30.0,16.35,False
0.29,190,30.0,14.900000000000006,False
0.29,195,30.0,13.450000000000003,False
0.29,200,30.0,12.000000000000007,False
0.29,205,30.0,10.550000000000004,False
0.29,210,30.0,9.100000000000001,False
0.29,215,30.0,7.650000000000006,False
0.29,220,30.0,6.200000000000003,False
0.29,225,30.0,4.75,False
0.29,230,30.0,3.3000000000000114,False
0.29,235,30.0,1.8500000000000085,False
0.29,240,30.0,0.4000000000000057,False
0.29,245,30.0,-1.0499999999999972,False
0.29,250,30.0,-2.5,False
0.29,255,30.0,-3.9499999999999886,False
0.29,260,30.0,-5.3999999999999915,False
0.29,265,30.0,-6.849999999999994,False
0.29,270,30.0,-8.299999999999997,False
0.29,275,30.0,-9.75,False
0.29,280,30.0,-11.199999999999989,False
0.29,285,30.0,-12.649999999999991,False
0.29,290,30.0,-14.099999999999994,False
0.29,295,30.0,-15.549999999999997,False
0.29,300,30.0,-17.0,False
0.29,305,30.0,-18.44999999999999,False
0.29,310,30.0,-19.89999999999999,False
0.29,315,30.0,-21.349999999999994,False
0.29,320,30.0,-22.799999999999997,False
0.29,325,30.0,-24.25,False
0.29,330,30.0,-25.69999999999999,False
0.29,335,30.0,-27.14999999999999,False
0.29,340,30.0,-28.599999999999994,False
0.29,345,30.0,-30.049999999999997,False
0.29,350,30.0,-31.5,False
0.29,355,30.0,-32.94999999999999,False
0.29,360,30.0,-34.39999999999999,False
0.29,365,30.0,-35.849999999999994,False
0.29,370,30.0,-37.3,False
0.29,375,30.0,-38.749999999999986,False
0.29,380,30.0,-40.19999999999999,False
0.29,385,30.0,-41.64999999999999,False
0.29,390,30.0,-43.099999999999994,False
0.29,395,30.0,-44.55,False
0.29,400,30.0,-45.999999999999986,False
0.29,405,30.0,-47.44999999999999,False
0.29,410,30.0,-48.89999999999999,False
0.29,415,30.0,-50.349999999999994,False
0.29,420,30.0,-51.8,False
0.29,425,30.0,-53.249999999999986,False
0.29,430,30.0,-54.69999999999999,False
0.29,435,30.0,-56.14999999999999,False
0.29,440,30.0,-57.599999999999994,False
0.29,445,30.0,-59.04999999999998,False
0.29,450,30.0,-60.5,False
0.29,455,30.0,-61.94999999999999,False
0.29,460,30.0,-63.39999999999998,False
0.29,465,30.0,-64.85,False
0.29,470,30.0,-66.29999999999998,False
0.29,475,30.0,-67.75,False
0.29,480,30.0,-69.19999999999999,False
0.29,485,30.0,-70.64999999999998,False
0.29,490,30.0,-72.1,False
0.29,495,30.0,-73.54999999999998,False
0.29,500,30.0,-75.0,False
0.3,0,30.0,70.0,True
0.3,5,30.0,68.5,True
0.3,10,30.0,67.0,True
0.3,15,30.0,65.5,True
0.3,20,30.0,64.0,True
0.3,25,30.0,62.5,True
0.3,30,30.0,61.0,True
0.3,35,30.0,59.5,True
0.3,40,30.0,58.0,True
0.3,45,30.0,56.5,True
0.3,50,30.0,55.0,True
0.3,55,30.0,53.5,True
0.3,60,30.0,52.0,True
0.3,65,30.0,50.5,True
0.3,70,30.0,49.0,True
0.3,75,30.0,47.5,True
0.3,80,30.0,46.0,True
0.3,85,30.0,44.5,True
0.3,90,30.0,43.0,True
0.3,95,30.0,41.5,True
0.3,100,30.0,40.0,True
0.3,105,30.0,38.5,True
0.3,110,30.0,37.0,True
0.3,115,30.0,35.5,True
0.3,120,30.0,34.0,True
0.3,125,30.0,32.5,True
0.3,130,30.0,31.0,True
0.3,135,30.0,29.5,False
0.3,140,30.0,28.0,False
0.3,145,30.0,26.5,False
0.3,150,30.0,25.0,False
0.3,155,30.0,23.5,False
0.3,160,30.0,22.0,False
0.3,165,30.0,20.5,False
0.3,170,30.0,19.0,False
0.3,175,30.0,17.5,False
0.3,180,30.0,16.0,False
0.3,185,30.0,14.5,False
0.3,190,30.0,13.0,False
0.3,195,30.0,11.5,False
0.3,200,30.0,10.0,False
0.3,205,30.0,8.5,False
0.3,210,30.0,7.0,False
0.3,215,30.0,5.5,False
0.3,220,30.0,4.0,False
0.3,225,30.0,2.5,False
0.3,230,30.0,1.0,False
0.3,235,30.0,-0.5,False
0.3,240,30.0,-2.0,False
0.3,245,30.0,-3.5,False
0.3,250,30.0,-5.0,False
0.3,255,30.0,-6.5,False
0.3,260,30.0,-8.0,False
0.3,265,30.0,-9.5,False
0.3,270,30.0,-11.0,False
0.3,275,30.0,-12.5,False
0.3,280,30.0,-14.0,False
0.3,285,30.0,-15.5,False
0.3,290,30.0,-17.0,False
0.3,295,30.0,-18.5,False
0.3,300,30.0,-20.0,False
0.3,305,30.0,-21.5,False
0.3,310,30.0,-23.0,False
0.3,315,30.0,-24.5,False
0.3,320,30.0,-26.0,False
0.3,325,30.0,-27.5,False
0.3,330,30.0,-29.0,False
0.3,335,30.0,-30.5,False
0.3,340,30.0,-32.0,False
0.3,345,30.0,-33.5,False
0.3,350,30.0,-35.0,False
0.3,355,30.0,-36.5,False
0.3,360,30.0,-38.0,False
0.3,365,30.0,-39.5,False
0.3,370,30.0,-41.0,False
0.3,375,30.0,-42.5,False
0.3,380,30.0,-44.0,False
0.3,385,30.0,-45.5,False
0.3,390,30.0,-47.0,False
0.3,395,30.0,-48.5,False
0.3,400,30.0,-50.0,False
0.3,405,30.0,-51.5,False
0.3,410,30.0,-53.0,False
0.3,415,30.0,-54.5,False
0.3,420,30.0,-56.0,False
0.3,425,30.0,-57.5,False
0.3,430,30.0,-59.0,False
0.3,435,30.0,-60.5,False
0.3,440,30.0,-62.0,False
0.3,445,30.0,-63.5,False
0.3,450,30.0,-65.0,False
0.3,455,30.0,-66.5,False
0.3,460,30.0,-68.0,False
0.3,465,30.0,-69.5,False
0.3,470,30.0,-71.0,False
0.3,475,30.0,-72.5,False
0.3,480,30.0,-74.0,False
0.3,485,30.0,-75.5,False
0.3,490,30.0,-77.0,False
0.3,495,30.0,-78.5,False
0.3,500,30.0,-80.0,False
0.31,0,30.0,70.0,True
0.31,5,30.0,68.45,True
0.31,10,30.0,66.9,True
0.31,15,30.0,65.35,True
0.31,20,30.0,63.8,True
0.31,25,30.0,62.25,True
0.31,30,30.0,60.7,True
0.31,35,30.0,59.15,True
0.31,40,30.0,57.6,True
0.31,45,30.0,56.05,True
0.31,50,30.0,54.5,True
0.31,55,30.0,52.95,True
0.31,60,30.0,51.4,True
0.31,65,30.0,49.85,True
0.31,70,30.0,48.3,True
0.31,75,30.0,46.75,True
0.31,80,30.0,45.2,True
0.31,85,30.0,43.65,True
0.31,90,30.0,42.1,True
0.31,95,30.0,40.55,True
0.31,100,30.0,39.0,True
0.31,105,30.0,37.45,True
0.31,110,30.0,35.9,True
0.31,115,30.0,34.35,True
0.31,120,30.0,32.8,True
0.31,125,30.0,31.25,True
0.31,130,30.0,29.700000000000003,False
0.31,135,30.0,28.15,False
0.31,140,30.0,26.6,False
0.31,145,30.0,25.049999999999997,False
0.31,150,30.0,23.5,False
0.31,155,30.0,21.950000000000003,False
0.31,160,30.0,20.4,False
0.31,165,30.0,18.85,False
0.31,170,30.0,17.299999999999997,False
0.31,175,30.0,15.75,False
0.31,180,30.0,14.200000000000003,False
0.31,185,30.0,12.649999999999999,False
0.31,190,30.0,11.100000000000001,False
0.31,195,30.0,9.549999999999997,False
0.31,200,30.0,8.0,False
0.31,205,30.0,6.450000000000003,False
0.31,210,30.0,4.900000000000006,False
0.31,215,30.0,3.3499999999999943,False
0.31,220,30.0,1.7999999999999972,False
0.31,225,30.0,0.25,False
0.31,230,30.0,-1.2999999999999972,False
0.31,235,30.0,-2.8499999999999943,False
0.31,240,30.0,-4.400000000000006,False
0.31,245,30.0,-5.950000000000003,False
0.31,250,30.0,-7.5,False
0.31,255,30.0,-9.049999999999997,False
0.31,260,30.0,-10.599999999999994,False
0.31,265,30.0,-12.150000000000006,False
0.31,270,30.0,-13.700000000000003,False
0.31,275,30.0,-15.25,False
0.31,280,30.0,-16.799999999999997,False
0.31,285,30.0,-18.349999999999994,False
0.31,290,30.0,-19.900000000000006,False
0.31,295,30.0,-21.450000000000003,False
0.31,300,30.0,-23.0,False
0.31,305,30.0,-24.549999999999997,False
0.31,310,30.0,-26.099999999999994,False
0.31,315,30.0,-27.650000000000006,False
0.31,320,30.0,-29.200000000000003,False
0.31,325,30.0,-30.75,False
0.31,330,30.0,-32.3,False
0.31,335,30.0,-33.849999999999994,False
0.31,340,30.0,-35.400000000000006,False
0.31,345,30.0,-36.95,False
0.31,350,30.0,-38.5,False
0.31,355,30.0,-40.05,False
0.31,360,30.0,-41.599999999999994,False
0.31,365,30.0,-43.150000000000006,False
0.31,370,30.0,-44.7,False
0.31,375,30.0,-46.25,False
0.31,380,30.0,-47.8,False
0.31,385,30.0,-49.349999999999994,False
0.31,390,30.0,-50.900000000000006,False
0.31,395,30.0,-52.45,False
0.31,400,30.0,-54.0,False
0.31,405,30.0,-55.55,False
0.31,410,30.0,-57.099999999999994,False
0.31,415,30.0,-58.650000000000006,False
0.31,420,30.0,-60.19999999999999,False
0.31,425,30.0,-61.75,False
0.31,430,30.0,-63.30000000000001,False
0.31,435,30.0,-64.85,False
0.31,440,30.0,-66.4,False
0.31,445,30.0,-67.94999999999999,False
0.31,450,30.0,-69.5,False
0.31,455,30.0,-71.05000000000001,False
0.31,460,30.0,-72.6,False
0.31,465,30.0,-74.15,False
0.31,470,30.0,-75.69999999999999,False
0.31,475,30.0,-77.25,False
0.31,480,30.0,-78.80000000000001,False
0.31,485,30.0,-80.35,False
0.31,490,30.0,-81.9,False
0.31,495,30.0,-83.44999999999999,False
0.31,500,30.0,-85.0,False
0.32,0,30.0,70.0,True
0.32,5,30.0,68.4,True
0.32,10,30.0,66.8,True
0.32,15,30.0,65.2,True
0.32,20,30.0,63.6,True
0.32,25,30.0,62.0,True
0.32,30,30.0,60.4,True
0.32,35,30.0,58.8,True
0.32,40,30.0,57.2,True
0.32,45,30.0,55.6,True
0.32,50,30.0,54.0,True
0.32,55,30.0,52.4,True
0.32,60,30.0,50.8,True
0.32,65,30.0,49.2,True
0.32,70,30.0,47.599999999999994,True
0.32,75,30.0,46.0,True
0.32,80,30.0,44.4,True
0.32,85,30.0,42.8,True
0.32,90,30.0,41.2,True
0.32,95,30.0,39.599999999999994,True
0.32,100,30.0,38.0,True
0.32,105,30.0,36.4,True
0.32,110,30.0,34.8,True
0.32,115,30.0,33.199999999999996,True
0.32,120,30.0,31.6,True
0.32,125,30.0,30.0,False
0.32,130,30.0,28.4,False
0.32,135,30.0,26.799999999999997,False
0.32,140,30.0,25.199999999999996,False
0.32,145,30.0,23.6,False
0.32,150,30.0,22.0,False
0.32,155,30.0,20.4,False
0.32,160,30.0,18.799999999999997,False
0.32,165,30.0,17.199999999999996,False
0.32,170,30.0,15.600000000000001,False
0.32,175,30.0,14.0,False
0.32,180,30.0,12.399999999999999,False
0.32,185,30.0,10.799999999999997,False
0.32,190,30.0,9.199999999999996,False
0.32,195,30.0,7.600000000000001,False
0.32,200,30.0,6.0,False
0.32,205,30.0,4.400000000000006,False
0.32,210,30.0,2.799999999999997,False
0.32,215,30.0,1.2000000000000028,False
0.32,220,30.0,-0.4000000000000057,False
0.32,225,30.0,-2.0,False
0.32,230,30.0,-3.6000000000000085,False
0.32,235,30.0,-5.200000000000003,False
0.32,240,30.0,-6.799999999999997,False
0.32,245,30.0,-8.400000000000006,False
0.32,250,30.0,-10.0,False
0.32,255,30.0,-11.600000000000009,False
0.32,260,30.0,-13.200000000000003,False
0.32,265,30.0,-14.799999999999997,False
0.32,270,30.0,-16.400000000000006,False
0.32,275,30.0,-18.0,False
0.32,280,30.0,-19.60000000000001,False
0.32,285,30.0,-21.200000000000003,False
0.32,290,30.0,-22.799999999999997,False
0.32,295,30.0,-24.400000000000006,False
0.32,300,30.0,-26.0,False
0.32,305,30.0,-27.60000000000001,False
0.32,310,30.0,-29.200000000000003,False
0.32,315,30.0,-30.799999999999997,False
0.32,320,30.0,-32.400000000000006,False
0.32,325,30.0,-34.0,False
0.32,330,30.0,-35.60000000000001,False
0.32,335,30.0,-37.2,False
0.32,340,30.0,-38.8,False
0.32,345,30.0,-40.400000000000006,False
0.32,350,30.0,-42.0,False
0.32,355,30.0,-43.60000000000001,False
0.32,360,30.0,-45.2,False
0.32,365,30.0,-46.8,False
0.32,370,30.0,-48.400000000000006,False
0.32,375,30.0,-50.0,False
0.32,380,30.0,-51.60000000000001,False
0.32,385,30.0,-53.2,False
0.32,390,30.0,-54.8,False
0.32,395,30.0,-56.400000000000006,False
0.32,400,30.0,-58.0,False
0.32,405,30.0,-59.599999999999994,False
0.32,410,30.0,-61.19999999999999,False
0.32,415,30.0,-62.80000000000001,False
0.32,420,30.0,-64.4,False
0.32,425,30.0,-66.0,False
0.32,430,30.0,-67.6,False
0.32,435,30.0,-69.20000000000002,False
0.32,440,30.0,-70.80000000000001,False
0.32,445,30.0,-72.4,False
0.32,450,30.0,-74.0,False
0.32,455,30.0,-75.6,False
0.32,460,30.0,-77.20000000000002,False
0.32,465,30.0,-78.80000000000001,False
0.32,470,30.0,-80.4,False
0.32,475,30.0,-82.0,False
0.32,480,30.0,-83.6,False
0.32,485,30.0,-85.20000000000002,False
0.32,490,30.0,-86.80000000000001,False
0.32,495,30.0,-88.4,False
0.32,500,30.0,-90.0,False
0.33,0,30.0,70.0,True
0.33,5,30.0,68.35,True
0.33,10,30.0,66.7,True
0.33,15,30.0,65.05,True
0.33,20,30.0,63.4,True
0.33,25,30.0,61.75,True
0.33,30,30.0,60.1,True
0.33,35,30.0,58.45,True
0.33,40,30.0,56.8,True
0.33,45,30.0,55.15,True
0.33,50,30.0,53.5,True
0.33,55,30.0,51.849999999999994,True
0.33,60,30.0,50.2,True
0.33,65,30.0,48.55,True
0.33,70,30.0,46.9,True
0.33,75,30.0,45.25,True
0.33,80,30.0,43.599999999999994,True
0.33,85,30.0,41.95,True
0.33,90,30.0,40.3,True
0.33,95,30.0,38.65,True
0.33,100,30.0,37.0,True
0.33,105,30.0,35.35,True
0.33,110,30.0,33.699999999999996,True
0.33,115,30.0,32.05,True
0.33,120,30.0,30.4,True
0.33,125,30.0,28.75,False
0.33,130,30.0,27.1,False
0.33,135,30.0,25.449999999999996,False
0.33,140,30.0,23.799999999999997,False
0.33,145,30.0,22.15,False
0.33,150,30.0,20.5,False
0.33,155,30.0,18.849999999999994,False
0.33,160,30.0,17.199999999999996,False
0.33,165,30.0,15.549999999999997,False
0.33,170,30.0,13.899999999999999,False
0.33,175,30.0,12.25,False
0.33,180,30.0,10.599999999999994,False
0.33,185,30.0,8.949999999999996,False
0.33,190,30.0,7.299999999999997,False
0.33,195,30.0,5.6499999999999915,False
0.33,200,30.0,4.0,False
0.33,205,30.0,2.3499999999999943,False
0.33,210,30.0,0.7000000000000028,False
0.33,215,30.0,-0.9500000000000028,False
0.33,220,30.0,-2.6000000000000085,False
0.33,225,30.0,-4.25,False
0.33,230,30.0,-5.900000000000006,False
0.33,235,30.0,-7.549999999999997,False
0.33,240,30.0,-9.200000000000003,False
0.33,245,30.0,-10.850000000000009,False
0.33,250,30.0,-12.5,False
0.33,255,30.0,-14.150000000000006,False
0.33,260,30.0,-15.799999999999997,False
0.33,265,30.0,-17.450000000000003,False
0.33,270,30.0,-19.10000000000001,False
0.33,275,30.0,-20.75,False
0.33,280,30.0,-22.400000000000006,False
0.33,285,30.0,-24.05000000000001,False
0.33,290,30.0,-25.700000000000003,False
0.33,295,30.0,-27.35000000000001,False
0.33,300,30.0,-29.0,False
0.33,305,30.0,-30.650000000000006,False
0.33,310,30.0,-32.30000000000001,False
0.33,315,30.0,-33.95,False
0.33,320,30.0,-35.60000000000001,False
0.33,325,30.0,-37.25,False
0.33,330,30.0,-38.900000000000006,False
0.33,335,30.0,-40.55000000000001,False
0.33,340,30.0,-42.2,False
0.33,345,30.0,-43.85000000000001,False
0.33,350,30.0,-45.5,False
0.33,355,30.0,-47.150000000000006,False
0.33,360,30.0,-48.80000000000001,False
0.33,365,30.0,-50.45,False
0.33,370,30.0,-52.10000000000001,False
0.33,375,30.0,-53.75,False
0.33,380,30.0,-55.400000000000006,False
0.33,385,30.0,-57.05000000000001,False
0.33,390,30.0,-58.70000000000002,False
0.33,395,30.0,-60.349999999999994,False
0.33,400,30.0,-62.0,False
0.33,405,30.0,-63.650000000000006,False
0.33,410,30.0,-65.30000000000001,False
0.33,415,30.0,-66.95000000000002,False
0.33,420,30.0,-68.6,False
0.33,425,30.0,-70.25,False
0.33,430,30.0,-71.9,False
0.33,435,30.0,-73.55000000000001,False
0.33,440,30.0,-75.20000000000002,False
0.33,445,30.0,-76.85,False
0.33,450,30.0,-78.5,False
0.33,455,30.0,-80.15,False
0.33,460,30.0,-81.80000000000001,False
0.33,465,30.0,-83.45000000000002,False
0.33,470,30.0,-85.1,False
0.33,475,30.0,-86.75,False
0.33,480,30.0,-88.4,False
0.33,485,30.0,-90.05000000000001,False
0.33,490,30.0,-91.70000000000002,False
0.33,495,30.0,-93.35,False
0.33,500,30.0,-95.0,False
0.34,0,30.0,70.0,True
0.34,5,30.0,68.3,True
0.34,10,30.0,66.6,True
0.34,15,30.0,64.9,True
0.34,20,30.0,63.2,True
0.34,25,30.0,61.5,True
0.34,30,30.0,59.8,True
0.34,35,30.0,58.1,True
0.34,40,30.0,56.4,True
0.34,45,30.0,54.7,True
0.34,50,30.0,53.0,True
0.34,55,30.0,51.3,True
0.34,60,30.0,49.599999999999994,True
0.34,65,30.0,47.9,True
0.34,70,30.0,46.2,True
0.34,75,30.0,44.5,True
0.34,80,30.0,42.8,True
0.34,85,30.0,41.099999999999994,True
0.34,90,30.0,39.4,True
0.34,95,30.0,37.699999999999996,True
0.34,100,30.0,36.0,True
0.34,105,30.0,34.3,True
0.34,110,30.0,32.599999999999994,True
0.34,115,30.0,30.9,True
0.34,120,30.0,29.199999999999996,False
0.34,125,30.0,27.5,False
0.34,130,30.0,25.799999999999997,False
0.34,135,30.0,24.099999999999994,False
0.34,140,30.0,22.4,False
0.34,145,30.0,20.699999999999996,False
0.34,150,30.0,18.999999999999993,False
0.34,155,30.0,17.299999999999997,False
0.34,160,30.0,15.599999999999994,False
0.34,165,30.0,13.899999999999999,False
0.34,170,30.0,12.199999999999996,False
0.34,175,30.0,10.499999999999993,False
0.34,180,30.0,8.799999999999997,False
0.34,185,30.0,7.099999999999994,False
0.34,190,30.0,5.3999999999999915,False
0.34,195,30.0,3.6999999999999886,False
0.34,200,30.0,2.0,False
0.34,205,30.0,0.29999999999999716,False
0.34,210,30.0,-1.4000000000000057,False
0.34,215,30.0,-3.1000000000000085,False
0.34,220,30.0,-4.800000000000011,False
0.34,225,30.0,-6.5,False
0.34,230,30.0,-8.200000000000003,False
0.34,235,30.0,-9.900000000000006,False
0.34,240,30.0,-11.600000000000009,False
0.34,245,30.0,-13.300000000000011,False
0.34,250,30.0,-15.0,False
0.34,255,30.0,-16.700000000000003,False
0.34,260,30.0,-18.400000000000006,False
0.34,265,30.0,-20.10000000000001,False
0.34,270,30.0,-21.80000000000001,False
0.34,275,30.0,-23.5,False
0.34,280,30.0,-25.200000000000003,False
0.34,285,30.0,-26.900000000000006,False
0.34,290,30.0,-28.60000000000001,False
0.34,295,30.0,-30.30000000000001,False
0.34,300,30.0,-32.000000000000014,False
0.34,305,30.0,-33.7,False
0.34,310,30.0,-35.400000000000006,False
0.34,315,30.0,-37.10000000000001,False
0.34,320,30.0,-38.80000000000001,False
0.34,325,30.0,-40.500000000000014,False
0.34,330,30.0,-42.2,False
0.34,335,30.0,-43.900000000000006,False
0.34,340,30.0,-45.60000000000001,False
0.34,345,30.0,-47.30000000000001,False
0.34,350,30.0,-49.000000000000014,False
0.34,355,30.0,-50.7,False
0.34,360,30.0,-52.400000000000006,False
0.34,365,30.0,-54.10000000000001,False
0.34,370,30.0,-55.80000000000001,False
0.34,375,30.0,-57.500000000000014,False
0.34,380,30.0,-59.20000000000002,False
0.34,385,30.0,-60.900000000000006,False
0.34,390,30.0,-62.60000000000002,False
0.34,395,30.0,-64.30000000000001,False
0.34,400,30.0,-66.0,False
0.34,405,30.0,-67.70000000000002,False
0.34,410,30.0,-69.4,False
0.34,415,30.0,-71.10000000000002,False
0.34,420,30.0,-72.80000000000001,False
0.34,425,30.0,-74.5,False
0.34,430,30.0,-76.20000000000002,False
0.34,435,30.0,-77.9,False
0.34,440,30.0,-79.60000000000002,False
0.34,445,30.0,-81.30000000000001,False
0.34,450,30.0,-83.0,False
0.34,455,30.0,-84.70000000000002,False
0.34,460,30.0,-86.4,False
0.34,465,30.0,-88.10000000000002,False
0.34,470,30.0,-89.80000000000001,False
0.34,475,30.0,-91.5,False
0.34,480,30.0,-93.20000000000002,False
0.34,485,30.0,-94.9,False
0.34,490,30.0,-96.60000000000002,False
0.34,495,30.0,-98.30000000000001,False
0.34,500,30.0,-100.0,False
0.35000000000000003,0,30.0,70.0,True
0.35000000000000003,5,30.0,68.25,True
0.35000000000000003,10,30.0,66.5,True
0.35000000000000003,15,30.0,64.75,True
0.35000000000000003,20,30.0,63.0,True
0.35000000000000003,25,30.0,61.25,True
0.35000000000000003,30,30.0,59.5,True
0.35000000000000003,35,30.0,57.75,True
0.35000000000000003,40,30.0,56.0,True
0.35000000000000003,45,30.0,54.25,True
0.35000000000000003,50,30.0,52.5,True
0.35000000000000003,55,30.0,50.75,True
0.35000000000000003,60,30.0,49.0,True
0.35000000000000003,65,30.0,47.25,True
0.35000000000000003,70,30.0,45.5,True
0.35000000000000003,75,30.0,43.75,True
0.35000000000000003,80,30.0,42.0,True
0.35000000000000003,85,30.0,40.25,True
0.35000000000000003,90,30.0,38.5,True
0.35000000000000003,95,30.0,36.75,True
0.35000000000000003,100,30.0,35.0,True
0.35000000000000003,105,30.0,33.25,True
0.35000000000000003,110,30.0,31.499999999999993,True
0.35000000000000003,115,30.0,29.749999999999993,False
0.35000000000000003,120,30.0,27.999999999999993,False
0.35000000000000003,125,30.0,26.249999999999993,False
0.35000000000000003,130,30.0,24.499999999999993,False
0.35000000000000003,135,30.0,22.749999999999993,False
0.35000000000000003,140,30.0,20.999999999999993,False
0.35000000000000003,145,30.0,19.249999999999993,False
0.35000000000000003,150,30.0,17.499999999999993,False
0.35000000000000003,155,30.0,15.749999999999993,False
0.35000000000000003,160,30.0,13.999999999999993,False
0.35000000000000003,165,30.0,12.249999999999993,False
0.35000000000000003,170,30.0,10.499999999999993,False
0.35000000000000003,175,30.0,8.749999999999993,False
0.35000000000000003,180,30.0,6.999999999999993,False
0.35000000000000003,185,30.0,5.25,False
0.35000000000000003,190,30.0,3.5,False
0.35000000000000003,195,30.0,1.75,False
0.35000000000000003,200,30.0,0.0,False
0.35000000000000003,205,30.0,-1.75,False
0.35000000000000003,210,30.0,-3.5,False
0.35000000000000003,215,30.0,-5.250000000000014,False
0.35000000000000003,220,30.0,-7.000000000000014,False
0.35000000000000003,225,30.0,-8.750000000000014,False
0.35000000000000003,230,30.0,-10.500000000000014,False
0.35000000000000003,235,30.0,-12.250000000000014,False
0.35000000000000003,240,30.0,-14.000000000000014,False
0.35000000000000003,245,30.0,-15.750000000000014,False
0.35000000000000003,250,30.0,-17.500000000000014,False
0.35000000000000003,255,30.0,-19.250000000000014,False
0.35000000000000003,260,30.0,-21.000000000000014,False
0.35000000000000003,265,30.0,-22.750000000000014,False
0.35000000000000003,270,30.0,-24.500000000000014,False
0.35000000000000003,275,30.0,-26.250000000000014,False
0.35000000000000003,280,30.0,-28.000000000000014,False
0.35000000000000003,285,30.0,-29.750000000000014,False
0.35000000000000003,290,30.0,-31.500000000000014,False
0.35000000000000003,295,30.0,-33.250000000000014,False
0.35000000000000003,300,30.0,-35.000000000000014,False
0.35000000000000003,305,30.0,-36.750000000000014,False
0.35000000000000003,310,30.0,-38.500000000000014,False
0.35000000000000003,315,30.0,-40.250000000000014,False
0.35000000000000003,320,30.0,-42.000000000000014,False
0.35000000000000003,325,30.0,-43.750000000000014,False
0.35000000000000003,330,30.0,-45.500000000000014,False
0.35000000000000003,335,30.0,-47.250000000000014,False
0.35000000000000003,340,30.0,-49.000000000000014,False
0.35000000000000003,345,30.0,-50.750000000000014,False
0.35000000000000003,350,30.0,-52.500000000000014,False
0.35000000000000003,355,30.0,-54.250000000000014,False
0.35000000000000003,360,30.0,-56.000000000000014,False
0.35000000000000003,365,30.0,-57.750000000000014,False
0.35000000000000003,370,30.0,-59.5,False
0.35000000000000003,375,30.0,-61.25,False
0.35000000000000003,380,30.0,-63.0,False
0.35000000000000003,385,30.0,-64.75,False
0.35000000000000003,390,30.0,-66.5,False
0.35000000000000003,395,30.0,-68.25,False
0.35000000000000003,400,30.0,-70.0,False
0.35000000000000003,405,30.0,-71.75,False
0.35000000000000003,410,30.0,-73.5,False
0.35000000000000003,415,30.0,-75.25,False
0.35000000000000003,420,30.0,-77.0,False
0.35000000000000003,425,30.0,-78.75,False
0.35000000000000003,430,30.0,-80.50000000000003,False
0.35000000000000003,435,30.0,-82.25000000000003,False
0.35000000000000003,440,30.0,-84.00000000000003,False
0.35000000000000003,445,30.0,-85.75000000000003,False
0.35000000000000003,450,30.0,-87.50000000000003,False
0.35000000000000003,455,30.0,-89.25000000000003,False
0.35000000000000003,460,30.0,-91.00000000000003,False
0.35000000000000003,465,30.0,-92.75000000000003,False
0.35000000000000003,470,30.0,-94.50000000000003,False
0.35000000000000003,475,30.0,-96.25000000000003,False
0.35000000000000003,480,30.0,-98.00000000000003,False
0.35000000000000003,485,30.0,-99.75000000000003,False
0.35000000000000003,490,30.0,-101.50000000000003,False
0.35000000000000003,495,30.0,-103.25000000000003,False
0.35000000000000003,500,30.0,-105.00000000000003,False
0.36,0,30.0,70.0,True
0.36,5,30.0,68.2,True
0.36,10,30.0,66.4,True
0.36,15,30.0,64.6,True
0.36,20,30.0,62.8,True
0.36,25,30.0,61.0,True
0.36,30,30.0,59.2,True
0.36,35,30.0,57.4,True
0.36,40,30.0,55.6,True
0.36,45,30.0,53.8,True
0.36,50,30.0,52.0,True
0.36,55,30.0,50.2,True
0.36,60,30.0,48.400000000000006,True
0.36,65,30.0,46.6,True
0.36,70,30.0,44.8,True
0.36,75,30.0,43.0,True
0.36,80,30.0,41.2,True
0.36,85,30.0,39.400000000000006,True
0.36,90,30.0,37.6,True
0.36,95,30.0,35.800000000000004,True
0.36,100,30.0,34.0,True
0.36,105,30.0,32.2,True
0.36,110,30.0,30.4,True
0.36,115,30.0,28.6,False
0.36,120,30.0,26.800000000000004,False
0.36,125,30.0,25.0,False
0.36,130,30.0,23.200000000000003,False
0.36,135,30.0,21.4,False
0.36,140,30.0,19.6,False
0.36,145,30.0,17.800000000000004,False
0.36,150,30.0,16.0,False
0.36,155,30.0,14.200000000000003,False
0.36,160,30.0,12.400000000000006,False
0.36,165,30.0,10.600000000000001,False
0.36,170,30.0,8.800000000000004,False
0.36,175,30.0,7.0,False
0.36,180,30.0,5.200000000000003,False
0.36,185,30.0,3.4000000000000057,False
0.36,190,30.0,1.6000000000000085,False
0.36,195,30.0,-0.20000000000000284,False
0.36,200,30.0,-2.0,False
0.36,205,30.0,-3.799999999999997,False
0.36,210,30.0,-5.599999999999994,False
0.36,215,30.0,-7.3999999999999915,False
0.36,220,30.0,-9.200000000000003,False
0.36,225,30.0,-11.0,False
0.36,230,30.0,-12.799999999999997,False
0.36,235,30.0,-14.599999999999994,False
0.36,240,30.0,-16.39999999999999,False
0.36,245,30.0,-18.200000000000003,False
0.36,250,30.0,-20.0,False
0.36,255,30.0,-21.799999999999997,False
0.36,260,30.0,-23.599999999999994,False
0.36,265,30.0,-25.39999999999999,False
0.36,270,30.0,-27.200000000000003,False
0.36,275,30.0,-29.0,False
0.36,280,30.0,-30.799999999999997,False
0.36,285,30.0,-32.599999999999994,False
0.36,290,30.0,-34.39999999999999,False
0.36,295,30.0,-36.2,False
0.36,300,30.0,-38.0,False
0.36,305,30.0,-39.8,False
0.36,310,30.0,-41.599999999999994,False
0.36,315,30.0,-43.39999999999999,False
0.36,320,30.0,-45.19999999999999,False
0.36,325,30.0,-47.0,False
0.36,330,30.0,-48.8,False
0.36,335,30.0,-50.599999999999994,False
0.36,340,30.0,-52.39999999999999,False
0.36,345,30.0,-54.19999999999999,False
0.36,350,30.0,-56.0,False
0.36,355,30.0,-57.8,False
0.36,360,30.0,-59.599999999999994,False
0.36,365,30.0,-61.400000000000006,False
0.36,370,30.0,-63.19999999999999,False
0.36,375,30.0,-65.0,False
0.36,380,30.0,-66.79999999999998,False
0.36,385,30.0,-68.6,False
0.36,390,30.0,-70.4,False
0.36,395,30.0,-72.19999999999999,False
0.36,400,30.0,-74.0,False
0.36,405,30.0,-75.79999999999998,False
0.36,410,30.0,-77.6,False
0.36,415,30.0,-79.4,False
0.36,420,30.0,-81.19999999999999,False
0.36,425,30.0,-83.0,False
0.36,430,30.0,-84.79999999999998,False
0.36,435,30.0,-86.6,False
0.36,440,30.0,-88.4,False
0.36,445,30.0,-90.19999999999999,False
0.36,450,30.0,-92.0,False
0.36,455,30.0,-93.79999999999998,False
0.36,460,30.0,-95.6,False
0.36,465,30.0,-97.4,False
0.36,470,30.0,-99.19999999999999,False
0.36,475,30.0,-101.0,False
0.36,480,30.0,-102.79999999999998,False
0.36,485,30.0,-104.6,False
0.36,490,30.0,-106.4,False
0.36,495,30.0,-108.19999999999999,False
0.36,500,30.0,-110.0,False
0.37,0,30.0,70.0,True
0.37,5,30.0,68.15,True
0.37,10,30.0,66.3,True
0.37,15,30.0,64.45,True
0.37,20,30.0,62.6,True
0.37,25,30.0,60.75,True
0.37,30,30.0,58.9,True
0.37,35,30.0,57.05,True
0.37,40,30.0,55.2,True
0.37,45,30.0,53.35,True
0.37,50,30.0,51.5,True
0.37,55,30.0,49.65,True
0.37,60,30.0,47.8,True
0.37,65,30.0,45.95,True
0.37,70,30.0,44.1,True
0.37,75,30.0,42.25,True
0.37,80,30.0,40.4,True
0.37,85,30.0,38.55,True
0.37,90,30.0,36.7,True
0.37,95,30.0,34.85,True
0.37,100,30.0,33.0,True
0.37,105,30.0,31.15,True
0.37,110,30.0,29.299999999999997,False
0.37,115,30.0,27.450000000000003,False
0.37,120,30.0,25.6,False
0.37,125,30.0,23.75,False
0.37,130,30.0,21.9,False
0.37,135,30.0,20.049999999999997,False
0.37,140,30.0,18.200000000000003,False
0.37,145,30.0,16.35,False
0.37,150,30.0,14.5,False
0.37,155,30.0,12.649999999999999,False
0.37,160,30.0,10.799999999999997,False
0.37,165,30.0,8.950000000000003,False
0.37,170,30.0,7.100000000000001,False
0.37,175,30.0,5.25,False
0.37,180,30.0,3.4000000000000057,False
0.37,185,30.0,1.5499999999999972,False
0.37,190,30.0,-0.29999999999999716,False
0.37,195,30.0,-2.1500000000000057,False
0.37,200,30.0,-4.0,False
0.37,205,30.0,-5.849999999999994,False
0.37,210,30.0,-7.700000000000003,False
0.37,215,30.0,-9.549999999999997,False
0.37,220,30.0,-11.400000000000006,False
0.37,225,30.0,-13.25,False
0.37,230,30.0,-15.099999999999994,False
0.37,235,30.0,-16.950000000000003,False
0.37,240,30.0,-18.799999999999997,False
0.37,245,30.0,-20.650000000000006,False
0.37,250,30.0,-22.5,False
0.37,255,30.0,-24.349999999999994,False
0.37,260,30.0,-26.200000000000003,False
0.37,265,30.0,-28.049999999999997,False
0.37,270,30.0,-29.900000000000006,False
0.37,275,30.0,-31.75,False
0.37,280,30.0,-33.599999999999994,False
0.37,285,30.0,-35.45,False
0.37,290,30.0,-37.3,False
0.37,295,30.0,-39.150000000000006,False
0.37,300,30.0,-41.0,False
0.37,305,30.0,-42.849999999999994,False
0.37,310,30.0,-44.7,False
0.37,315,30.0,-46.55,False
0.37,320,30.0,-48.400000000000006,False
0.37,325,30.0,-50.25,False
0.37,330,30.0,-52.099999999999994,False
0.37,335,30.0,-53.95,False
0.37,340,30.0,-55.8,False
0.37,345,30.0,-57.64999999999999,False
0.37,350,30.0,-59.5,False
0.37,355,30.0,-61.349999999999994,False
0.37,360,30.0,-63.19999999999999,False
0.37,365,30.0,-65.05000000000001,False
0.37,370,30.0,-66.9,False
0.37,375,30.0,-68.75,False
0.37,380,30.0,-70.6,False
0.37,385,30.0,-72.44999999999999,False
0.37,390,30.0,-74.30000000000001,False
0.37,395,30.0,-76.15,False
0.37,400,30.0,-78.0,False
0.37,405,30.0,-79.85,False
0.37,410,30.0,-81.69999999999999,False
0.37,415,30.0,-83.55000000000001,False
0.37,420,30.0,-85.4,False
0.37,425,30.0,-87.25,False
0.37,430,30.0,-89.1,False
0.37,435,30.0,-90.94999999999999,False
0.37,440,30.0,-92.80000000000001,False
0.37,445,30.0,-94.65,False
0.37,450,30.0,-96.5,False
0.37,455,30.0,-98.35,False
0.37,460,30.0,-100.19999999999999,False
0.37,465,30.0,-102.05000000000001,False
0.37,470,30.0,-103.9,False
0.37,475,30.0,-105.75,False
0.37,480,30.0,-107.6,False
0.37,485,30.0,-109.44999999999999,False
0.37,490,30.0,-111.30000000000001,False
0.37,495,30.0,-113.15,False
0.37,500,30.0,-115.0,False
0.38,0,30.0,70.0,True
0.38,5,30.0,68.1,True
0.38,10,30.0,66.2,True
0.38,15,30.0,64.3,True
0.38,20,30.0,62.4,True
0.38,25,30.0,60.5,True
0.38,30,30.0,58.6,True
0.38,35,30.0,56.7,True
0.38,40,30.0,54.8,True
0.38,45,30.0,52.9,True
0.38,50,30.0,51.0,True
0.38,55,30.0,49.1,True
0.38,60,30.0,47.2,True
0.38,65,30.0,45.3,True
0.38,70,30.0,43.4,True
0.38,75,30.0,41.5,True
0.38,80,30.0,39.6,True
0.38,85,30.0,37.7,True
0.38,90,30.0,35.8,True
0.38,95,30.0,33.9,True
0.38,100,30.0,32.0,True
0.38,105,30.0,30.1,True
0.38,110,30.0,28.200000000000003,False
0.38,115,30.0,26.299999999999997,False
0.38,120,30.0,24.4,False
0.38,125,30.0,22.5,False
0.38,130,30.0,20.6,False
0.38,135,30.0,18.700000000000003,False
0.38,140,30.0,16.799999999999997,False
0.38,145,30.0,14.899999999999999,False
0.38,150,30.0,13.0,False
0.38,155,30.0,11.100000000000001,False
0.38,160,30.0,9.200000000000003,False
0.38,165,30.0,7.299999999999997,False
0.38,170,30.0,5.400000000000006,False
0.38,175,30.0,3.5,False
0.38,180,30.0,1.5999999999999943,False
0.38,185,30.0,-0.29999999999999716,False
0.38,190,30.0,-2.200000000000003,False
0.38,195,30.0,-4.099999999999994,False
0.38,200,30.0,-6.0,False
0.38,205,30.0,-7.900000000000006,False
0.38,210,30.0,-9.799999999999997,False
0.38,215,30.0,-11.700000000000003,False
0.38,220,30.0,-13.599999999999994,False
0.38,225,30.0,-15.5,False
0.38,230,30.0,-17.400000000000006,False
0.38,235,30.0,-19.299999999999997,False
0.38,240,30.0,-21.200000000000003,False
0.38,245,30.0,-23.099999999999994,False
0.38,250,30.0,-25.0,False
0.38,255,30.0,-26.900000000000006,False
0.38,260,30.0,-28.799999999999997,False
0.38,265,30.0,-30.700000000000003,False
0.38,270,30.0,-32.599999999999994,False
0.38,275,30.0,-34.5,False
0.38,280,30.0,-36.400000000000006,False
0.38,285,30.0,-38.3,False
0.38,290,30.0,-40.2,False
0.38,295,30.0,-42.099999999999994,False
0.38,300,30.0,-44.0,False
0.38,305,30.0,-45.900000000000006,False
0.38,310,30.0,-47.8,False
0.38,315,30.0,-49.7,False
0.38,320,30.0,-51.599999999999994,False
0.38,325,30.0,-53.5,False
0.38,330,30.0,-55.400000000000006,False
0.38,335,30.0,-57.3,False
0.38,340,30.0,-59.19999999999999,False
0.38,345,30.0,-61.099999999999994,False
0.38,350,30.0,-63.0,False
0.38,355,30.0,-64.9,False
0.38,360,30.0,-66.80000000000001,False
0.38,365,30.0,-68.69999999999999,False
0.38,370,30.0,-70.6,False
0.38,375,30.0,-72.5,False
0.38,380,30.0,-74.4,False
0.38,385,30.0,-76.30000000000001,False
0.38,390,30.0,-78.19999999999999,False
0.38,395,30.0,-80.1,False
0.38,400,30.0,-82.0,False
0.38,405,30.0,-83.9,False
0.38,410,30.0,-85.80000000000001,False
0.38,415,30.0,-87.69999999999999,False
0.38,420,30.0,-89.6,False
0.38,425,30.0,-91.5,False
0.38,430,30.0,-93.4,False
0.38,435,30.0,-95.30000000000001,False
0.38,440,30.0,-97.19999999999999,False
0.38,445,30.0,-99.1,False
0.38,450,30.0,-101.0,False
0.38,455,30.0,-102.9,False
0.38,460,30.0,-104.80000000000001,False
0.38,465,30.0,-106.69999999999999,False
0.38,470,30.0,-108.6,False
0.38,475,30.0,-110.5,False
0.38,480,30.0,-112.4,False
0.38,485,30.0,-114.30000000000001,False
0.38,490,30.0,-116.19999999999999,False
0.38,495,30.0,-118.1,False
0.38,500,30.0,-120.0,False
0.39,0,30.0,70.0,True
0.39,5,30.0,68.05,True
0.39,10,30.0,66.1,True
0.39,15,30.0,64.15,True
0.39,20,30.0,62.2,True
0.39,25,30.0,60.25,True
0.39,30,30.0,58.3,True
0.39,35,30.0,56.35,True
0.39,40,30.0,54.4,True
0.39,45,30.0,52.45,True
0.39,50,30.0,50.5,True
0.39,55,30.0,48.55,True
0.39,60,30.0,46.599999999999994,True
0.39,65,30.0,44.65,True
0.39,70,30.0,42.7,True
0.39,75,30.0,40.75,True
0.39,80,30.0,38.8,True
0.39,85,30.0,36.85,True
0.39,90,30.0,34.9,True
0.39,95,30.0,32.949999999999996,True
0.39,100,30.0,31.0,True
0.39,105,30.0,29.049999999999997,False
0.39,110,30.0,27.1,False
0.39,115,30.0,25.15,False
0.39,120,30.0,23.199999999999996,False
0.39,125,30.0,21.25,False
0.39,130,30.0,19.299999999999997,False
0.39,135,30.0,17.35,False
0.39,140,30.0,15.399999999999999,False
0.39,145,30.0,13.449999999999996,False
0.39,150,30.0,11.5,False
0.39,155,30.0,9.549999999999997,False
0.39,160,30.0,7.599999999999994,False
0.39,165,30.0,5.6499999999999915,False
0.39,170,30.0,3.700000000000003,False
0.39,175,30.0,1.75,False
0.39,180,30.0,-0.20000000000000284,False
0.39,185,30.0,-2.1500000000000057,False
0.39,190,30.0,-4.1000000000000085,False
0.39,195,30.0,-6.049999999999997,False
0.39,200,30.0,-8.0,False
0.39,205,30.0,-9.950000000000003,False
0.39,210,30.0,-11.900000000000006,False
0.39,215,30.0,-13.850000000000009,False
0.39,220,30.0,-15.799999999999997,False
0.39,225,30.0,-17.75,False
0.39,230,30.0,-19.700000000000003,False
0.39,235,30.0,-21.650000000000006,False
0.39,240,30.0,-23.60000000000001,False
0.39,245,30.0,-25.549999999999997,False
0.39,250,30.0,-27.5,False
0.39,255,30.0,-29.450000000000003,False
0.39,260,30.0,-31.400000000000006,False
0.39,265,30.0,-33.35000000000001,False
0.39,270,30.0,-35.3,False
0.39,275,30.0,-37.25,False
0.39,280,30.0,-39.2,False
0.39,285,30.0,-41.150000000000006,False
0.39,290,30.0,-43.10000000000001,False
0.39,295,30.0,-45.05,False
0.39,300,30.0,-47.0,False
0.39,305,30.0,-48.95,False
0.39,310,30.0,-50.900000000000006,False
0.39,315,30.0,-52.85000000000001,False
0.39,320,30.0,-54.80000000000001,False
0.39,325,30.0,-56.75,False
0.39,330,30.0,-58.70000000000002,False
0.39,335,30.0,-60.650000000000006,False
0.39,340,30.0,-62.599999999999994,False
0.39,345,30.0,-64.55000000000001,False
0.39,350,30.0,-66.5,False
0.39,355,30.0,-68.45000000000002,False
0.39,360,30.0,-70.4,False
0.39,365,30.0,-72.35,False
0.39,370,30.0,-74.30000000000001,False
0.39,375,30.0,-76.25,False
0.39,380,30.0,-78.20000000000002,False
0.39,385,30.0,-80.15,False
0.39,390,30.0,-82.1,False
0.39,395,30.0,-84.05000000000001,False
0.39,400,30.0,-86.0,False
0.39,405,30.0,-87.95000000000002,False
0.39,410,30.0,-89.9,False
0.39,415,30.0,-91.85,False
0.39,420,30.0,-93.80000000000001,False
0.39,425,30.0,-95.75,False
0.39,430,30.0,-97.70000000000002,False
0.39,435,30.0,-99.65,False
0.39,440,30.0,-101.6,False
0.39,445,30.0,-103.55000000000001,False
0.39,450,30.0,-105.5,False
0.39,455,30.0,-107.45000000000002,False
0.39,460,30.0,-109.4,False
0.39,465,30.0,-111.35,False
0.39,470,30.0,-113.30000000000001,False
0.39,475,30.0,-115.25,False
0.39,480,30.0,-117.20000000000002,False
0.39,485,30.0,-119.15,False
0.39,490,30.0,-121.1,False
0.39,495,30.0,-123.05000000000001,False
0.39,500,30.0,-125.0,False
0.4,0,30.0,70.0,True
0.4,5,30.0,68.0,True
0.4,10,30.0,66.0,True
0.4,15,30.0,64.0,True
0.4,20,30.0,62.0,True
0.4,25,30.0,60.0,True
0.4,30,30.0,58.0,True
0.4,35,30.0,56.0,True
0.4,40,30.0,54.0,True
0.4,45,30.0,52.0,True
0.4,50,30.0,50.0,True
0.4,55,30.0,48.0,True
0.4,60,30.0,46.0,True
0.4,65,30.0,44.0,True
0.4,70,30.0,42.0,True
0.4,75,30.0,40.0,True
0.4,80,30.0,38.0,True
0.4,85,30.0,36.0,True
0.4,90,30.0,34.0,True
0.4,95,30.0,32.0,True
0.4,100,30.0,30.0,False
0.4,105,30.0,28.0,False
0.4,110,30.0,26.0,False
0.4,115,30.0,24.0,False
0.4,120,30.0,22.0,False
0.4,125,30.0,20.0,False
0.4,130,30.0,18.0,False
0.4,135,30.0,16.0,False
0.4,140,30.0,14.0,False
0.4,145,30.0,12.0,False
0.4,150,30.0,10.0,False
0.4,155,30.0,8.0,False
0.4,160,30.0,6.0,False
0.4,165,30.0,4.0,False
0.4,170,30.0,2.0,False
0.4,175,30.0,0.0,False
0.4,180,30.0,-2.0,False
0.4,185,30.0,-4.0,False
0.4,190,30.0,-6.0,False
0.4,195,30.0,-8.0,False
0.4,200,30.0,-10.0,False
0.4,205,30.0,-12.0,False
0.4,210,30.0,-14.0,False
0.4,215,30.0,-16.0,False
0.4,220,30.0,-18.0,False
0.4,225,30.0,-20.0,False
0.4,230,30.0,-22.0,False
0.4,235,30.0,-24.0,False
0.4,240,30.0,-26.0,False
0.4,245,30.0,-28.0,False
0.4,250,30.0,-30.0,False
0.4,255,30.0,-32.0,False
0.4,260,30.0,-34.0,False
0.4,265,30.0,-36.0,False
0.4,270,30.0,-38.0,False
0.4,275,30.0,-40.0,False
0.4,280,30.0,-42.0,False
0.4,285,30.0,-44.0,False
0.4,290,30.0,-46.0,False
0.4,295,30.0,-48.0,False
0.4,300,30.0,-50.0,False
0.4,305,30.0,-52.0,False
0.4,310,30.0,-54.0,False
0.4,315,30.0,-56.0,False
0.4,320,30.0,-58.0,False
0.4,325,30.0,-60.0,False
0.4,330,30.0,-62.0,False
0.4,335,30.0,-64.0,False
0.4,340,30.0,-66.0,False
0.4,345,30.0,-68.0,False
0.4,350,30.0,-70.0,False
0.4,355,30.0,-72.0,False
0.4,360,30.0,-74.0,False
0.4,365,30.0,-76.0,False
0.4,370,30.0,-78.0,False
0.4,375,30.0,-80.0,False
0.4,380,30.0,-82.0,False
0.4,385,30.0,-84.0,False
0.4,390,30.0,-86.0,False
0.4,395,30.0,-88.0,False
0.4,400,30.0,-90.0,False
0.4,405,30.0,-92.0,False
0.4,410,30.0,-94.0,False
0.4,415,30.0,-96.0,False
0.4,420,30.0,-98.0,False
0.4,425,30.0,-100.0,False
0.4,430,30.0,-102.0,False
0.4,435,30.0,-104.0,False
0.4,440,30.0,-106.0,False
0.4,445,30.0,-108.0,False
0.4,450,30.0,-110.0,False
0.4,455,30.0,-112.0,False
0.4,460,30.0,-114.0,False
0.4,465,30.0,-116.0,False
0.4,470,30.0,-118.0,False
0.4,475,30.0,-120.0,False
0.4,480,30.0,-122.0,False
0.4,485,30.0,-124.0,False
0.4,490,30.0,-126.0,False
0.4,495,30.0,-128.0,False
0.4,500,30.0,-130.0,False
0.41000000000000003,0,30.0,70.0,True
0.41000000000000003,5,30.0,67.95,True
0.41000000000000003,10,30.0,65.9,True
0.41000000000000003,15,30.0,63.85,True
0.41000000000000003,20,30.0,61.8,True
0.41000000000000003,25,30.0,59.75,True
0.41000000000000003,30,30.0,57.7,True
0.41000000000000003,35,30.0,55.65,True
0.41000000000000003,40,30.0,53.599999999999994,True
0.41000000000000003,45,30.0,51.55,True
0.41000000000000003,50,30.0,49.5,True
0.41000000000000003,55,30.0,47.45,True
0.41000000000000003,60,30.0,45.4,True
0.41000000000000003,65,30.0,43.349999999999994,True
0.41000000000000003,70,30.0,41.3,True
0.41000000000000003,75,30.0,39.25,True
0.41000000000000003,80,30.0,37.199999999999996,True
0.41000000000000003,85,30.0,35.15,True
0.41000000000000003,90,30.0,33.099999999999994,True
0.41000000000000003,95,30.0,31.049999999999997,True
0.41000000000000003,100,30.0,29.0,False
0.41000000000000003,105,30.0,26.949999999999996,False
0.41000000000000003,110,30.0,24.9,False
0.41000000000000003,115,30.0,22.849999999999994,False
0.41000000000000003,120,30.0,20.799999999999997,False
0.41000000000000003,125,30.0,18.749999999999993,False
0.41000000000000003,130,30.0,16.699999999999996,False
0.41000000000000003,135,30.0,14.649999999999999,False
0.41000000000000003,140,30.0,12.599999999999994,False
0.41000000000000003,145,30.0,10.549999999999997,False
0.41000000000000003,150,30.0,8.499999999999993,False
0.41000000000000003,155,30.0,6.449999999999996,False
0.41000000000000003,160,30.0,4.3999999999999915,False
0.41000000000000003,165,30.0,2.3499999999999943,False
0.41000000000000003,170,30.0,0.29999999999999716,False
0.41000000000000003,175,30.0,-1.75,False
0.41000000000000003,180,30.0,-3.8000000000000114,False
0.41000000000000003,185,30.0,-5.8500000000000085,False
0.41000000000000003,190,30.0,-7.900000000000006,False
0.41000000000000003,195,30.0,-9.950000000000003,False
0.41000000000000003,200,30.0,-12.0,False
0.41000000000000003,205,30.0,-14.050000000000011,False
0.41000000000000003,210,30.0,-16.10000000000001,False
0.41000000000000003,215,30.0,-18.150000000000006,False
0.41000000000000003,220,30.0,-20.200000000000003,False
0.41000000000000003,225,30.0,-22.25,False
0.41000000000000003,230,30.0,-24.30000000000001,False
0.41000000000000003,235,30.0,-26.35000000000001,False
0.41000000000000003,240,30.0,-28.400000000000006,False
0.41000000000000003,245,30.0,-30.450000000000003,False
0.41000000000000003,250,30.0,-32.500000000000014,False
0.41000000000000003,255,30.0,-34.55000000000001,False
0.41000000000000003,260,30.0,-36.60000000000001,False
0.41000000000000003,265,30.0,-38.650000000000006,False
0.41000000000000003,270,30.0,-40.7,False
0.41000000000000003,275,30.0,-42.750000000000014,False
0.41000000000000003,280,30.0,-44.80000000000001,False
0.41000000000000003,285,30.0,-46.85000000000001,False
0.41000000000000003,290,30.0,-48.900000000000006,False
0.41000000000000003,295,30.0,-50.95,False
0.41000000000000003,300,30.0,-53.000000000000014,False
0.41000000000000003,305,30.0,-55.05000000000001,False
0.41000000000000003,310,30.0,-57.10000000000001,False
0.41000000000000003,315,30.0,-59.150000000000006,False
0.41000000000000003,320,30.0,-61.20000000000002,False
0.41000000000000003,325,30.0,-63.25,False
0.41000000000000003,330,30.0,-65.30000000000001,False
0.41000000000000003,335,30.0,-67.35000000000002,False
0.41000000000000003,340,30.0,-69.4,False
0.41000000000000003,345,30.0,-71.45000000000002,False
0.41000000000000003,350,30.0,-73.5,False
0.41000000000000003,355,30.0,-75.55000000000001,False
0.41000000000000003,360,30.0,-77.60000000000002,False
0.41000000000000003,365,30.0,-79.65,False
0.41000000000000003,370,30.0,-81.70000000000002,False
0.41000000000000003,375,30.0,-83.75,False
0.41000000000000003,380,30.0,-85.80000000000001,False
0.41000000000000003,385,30.0,-87.85000000000002,False
0.41000000000000003,390,30.0,-89.9,False
0.41000000000000003,395,30.0,-91.95000000000002,False
0.41000000000000003,400,30.0,-94.0,False
0.41000000000000003,405,30.0,-96.05000000000001,False
0.41000000000000003,410,30.0,-98.10000000000002,False
0.41000000000000003,415,30.0,-100.15,False
0.41000000000000003,420,30.0,-102.20000000000002,False
0.41000000000000003,425,30.0,-104.25,False
0.41000000000000003,430,30.0,-106.30000000000001,False
0.41000000000000003,435,30.0,-108.35000000000002,False
0.41000000000000003,440,30.0,-110.4,False
0.41000000000000003,445,30.0,-112.45000000000002,False
0.41000000000000003,450,30.0,-114.5,False
0.41000000000000003,455,30.0,-116.55000000000001,False
0.41000000000000003,460,30.0,-118.60000000000002,False
0.41000000000000003,465,30.0,-120.65,False
0.41000000000000003,470,30.0,-122.70000000000002,False
0.41000000000000003,475,30.0,-124.75000000000003,False
0.41000000000000003,480,30.0,-126.80000000000001,False
0.41000000000000003,485,30.0,-128.85000000000002,False
0.41000000000000003,490,30.0,-130.9,False
0.41000000000000003,495,30.0,-132.95000000000002,False
0.41000000000000003,500,30.0,-135.00000000000003,False
0.42,0,30.0,70.0,True
0.42,5,30.0,67.9,True
0.42,10,30.0,65.8,True
0.42,15,30.0,63.7,True
0.42,20,30.0,61.6,True
0.42,25,30.0,59.5,True
0.42,30,30.0,57.4,True
0.42,35,30.0,55.3,True
0.42,40,30.0,53.2,True
0.42,45,30.0,51.1,True
0.42,50,30.0,49.0,True
0.42,55,30.0,46.900000000000006,True
0.42,60,30.0,44.8,True
0.42,65,30.0,42.7,True
0.42,70,30.0,40.6,True
0.42,75,30.0,38.5,True
0.42,80,30.0,36.4,True
0.42,85,30.0,34.300000000000004,True
0.42,90,30.0,32.2,True
0.42,95,30.0,30.1,True
0.42,100,30.0,28.0,False
0.42,105,30.0,25.9,False
0.42,110,30.0,23.800000000000004,False
0.42,115,30.0,21.700000000000003,False
0.42,120,30.0,19.6,False
0.42,125,30.0,17.5,False
0.42,130,30.0,15.399999999999999,False
0.42,135,30.0,13.300000000000004,False
0.42,140,30.0,11.200000000000003,False
0.42,145,30.0,9.100000000000001,False
0.42,150,30.0,7.0,False
0.42,155,30.0,4.900000000000006,False
0.42,160,30.0,2.799999999999997,False
0.42,165,30.0,0.7000000000000028,False
0.42,170,30.0,-1.3999999999999915,False
0.42,175,30.0,-3.5,False
0.42,180,30.0,-5.599999999999994,False
0.42,185,30.0,-7.700000000000003,False
0.42,190,30.0,-9.799999999999997,False
0.42,195,30.0,-11.899999999999991,False
0.42,200,30.0,-14.0,False
0.42,205,30.0,-16.099999999999994,False
0.42,210,30.0,-18.200000000000003,False
0.42,215,30.0,-20.299999999999997,False
0.42,220,30.0,-22.39999999999999,False
0.42,225,30.0,-24.5,False
0.42,230,30.0,-26.599999999999994,False
0.42,235,30.0,-28.700000000000003,False
0.42,240,30.0,-30.799999999999997,False
0.42,245,30.0,-32.89999999999999,False
0.42,250,30.0,-35.0,False
0.42,255,30.0,-37.099999999999994,False
0.42,260,30.0,-39.2,False
0.42,265,30.0,-41.3,False
0.42,270,30.0,-43.39999999999999,False
0.42,275,30.0,-45.5,False
0.42,280,30.0,-47.599999999999994,False
0.42,285,30.0,-49.69999999999999,False
0.42,290,30.0,-51.8,False
0.42,295,30.0,-53.89999999999999,False
0.42,300,30.0,-56.0,False
0.42,305,30.0,-58.099999999999994,False
0.42,310,30.0,-60.19999999999999,False
0.42,315,30.0,-62.29999999999998,False
0.42,320,30.0,-64.4,False
0.42,325,30.0,-66.5,False
0.42,330,30.0,-68.6,False
0.42,335,30.0,-70.69999999999999,False
0.42,340,30.0,-72.79999999999998,False
0.42,345,30.0,-74.9,False
0.42,350,30.0,-77.0,False
0.42,355,30.0,-79.1,False
0.42,360,30.0,-81.19999999999999,False
0.42,365,30.0,-83.29999999999998,False
0.42,370,30.0,-85.4,False
0.42,375,30.0,-87.5,False
0.42,380,30.0,-89.6,False
0.42,385,30.0,-91.69999999999999,False
0.42,390,30.0,-93.79999999999998,False
0.42,395,30.0,-95.9,False
0.42,400,30.0,-98.0,False
0.42,405,30.0,-100.1,False
0.42,410,30.0,-102.19999999999999,False
0.42,415,30.0,-104.29999999999998,False
0.42,420,30.0,-106.4,False
0.42,425,30.0,-108.5,False
0.42,430,30.0,-110.6,False
0.42,435,30.0,-112.69999999999999,False
0.42,440,30.0,-114.79999999999998,False
0.42,445,30.0,-116.9,False
0.42,450,30.0,-119.0,False
0.42,455,30.0,-121.1,False
0.42,460,30.0,-123.19999999999999,False
0.42,465,30.0,-125.29999999999998,False
0.42,470,30.0,-127.4,False
0.42,475,30.0,-129.5,False
0.42,480,30.0,-131.6,False
0.42,485,30.0,-133.7,False
0.42,490,30.0,-135.79999999999998,False
0.42,495,30.0,-137.9,False
0.42,500,30.0,-140.0,False
0.43,0,30.0,70.0,True
0.43,5,30.0,67.85,True
0.43,10,30.0,65.7,True
0.43,15,30.0,63.55,True
0.43,20,30.0,61.4,True
0.43,25,30.0,59.25,True
0.43,30,30.0,57.1,True
0.43,35,30.0,54.95,True
0.43,40,30.0,52.8,True
0.43,45,30.0,50.65,True
0.43,50,30.0,48.5,True
0.43,55,30.0,46.35,True
0.43,60,30.0,44.2,True
0.43,65,30.0,42.05,True
0.43,70,30.0,39.900000000000006,True
0.43,75,30.0,37.75,True
0.43,80,30.0,35.6,True
0.43,85,30.0,33.45,True
0.43,90,30.0,31.299999999999997,True
0.43,95,30.0,29.15,False
0.43,100,30.0,27.0,False
0.43,105,30.0,24.85,False
0.43,110,30.0,22.700000000000003,False
0.43,115,30.0,20.550000000000004,False
0.43,120,30.0,18.4,False
0.43,125,30.0,16.25,False
0.43,130,30.0,14.100000000000001,False
0.43,135,30.0,11.950000000000003,False
0.43,140,30.0,9.800000000000004,False
0.43,145,30.0,7.649999999999999,False
0.43,150,30.0,5.5,False
0.43,155,30.0,3.3499999999999943,False
0.43,160,30.0,1.2000000000000028,False
0.43,165,30.0,-0.9500000000000028,False
0.43,170,30.0,-3.0999999999999943,False
0.43,175,30.0,-5.25,False
0.43,180,30.0,-7.400000000000006,False
0.43,185,30.0,-9.549999999999997,False
0.43,190,30.0,-11.700000000000003,False
0.43,195,30.0,-13.849999999999994,False
0.43,200,30.0,-16.0,False
0.43,205,30.0,-18.150000000000006,False
0.43,210,30.0,-20.299999999999997,False
0.43,215,30.0,-22.450000000000003,False
0.43,220,30.0,-24.599999999999994,False
0.43,225,30.0,-26.75,False
0.43,230,30.0,-28.89999999999999,False
0.43,235,30.0,-31.049999999999997,False
0.43,240,30.0,-33.2,False
0.43,245,30.0,-35.349999999999994,False
0.43,250,30.0,-37.5,False
0.43,255,30.0,-39.64999999999999,False
0.43,260,30.0,-41.8,False
0.43,265,30.0,-43.95,False
0.43,270,30.0,-46.099999999999994,False
0.43,275,30.0,-48.25,False
0.43,280,30.0,-50.39999999999999,False
0.43,285,30.0,-52.55,False
0.43,290,30.0,-54.7,False
0.43,295,30.0,-56.849999999999994,False
0.43,300,30.0,-59.0,False
0.43,305,30.0,-61.150000000000006,False
0.43,310,30.0,-63.30000000000001,False
0.43,315,30.0,-65.44999999999999,False
0.43,320,30.0,-67.6,False
0.43,325,30.0,-69.75,False
0.43,330,30.0,-71.9,False
0.43,335,30.0,-74.05000000000001,False
0.43,340,30.0,-76.19999999999999,False
0.43,345,30.0,-78.35,False
0.43,350,30.0,-80.5,False
0.43,355,30.0,-82.65,False
0.43,360,30.0,-84.80000000000001,False
0.43,365,30.0,-86.94999999999999,False
0.43,370,30.0,-89.1,False
0.43,375,30.0,-91.25,False
0.43,380,30.0,-93.4,False
0.43,385,30.0,-95.55000000000001,False
0.43,390,30.0,-97.69999999999999,False
0.43,395,30.0,-99.85,False
0.43,400,30.0,-102.0,False
0.43,405,30.0,-104.15,False
0.43,410,30.0,-106.30000000000001,False
0.43,415,30.0,-108.44999999999999,False
0.43,420,30.0,-110.6,False
0.43,425,30.0,-112.75,False
0.43,430,30.0,-114.9,False
0.43,435,30.0,-117.04999999999998,False
0.43,440,30.0,-119.19999999999999,False
0.43,445,30.0,-121.35,False
0.43,450,30.0,-123.5,False
0.43,455,30.0,-125.65,False
0.43,460,30.0,-127.79999999999998,False
0.43,465,30.0,-129.95,False
0.43,470,30.0,-132.1,False
0.43,475,30.0,-134.25,False
0.43,480,30.0,-136.4,False
0.43,485,30.0,-138.54999999999998,False
0.43,490,30.0,-140.7,False
0.43,495,30.0,-142.85,False
0.43,500,30.0,-145.0,False
0.44,0,30.0,70.0,True
0.44,5,30.0,67.8,True
0.44,10,30.0,65.6,True
0.44,15,30.0,63.4,True
0.44,20,30.0,61.2,True
0.44,25,30.0,59.0,True
0.44,30,30.0,56.8,True
0.44,35,30.0,54.6,True
0.44,40,30.0,52.4,True
0.44,45,30.0,50.2,True
0.44,50,30.0,48.0,True
0.44,55,30.0,45.8,True
0.44,60,30.0,43.6,True
0.44,65,30.0,41.4,True
0.44,70,30.0,39.2,True
0.44,75,30.0,37.0,True
0.44,80,30.0,34.8,True
0.44,85,30.0,32.6,True
0.44,90,30.0,30.4,True
0.44,95,30.0,28.200000000000003,False
0.44,100,30.0,26.0,False
0.44,105,30.0,23.799999999999997,False
0.44,110,30.0,21.6,False
0.44,115,30.0,19.4,False
0.44,120,30.0,17.200000000000003,False
0.44,125,30.0,15.0,False
0.44,130,30.0,12.799999999999997,False
0.44,135,30.0,10.600000000000001,False
0.44,140,30.0,8.399999999999999,False
0.44,145,30.0,6.200000000000003,False
0.44,150,30.0,4.0,False
0.44,155,30.0,1.7999999999999972,False
0.44,160,30.0,-0.4000000000000057,False
0.44,165,30.0,-2.5999999999999943,False
0.44,170,30.0,-4.799999999999997,False
0.44,175,30.0,-7.0,False
0.44,180,30.0,-9.200000000000003,False
0.44,185,30.0,-11.400000000000006,False
0.44,190,30.0,-13.599999999999994,False
0.44,195,30.0,-15.799999999999997,False
0.44,200,30.0,-18.0,False
0.44,205,30.0,-20.200000000000003,False
0.44,210,30.0,-22.400000000000006,False
0.44,215,30.0,-24.599999999999994,False
0.44,220,30.0,-26.799999999999997,False
0.44,225,30.0,-29.0,False
0.44,230,30.0,-31.200000000000003,False
0.44,235,30.0,-33.400000000000006,False
0.44,240,30.0,-35.599999999999994,False
0.44,245,30.0,-37.8,False
0.44,250,30.0,-40.0,False
0.44,255,30.0,-42.2,False
0.44,260,30.0,-44.400000000000006,False
0.44,265,30.0,-46.599999999999994,False
0.44,270,30.0,-48.8,False
0.44,275,30.0,-51.0,False
0.44,280,30.0,-53.2,False
0.44,285,30.0,-55.400000000000006,False
0.44,290,30.0,-57.599999999999994,False
0.44,295,30.0,-59.80000000000001,False
0.44,300,30.0,-62.0,False
0.44,305,30.0,-64.19999999999999,False
0.44,310,30.0,-66.4,False
0.44,315,30.0,-68.6,False
0.44,320,30.0,-70.80000000000001,False
0.44,325,30.0,-73.0,False
0.44,330,30.0,-75.19999999999999,False
0.44,335,30.0,-77.4,False
0.44,340,30.0,-79.6,False
0.44,345,30.0,-81.80000000000001,False
0.44,350,30.0,-84.0,False
0.44,355,30.0,-86.19999999999999,False
0.44,360,30.0,-88.4,False
0.44,365,30.0,-90.6,False
0.44,370,30.0,-92.80000000000001,False
0.44,375,30.0,-95.0,False
0.44,380,30.0,-97.19999999999999,False
0.44,385,30.0,-99.4,False
0.44,390,30.0,-101.6,False
0.44,395,30.0,-103.80000000000001,False
0.44,400,30.0,-106.0,False
0.44,405,30.0,-108.19999999999999,False
0.44,410,30.0,-110.4,False
0.44,415,30.0,-112.6,False
0.44,420,30.0,-114.80000000000001,False
0.44,425,30.0,-117.0,False
0.44,430,30.0,-119.19999999999999,False
0.44,435,30.0,-121.4,False
0.44,440,30.0,-123.6,False
0.44,445,30.0,-125.80000000000001,False
0.44,450,30.0,-128.0,False
0.44,455,30.0,-130.2,False
0.44,460,30.0,-132.4,False
0.44,465,30.0,-134.6,False
0.44,470,30.0,-136.8,False
0.44,475,30.0,-139.0,False
0.44,480,30.0,-141.2,False
0.44,485,30.0,-143.4,False
0.44,490,30.0,-145.6,False
0.44,495,30.0,-147.8,False
0.44,500,30.0,-150.0,False
0.45,0,30.0,70.0,True
0.45,5,30.0,67.75,True
0.45,10,30.0,65.5,True
0.45,15,30.0,63.25,True
0.45,20,30.0,61.0,True
0.45,25,30.0,58.75,True
0.45,30,30.0,56.5,True
0.45,35,30.0,54.25,True
0.45,40,30.0,52.0,True
0.45,45,30.0,49.75,True
0.45,50,30.0,47.5,True
0.45,55,30.0,45.25,True
0.45,60,30.0,43.0,True
0.45,65,30.0,40.75,True
0.45,70,30.0,38.5,True
0.45,75,30.0,36.25,True
0.45,80,30.0,34.0,True
0.45,85,30.0,31.75,True
0.45,90,30.0,29.5,False
0.45,95,30.0,27.25,False
0.45,100,30.0,25.0,False
0.45,105,30.0,22.75,False
0.45,110,30.0,20.5,False
0.45,115,30.0,18.25,False
0.45,120,30.0,16.0,False
0.45,125,30.0,13.75,False
0.45,130,30.0,11.5,False
0.45,135,30.0,9.25,False
0.45,140,30.0,7.0,False
0.45,145,30.0,4.75,False
0.45,150,30.0,2.5,False
0.45,155,30.0,0.25,False
0.45,160,30.0,-2.0,False
0.45,165,30.0,-4.25,False
0.45,170,30.0,-6.5,False
0.45,175,30.0,-8.75,False
0.45,180,30.0,-11.0,False
0.45,185,30.0,-13.25,False
0.45,190,30.0,-15.5,False
0.45,195,30.0,-17.75,False
0.45,200,30.0,-20.0,False
0.45,205,30.0,-22.25,False
0.45,210,30.0,-24.5,False
0.45,215,30.0,-26.75,False
0.45,220,30.0,-29.0,False
0.45,225,30.0,-31.25,False
0.45,230,30.0,-33.5,False
0.45,235,30.0,-35.75,False
0.45,240,30.0,-38.0,False
0.45,245,30.0,-40.25,False
0.45,250,30.0,-42.5,False
0.45,255,30.0,-44.75,False
0.45,260,30.0,-47.0,False
0.45,265,30.0,-49.25,False
0.45,270,30.0,-51.5,False
0.45,275,30.0,-53.75,False
0.45,280,30.0,-56.0,False
0.45,285,30.0,-58.25,False
0.45,290,30.0,-60.5,False
0.45,295,30.0,-62.75,False
0.45,300,30.0,-65.0,False
0.45,305,30.0,-67.25,False
0.45,310,30.0,-69.5,False
0.45,315,30.0,-71.75,False
0.45,320,30.0,-74.0,False
0.45,325,30.0,-76.25,False
0.45,330,30.0,-78.5,False
0.45,335,30.0,-80.75,False
0.45,340,30.0,-83.0,False
0.45,345,30.0,-85.25,False
0.45,350,30.0,-87.5,False
0.45,355,30.0,-89.75,False
0.45,360,30.0,-92.0,False
0.45,365,30.0,-94.25,False
0.45,370,30.0,-96.5,False
0.45,375,30.0,-98.75,False
0.45,380,30.0,-101.0,False
0.45,385,30.0,-103.25,False
0.45,390,30.0,-105.5,False
0.45,395,30.0,-107.75,False
0.45,400,30.0,-110.0,False
0.45,405,30.0,-112.25,False
0.45,410,30.0,-114.5,False
0.45,415,30.0,-116.75,False
0.45,420,30.0,-119.0,False
0.45,425,30.0,-121.25,False
0.45,430,30.0,-123.5,False
0.45,435,30.0,-125.75,False
0.45,440,30.0,-128.0,False
0.45,445,30.0,-130.25,False
0.45,450,30.0,-132.5,False
0.45,455,30.0,-134.75,False
0.45,460,30.0,-137.0,False
0.45,465,30.0,-139.25,False
0.45,470,30.0,-141.5,False
0.45,475,30.0,-143.75,False
0.45,480,30.0,-146.0,False
0.45,485,30.0,-148.25,False
0.45,490,30.0,-150.5,False
0.45,495,30.0,-152.75,False
0.45,500,30.0,-155.0,False
0.46,0,30.0,70.0,True
0.46,5,30.0,67.7,True
0.46,10,30.0,65.4,True
0.46,15,30.0,63.1,True
0.46,20,30.0,60.8,True
0.46,25,30.0,58.5,True
0.46,30,30.0,56.2,True
0.46,35,30.0,53.9,True
0.46,40,30.0,51.599999999999994,True
0.46,45,30.0,49.3,True
0.46,50,30.0,47.0,True
0.46,55,30.0,44.7,True
0.46,60,30.0,42.4,True
0.46,65,30.0,40.099999999999994,True
0.46,70,30.0,37.8,True
0.46,75,30.0,35.5,True
0.46,80,30.0,33.199999999999996,True
0.46,85,30.0,30.9,True
0.46,90,30.0,28.6,False
0.46,95,30.0,26.299999999999997,False
0.46,100,30.0,24.0,False
0.46,105,30.0,21.699999999999996,False
0.46,110,30.0,19.4,False
0.46,115,30.0,17.099999999999994,False
0.46,120,30.0,14.799999999999997,False
0.46,125,30.0,12.5,False
0.46,130,30.0,10.199999999999996,False
0.46,135,30.0,7.899999999999999,False
0.46,140,30.0,5.599999999999994,False
0.46,145,30.0,3.299999999999997,False
0.46,150,30.0,1.0,False
0.46,155,30.0,-1.2999999999999972,False
0.46,160,30.0,-3.6000000000000085,False
0.46,165,30.0,-5.900000000000006,False
0.46,170,30.0,-8.200000000000003,False
0.46,175,30.0,-10.5,False
0.46,180,30.0,-12.799999999999997,False
0.46,185,30.0,-15.100000000000009,False
0.46,190,30.0,-17.400000000000006,False
0.46,195,30.0,-19.700000000000003,False
0.46,200,30.0,-22.0,False
0.46,205,30.0,-24.299999999999997,False
0.46,210,30.0,-26.60000000000001,False
0.46,215,30.0,-28.900000000000006,False
0.46,220,30.0,-31.200000000000003,False
0.46,225,30.0,-33.5,False
0.46,230,30.0,-35.80000000000001,False
0.46,235,30.0,-38.10000000000001,False
0.46,240,30.0,-40.400000000000006,False
0.46,245,30.0,-42.7,False
0.46,250,30.0,-45.0,False
0.46,255,30.0,-47.30000000000001,False
0.46,260,30.0,-49.60000000000001,False
0.46,265,30.0,-51.900000000000006,False
0.46,270,30.0,-54.2,False
0.46,275,30.0,-56.5,False
0.46,280,30.0,-58.80000000000001,False
0.46,285,30.0,-61.099999999999994,False
0.46,290,30.0,-63.400000000000006,False
0.46,295,30.0,-65.70000000000002,False
0.46,300,30.0,-68.0,False
0.46,305,30.0,-70.30000000000001,False
0.46,310,30.0,-72.6,False
0.46,315,30.0,-74.9,False
0.46,320,30.0,-77.20000000000002,False
0.46,325,30.0,-79.5,False
0.46,330,30.0,-81.80000000000001,False
0.46,335,30.0,-84.1,False
0.46,340,30.0,-86.4,False
0.46,345,30.0,-88.70000000000002,False
0.46,350,30.0,-91.0,False
0.46,355,30.0,-93.30000000000001,False
0.46,360,30.0,-95.6,False
0.46,365,30.0,-97.9,False
0.46,370,30.0,-100.20000000000002,False
0.46,375,30.0,-102.5,False
0.46,380,30.0,-104.80000000000001,False
0.46,385,30.0,-107.1,False
0.46,390,30.0,-109.4,False
0.46,395,30.0,-111.70000000000002,False
0.46,400,30.0,-114.0,False
0.46,405,30.0,-116.30000000000001,False
0.46,410,30.0,-118.6,False
0.46,415,30.0,-120.9,False
0.46,420,30.0,-123.20000000000002,False
0.46,425,30.0,-125.5,False
0.46,430,30.0,-127.80000000000001,False
0.46,435,30.0,-130.10000000000002,False
0.46,440,30.0,-132.4,False
0.46,445,30.0,-134.70000000000002,False
0.46,450,30.0,-137.0,False
0.46,455,30.0,-139.3,False
0.46,460,30.0,-141.60000000000002,False
0.46,465,30.0,-143.9,False
0.46,470,30.0,-146.20000000000002,False
0.46,475,30.0,-148.5,False
0.46,480,30.0,-150.8,False
0.46,485,30.0,-153.10000000000002,False
0.46,490,30.0,-155.4,False
0.46,495,30.0,-157.70000000000002,False
0.46,500,30.0,-160.0,False
0.47000000000000003,0,30.0,70.0,True
0.47000000000000003,5,30.0,67.65,True
0.47000000000000003,10,30.0,65.3,True
0.47000000000000003,15,30.0,62.95,True
0.47000000000000003,20,30.0,60.6,True
0.47000000000000003,25,30.0,58.25,True
0.47000000000000003,30,30.0,55.9,True
0.47000000000000003,35,30.0,53.55,True
0.47000000000000003,40,30.0,51.2,True
0.47000000000000003,45,30.0,48.849999999999994,True
0.47000000000000003,50,30.0,46.5,True
0.47000000000000003,55,30.0,44.15,True
0.47000000000000003,60,30.0,41.8,True
0.47000000000000003,65,30.0,39.45,True
0.47000000000000003,70,30.0,37.1,True
0.47000000000000003,75,30.0,34.75,True
0.47000000000000003,80,30.0,32.4,True
0.47000000000000003,85,30.0,30.049999999999997,True
0.47000000000000003,90,30.0,27.699999999999996,False
0.47000000000000003,95,30.0,25.349999999999994,False
0.47000000000000003,100,30.0,23.0,False
0.47000000000000003,105,30.0,20.65,False
0.47000000000000003,110,30.0,18.299999999999997,False
0.47000000000000003,115,30.0,15.949999999999996,False
0.47000000000000003,120,30.0,13.599999999999994,False
0.47000000000000003,125,30.0,11.249999999999993,False
0.47000000000000003,130,30.0,8.899999999999999,False
0.47000000000000003,135,30.0,6.549999999999997,False
0.47000000000000003,140,30.0,4.200000000000003,False
0.47000000000000003,145,30.0,1.8499999999999943,False
0.47000000000000003,150,30.0,-0.5,False
0.47000000000000003,155,30.0,-2.8500000000000085,False
0.47000000000000003,160,30.0,-5.200000000000003,False
0.47000000000000003,165,30.0,-7.550000000000011,False
0.47000000000000003,170,30.0,-9.900000000000006,False
0.47000000000000003,175,30.0,-12.25,False
0.47000000000000003,180,30.0,-14.600000000000009,False
0.47000000000000003,185,30.0,-16.950000000000003,False
0.47000000000000003,190,30.0,-19.30000000000001,False
0.47000000000000003,195,30.0,-21.650000000000006,False
0.47000000000000003,200,30.0,-24.0,False
0.47000000000000003,205,30.0,-26.35000000000001,False
0.47000000000000003,210,30.0,-28.700000000000003,False
0.47000000000000003,215,30.0,-31.05000000000001,False
0.47000000000000003,220,30.0,-33.400000000000006,False
0.47000000000000003,225,30.0,-35.75,False
0.47000000000000003,230,30.0,-38.10000000000001,False
0.47000000000000003,235,30.0,-40.45,False
0.47000000000000003,240,30.0,-42.80000000000001,False
0.47000000000000003,245,30.0,-45.150000000000006,False
0.47000000000000003,250,30.0,-47.500000000000014,False
0.47000000000000003,255,30.0,-49.85000000000001,False
0.47000000000000003,260,30.0,-52.2,False
0.47000000000000003,265,30.0,-54.55000000000001,False
0.47000000000000003,270,30.0,-56.900000000000006,False
0.47000000000000003,275,30.0,-59.25,False
0.47000000000000003,280,30.0,-61.599999999999994,False
0.47000000000000003,285,30.0,-63.95000000000002,False
0.47000000000000003,290,30.0,-66.30000000000001,False
0.47000000000000003,295,30.0,-68.65,False
0.47000000000000003,300,30.0,-71.0,False
0.47000000000000003,305,30.0,-73.35000000000002,False
0.47000000000000003,310,30.0,-75.70000000000002,False
0.47000000000000003,315,30.0,-78.05000000000001,False
0.47000000000000003,320,30.0,-80.4,False
0.47000000000000003,325,30.0,-82.75,False
0.47000000000000003,330,30.0,-85.10000000000002,False
0.47000000000000003,335,30.0,-87.45000000000002,False
0.47000000000000003,340,30.0,-89.80000000000001,False
0.47000000000000003,345,30.0,-92.15,False
0.47000000000000003,350,30.0,-94.5,False
0.47000000000000003,355,30.0,-96.85000000000002,False
0.47000000000000003,360,30.0,-99.20000000000002,False
0.47000000000000003,365,30.0,-101.55000000000001,False
0.47000000000000003,370,30.0,-103.9,False
0.47000000000000003,375,30.0,-106.25,False
0.47000000000000003,380,30.0,-108.60000000000002,False
0.47000000000000003,385,30.0,-110.95000000000002,False
0.47000000000000003,390,30.0,-113.30000000000001,False
0.47000000000000003,395,30.0,-115.65,False
0.47000000000000003,400,30.0,-118.0,False
0.47000000000000003,405,30.0,-120.35000000000002,False
0.47000000000000003,410,30.0,-122.70000000000002,False
0.47000000000000003,415,30.0,-125.05000000000001,False
0.47000000000000003,420,30.0,-127.4,False
0.47000000000000003,425,30.0,-129.75,False
0.47000000000000003,430,30.0,-132.10000000000002,False
0.47000000000000003,435,30.0,-134.45000000000002,False
0.47000000000000003,440,30.0,-136.8,False
0.47000000000000003,445,30.0,-139.15,False
0.47000000000000003,450,30.0,-141.5,False
0.47000000000000003,455,30.0,-143.85000000000002,False
0.47000000000000003,460,30.0,-146.20000000000002,False
0.47000000000000003,465,30.0,-148.55,False
0.47000000000000003,470,30.0,-150.9,False
0.47000000000000003,475,30.0,-153.25,False
0.47000000000000003,480,30.0,-155.60000000000002,False
0.47000000000000003,485,30.0,-157.95000000000002,False
0.47000000000000003,490,30.0,-160.3,False
0.47000000000000003,495,30.0,-162.65,False
0.47000000000000003,500,30.0,-165.00000000000003,False
0.48,0,30.0,70.0,True
0.48,5,30.0,67.6,True
0.48,10,30.0,65.2,True
0.48,15,30.0,62.8,True
0.48,20,30.0,60.4,True
0.48,25,30.0,58.0,True
0.48,30,30.0,55.6,True
0.48,35,30.0,53.2,True
0.48,40,30.0,50.8,True
0.48,45,30.0,48.400000000000006,True
0.48,50,30.0,46.0,True
0.48,55,30.0,43.6,True
0.48,60,30.0,41.2,True
0.48,65,30.0,38.8,True
0.48,70,30.0,36.4,True
0.48,75,30.0,34.0,True
0.48,80,30.0,31.6,True
0.48,85,30.0,29.200000000000003,False
0.48,90,30.0,26.800000000000004,False
0.48,95,30.0,24.4,False
0.48,100,30.0,22.0,False
0.48,105,30.0,19.6,False
0.48,110,30.0,17.200000000000003,False
0.48,115,30.0,14.800000000000004,False
0.48,120,30.0,12.400000000000006,False
0.48,125,30.0,10.0,False
0.48,130,30.0,7.600000000000001,False
0.48,135,30.0,5.200000000000003,False
0.48,140,30.0,2.799999999999997,False
0.48,145,30.0,0.4000000000000057,False
0.48,150,30.0,-2.0,False
0.48,155,30.0,-4.3999999999999915,False
0.48,160,30.0,-6.799999999999997,False
0.48,165,30.0,-9.200000000000003,False
0.48,170,30.0,-11.599999999999994,False
0.48,175,30.0,-14.0,False
0.48,180,30.0,-16.39999999999999,False
0.48,185,30.0,-18.799999999999997,False
0.48,190,30.0,-21.200000000000003,False
0.48,195,30.0,-23.599999999999994,False
0.48,200,30.0,-26.0,False
0.48,205,30.0,-28.39999999999999,False
0.48,210,30.0,-30.799999999999997,False
0.48,215,30.0,-33.2,False
0.48,220,30.0,-35.599999999999994,False
0.48,225,30.0,-38.0,False
0.48,230,30.0,-40.39999999999999,False
0.48,235,30.0,-42.8,False
0.48,240,30.0,-45.19999999999999,False
0.48,245,30.0,-47.599999999999994,False
0.48,250,30.0,-50.0,False
0.48,255,30.0,-52.39999999999999,False
0.48,260,30.0,-54.8,False
0.48,265,30.0,-57.19999999999999,False
0.48,270,30.0,-59.599999999999994,False
0.48,275,30.0,-62.0,False
0.48,280,30.0,-64.4,False
0.48,285,30.0,-66.79999999999998,False
0.48,290,30.0,-69.19999999999999,False
0.48,295,30.0,-71.6,False
0.48,300,30.0,-74.0,False
0.48,305,30.0,-76.4,False
0.48,310,30.0,-78.79999999999998,False
0.48,315,30.0,-81.19999999999999,False
0.48,320,30.0,-83.6,False
0.48,325,30.0,-86.0,False
0.48,330,30.0,-88.4,False
0.48,335,30.0,-90.79999999999998,False
0.48,340,30.0,-93.19999999999999,False
0.48,345,30.0,-95.6,False
0.48,350,30.0,-98.0,False
0.48,355,30.0,-100.4,False
0.48,360,30.0,-102.79999999999998,False
0.48,365,30.0,-105.19999999999999,False
0.48,370,30.0,-107.6,False
0.48,375,30.0,-110.0,False
0.48,380,30.0,-112.4,False
0.48,385,30.0,-114.79999999999998,False
0.48,390,30.0,-117.19999999999999,False
0.48,395,30.0,-119.6,False
0.48,400,30.0,-122.0,False
0.48,405,30.0,-124.4,False
0.48,410,30.0,-126.79999999999998,False
0.48,415,30.0,-129.2,False
0.48,420,30.0,-131.6,False
0.48,425,30.0,-134.0,False
0.48,430,30.0,-136.4,False
0.48,435,30.0,-138.79999999999998,False
0.48,440,30.0,-141.2,False
0.48,445,30.0,-143.6,False
0.48,450,30.0,-146.0,False
0.48,455,30.0,-148.4,False
0.48,460,30.0,-150.79999999999998,False
0.48,465,30.0,-153.2,False
0.48,470,30.0,-155.6,False
0.48,475,30.0,-158.0,False
0.48,480,30.0,-160.39999999999998,False
0.48,485,30.0,-162.79999999999998,False
0.48,490,30.0,-165.2,False
0.48,495,30.0,-167.6,False
0.48,500,30.0,-170.0,False
0.49,0,30.0,70.0,True
0.49,5,30.0,67.55,True
0.49,10,30.0,65.1,True
0.49,15,30.0,62.65,True
0.49,20,30.0,60.2,True
0.49,25,30.0,57.75,True
0.49,30,30.0,55.3,True
0.49,35,30.0,52.85,True
0.49,40,30.0,50.4,True
0.49,45,30.0,47.95,True
0.49,50,30.0,45.5,True
0.49,55,30.0,43.05,True
0.49,60,30.0,40.6,True
0.49,65,30.0,38.150000000000006,True
0.49,70,30.0,35.7,True
0.49,75,30.0,33.25,True
0.49,80,30.0,30.799999999999997,True
0.49,85,30.0,28.35,False
0.49,90,30.0,25.9,False
0.49,95,30.0,23.450000000000003,False
0.49,100,30.0,21.0,False
0.49,105,30.0,18.550000000000004,False
0.49,110,30.0,16.1,False
0.49,115,30.0,13.649999999999999,False
0.49,120,30.0,11.200000000000003,False
0.49,125,30.0,8.75,False
0.49,130,30.0,6.300000000000004,False
0.49,135,30.0,3.8499999999999943,False
0.49,140,30.0,1.4000000000000057,False
0.49,145,30.0,-1.0499999999999972,False
0.49,150,30.0,-3.5,False
0.49,155,30.0,-5.950000000000003,False
0.49,160,30.0,-8.400000000000006,False
0.49,165,30.0,-10.849999999999994,False
0.49,170,30.0,-13.299999999999997,False
0.49,175,30.0,-15.75,False
0.49,180,30.0,-18.200000000000003,False
0.49,185,30.0,-20.64999999999999,False
0.49,190,30.0,-23.099999999999994,False
0.49,195,30.0,-25.549999999999997,False
0.49,200,30.0,-28.0,False
0.49,205,30.0,-30.450000000000003,False
0.49,210,30.0,-32.89999999999999,False
0.49,215,30.0,-35.349999999999994,False
0.49,220,30.0,-37.8,False
0.49,225,30.0,-40.25,False
0.49,230,30.0,-42.7,False
0.49,235,30.0,-45.14999999999999,False
0.49,240,30.0,-47.599999999999994,False
0.49,245,30.0,-50.05,False
0.49,250,30.0,-52.5,False
0.49,255,30.0,-54.95,False
0.49,260,30.0,-57.39999999999999,False
0.49,265,30.0,-59.849999999999994,False
0.49,270,30.0,-62.30000000000001,False
0.49,275,30.0,-64.75,False
0.49,280,30.0,-67.19999999999999,False
0.49,285,30.0,-69.65,False
0.49,290,30.0,-72.1,False
0.49,295,30.0,-74.55000000000001,False
0.49,300,30.0,-77.0,False
0.49,305,30.0,-79.44999999999999,False
0.49,310,30.0,-81.9,False
0.49,315,30.0,-84.35,False
0.49,320,30.0,-86.80000000000001,False
0.49,325,30.0,-89.25,False
0.49,330,30.0,-91.69999999999999,False
0.49,335,30.0,-94.15,False
0.49,340,30.0,-96.6,False
0.49,345,30.0,-99.04999999999998,False
0.49,350,30.0,-101.5,False
0.49,355,30.0,-103.94999999999999,False
0.49,360,30.0,-106.4,False
0.49,365,30.0,-108.85,False
0.49,370,30.0,-111.29999999999998,False
0.49,375,30.0,-113.75,False
0.49,380,30.0,-116.19999999999999,False
0.49,385,30.0,-118.65,False
0.49,390,30.0,-121.1,False
0.49,395,30.0,-123.54999999999998,False
0.49,400,30.0,-126.0,False
0.49,405,30.0,-128.45,False
0.49,410,30.0,-130.9,False
0.49,415,30.0,-133.35,False
0.49,420,30.0,-135.79999999999998,False
0.49,425,30.0,-138.25,False
0.49,430,30.0,-140.7,False
0.49,435,30.0,-143.15,False
0.49,440,30.0,-145.6,False
0.49,445,30.0,-148.04999999999998,False
0.49,450,30.0,-150.5,False
0.49,455,30.0,-152.95,False
0.49,460,30.0,-155.4,False
0.49,465,30.0,-157.85,False
0.49,470,30.0,-160.29999999999998,False
0.49,475,30.0,-162.75,False
0.49,480,30.0,-165.2,False
0.49,485,30.0,-167.65,False
0.49,490,30.0,-170.1,False
0.49,495,30.0,-172.54999999999998,False
0.49,500,30.0,-175.0,False
0.5,0,30.0,70.0,True
0.5,5,30.0,67.5,True
0.5,10,30.0,65.0,True
0.5,15,30.0,62.5,True
0.5,20,30.0,60.0,True
0.5,25,30.0,57.5,True
0.5,30,30.0,55.0,True
0.5,35,30.0,52.5,True
0.5,40,30.0,50.0,True
0.5,45,30.0,47.5,True
0.5,50,30.0,45.0,True
0.5,55,30.0,42.5,True
0.5,60,30.0,40.0,True
0.5,65,30.0,37.5,True
0.5,70,30.0,35.0,True
0.5,75,30.0,32.5,True
0.5,80,30.0,30.0,False
0.5,85,30.0,27.5,False
0.5,90,30.0,25.0,False
0.5,95,30.0,22.5,False
0.5,100,30.0,20.0,False
0.5,105,30.0,17.5,False
0.5,110,30.0,15.0,False
0.5,115,30.0,12.5,False
0.5,120,30.0,10.0,False
0.5,125,30.0,7.5,False
0.5,130,30.0,5.0,False
0.5,135,30.0,2.5,False
0.5,140,30.0,0.0,False
0.5,145,30.0,-2.5,False
0.5,150,30.0,-5.0,False
0.5,155,30.0,-7.5,False
0.5,160,30.0,-10.0,False
0.5,165,30.0,-12.5,False
0.5,170,30.0,-15.0,False
0.5,175,30.0,-17.5,False
0.5,180,30.0,-20.0,False
0.5,185,30.0,-22.5,False
0.5,190,30.0,-25.0,False
0.5,195,30.0,-27.5,False
0.5,200,30.0,-30.0,False
0.5,205,30.0,-32.5,False
0.5,210,30.0,-35.0,False
0.5,215,30.0,-37.5,False
0.5,220,30.0,-40.0,False
0.5,225,30.0,-42.5,False
0.5,230,30.0,-45.0,False
0.5,235,30.0,-47.5,False
0.5,240,30.0,-50.0,False
0.5,245,30.0,-52.5,False
0.5,250,30.0,-55.0,False
0.5,255,30.0,-57.5,False
0.5,260,30.0,-60.0,False
0.5,265,30.0,-62.5,False
0.5,270,30.0,-65.0,False
0.5,275,30.0,-67.5,False
0.5,280,30.0,-70.0,False
0.5,285,30.0,-72.5,False
0.5,290,30.0,-75.0,False
0.5,295,30.0,-77.5,False
0.5,300,30.0,-80.0,False
0.5,305,30.0,-82.5,False
0.5,310,30.0,-85.0,False
0.5,315,30.0,-87.5,False
0.5,320,30.0,-90.0,False
0.5,325,30.0,-92.5,False
0.5,330,30.0,-95.0,False
0.5,335,30.0,-97.5,False
0.5,340,30.0,-100.0,False
0.5,345,30.0,-102.5,False
0.5,350,30.0,-105.0,False
0.5,355,30.0,-107.5,False
0.5,360,30.0,-110.0,False
0.5,365,30.0,-112.5,False
0.5,370,30.0,-115.0,False
0.5,375,30.0,-117.5,False
0.5,380,30.0,-120.0,False
0.5,385,30.0,-122.5,False
0.5,390,30.0,-125.0,False
0.5,395,30.0,-127.5,False
0.5,400,30.0,-130.0,False
0.5,405,30.0,-132.5,False
0.5,410,30.0,-135.0,False
0.5,415,30.0,-137.5,False
0.5,420,30.0,-140.0,False
0.5,425,30.0,-142.5,False
0.5,430,30.0,-145.0,False
0.5,435,30.0,-147.5,False
0.5,440,30.0,-150.0,False
0.5,445,30.0,-152.5,False
0.5,450,30.0,-155.0,False
0.5,455,30.0,-157.5,False
0.5,460,30.0,-160.0,False
0.5,465,30.0,-162.5,False
0.5,470,30.0,-165.0,False
0.5,475,30.0,-167.5,False
0.5,480,30.0,-170.0,False
0.5,485,30.0,-172.5,False
0.5,490,30.0,-175.0,False
0.5,495,30.0,-177.5,False
0.5,500,30.0,-180.0,False
0.51,0,30.0,70.0,True
0.51,5,30.0,67.45,True
0.51,10,30.0,64.9,True
0.51,15,30.0,62.35,True
0.51,20,30.0,59.8,True
0.51,25,30.0,57.25,True
0.51,30,30.0,54.7,True
0.51,35,30.0,52.15,True
0.51,40,30.0,49.6,True
0.51,45,30.0,47.05,True
0.51,50,30.0,44.5,True
0.51,55,30.0,41.95,True
0.51,60,30.0,39.4,True
0.51,65,30.0,36.85,True
0.51,70,30.0,34.3,True
0.51,75,30.0,31.75,True
0.51,80,30.0,29.200000000000003,False
0.51,85,30.0,26.65,False
0.51,90,30.0,24.1,False
0.51,95,30.0,21.549999999999997,False
0.51,100,30.0,19.0,False
0.51,105,30.0,16.449999999999996,False
0.51,110,30.0,13.899999999999999,False
0.51,115,30.0,11.350000000000001,False
0.51,120,30.0,8.799999999999997,False
0.51,125,30.0,6.25,False
0.51,130,30.0,3.700000000000003,False
0.51,135,30.0,1.1500000000000057,False
0.51,140,30.0,-1.4000000000000057,False
0.51,145,30.0,-3.950000000000003,False
0.51,150,30.0,-6.5,False
0.51,155,30.0,-9.049999999999997,False
0.51,160,30.0,-11.599999999999994,False
0.51,165,30.0,-14.150000000000006,False
0.51,170,30.0,-16.700000000000003,False
0.51,175,30.0,-19.25,False
0.51,180,30.0,-21.799999999999997,False
0.51,185,30.0,-24.35000000000001,False
0.51,190,30.0,-26.900000000000006,False
0.51,195,30.0,-29.450000000000003,False
0.51,200,30.0,-32.0,False
0.51,205,30.0,-34.55,False
0.51,210,30.0,-37.10000000000001,False
0.51,215,30.0,-39.650000000000006,False
0.51,220,30.0,-42.2,False
0.51,225,30.0,-44.75,False
0.51,230,30.0,-47.3,False
0.51,235,30.0,-49.85000000000001,False
0.51,240,30.0,-52.400000000000006,False
0.51,245,30.0,-54.95,False
0.51,250,30.0,-57.5,False
0.51,255,30.0,-60.05000000000001,False
0.51,260,30.0,-62.599999999999994,False
0.51,265,30.0,-65.15,False
0.51,270,30.0,-67.69999999999999,False
0.51,275,30.0,-70.25,False
0.51,280,30.0,-72.80000000000001,False
0.51,285,30.0,-75.35,False
0.51,290,30.0,-77.9,False
0.51,295,30.0,-80.44999999999999,False
0.51,300,30.0,-83.0,False
0.51,305,30.0,-85.55000000000001,False
0.51,310,30.0,-88.1,False
0.51,315,30.0,-90.65,False
0.51,320,30.0,-93.19999999999999,False
0.51,325,30.0,-95.75,False
0.51,330,30.0,-98.30000000000001,False
0.51,335,30.0,-100.85,False
0.51,340,30.0,-103.4,False
0.51,345,30.0,-105.95000000000002,False
0.51,350,30.0,-108.5,False
0.51,355,30.0,-111.05000000000001,False
0.51,360,30.0,-113.6,False
0.51,365,30.0,-116.15,False
0.51,370,30.0,-118.70000000000002,False
0.51,375,30.0,-121.25,False
0.51,380,30.0,-123.80000000000001,False
0.51,385,30.0,-126.35,False
0.51,390,30.0,-128.9,False
0.51,395,30.0,-131.45000000000002,False
0.51,400,30.0,-134.0,False
0.51,405,30.0,-136.55,False
0.51,410,30.0,-139.1,False
0.51,415,30.0,-141.65,False
0.51,420,30.0,-144.20000000000002,False
0.51,425,30.0,-146.75,False
0.51,430,30.0,-149.3,False
0.51,435,30.0,-151.85,False
0.51,440,30.0,-154.4,False
0.51,445,30.0,-156.95000000000002,False
0.51,450,30.0,-159.5,False
0.51,455,30.0,-162.05,False
0.51,460,30.0,-164.6,False
0.51,465,30.0,-167.15,False
0.51,470,30.0,-169.70000000000002,False
0.51,475,30.0,-172.25,False
0.51,480,30.0,-174.8,False
0.51,485,30.0,-177.35,False
0.51,490,30.0,-179.9,False
0.51,495,30.0,-182.45000000000002,False
0.51,500,30.0,-185.0,False
0.52,0,30.0,70.0,True
0.52,5,30.0,67.4,True
0.52,10,30.0,64.8,True
0.52,15,30.0,62.2,True
0.52,20,30.0,59.6,True
0.52,25,30.0,57.0,True
0.52,30,30.0,54.4,True
0.52,35,30.0,51.8,True
0.52,40,30.0,49.2,True
0.52,45,30.0,46.599999999999994,True
0.52,50,30.0,44.0,True
0.52,55,30.0,41.4,True
0.52,60,30.0,38.8,True
0.52,65,30.0,36.199999999999996,True
0.52,70,30.0,33.6,True
0.52,75,30.0,31.0,True
0.52,80,30.0,28.4,False
0.52,85,30.0,25.799999999999997,False
0.52,90,30.0,23.199999999999996,False
0.52,95,30.0,20.6,False
0.52,100,30.0,18.0,False
0.52,105,30.0,15.399999999999999,False
0.52,110,30.0,12.799999999999997,False
0.52,115,30.0,10.199999999999996,False
0.52,120,30.0,7.599999999999994,False
0.52,125,30.0,5.0,False
0.52,130,30.0,2.3999999999999915,False
0.52,135,30.0,-0.20000000000000284,False
0.52,140,30.0,-2.799999999999997,False
0.52,145,30.0,-5.400000000000006,False
0.52,150,30.0,-8.0,False
0.52,155,30.0,-10.600000000000009,False
0.52,160,30.0,-13.200000000000003,False
0.52,165,30.0,-15.799999999999997,False
0.52,170,30.0,-18.400000000000006,False
0.52,175,30.0,-21.0,False
0.52,180,30.0,-23.60000000000001,False
0.52,185,30.0,-26.200000000000003,False
0.52,190,30.0,-28.799999999999997,False
0.52,195,30.0,-31.400000000000006,False
0.52,200,30.0,-34.0,False
0.52,205,30.0,-36.60000000000001,False
0.52,210,30.0,-39.2,False
0.52,215,30.0,-41.8,False
0.52,220,30.0,-44.400000000000006,False
0.52,225,30.0,-47.0,False
0.52,230,30.0,-49.60000000000001,False
0.52,235,30.0,-52.2,False
0.52,240,30.0,-54.80000000000001,False
0.52,245,30.0,-57.400000000000006,False
0.52,250,30.0,-60.0,False
0.52,255,30.0,-62.599999999999994,False
0.52,260,30.0,-65.20000000000002,False
0.52,265,30.0,-67.80000000000001,False
0.52,270,30.0,-70.4,False
0.52,275,30.0,-73.0,False
0.52,280,30.0,-75.6,False
0.52,285,30.0,-78.20000000000002,False
0.52,290,30.0,-80.80000000000001,False
0.52,295,30.0,-83.4,False
0.52,300,30.0,-86.0,False
0.52,305,30.0,-88.6,False
0.52,310,30.0,-91.20000000000002,False
0.52,315,30.0,-93.80000000000001,False
0.52,320,30.0,-96.4,False
0.52,325,30.0,-99.0,False
0.52,330,30.0,-101.6,False
0.52,335,30.0,-104.20000000000002,False
0.52,340,30.0,-106.80000000000001,False
0.52,345,30.0,-109.4,False
0.52,350,30.0,-112.0,False
0.52,355,30.0,-114.6,False
0.52,360,30.0,-117.20000000000002,False
0.52,365,30.0,-119.80000000000001,False
0.52,370,30.0,-122.4,False
0.52,375,30.0,-125.0,False
0.52,380,30.0,-127.6,False
0.52,385,30.0,-130.20000000000002,False
0.52,390,30.0,-132.8,False
0.52,395,30.0,-135.4,False
0.52,400,30.0,-138.0,False
0.52,405,30.0,-140.6,False
0.52,410,30.0,-143.20000000000002,False
0.52,415,30.0,-145.8,False
0.52,420,30.0,-148.4,False
0.52,425,30.0,-151.0,False
0.52,430,30.0,-153.6,False
0.52,435,30.0,-156.20000000000002,False
0.52,440,30.0,-158.8,False
0.52,445,30.0,-161.4,False
0.52,450,30.0,-164.0,False
0.52,455,30.0,-166.6,False
0.52,460,30.0,-169.20000000000002,False
0.52,465,30.0,-171.8,False
0.52,470,30.0,-174.4,False
0.52,475,30.0,-177.0,False
0.52,480,30.0,-179.60000000000002,False
0.52,485,30.0,-182.20000000000002,False
0.52,490,30.0,-184.8,False
0.52,495,30.0,-187.40000000000003,False
0.52,500,30.0,-190.0,False
0.53,0,30.0,70.0,True
0.53,5,30.0,67.35,True
0.53,10,30.0,64.7,True
0.53,15,30.0,62.05,True
0.53,20,30.0,59.4,True
0.53,25,30.0,56.75,True
0.53,30,30.0,54.1,True
0.53,35,30.0,51.45,True
0.53,40,30.0,48.8,True
0.53,45,30.0,46.15,True
0.53,50,30.0,43.5,True
0.53,55,30.0,40.849999999999994,True
0.53,60,30.0,38.2,True
0.53,65,30.0,35.55,True
0.53,70,30.0,32.9,True
0.53,75,30.0,30.25,True
0.53,80,30.0,27.599999999999994,False
0.53,85,30.0,24.949999999999996,False
0.53,90,30.0,22.299999999999997,False
0.53,95,30.0,19.65,False
0.53,100,30.0,17.0,False
0.53,105,30.0,14.349999999999994,False
0.53,110,30.0,11.699999999999996,False
0.53,115,30.0,9.049999999999997,False
0.53,120,30.0,6.399999999999999,False
0.53,125,30.0,3.75,False
0.53,130,30.0,1.0999999999999943,False
0.53,135,30.0,-1.5499999999999972,False
0.53,140,30.0,-4.200000000000003,False
0.53,145,30.0,-6.8500000000000085,False
0.53,150,30.0,-9.5,False
0.53,155,30.0,-12.150000000000006,False
0.53,160,30.0,-14.800000000000011,False
0.53,165,30.0,-17.450000000000003,False
0.53,170,30.0,-20.10000000000001,False
0.53,175,30.0,-22.75,False
0.53,180,30.0,-25.400000000000006,False
0.53,185,30.0,-28.05000000000001,False
0.53,190,30.0,-30.700000000000003,False
0.53,195,30.0,-33.35000000000001,False
0.53,200,30.0,-36.0,False
0.53,205,30.0,-38.650000000000006,False
0.53,210,30.0,-41.30000000000001,False
0.53,215,30.0,-43.95,False
0.53,220,30.0,-46.60000000000001,False
0.53,225,30.0,-49.25,False
0.53,230,30.0,-51.900000000000006,False
0.53,235,30.0,-54.55000000000001,False
0.53,240,30.0,-57.2,False
0.53,245,30.0,-59.849999999999994,False
0.53,250,30.0,-62.5,False
0.53,255,30.0,-65.15,False
0.53,260,30.0,-67.80000000000001,False
0.53,265,30.0,-70.45000000000002,False
0.53,270,30.0,-73.1,False
0.53,275,30.0,-75.75,False
0.53,280,30.0,-78.4,False
0.53,285,30.0,-81.05000000000001,False
0.53,290,30.0,-83.70000000000002,False
0.53,295,30.0,-86.35,False
0.53,300,30.0,-89.0,False
0.53,305,30.0,-91.65,False
0.53,310,30.0,-94.30000000000001,False
0.53,315,30.0,-96.95000000000002,False
0.53,320,30.0,-99.60000000000002,False
0.53,325,30.0,-102.25,False
0.53,330,30.0,-104.9,False
0.53,335,30.0,-107.55000000000001,False
0.53,340,30.0,-110.20000000000002,False
0.53,345,30.0,-112.85000000000002,False
0.53,350,30.0,-115.5,False
0.53,355,30.0,-118.15,False
0.53,360,30.0,-120.80000000000001,False
0.53,365,30.0,-123.45000000000002,False
0.53,370,30.0,-126.10000000000002,False
0.53,375,30.0,-128.75,False
0.53,380,30.0,-131.4,False
0.53,385,30.0,-134.05,False
0.53,390,30.0,-136.70000000000002,False
0.53,395,30.0,-139.35000000000002,False
0.53,400,30.0,-142.0,False
0.53,405,30.0,-144.65,False
0.53,410,30.0,-147.3,False
0.53,415,30.0,-149.95000000000002,False
0.53,420,30.0,-152.60000000000002,False
0.53,425,30.0,-155.25,False
0.53,430,30.0,-157.9,False
0.53,435,30.0,-160.55,False
0.53,440,30.0,-163.20000000000002,False
0.53,445,30.0,-165.85000000000002,False
0.53,450,30.0,-168.5,False
0.53,455,30.0,-171.15,False
0.53,460,30.0,-173.8,False
0.53,465,30.0,-176.45000000000002,False
0.53,470,30.0,-179.10000000000002,False
0.53,475,30.0,-181.75,False
0.53,480,30.0,-184.4,False
0.53,485,30.0,-187.05,False
0.53,490,30.0,-189.7,False
0.53,495,30.0,-192.35000000000002,False
0.53,500,30.0,-195.0,False
0.54,0,30.0,70.0,True
0.54,5,30.0,67.3,True
0.54,10,30.0,64.6,True
0.54,15,30.0,61.9,True
0.54,20,30.0,59.2,True
0.54,25,30.0,56.5,True
0.54,30,30.0,53.8,True
0.54,35,30.0,51.099999999999994,True
0.54,40,30.0,48.4,True
0.54,45,30.0,45.7,True
0.54,50,30.0,43.0,True
0.54,55,30.0,40.3,True
0.54,60,30.0,37.599999999999994,True
0.54,65,30.0,34.9,True
0.54,70,30.0,32.199999999999996,True
0.54,75,30.0,29.5,False
0.54,80,30.0,26.799999999999997,False
0.54,85,30.0,24.099999999999994,False
0.54,90,30.0,21.4,False
0.54,95,30.0,18.699999999999996,False
0.54,100,30.0,16.0,False
0.54,105,30.0,13.299999999999997,False
0.54,110,30.0,10.599999999999994,False
0.54,115,30.0,7.899999999999999,False
0.54,120,30.0,5.199999999999989,False
0.54,125,30.0,2.5,False
0.54,130,30.0,-0.20000000000000284,False
0.54,135,30.0,-2.9000000000000057,False
0.54,140,30.0,-5.6000000000000085,False
0.54,145,30.0,-8.300000000000011,False
0.54,150,30.0,-11.0,False
0.54,155,30.0,-13.700000000000003,False
0.54,160,30.0,-16.400000000000006,False
0.54,165,30.0,-19.10000000000001,False
0.54,170,30.0,-21.80000000000001,False
0.54,175,30.0,-24.5,False
0.54,180,30.0,-27.200000000000003,False
0.54,185,30.0,-29.900000000000006,False
0.54,190,30.0,-32.60000000000001,False
0.54,195,30.0,-35.30000000000001,False
0.54,200,30.0,-38.0,False
0.54,205,30.0,-40.7,False
0.54,210,30.0,-43.400000000000006,False
0.54,215,30.0,-46.10000000000001,False
0.54,220,30.0,-48.80000000000001,False
0.54,225,30.0,-51.500000000000014,False
0.54,230,30.0,-54.2,False
0.54,235,30.0,-56.900000000000006,False
0.54,240,30.0,-59.60000000000002,False
0.54,245,30.0,-62.30000000000001,False
0.54,250,30.0,-65.0,False
0.54,255,30.0,-67.70000000000002,False
0.54,260,30.0,-70.4,False
0.54,265,30.0,-73.10000000000002,False
0.54,270,30.0,-75.80000000000001,False
0.54,275,30.0,-78.5,False
0.54,280,30.0,-81.20000000000002,False
0.54,285,30.0,-83.9,False
0.54,290,30.0,-86.60000000000002,False
0.54,295,30.0,-89.30000000000001,False
0.54,300,30.0,-92.0,False
0.54,305,30.0,-94.70000000000002,False
0.54,310,30.0,-97.4,False
0.54,315,30.0,-100.10000000000002,False
0.54,320,30.0,-102.80000000000001,False
0.54,325,30.0,-105.5,False
0.54,330,30.0,-108.20000000000002,False
0.54,335,30.0,-110.9,False
0.54,340,30.0,-113.60000000000002,False
0.54,345,30.0,-116.30000000000001,False
0.54,350,30.0,-119.0,False
0.54,355,30.0,-121.70000000000002,False
0.54,360,30.0,-124.4,False
0.54,365,30.0,-127.10000000000002,False
0.54,370,30.0,-129.8,False
0.54,375,30.0,-132.5,False
0.54,380,30.0,-135.20000000000002,False
0.54,385,30.0,-137.9,False
0.54,390,30.0,-140.60000000000002,False
0.54,395,30.0,-143.3,False
0.54,400,30.0,-146.0,False
0.54,405,30.0,-148.70000000000002,False
0.54,410,30.0,-151.4,False
0.54,415,30.0,-154.10000000000002,False
0.54,420,30.0,-156.8,False
0.54,425,30.0,-159.50000000000003,False
0.54,430,30.0,-162.20000000000002,False
0.54,435,30.0,-164.9,False
0.54,440,30.0,-167.60000000000002,False
0.54,445,30.0,-170.3,False
0.54,450,30.0,-173.00000000000003,False
0.54,455,30.0,-175.70000000000002,False
0.54,460,30.0,-178.4,False
0.54,465,30.0,-181.10000000000002,False
0.54,470,30.0,-183.8,False
0.54,475,30.0,-186.5,False
0.54,480,30.0,-189.20000000000005,False
0.54,485,30.0,-191.90000000000003,False
0.54,490,30.0,-194.60000000000002,False
0.54,495,30.0,-197.3,False
0.54,500,30.0,-200.0,False
0.55,0,30.0,70.0,True
0.55,5,30.0,67.25,True
0.55,10,30.0,64.5,True
0.55,15,30.0,61.75,True
0.55,20,30.0,59.0,True
0.55,25,30.0,56.25,True
0.55,30,30.0,53.5,True
0.55,35,30.0,50.75,True
0.55,40,30.0,48.0,True
0.55,45,30.0,45.25,True
0.55,50,30.0,42.5,True
0.55,55,30.0,39.75,True
0.55,60,30.0,37.0,True
0.55,65,30.0,34.25,True
0.55,70,30.0,31.5,True
0.55,75,30.0,28.75,False
0.55,80,30.0,26.0,False
0.55,85,30.0,23.249999999999993,False
0.55,90,30.0,20.499999999999993,False
0.55,95,30.0,17.749999999999993,False
0.55,100,30.0,14.999999999999993,False
0.55,105,30.0,12.249999999999993,False
0.55,110,30.0,9.499999999999993,False
0.55,115,30.0,6.749999999999993,False
0.55,120,30.0,4.0,False
0.55,125,30.0,1.25,False
0.55,130,30.0,-1.5,False
0.55,135,30.0,-4.25,False
0.55,140,30.0,-7.0,False
0.55,145,30.0,-9.75,False
0.55,150,30.0,-12.5,False
0.55,155,30.0,-15.25,False
0.55,160,30.0,-18.0,False
0.55,165,30.0,-20.750000000000014,False
0.55,170,30.0,-23.500000000000014,False
0.55,175,30.0,-26.250000000000014,False
0.55,180,30.0,-29.000000000000014,False
0.55,185,30.0,-31.750000000000014,False
0.55,190,30.0,-34.500000000000014,False
0.55,195,30.0,-37.250000000000014,False
0.55,200,30.0,-40.000000000000014,False
0.55,205,30.0,-42.750000000000014,False
0.55,210,30.0,-45.500000000000014,False
0.55,215,30.0,-48.250000000000014,False
0.55,220,30.0,-51.000000000000014,False
0.55,225,30.0,-53.750000000000014,False
0.55,230,30.0,-56.500000000000014,False
0.55,235,30.0,-59.25,False
0.55,240,30.0,-62.0,False
0.55,245,30.0,-64.75,False
0.55,250,30.0,-67.5,False
0.55,255,30.0,-70.25,False
0.55,260,30.0,-73.0,False
0.55,265,30.0,-75.75,False
0.55,270,30.0,-78.5,False
0.55,275,30.0,-81.25,False
0.55,280,30.0,-84.0,False
0.55,285,30.0,-86.75,False
0.55,290,30.0,-89.5,False
0.55,295,30.0,-92.25,False
0.55,300,30.0,-95.0,False
0.55,305,30.0,-97.75,False
0.55,310,30.0,-100.5,False
0.55,315,30.0,-103.25,False
0.55,320,30.0,-106.0,False
0.55,325,30.0,-108.75000000000003,False
0.55,330,30.0,-111.50000000000003,False
0.55,335,30.0,-114.25000000000003,False
0.55,340,30.0,-117.00000000000003,False
0.55,345,30.0,-119.75000000000003,False
0.55,350,30.0,-122.50000000000003,False
0.55,355,30.0,-125.25000000000003,False
0.55,360,30.0,-128.00000000000003,False
0.55,365,30.0,-130.75000000000003,False
0.55,370,30.0,-133.50000000000003,False
0.55,375,30.0,-136.25000000000003,False
0.55,380,30.0,-139.00000000000003,False
0.55,385,30.0,-141.75000000000003,False
0.55,390,30.0,-144.50000000000003,False
0.55,395,30.0,-147.25000000000003,False
0.55,400,30.0,-150.00000000000003,False
0.55,405,30.0,-152.75000000000003,False
0.55,410,30.0,-155.50000000000003,False
0.55,415,30.0,-158.25000000000003,False
0.55,420,30.0,-161.00000000000003,False
0.55,425,30.0,-163.75000000000003,False
0.55,430,30.0,-166.50000000000003,False
0.55,435,30.0,-169.25000000000003,False
0.55,440,30.0,-172.00000000000003,False
0.55,445,30.0,-174.75000000000003,False
0.55,450,30.0,-177.50000000000003,False
0.55,455,30.0,-180.25000000000003,False
0.55,460,30.0,-183.00000000000003,False
0.55,465,30.0,-185.75000000000003,False
0.55,470,30.0,-188.5,False
0.55,475,30.0,-191.25,False
0.55,480,30.0,-194.0,False
0.55,485,30.0,-196.75,False
0.55,490,30.0,-199.5,False
0.55,495,30.0,-202.25,False
0.55,500,30.0,-205.0,False
0.56,0,30.0,70.0,True
0.56,5,30.0,67.2,True
0.56,10,30.0,64.4,True
0.56,15,30.0,61.6,True
0.56,20,30.0,58.8,True
0.56,25,30.0,56.0,True
0.56,30,30.0,53.2,True
0.56,35,30.0,50.4,True
0.56,40,30.0,47.599999999999994,True
0.56,45,30.0,44.8,True
0.56,50,30.0,42.0,True
0.56,55,30.0,39.199999999999996,True
0.56,60,30.0,36.4,True
0.56,65,30.0,33.599999999999994,True
0.56,70,30.0,30.799999999999997,True
0.56,75,30.0,27.999999999999993,False
0.56,80,30.0,25.199999999999996,False
0.56,85,30.0,22.4,False
0.56,90,30.0,19.599999999999994,False
0.56,95,30.0,16.799999999999997,False
0.56,100,30.0,13.999999999999993,False
0.56,105,30.0,11.199999999999996,False
0.56,110,30.0,8.399999999999991,False
0.56,115,30.0,5.599999999999994,False
0.56,120,30.0,2.799999999999997,False
0.56,125,30.0,0.0,False
0.56,130,30.0,-2.8000000000000114,False
0.56,135,30.0,-5.6000000000000085,False
0.56,140,30.0,-8.400000000000006,False
0.56,145,30.0,-11.200000000000003,False
0.56,150,30.0,-14.000000000000014,False
0.56,155,30.0,-16.80000000000001,False
0.56,160,30.0,-19.60000000000001,False
0.56,165,30.0,-22.400000000000006,False
0.56,170,30.0,-25.200000000000003,False
0.56,175,30.0,-28.000000000000014,False
0.56,180,30.0,-30.80000000000001,False
0.56,185,30.0,-33.60000000000001,False
0.56,190,30.0,-36.400000000000006,False
0.56,195,30.0,-39.20000000000002,False
0.56,200,30.0,-42.000000000000014,False
0.56,205,30.0,-44.80000000000001,False
0.56,210,30.0,-47.60000000000001,False
0.56,215,30.0,-50.400000000000006,False
0.56,220,30.0,-53.20000000000002,False
0.56,225,30.0,-56.000000000000014,False
0.56,230,30.0,-58.80000000000001,False
0.56,235,30.0,-61.60000000000002,False
0.56,240,30.0,-64.4,False
0.56,245,30.0,-67.20000000000002,False
0.56,250,30.0,-70.0,False
0.56,255,30.0,-72.80000000000001,False
0.56,260,30.0,-75.60000000000002,False
0.56,265,30.0,-78.4,False
0.56,270,30.0,-81.20000000000002,False
0.56,275,30.0,-84.00000000000003,False
0.56,280,30.0,-86.80000000000001,False
0.56,285,30.0,-89.60000000000002,False
0.56,290,30.0,-92.4,False
0.56,295,30.0,-95.20000000000002,False
0.56,300,30.0,-98.00000000000003,False
0.56,305,30.0,-100.80000000000001,False
0.56,310,30.0,-103.60000000000002,False
0.56,315,30.0,-106.4,False
0.56,320,30.0,-109.20000000000002,False
0.56,325,30.0,-112.00000000000003,False
0.56,330,30.0,-114.80000000000001,False
0.56,335,30.0,-117.60000000000002,False
0.56,340,30.0,-120.4,False
0.56,345,30.0,-123.20000000000002,False
0.56,350,30.0,-126.00000000000003,False
0.56,355,30.0,-128.8,False
0.56,360,30.0,-131.60000000000002,False
0.56,365,30.0,-134.4,False
0.56,370,30.0,-137.20000000000002,False
0.56,375,30.0,-140.00000000000003,False
0.56,380,30.0,-142.8,False
0.56,385,30.0,-145.60000000000002,False
0.56,390,30.0,-148.40000000000003,False
0.56,395,30.0,-151.20000000000002,False
0.56,400,30.0,-154.00000000000003,False
0.56,405,30.0,-156.8,False
0.56,410,30.0,-159.60000000000002,False
0.56,415,30.0,-162.40000000000003,False
0.56,420,30.0,-165.20000000000002,False
0.56,425,30.0,-168.00000000000003,False
0.56,430,30.0,-170.8,False
0.56,435,30.0,-173.60000000000002,False
0.56,440,30.0,-176.40000000000003,False
0.56,445,30.0,-179.20000000000002,False
0.56,450,30.0,-182.00000000000003,False
0.56,455,30.0,-184.8,False
0.56,460,30.0,-187.60000000000002,False
0.56,465,30.0,-190.40000000000003,False
0.56,470,30.0,-193.20000000000005,False
0.56,475,30.0,-196.0,False
0.56,480,30.0,-198.8,False
0.56,485,30.0,-201.60000000000002,False
0.56,490,30.0,-204.40000000000003,False
0.56,495,30.0,-207.20000000000005,False
0.56,500,30.0,-210.0,False
0.5700000000000001,0,30.0,70.0,True
0.5700000000000001,5,30.0,67.15,True
0.5700000000000001,10,30.0,64.3,True
0.5700000000000001,15,30.0,61.45,True
0.5700000000000001,20,30.0,58.599999999999994,True
0.5700000000000001,25,30.0,55.75,True
0.5700000000000001,30,30.0,52.9,True
0.5700000000000001,35,30.0,50.05,True
0.5700000000000001,40,30.0,47.199999999999996,True
0.5700000000000001,45,30.0,44.349999999999994,True
0.5700000000000001,50,30.0,41.5,True
0.5700000000000001,55,30.0,38.64999999999999,True
0.5700000000000001,60,30.0,35.8,True
0.5700000000000001,65,30.0,32.949999999999996,True
0.5700000000000001,70,30.0,30.099999999999994,True
0.5700000000000001,75,30.0,27.249999999999993,False
0.5700000000000001,80,30.0,24.39999999999999,False
0.5700000000000001,85,30.0,21.549999999999997,False
0.5700000000000001,90,30.0,18.699999999999996,False
0.5700000000000001,95,30.0,15.849999999999994,False
0.5700000000000001,100,30.0,12.999999999999993,False
0.5700000000000001,105,30.0,10.149999999999991,False
0.5700000000000001,110,30.0,7.29999999999999,False
0.5700000000000001,115,30.0,4.449999999999989,False
0.5700000000000001,120,30.0,1.5999999999999943,False
0.5700000000000001,125,30.0,-1.2500000000000142,False
0.5700000000000001,130,30.0,-4.1000000000000085,False
0.5700000000000001,135,30.0,-6.950000000000003,False
0.5700000000000001,140,30.0,-9.800000000000011,False
0.5700000000000001,145,30.0,-12.650000000000006,False
0.5700000000000001,150,30.0,-15.500000000000014,False
0.5700000000000001,155,30.0,-18.35000000000001,False
0.5700000000000001,160,30.0,-21.200000000000017,False
0.5700000000000001,165,30.0,-24.05000000000001,False
0.5700000000000001,170,30.0,-26.900000000000006,False
0.5700000000000001,175,30.0,-29.750000000000014,False
0.5700000000000001,180,30.0,-32.60000000000001,False
0.5700000000000001,185,30.0,-35.45000000000002,False
0.5700000000000001,190,30.0,-38.30000000000001,False
0.5700000000000001,195,30.0,-41.150000000000006,False
0.5700000000000001,200,30.0,-44.000000000000014,False
0.5700000000000001,205,30.0,-46.85000000000001,False
0.5700000000000001,210,30.0,-49.70000000000002,False
0.5700000000000001,215,30.0,-52.55000000000001,False
0.5700000000000001,220,30.0,-55.40000000000002,False
0.5700000000000001,225,30.0,-58.25,False
0.5700000000000001,230,30.0,-61.10000000000002,False
0.5700000000000001,235,30.0,-63.95000000000002,False
0.5700000000000001,240,30.0,-66.80000000000001,False
0.5700000000000001,245,30.0,-69.65,False
0.5700000000000001,250,30.0,-72.50000000000003,False
0.5700000000000001,255,30.0,-75.35000000000002,False
0.5700000000000001,260,30.0,-78.20000000000002,False
0.5700000000000001,265,30.0,-81.05000000000001,False
0.5700000000000001,270,30.0,-83.9,False
0.5700000000000001,275,30.0,-86.75000000000003,False
0.5700000000000001,280,30.0,-89.60000000000002,False
0.5700000000000001,285,30.0,-92.45000000000002,False
0.5700000000000001,290,30.0,-95.30000000000001,False
0.5700000000000001,295,30.0,-98.15,False
0.5700000000000001,300,30.0,-101.00000000000003,False
0.5700000000000001,305,30.0,-103.85000000000002,False
0.5700000000000001,310,30.0,-106.70000000000002,False
0.5700000000000001,315,30.0,-109.55000000000001,False
0.5700000000000001,320,30.0,-112.40000000000003,False
0.5700000000000001,325,30.0,-115.25000000000003,False
0.5700000000000001,330,30.0,-118.10000000000002,False
0.5700000000000001,335,30.0,-120.95000000000002,False
0.5700000000000001,340,30.0,-123.80000000000001,False
0.5700000000000001,345,30.0,-126.65000000000003,False
0.5700000000000001,350,30.0,-129.50000000000003,False
0.5700000000000001,355,30.0,-132.35000000000002,False
0.5700000000000001,360,30.0,-135.20000000000002,False
0.5700000000000001,365,30.0,-138.05,False
0.5700000000000001,370,30.0,-140.90000000000003,False
0.5700000000000001,375,30.0,-143.75000000000003,False
0.5700000000000001,380,30.0,-146.60000000000002,False
0.5700000000000001,385,30.0,-149.45000000000002,False
0.5700000000000001,390,30.0,-152.3,False
0.5700000000000001,395,30.0,-155.15000000000003,False
0.5700000000000001,400,30.0,-158.00000000000003,False
0.5700000000000001,405,30.0,-160.85000000000002,False
0.5700000000000001,410,30.0,-163.70000000000002,False
0.5700000000000001,415,30.0,-166.55000000000004,False
0.5700000000000001,420,30.0,-169.40000000000003,False
0.5700000000000001,425,30.0,-172.25000000000003,False
0.5700000000000001,430,30.0,-175.10000000000002,False
0.5700000000000001,435,30.0,-177.95000000000002,False
0.5700000000000001,440,30.0,-180.80000000000004,False
0.5700000000000001,445,30.0,-183.65000000000003,False
0.5700000000000001,450,30.0,-186.5,False
0.5700000000000001,455,30.0,-189.35000000000002,False
0.5700000000000001,460,30.0,-192.20000000000005,False
0.5700000000000001,465,30.0,-195.05,False
0.5700000000000001,470,30.0,-197.90000000000003,False
0.5700000000000001,475,30.0,-200.75000000000006,False
0.5700000000000001,480,30.0,-203.60000000000002,False
0.5700000000000001,485,30.0,-206.45000000000005,False
0.5700000000000001,490,30.0,-209.3,False
0.5700000000000001,495,30.0,-212.15000000000003,False
0.5700000000000001,500,30.0,-215.00000000000006,False
0.58,0,30.0,70.0,True
0.58,5,30.0,67.1,True
0.58,10,30.0,64.2,True
0.58,15,30.0,61.3,True
0.58,20,30.0,58.4,True
0.58,25,30.0,55.5,True
0.58,30,30.0,52.6,True
0.58,35,30.0,49.7,True
0.58,40,30.0,46.8,True
0.58,45,30.0,43.900000000000006,True
0.58,50,30.0,41.0,True
0.58,55,30.0,38.1,True
0.58,60,30.0,35.2,True
0.58,65,30.0,32.300000000000004,True
0.58,70,30.0,29.400000000000006,False
0.58,75,30.0,26.5,False
0.58,80,30.0,23.6,False
0.58,85,30.0,20.700000000000003,False
0.58,90,30.0,17.800000000000004,False
0.58,95,30.0,14.900000000000006,False
0.58,100,30.0,12.000000000000007,False
0.58,105,30.0,9.100000000000001,False
0.58,110,30.0,6.200000000000003,False
0.58,115,30.0,3.3000000000000114,False
0.58,120,30.0,0.4000000000000057,False
0.58,125,30.0,-2.5,False
0.58,130,30.0,-5.3999999999999915,False
0.58,135,30.0,-8.299999999999997,False
0.58,140,30.0,-11.199999999999989,False
0.58,145,30.0,-14.099999999999994,False
0.58,150,30.0,-17.0,False
0.58,155,30.0,-19.89999999999999,False
0.58,160,30.0,-22.799999999999997,False
0.58,165,30.0,-25.69999999999999,False
0.58,170,30.0,-28.599999999999994,False
0.58,175,30.0,-31.5,False
0.58,180,30.0,-34.39999999999999,False
0.58,185,30.0,-37.3,False
0.58,190,30.0,-40.19999999999999,False
0.58,195,30.0,-43.099999999999994,False
0.58,200,30.0,-45.999999999999986,False
0.58,205,30.0,-48.89999999999999,False
0.58,210,30.0,-51.8,False
0.58,215,30.0,-54.69999999999999,False
0.58,220,30.0,-57.599999999999994,False
0.58,225,30.0,-60.5,False
0.58,230,30.0,-63.39999999999998,False
0.58,235,30.0,-66.29999999999998,False
0.58,240,30.0,-69.19999999999999,False
0.58,245,30.0,-72.1,False
0.58,250,30.0,-75.0,False
0.58,255,30.0,-77.89999999999998,False
0.58,260,30.0,-80.79999999999998,False
0.58,265,30.0,-83.69999999999999,False
0.58,270,30.0,-86.6,False
0.58,275,30.0,-89.5,False
0.58,280,30.0,-92.39999999999998,False
0.58,285,30.0,-95.29999999999998,False
0.58,290,30.0,-98.19999999999999,False
0.58,295,30.0,-101.1,False
0.58,300,30.0,-104.0,False
0.58,305,30.0,-106.89999999999998,False
0.58,310,30.0,-109.79999999999998,False
0.58,315,30.0,-112.69999999999999,False
0.58,320,30.0,-115.6,False
0.58,325,30.0,-118.5,False
0.58,330,30.0,-121.39999999999998,False
0.58,335,30.0,-124.29999999999998,False
0.58,340,30.0,-127.19999999999999,False
0.58,345,30.0,-130.1,False
0.58,350,30.0,-133.0,False
0.58,355,30.0,-135.89999999999998,False
0.58,360,30.0,-138.79999999999998,False
0.58,365,30.0,-141.7,False
0.58,370,30.0,-144.6,False
0.58,375,30.0,-147.49999999999997,False
0.58,380,30.0,-150.39999999999998,False
0.58,385,30.0,-153.29999999999998,False
0.58,390,30.0,-156.2,False
0.58,395,30.0,-159.1,False
0.58,400,30.0,-161.99999999999997,False
0.58,405,30.0,-164.89999999999998,False
0.58,410,30.0,-167.79999999999998,False
0.58,415,30.0,-170.7,False
0.58,420,30.0,-173.6,False
0.58,425,30.0,-176.49999999999997,False
0.58,430,30.0,-179.39999999999998,False
0.58,435,30.0,-182.29999999999998,False
0.58,440,30.0,-185.2,False
0.58,445,30.0,-188.09999999999997,False
0.58,450,30.0,-191.0,False
0.58,455,30.0,-193.89999999999998,False
0.58,460,30.0,-196.79999999999995,False
0.58,465,30.0,-199.7,False
0.58,470,30.0,-202.59999999999997,False
0.58,475,30.0,-205.5,False
0.58,480,30.0,-208.39999999999998,False
0.58,485,30.0,-211.29999999999995,False
0.58,490,30.0,-214.2,False
0.58,495,30.0,-217.09999999999997,False
0.58,500,30.0,-220.0,False
0.59,0,30.0,70.0,True
0.59,5,30.0,67.05,True
0.59,10,30.0,64.1,True
0.59,15,30.0,61.15,True
0.59,20,30.0,58.2,True
0.59,25,30.0,55.25,True
0.59,30,30.0,52.3,True
0.59,35,30.0,49.35,True
0.59,40,30.0,46.400000000000006,True
0.59,45,30.0,43.45,True
0.59,50,30.0,40.5,True
0.59,55,30.0,37.550000000000004,True
0.59,60,30.0,34.6,True
0.59,65,30.0,31.65,True
0.59,70,30.0,28.700000000000003,False
0.59,75,30.0,25.75,False
0.59,80,30.0,22.800000000000004,False
0.59,85,30.0,19.85,False
0.59,90,30.0,16.900000000000006,False
0.59,95,30.0,13.950000000000003,False
0.59,100,30.0,11.0,False
0.59,105,30.0,8.050000000000004,False
0.59,110,30.0,5.1000000000000085,False
0.59,115,30.0,2.1500000000000057,False
0.59,120,30.0,-0.7999999999999972,False
0.59,125,30.0,-3.75,False
0.59,130,30.0,-6.700000000000003,False
0.59,135,30.0,-9.649999999999991,False
0.59,140,30.0,-12.599999999999994,False
0.59,145,30.0,-15.549999999999997,False
0.59,150,30.0,-18.5,False
0.59,155,30.0,-21.44999999999999,False
0.59,160,30.0,-24.39999999999999,False
0.59,165,30.0,-27.349999999999994,False
0.59,170,30.0,-30.299999999999997,False
0.59,175,30.0,-33.25,False
0.59,180,30.0,-36.19999999999999,False
0.59,185,30.0,-39.14999999999999,False
0.59,190,30.0,-42.099999999999994,False
0.59,195,30.0,-45.05,False
0.59,200,30.0,-48.0,False
0.59,205,30.0,-50.94999999999999,False
0.59,210,30.0,-53.89999999999999,False
0.59,215,30.0,-56.849999999999994,False
0.59,220,30.0,-59.79999999999998,False
0.59,225,30.0,-62.75,False
0.59,230,30.0,-65.69999999999999,False
0.59,235,30.0,-68.65,False
0.59,240,30.0,-71.6,False
0.59,245,30.0,-74.54999999999998,False
0.59,250,30.0,-77.5,False
0.59,255,30.0,-80.44999999999999,False
0.59,260,30.0,-83.4,False
0.59,265,30.0,-86.35,False
0.59,270,30.0,-89.29999999999998,False
0.59,275,30.0,-92.25,False
0.59,280,30.0,-95.19999999999999,False
0.59,285,30.0,-98.14999999999998,False
0.59,290,30.0,-101.1,False
0.59,295,30.0,-104.04999999999998,False
0.59,300,30.0,-107.0,False
0.59,305,30.0,-109.94999999999999,False
0.59,310,30.0,-112.89999999999998,False
0.59,315,30.0,-115.85,False
0.59,320,30.0,-118.79999999999998,False
0.59,325,30.0,-121.75,False
0.59,330,30.0,-124.69999999999999,False
0.59,335,30.0,-127.64999999999998,False
0.59,340,30.0,-130.6,False
0.59,345,30.0,-133.54999999999998,False
0.59,350,30.0,-136.5,False
0.59,355,30.0,-139.45,False
0.59,360,30.0,-142.39999999999998,False
0.59,365,30.0,-145.35,False
0.59,370,30.0,-148.29999999999998,False
0.59,375,30.0,-151.25,False
0.59,380,30.0,-154.2,False
0.59,385,30.0,-157.14999999999998,False
0.59,390,30.0,-160.1,False
0.59,395,30.0,-163.04999999999998,False
0.59,400,30.0,-166.0,False
0.59,405,30.0,-168.95,False
0.59,410,30.0,-171.89999999999998,False
0.59,415,30.0,-174.85,False
0.59,420,30.0,-177.79999999999998,False
0.59,425,30.0,-180.75,False
0.59,430,30.0,-183.7,False
0.59,435,30.0,-186.64999999999998,False
0.59,440,30.0,-189.59999999999997,False
0.59,445,30.0,-192.55,False
0.59,450,30.0,-195.5,False
0.59,455,30.0,-198.45,False
0.59,460,30.0,-201.39999999999998,False
0.59,465,30.0,-204.34999999999997,False
0.59,470,30.0,-207.3,False
0.59,475,30.0,-210.25,False
0.59,480,30.0,-213.2,False
0.59,485,30.0,-216.14999999999998,False
0.59,490,30.0,-219.09999999999997,False
0.59,495,30.0,-222.05,False
0.59,500,30.0,-225.0,False
0.6,0,30.0,70.0,True
0.6,5,30.0,67.0,True
0.6,10,30.0,64.0,True
0.6,15,30.0,61.0,True
0.6,20,30.0,58.0,True
0.6,25,30.0,55.0,True
0.6,30,30.0,52.0,True
0.6,35,30.0,49.0,True
0.6,40,30.0,46.0,True
0.6,45,30.0,43.0,True
0.6,50,30.0,40.0,True
0.6,55,30.0,37.0,True
0.6,60,30.0,34.0,True
0.6,65,30.0,31.0,True
0.6,70,30.0,28.0,False
0.6,75,30.0,25.0,False
0.6,80,30.0,22.0,False
0.6,85,30.0,19.0,False
0.6,90,30.0,16.0,False
0.6,95,30.0,13.0,False
0.6,100,30.0,10.0,False
0.6,105,30.0,7.0,False
0.6,110,30.0,4.0,False
0.6,115,30.0,1.0,False
0.6,120,30.0,-2.0,False
0.6,125,30.0,-5.0,False
0.6,130,30.0,-8.0,False
0.6,135,30.0,-11.0,False
0.6,140,30.0,-14.0,False
0.6,145,30.0,-17.0,False
0.6,150,30.0,-20.0,False
0.6,155,30.0,-23.0,False
0.6,160,30.0,-26.0,False
0.6,165,30.0,-29.0,False
0.6,170,30.0,-32.0,False
0.6,175,30.0,-35.0,False
0.6,180,30.0,-38.0,False
0.6,185,30.0,-41.0,False
0.6,190,30.0,-44.0,False
0.6,195,30.0,-47.0,False
0.6,200,30.0,-50.0,False
0.6,205,30.0,-53.0,False
0.6,210,30.0,-56.0,False
0.6,215,30.0,-59.0,False
0.6,220,30.0,-62.0,False
0.6,225,30.0,-65.0,False
0.6,230,30.0,-68.0,False
0.6,235,30.0,-71.0,False
0.6,240,30.0,-74.0,False
0.6,245,30.0,-77.0,False
0.6,250,30.0,-80.0,False
0.6,255,30.0,-83.0,False
0.6,260,30.0,-86.0,False
0.6,265,30.0,-89.0,False
0.6,270,30.0,-92.0,False
0.6,275,30.0,-95.0,False
0.6,280,30.0,-98.0,False
0.6,285,30.0,-101.0,False
0.6,290,30.0,-104.0,False
0.6,295,30.0,-107.0,False
0.6,300,30.0,-110.0,False
0.6,305,30.0,-113.0,False
0.6,310,30.0,-116.0,False
0.6,315,30.0,-119.0,False
0.6,320,30.0,-122.0,False
0.6,325,30.0,-125.0,False
0.6,330,30.0,-128.0,False
0.6,335,30.0,-131.0,False
0.6,340,30.0,-134.0,False
0.6,345,30.0,-137.0,False
0.6,350,30.0,-140.0,False
0.6,355,30.0,-143.0,False
0.6,360,30.0,-146.0,False
0.6,365,30.0,-149.0,False
0.6,370,30.0,-152.0,False
0.6,375,30.0,-155.0,False
0.6,380,30.0,-158.0,False
0.6,385,30.0,-161.0,False
0.6,390,30.0,-164.0,False
0.6,395,30.0,-167.0,False
0.6,400,30.0,-170.0,False
0.6,405,30.0,-173.0,False
0.6,410,30.0,-176.0,False
0.6,415,30.0,-179.0,False
0.6,420,30.0,-182.0,False
0.6,425,30.0,-185.0,False
0.6,430,30.0,-188.0,False
0.6,435,30.0,-191.0,False
0.6,440,30.0,-194.0,False
0.6,445,30.0,-197.0,False
0.6,450,30.0,-200.0,False
0.6,455,30.0,-203.0,False
0.6,460,30.0,-206.0,False
0.6,465,30.0,-209.0,False
0.6,470,30.0,-212.0,False
0.6,475,30.0,-215.0,False
0.6,480,30.0,-218.0,False
0.6,485,30.0,-221.0,False
0.6,490,30.0,-224.0,False
0.6,495,30.0,-227.0,False
0.6,500,30.0,-230.0,False
0.61,0,30.0,70.0,True
0.61,5,30.0,66.95,True
0.61,10,30.0,63.9,True
0.61,15,30.0,60.85,True
0.61,20,30.0,57.8,True
0.61,25,30.0,54.75,True
0.61,30,30.0,51.7,True
0.61,35,30.0,48.650000000000006,True
0.61,40,30.0,45.6,True
0.61,45,30.0,42.55,True
0.61,50,30.0,39.5,True
0.61,55,30.0,36.45,True
0.61,60,30.0,33.4,True
0.61,65,30.0,30.35,True
0.61,70,30.0,27.300000000000004,False
0.61,75,30.0,24.25,False
0.61,80,30.0,21.200000000000003,False
0.61,85,30.0,18.15,False
0.61,90,30.0,15.100000000000001,False
0.61,95,30.0,12.050000000000004,False
0.61,100,30.0,9.0,False
0.61,105,30.0,5.950000000000003,False
0.61,110,30.0,2.9000000000000057,False
0.61,115,30.0,-0.14999999999999147,False
0.61,120,30.0,-3.200000000000003,False
0.61,125,30.0,-6.25,False
0.61,130,30.0,-9.299999999999997,False
0.61,135,30.0,-12.349999999999994,False
0.61,140,30.0,-15.399999999999991,False
0.61,145,30.0,-18.450000000000003,False
0.61,150,30.0,-21.5,False
0.61,155,30.0,-24.549999999999997,False
0.61,160,30.0,-27.599999999999994,False
0.61,165,30.0,-30.64999999999999,False
0.61,170,30.0,-33.7,False
0.61,175,30.0,-36.75,False
0.61,180,30.0,-39.8,False
0.61,185,30.0,-42.849999999999994,False
0.61,190,30.0,-45.89999999999999,False
0.61,195,30.0,-48.95,False
0.61,200,30.0,-52.0,False
0.61,205,30.0,-55.05,False
0.61,210,30.0,-58.099999999999994,False
0.61,215,30.0,-61.150000000000006,False
0.61,220,30.0,-64.19999999999999,False
0.61,225,30.0,-67.25,False
0.61,230,30.0,-70.29999999999998,False
0.61,235,30.0,-73.35,False
0.61,240,30.0,-76.4,False
0.61,245,30.0,-79.44999999999999,False
0.61,250,30.0,-82.5,False
0.61,255,30.0,-85.54999999999998,False
0.61,260,30.0,-88.6,False
0.61,265,30.0,-91.65,False
0.61,270,30.0,-94.69999999999999,False
0.61,275,30.0,-97.75,False
0.61,280,30.0,-100.79999999999998,False
0.61,285,30.0,-103.85,False
0.61,290,30.0,-106.9,False
0.61,295,30.0,-109.94999999999999,False
0.61,300,30.0,-113.0,False
0.61,305,30.0,-116.04999999999998,False
0.61,310,30.0,-119.1,False
0.61,315,30.0,-122.15,False
0.61,320,30.0,-125.19999999999999,False
0.61,325,30.0,-128.25,False
0.61,330,30.0,-131.29999999999998,False
0.61,335,30.0,-134.35,False
0.61,340,30.0,-137.4,False
0.61,345,30.0,-140.45,False
0.61,350,30.0,-143.5,False
0.61,355,30.0,-146.54999999999998,False
0.61,360,30.0,-149.6,False
0.61,365,30.0,-152.65,False
0.61,370,30.0,-155.7,False
0.61,375,30.0,-158.75,False
0.61,380,30.0,-161.79999999999998,False
0.61,385,30.0,-164.85,False
0.61,390,30.0,-167.9,False
0.61,395,30.0,-170.95,False
0.61,400,30.0,-174.0,False
0.61,405,30.0,-177.04999999999998,False
0.61,410,30.0,-180.1,False
0.61,415,30.0,-183.15,False
0.61,420,30.0,-186.2,False
0.61,425,30.0,-189.25,False
0.61,430,30.0,-192.3,False
0.61,435,30.0,-195.34999999999997,False
0.61,440,30.0,-198.39999999999998,False
0.61,445,30.0,-201.45,False
0.61,450,30.0,-204.5,False
0.61,455,30.0,-207.55,False
0.61,460,30.0,-210.59999999999997,False
0.61,465,30.0,-213.64999999999998,False
0.61,470,30.0,-216.7,False
0.61,475,30.0,-219.75,False
0.61,480,30.0,-222.8,False
0.61,485,30.0,-225.84999999999997,False
0.61,490,30.0,-228.89999999999998,False
0.61,495,30.0,-231.95,False
0.61,500,30.0,-235.0,False
0.62,0,30.0,70.0,True
0.62,5,30.0,66.9,True
0.62,10,30.0,63.8,True
0.62,15,30.0,60.7,True
0.62,20,30.0,57.6,True
0.62,25,30.0,54.5,True
0.62,30,30.0,51.4,True
0.62,35,30.0,48.3,True
0.62,40,30.0,45.2,True
0.62,45,30.0,42.1,True
0.62,50,30.0,39.0,True
0.62,55,30.0,35.9,True
0.62,60,30.0,32.8,True
0.62,65,30.0,29.700000000000003,False
0.62,70,30.0,26.6,False
0.62,75,30.0,23.5,False
0.62,80,30.0,20.4,False
0.62,85,30.0,17.299999999999997,False
0.62,90,30.0,14.200000000000003,False
0.62,95,30.0,11.100000000000001,False
0.62,100,30.0,8.0,False
0.62,105,30.0,4.900000000000006,False
0.62,110,30.0,1.7999999999999972,False
0.62,115,30.0,-1.2999999999999972,False
0.62,120,30.0,-4.400000000000006,False
0.62,125,30.0,-7.5,False
0.62,130,30.0,-10.599999999999994,False
0.62,135,30.0,-13.700000000000003,False
0.62,140,30.0,-16.799999999999997,False
0.62,145,30.0,-19.900000000000006,False
0.62,150,30.0,-23.0,False
0.62,155,30.0,-26.099999999999994,False
0.62,160,30.0,-29.200000000000003,False
0.62,165,30.0,-32.3,False
0.62,170,30.0,-35.400000000000006,False
0.62,175,30.0,-38.5,False
0.62,180,30.0,-41.599999999999994,False
0.62,185,30.0,-44.7,False
0.62,190,30.0,-47.8,False
0.62,195,30.0,-50.900000000000006,False
0.62,200,30.0,-54.0,False
0.62,205,30.0,-57.099999999999994,False
0.62,210,30.0,-60.19999999999999,False
0.62,215,30.0,-63.30000000000001,False
0.62,220,30.0,-66.4,False
0.62,225,30.0,-69.5,False
0.62,230,30.0,-72.6,False
0.62,235,30.0,-75.69999999999999,False
0.62,240,30.0,-78.80000000000001,False
0.62,245,30.0,-81.9,False
0.62,250,30.0,-85.0,False
0.62,255,30.0,-88.1,False
0.62,260,30.0,-91.19999999999999,False
0.62,265,30.0,-94.30000000000001,False
0.62,270,30.0,-97.4,False
0.62,275,30.0,-100.5,False
0.62,280,30.0,-103.6,False
0.62,285,30.0,-106.69999999999999,False
0.62,290,30.0,-109.80000000000001,False
0.62,295,30.0,-112.9,False
0.62,300,30.0,-116.0,False
0.62,305,30.0,-119.1,False
0.62,310,30.0,-122.19999999999999,False
0.62,315,30.0,-125.30000000000001,False
0.62,320,30.0,-128.4,False
0.62,325,30.0,-131.5,False
0.62,330,30.0,-134.6,False
0.62,335,30.0,-137.7,False
0.62,340,30.0,-140.8,False
0.62,345,30.0,-143.9,False
0.62,350,30.0,-147.0,False
0.62,355,30.0,-150.1,False
0.62,360,30.0,-153.2,False
0.62,365,30.0,-156.3,False
0.62,370,30.0,-159.4,False
0.62,375,30.0,-162.5,False
0.62,380,30.0,-165.6,False
0.62,385,30.0,-168.7,False
0.62,390,30.0,-171.8,False
0.62,395,30.0,-174.9,False
0.62,400,30.0,-178.0,False
0.62,405,30.0,-181.1,False
0.62,410,30.0,-184.2,False
0.62,415,30.0,-187.3,False
0.62,420,30.0,-190.39999999999998,False
0.62,425,30.0,-193.5,False
0.62,430,30.0,-196.60000000000002,False
0.62,435,30.0,-199.7,False
0.62,440,30.0,-202.8,False
0.62,445,30.0,-205.89999999999998,False
0.62,450,30.0,-209.0,False
0.62,455,30.0,-212.10000000000002,False
0.62,460,30.0,-215.2,False
0.62,465,30.0,-218.3,False
0.62,470,30.0,-221.39999999999998,False
0.62,475,30.0,-224.5,False
0.62,480,30.0,-227.60000000000002,False
0.62,485,30.0,-230.7,False
0.62,490,30.0,-233.8,False
0.62,495,30.0,-236.89999999999998,False
0.62,500,30.0,-240.0,False
0.63,0,30.0,70.0,True
0.63,5,30.0,66.85,True
0.63,10,30.0,63.7,True
0.63,15,30.0,60.55,True
0.63,20,30.0,57.4,True
0.63,25,30.0,54.25,True
0.63,30,30.0,51.1,True
0.63,35,30.0,47.95,True
0.63,40,30.0,44.8,True
0.63,45,30.0,41.65,True
0.63,50,30.0,38.5,True
0.63,55,30.0,35.35,True
0.63,60,30.0,32.2,True
0.63,65,30.0,29.049999999999997,False
0.63,70,30.0,25.9,False
0.63,75,30.0,22.75,False
0.63,80,30.0,19.6,False
0.63,85,30.0,16.450000000000003,False
0.63,90,30.0,13.299999999999997,False
0.63,95,30.0,10.149999999999999,False
0.63,100,30.0,7.0,False
0.63,105,30.0,3.8499999999999943,False
0.63,110,30.0,0.7000000000000028,False
0.63,115,30.0,-2.450000000000003,False
0.63,120,30.0,-5.599999999999994,False
0.63,125,30.0,-8.75,False
0.63,130,30.0,-11.900000000000006,False
0.63,135,30.0,-15.049999999999997,False
0.63,140,30.0,-18.200000000000003,False
0.63,145,30.0,-21.349999999999994,False
0.63,150,30.0,-24.5,False
0.63,155,30.0,-27.650000000000006,False
0.63,160,30.0,-30.799999999999997,False
0.63,165,30.0,-33.95,False
0.63,170,30.0,-37.099999999999994,False
0.63,175,30.0,-40.25,False
0.63,180,30.0,-43.400000000000006,False
0.63,185,30.0,-46.55,False
0.63,190,30.0,-49.7,False
0.63,195,30.0,-52.849999999999994,False
0.63,200,30.0,-56.0,False
0.63,205,30.0,-59.150000000000006,False
0.63,210,30.0,-62.30000000000001,False
0.63,215,30.0,-65.44999999999999,False
0.63,220,30.0,-68.6,False
0.63,225,30.0,-71.75,False
0.63,230,30.0,-74.9,False
0.63,235,30.0,-78.05000000000001,False
0.63,240,30.0,-81.19999999999999,False
0.63,245,30.0,-84.35,False
0.63,250,30.0,-87.5,False
0.63,255,30.0,-90.65,False
0.63,260,30.0,-93.80000000000001,False
0.63,265,30.0,-96.94999999999999,False
0.63,270,30.0,-100.1,False
0.63,275,30.0,-103.25,False
0.63,280,30.0,-106.4,False
0.63,285,30.0,-109.55000000000001,False
0.63,290,30.0,-112.69999999999999,False
0.63,295,30.0,-115.85,False
0.63,300,30.0,-119.0,False
0.63,305,30.0,-122.15,False
0.63,310,30.0,-125.30000000000001,False
0.63,315,30.0,-128.45,False
0.63,320,30.0,-131.6,False
0.63,325,30.0,-134.75,False
0.63,330,30.0,-137.9,False
0.63,335,30.0,-141.05,False
0.63,340,30.0,-144.2,False
0.63,345,30.0,-147.35,False
0.63,350,30.0,-150.5,False
0.63,355,30.0,-153.65,False
0.63,360,30.0,-156.8,False
0.63,365,30.0,-159.95,False
0.63,370,30.0,-163.1,False
0.63,375,30.0,-166.25,False
0.63,380,30.0,-169.4,False
0.63,385,30.0,-172.55,False
0.63,390,30.0,-175.7,False
0.63,395,30.0,-178.85,False
0.63,400,30.0,-182.0,False
0.63,405,30.0,-185.15,False
0.63,410,30.0,-188.3,False
0.63,415,30.0,-191.45,False
0.63,420,30.0,-194.60000000000002,False
0.63,425,30.0,-197.75,False
0.63,430,30.0,-200.89999999999998,False
0.63,435,30.0,-204.05,False
0.63,440,30.0,-207.2,False
0.63,445,30.0,-210.35000000000002,False
0.63,450,30.0,-213.5,False
0.63,455,30.0,-216.64999999999998,False
0.63,460,30.0,-219.8,False
0.63,465,30.0,-222.95,False
0.63,470,30.0,-226.10000000000002,False
0.63,475,30.0,-229.25,False
0.63,480,30.0,-232.39999999999998,False
0.63,485,30.0,-235.55,False
0.63,490,30.0,-238.7,False
0.63,495,30.0,-241.85000000000002,False
0.63,500,30.0,-245.0,False
0.64,0,30.0,70.0,True
0.64,5,30.0,66.8,True
0.64,10,30.0,63.6,True
0.64,15,30.0,60.4,True
0.64,20,30.0,57.2,True
0.64,25,30.0,54.0,True
0.64,30,30.0,50.8,True
0.64,35,30.0,47.599999999999994,True
0.64,40,30.0,44.4,True
0.64,45,30.0,41.2,True
0.64,50,30.0,38.0,True
0.64,55,30.0,34.8,True
0.64,60,30.0,31.6,True
0.64,65,30.0,28.4,False
0.64,70,30.0,25.199999999999996,False
0.64,75,30.0,22.0,False
0.64,80,30.0,18.799999999999997,False
0.64,85,30.0,15.600000000000001,False
0.64,90,30.0,12.399999999999999,False
0.64,95,30.0,9.199999999999996,False
0.64,100,30.0,6.0,False
0.64,105,30.0,2.799999999999997,False
0.64,110,30.0,-0.4000000000000057,False
0.64,115,30.0,-3.6000000000000085,False
0.64,120,30.0,-6.799999999999997,False
0.64,125,30.0,-10.0,False
0.64,130,30.0,-13.200000000000003,False
0.64,135,30.0,-16.400000000000006,False
0.64,140,30.0,-19.60000000000001,False
0.64,145,30.0,-22.799999999999997,False
0.64,150,30.0,-26.0,False
0.64,155,30.0,-29.200000000000003,False
0.64,160,30.0,-32.400000000000006,False
0.64,165,30.0,-35.60000000000001,False
0.64,170,30.0,-38.8,False
0.64,175,30.0,-42.0,False
0.64,180,30.0,-45.2,False
0.64,185,30.0,-48.400000000000006,False
0.64,190,30.0,-51.60000000000001,False
0.64,195,30.0,-54.8,False
0.64,200,30.0,-58.0,False
0.64,205,30.0,-61.19999999999999,False
0.64,210,30.0,-64.4,False
0.64,215,30.0,-67.6,False
0.64,220,30.0,-70.80000000000001,False
0.64,225,30.0,-74.0,False
0.64,230,30.0,-77.20000000000002,False
0.64,235,30.0,-80.4,False
0.64,240,30.0,-83.6,False
0.64,245,30.0,-86.80000000000001,False
0.64,250,30.0,-90.0,False
0.64,255,30.0,-93.20000000000002,False
0.64,260,30.0,-96.4,False
0.64,265,30.0,-99.6,False
0.64,270,30.0,-102.80000000000001,False
0.64,275,30.0,-106.0,False
0.64,280,30.0,-109.20000000000002,False
0.64,285,30.0,-112.4,False
0.64,290,30.0,-115.6,False
0.64,295,30.0,-118.80000000000001,False
0.64,300,30.0,-122.0,False
0.64,305,30.0,-125.20000000000002,False
0.64,310,30.0,-128.4,False
0.64,315,30.0,-131.6,False
0.64,320,30.0,-134.8,False
0.64,325,30.0,-138.0,False
0.64,330,30.0,-141.20000000000002,False
0.64,335,30.0,-144.4,False
0.64,340,30.0,-147.6,False
0.64,345,30.0,-150.8,False
0.64,350,30.0,-154.0,False
0.64,355,30.0,-157.20000000000002,False
0.64,360,30.0,-160.4,False
0.64,365,30.0,-163.6,False
0.64,370,30.0,-166.8,False
0.64,375,30.0,-170.0,False
0.64,380,30.0,-173.20000000000002,False
0.64,385,30.0,-176.4,False
0.64,390,30.0,-179.6,False
0.64,395,30.0,-182.8,False
0.64,400,30.0,-186.0,False
0.64,405,30.0,-189.2,False
0.64,410,30.0,-192.39999999999998,False
0.64,415,30.0,-195.60000000000002,False
0.64,420,30.0,-198.8,False
0.64,425,30.0,-202.0,False
0.64,430,30.0,-205.2,False
0.64,435,30.0,-208.40000000000003,False
0.64,440,30.0,-211.60000000000002,False
0.64,445,30.0,-214.8,False
0.64,450,30.0,-218.0,False
0.64,455,30.0,-221.2,False
0.64,460,30.0,-224.40000000000003,False
0.64,465,30.0,-227.60000000000002,False
0.64,470,30.0,-230.8,False
0.64,475,30.0,-234.0,False
0.64,480,30.0,-237.2,False
0.64,485,30.0,-240.40000000000003,False
0.64,490,30.0,-243.60000000000002,False
0.64,495,30.0,-246.8,False
0.64,500,30.0,-250.0,False
0.65,0,30.0,70.0,True
0.65,5,30.0,66.75,True
0.65,10,30.0,63.5,True
0.65,15,30.0,60.25,True
0.65,20,30.0,57.0,True
0.65,25,30.0,53.75,True
0.65,30,30.0,50.5,True
0.65,35,30.0,47.25,True
0.65,40,30.0,44.0,True
0.65,45,30.0,40.75,True
0.65,50,30.0,37.5,True
0.65,55,30.0,34.25,True
0.65,60,30.0,31.0,True
0.65,65,30.0,27.75,False
0.65,70,30.0,24.5,False
0.65,75,30.0,21.25,False
0.65,80,30.0,18.0,False
0.65,85,30.0,14.75,False
0.65,90,30.0,11.5,False
0.65,95,30.0,8.25,False
0.65,100,30.0,5.0,False
0.65,105,30.0,1.75,False
0.65,110,30.0,-1.5,False
0.65,115,30.0,-4.75,False
0.65,120,30.0,-8.0,False
0.65,125,30.0,-11.25,False
0.65,130,30.0,-14.5,False
0.65,135,30.0,-17.75,False
0.65,140,30.0,-21.0,False
0.65,145,30.0,-24.25,False
0.65,150,30.0,-27.5,False
0.65,155,30.0,-30.75,False
0.65,160,30.0,-34.0,False
0.65,165,30.0,-37.25,False
0.65,170,30.0,-40.5,False
0.65,175,30.0,-43.75,False
0.65,180,30.0,-47.0,False
0.65,185,30.0,-50.25,False
0.65,190,30.0,-53.5,False
0.65,195,30.0,-56.75,False
0.65,200,30.0,-60.0,False
0.65,205,30.0,-63.25,False
0.65,210,30.0,-66.5,False
0.65,215,30.0,-69.75,False
0.65,220,30.0,-73.0,False
0.65,225,30.0,-76.25,False
0.65,230,30.0,-79.5,False
0.65,235,30.0,-82.75,False
0.65,240,30.0,-86.0,False
0.65,245,30.0,-89.25,False
0.65,250,30.0,-92.5,False
0.65,255,30.0,-95.75,False
0.65,260,30.0,-99.0,False
0.65,265,30.0,-102.25,False
0.65,270,30.0,-105.5,False
0.65,275,30.0,-108.75,False
0.65,280,30.0,-112.0,False
0.65,285,30.0,-115.25,False
0.65,290,30.0,-118.5,False
0.65,295,30.0,-121.75,False
0.65,300,30.0,-125.0,False
0.65,305,30.0,-128.25,False
0.65,310,30.0,-131.5,False
0.65,315,30.0,-134.75,False
0.65,320,30.0,-138.0,False
0.65,325,30.0,-141.25,False
0.65,330,30.0,-144.5,False
0.65,335,30.0,-147.75,False
0.65,340,30.0,-151.0,False
0.65,345,30.0,-154.25,False
0.65,350,30.0,-157.5,False
0.65,355,30.0,-160.75,False
0.65,360,30.0,-164.0,False
0.65,365,30.0,-167.25,False
0.65,370,30.0,-170.5,False
0.65,375,30.0,-173.75,False
0.65,380,30.0,-177.0,False
0.65,385,30.0,-180.25,False
0.65,390,30.0,-183.5,False
0.65,395,30.0,-186.75,False
0.65,400,30.0,-190.0,False
0.65,405,30.0,-193.25,False
0.65,410,30.0,-196.5,False
0.65,415,30.0,-199.75,False
0.65,420,30.0,-203.0,False
0.65,425,30.0,-206.25,False
0.65,430,30.0,-209.5,False
0.65,435,30.0,-212.75,False
0.65,440,30.0,-216.0,False
0.65,445,30.0,-219.25,False
0.65,450,30.0,-222.5,False
0.65,455,30.0,-225.75,False
0.65,460,30.0,-229.0,False
0.65,465,30.0,-232.25,False
0.65,470,30.0,-235.5,False
0.65,475,30.0,-238.75,False
0.65,480,30.0,-242.0,False
0.65,485,30.0,-245.25,False
0.65,490,30.0,-248.5,False
0.65,495,30.0,-251.75,False
0.65,500,30.0,-255.0,False
0.66,0,30.0,70.0,True
0.66,5,30.0,66.7,True
0.66,10,30.0,63.4,True
0.66,15,30.0,60.1,True
0.66,20,30.0,56.8,True
0.66,25,30.0,53.5,True
0.66,30,30.0,50.2,True
0.66,35,30.0,46.9,True
0.66,40,30.0,43.599999999999994,True
0.66,45,30.0,40.3,True
0.66,50,30.0,37.0,True
0.66,55,30.0,33.699999999999996,True
0.66,60,30.0,30.4,True
0.66,65,30.0,27.1,False
0.66,70,30.0,23.799999999999997,False
0.66,75,30.0,20.5,False
0.66,80,30.0,17.199999999999996,False
0.66,85,30.0,13.899999999999999,False
0.66,90,30.0,10.599999999999994,False
0.66,95,30.0,7.299999999999997,False
0.66,100,30.0,4.0,False
0.66,105,30.0,0.7000000000000028,False
0.66,110,30.0,-2.6000000000000085,False
0.66,115,30.0,-5.900000000000006,False
0.66,120,30.0,-9.200000000000003,False
0.66,125,30.0,-12.5,False
0.66,130,30.0,-15.799999999999997,False
0.66,135,30.0,-19.10000000000001,False
0.66,140,30.0,-22.400000000000006,False
0.66,145,30.0,-25.700000000000003,False
0.66,150,30.0,-29.0,False
0.66,155,30.0,-32.30000000000001,False
0.66,160,30.0,-35.60000000000001,False
0.66,165,30.0,-38.900000000000006,False
0.66,170,30.0,-42.2,False
0.66,175,30.0,-45.5,False
0.66,180,30.0,-48.80000000000001,False
0.66,185,30.0,-52.10000000000001,False
0.66,190,30.0,-55.400000000000006,False
0.66,195,30.0,-58.70000000000002,False
0.66,200,30.0,-62.0,False
0.66,205,30.0,-65.30000000000001,False
0.66,210,30.0,-68.6,False
0.66,215,30.0,-71.9,False
0.66,220,30.0,-75.20000000000002,False
0.66,225,30.0,-78.5,False
0.66,230,30.0,-81.80000000000001,False
0.66,235,30.0,-85.1,False
0.66,240,30.0,-88.4,False
0.66,245,30.0,-91.70000000000002,False
0.66,250,30.0,-95.0,False
0.66,255,30.0,-98.30000000000001,False
0.66,260,30.0,-101.6,False
0.66,265,30.0,-104.9,False
0.66,270,30.0,-108.20000000000002,False
0.66,275,30.0,-111.5,False
0.66,280,30.0,-114.80000000000001,False
0.66,285,30.0,-118.10000000000002,False
0.66,290,30.0,-121.4,False
0.66,295,30.0,-124.70000000000002,False
0.66,300,30.0,-128.0,False
0.66,305,30.0,-131.3,False
0.66,310,30.0,-134.60000000000002,False
0.66,315,30.0,-137.9,False
0.66,320,30.0,-141.20000000000002,False
0.66,325,30.0,-144.5,False
0.66,330,30.0,-147.8,False
0.66,335,30.0,-151.10000000000002,False
0.66,340,30.0,-154.4,False
0.66,345,30.0,-157.70000000000002,False
0.66,350,30.0,-161.0,False
0.66,355,30.0,-164.3,False
0.66,360,30.0,-167.60000000000002,False
0.66,365,30.0,-170.9,False
0.66,370,30.0,-174.20000000000002,False
0.66,375,30.0,-177.5,False
0.66,380,30.0,-180.8,False
0.66,385,30.0,-184.10000000000002,False
0.66,390,30.0,-187.40000000000003,False
0.66,395,30.0,-190.7,False
0.66,400,30.0,-194.0,False
0.66,405,30.0,-197.3,False
0.66,410,30.0,-200.60000000000002,False
0.66,415,30.0,-203.90000000000003,False
0.66,420,30.0,-207.2,False
0.66,425,30.0,-210.5,False
0.66,430,30.0,-213.8,False
0.66,435,30.0,-217.10000000000002,False
0.66,440,30.0,-220.40000000000003,False
0.66,445,30.0,-223.7,False
0.66,450,30.0,-227.0,False
0.66,455,30.0,-230.3,False
0.66,460,30.0,-233.60000000000002,False
0.66,465,30.0,-236.90000000000003,False
0.66,470,30.0,-240.2,False
0.66,475,30.0,-243.5,False
0.66,480,30.0,-246.8,False
0.66,485,30.0,-250.10000000000002,False
0.66,490,30.0,-253.40000000000003,False
0.66,495,30.0,-256.7,False
0.66,500,30.0,-260.0,False
0.67,0,30.0,70.0,True
0.67,5,30.0,66.65,True
0.67,10,30.0,63.3,True
0.67,15,30.0,59.95,True
0.67,20,30.0,56.6,True
0.67,25,30.0,53.25,True
0.67,30,30.0,49.9,True
0.67,35,30.0,46.55,True
0.67,40,30.0,43.2,True
0.67,45,30.0,39.849999999999994,True
0.67,50,30.0,36.5,True
0.67,55,30.0,33.15,True
0.67,60,30.0,29.799999999999997,False
0.67,65,30.0,26.449999999999996,False
0.67,70,30.0,23.099999999999994,False
0.67,75,30.0,19.75,False
0.67,80,30.0,16.4,False
0.67,85,30.0,13.049999999999997,False
0.67,90,30.0,9.699999999999996,False
0.67,95,30.0,6.349999999999994,False
0.67,100,30.0,3.0,False
0.67,105,30.0,-0.3500000000000085,False
0.67,110,30.0,-3.700000000000003,False
0.67,115,30.0,-7.050000000000011,False
0.67,120,30.0,-10.400000000000006,False
0.67,125,30.0,-13.75,False
0.67,130,30.0,-17.10000000000001,False
0.67,135,30.0,-20.450000000000003,False
0.67,140,30.0,-23.80000000000001,False
0.67,145,30.0,-27.150000000000006,False
0.67,150,30.0,-30.5,False
0.67,155,30.0,-33.85000000000001,False
0.67,160,30.0,-37.2,False
0.67,165,30.0,-40.55000000000001,False
0.67,170,30.0,-43.900000000000006,False
0.67,175,30.0,-47.25,False
0.67,180,30.0,-50.60000000000001,False
0.67,185,30.0,-53.95,False
0.67,190,30.0,-57.30000000000001,False
0.67,195,30.0,-60.650000000000006,False
0.67,200,30.0,-64.0,False
0.67,205,30.0,-67.35,False
0.67,210,30.0,-70.70000000000002,False
0.67,215,30.0,-74.05000000000001,False
0.67,220,30.0,-77.4,False
0.67,225,30.0,-80.75,False
0.67,230,30.0,-84.10000000000002,False
0.67,235,30.0,-87.45000000000002,False
0.67,240,30.0,-90.80000000000001,False
0.67,245,30.0,-94.15,False
0.67,250,30.0,-97.5,False
0.67,255,30.0,-100.85000000000002,False
0.67,260,30.0,-104.20000000000002,False
0.67,265,30.0,-107.55000000000001,False
0.67,270,30.0,-110.9,False
0.67,275,30.0,-114.25,False
0.67,280,30.0,-117.60000000000002,False
0.67,285,30.0,-120.95000000000002,False
0.67,290,30.0,-124.30000000000001,False
0.67,295,30.0,-127.65,False
0.67,300,30.0,-131.0,False
0.67,305,30.0,-134.35000000000002,False
0.67,310,30.0,-137.70000000000002,False
0.67,315,30.0,-141.05,False
0.67,320,30.0,-144.4,False
0.67,325,30.0,-147.75,False
0.67,330,30.0,-151.10000000000002,False
0.67,335,30.0,-154.45000000000002,False
0.67,340,30.0,-157.8,False
0.67,345,30.0,-161.15,False
0.67,350,30.0,-164.5,False
0.67,355,30.0,-167.85000000000002,False
0.67,360,30.0,-171.20000000000002,False
0.67,365,30.0,-174.55,False
0.67,370,30.0,-177.9,False
0.67,375,30.0,-181.25000000000003,False
0.67,380,30.0,-184.60000000000002,False
0.67,385,30.0,-187.95,False
0.67,390,30.0,-191.3,False
0.67,395,30.0,-194.65000000000003,False
0.67,400,30.0,-198.0,False
0.67,405,30.0,-201.35000000000002,False
0.67,410,30.0,-204.7,False
0.67,415,30.0,-208.05,False
0.67,420,30.0,-211.40000000000003,False
0.67,425,30.0,-214.75,False
0.67,430,30.0,-218.10000000000002,False
0.67,435,30.0,-221.45000000000005,False
0.67,440,30.0,-224.8,False
0.67,445,30.0,-228.15000000000003,False
0.67,450,30.0,-231.5,False
0.67,455,30.0,-234.85000000000002,False
0.67,460,30.0,-238.20000000000005,False
0.67,465,30.0,-241.55,False
0.67,470,30.0,-244.90000000000003,False
0.67,475,30.0,-248.25,False
0.67,480,30.0,-251.60000000000002,False
0.67,485,30.0,-254.95000000000005,False
0.67,490,30.0,-258.3,False
0.67,495,30.0,-261.65000000000003,False
0.67,500,30.0,-265.0,False
0.68,0,30.0,70.0,True
0.68,5,30.0,66.6,True
0.68,10,30.0,63.2,True
0.68,15,30.0,59.8,True
0.68,20,30.0,56.4,True
0.68,25,30.0,53.0,True
0.68,30,30.0,49.599999999999994,True
0.68,35,30.0,46.2,True
0.68,40,30.0,42.8,True
0.68,45,30.0,39.4,True
0.68,50,30.0,36.0,True
0.68,55,30.0,32.599999999999994,True
0.68,60,30.0,29.199999999999996,False
0.68,65,30.0,25.799999999999997,False
0.68,70,30.0,22.4,False
0.68,75,30.0,18.999999999999993,False
0.68,80,30.0,15.599999999999994,False
0.68,85,30.0,12.199999999999996,False
0.68,90,30.0,8.799999999999997,False
0.68,95,30.0,5.3999999999999915,False
0.68,100,30.0,2.0,False
0.68,105,30.0,-1.4000000000000057,False
0.68,110,30.0,-4.800000000000011,False
0.68,115,30.0,-8.200000000000003,False
0.68,120,30.0,-11.600000000000009,False
0.68,125,30.0,-15.0,False
0.68,130,30.0,-18.400000000000006,False
0.68,135,30.0,-21.80000000000001,False
0.68,140,30.0,-25.200000000000003,False
0.68,145,30.0,-28.60000000000001,False
0.68,150,30.0,-32.000000000000014,False
0.68,155,30.0,-35.400000000000006,False
0.68,160,30.0,-38.80000000000001,False
0.68,165,30.0,-42.2,False
0.68,170,30.0,-45.60000000000001,False
0.68,175,30.0,-49.000000000000014,False
0.68,180,30.0,-52.400000000000006,False
0.68,185,30.0,-55.80000000000001,False
0.68,190,30.0,-59.20000000000002,False
0.68,195,30.0,-62.60000000000002,False
0.68,200,30.0,-66.0,False
0.68,205,30.0,-69.4,False
0.68,210,30.0,-72.80000000000001,False
0.68,215,30.0,-76.20000000000002,False
0.68,220,30.0,-79.60000000000002,False
0.68,225,30.0,-83.0,False
0.68,230,30.0,-86.4,False
0.68,235,30.0,-89.80000000000001,False
0.68,240,30.0,-93.20000000000002,False
0.68,245,30.0,-96.60000000000002,False
0.68,250,30.0,-100.0,False
0.68,255,30.0,-103.4,False
0.68,260,30.0,-106.80000000000001,False
0.68,265,30.0,-110.20000000000002,False
0.68,270,30.0,-113.60000000000002,False
0.68,275,30.0,-117.0,False
0.68,280,30.0,-120.4,False
0.68,285,30.0,-123.80000000000001,False
0.68,290,30.0,-127.20000000000002,False
0.68,295,30.0,-130.60000000000002,False
0.68,300,30.0,-134.00000000000003,False
0.68,305,30.0,-137.4,False
0.68,310,30.0,-140.8,False
0.68,315,30.0,-144.20000000000002,False
0.68,320,30.0,-147.60000000000002,False
0.68,325,30.0,-151.00000000000003,False
0.68,330,30.0,-154.4,False
0.68,335,30.0,-157.8,False
0.68,340,30.0,-161.20000000000002,False
0.68,345,30.0,-164.60000000000002,False
0.68,350,30.0,-168.00000000000003,False
0.68,355,30.0,-171.4,False
0.68,360,30.0,-174.8,False
0.68,365,30.0,-178.20000000000002,False
0.68,370,30.0,-181.60000000000002,False
0.68,375,30.0,-185.00000000000003,False
0.68,380,30.0,-188.40000000000003,False
0.68,385,30.0,-191.8,False
0.68,390,30.0,-195.20000000000005,False
0.68,395,30.0,-198.60000000000002,False
0.68,400,30.0,-202.0,False
0.68,405,30.0,-205.40000000000003,False
0.68,410,30.0,-208.8,False
0.68,415,30.0,-212.20000000000005,False
0.68,420,30.0,-215.60000000000002,False
0.68,425,30.0,-219.0,False
0.68,430,30.0,-222.40000000000003,False
0.68,435,30.0,-225.8,False
0.68,440,30.0,-229.20000000000005,False
0.68,445,30.0,-232.60000000000002,False
0.68,450,30.0,-236.0,False
0.68,455,30.0,-239.40000000000003,False
0.68,460,30.0,-242.8,False
0.68,465,30.0,-246.20000000000005,False
0.68,470,30.0,-249.60000000000002,False
0.68,475,30.0,-253.0,False
0.68,480,30.0,-256.40000000000003,False
0.68,485,30.0,-259.8,False
0.68,490,30.0,-263.20000000000005,False
0.68,495,30.0,-266.6,False
0.68,500,30.0,-270.0,False
0.6900000000000001,0,30.0,70.0,True
0.6900000000000001,5,30.0,66.55,True
0.6900000000000001,10,30.0,63.1,True
0.6900000000000001,15,30.0,59.65,True
0.6900000000000001,20,30.0,56.2,True
0.6900000000000001,25,30.0,52.75,True
0.6900000000000001,30,30.0,49.3,True
0.6900000000000001,35,30.0,45.849999999999994,True
0.6900000000000001,40,30.0,42.4,True
0.6900000000000001,45,30.0,38.949999999999996,True
0.6900000000000001,50,30.0,35.5,True
0.6900000000000001,55,30.0,32.05,True
0.6900000000000001,60,30.0,28.599999999999994,False
0.6900000000000001,65,30.0,25.15,False
0.6900000000000001,70,30.0,21.699999999999996,False
0.6900000000000001,75,30.0,18.249999999999993,False
0.6900000000000001,80,30.0,14.799999999999997,False
0.6900000000000001,85,30.0,11.349999999999994,False
0.6900000000000001,90,30.0,7.8999999999999915,False
0.6900000000000001,95,30.0,4.449999999999989,False
0.6900000000000001,100,30.0,1.0,False
0.6900000000000001,105,30.0,-2.450000000000003,False
0.6900000000000001,110,30.0,-5.900000000000006,False
0.6900000000000001,115,30.0,-9.350000000000009,False
0.6900000000000001,120,30.0,-12.800000000000011,False
0.6900000000000001,125,30.0,-16.250000000000014,False
0.6900000000000001,130,30.0,-19.700000000000003,False
0.6900000000000001,135,30.0,-23.150000000000006,False
0.6900000000000001,140,30.0,-26.60000000000001,False
0.6900000000000001,145,30.0,-30.05000000000001,False
0.6900000000000001,150,30.0,-33.500000000000014,False
0.6900000000000001,155,30.0,-36.95,False
0.6900000000000001,160,30.0,-40.400000000000006,False
0.6900000000000001,165,30.0,-43.85000000000001,False
0.6900000000000001,170,30.0,-47.30000000000001,False
0.6900000000000001,175,30.0,-50.750000000000014,False
0.6900000000000001,180,30.0,-54.20000000000002,False
0.6900000000000001,185,30.0,-57.650000000000006,False
0.6900000000000001,190,30.0,-61.10000000000002,False
0.6900000000000001,195,30.0,-64.55000000000001,False
0.6900000000000001,200,30.0,-68.0,False
0.6900000000000001,205,30.0,-71.45000000000002,False
0.6900000000000001,210,30.0,-74.9,False
0.6900000000000001,215,30.0,-78.35000000000002,False
0.6900000000000001,220,30.0,-81.80000000000001,False
0.6900000000000001,225,30.0,-85.25,False
0.6900000000000001,230,30.0,-88.70000000000002,False
0.6900000000000001,235,30.0,-92.15,False
0.6900000000000001,240,30.0,-95.60000000000002,False
0.6900000000000001,245,30.0,-99.05000000000001,False
0.6900000000000001,250,30.0,-102.50000000000003,False
0.6900000000000001,255,30.0,-105.95000000000002,False
0.6900000000000001,260,30.0,-109.4,False
0.6900000000000001,265,30.0,-112.85000000000002,False
0.6900000000000001,270,30.0,-116.30000000000001,False
0.6900000000000001,275,30.0,-119.75000000000003,False
0.6900000000000001,280,30.0,-123.20000000000002,False
0.6900000000000001,285,30.0,-126.65,False
0.6900000000000001,290,30.0,-130.10000000000002,False
0.6900000000000001,295,30.0,-133.55,False
0.6900000000000001,300,30.0,-137.00000000000003,False
0.6900000000000001,305,30.0,-140.45000000000002,False
0.6900000000000001,310,30.0,-143.9,False
0.6900000000000001,315,30.0,-147.35000000000002,False
0.6900000000000001,320,30.0,-150.8,False
0.6900000000000001,325,30.0,-154.25000000000003,False
0.6900000000000001,330,30.0,-157.70000000000002,False
0.6900000000000001,335,30.0,-161.15,False
0.6900000000000001,340,30.0,-164.60000000000002,False
0.6900000000000001,345,30.0,-168.05,False
0.6900000000000001,350,30.0,-171.50000000000003,False
0.6900000000000001,355,30.0,-174.95000000000002,False
0.6900000000000001,360,30.0,-178.40000000000003,False
0.6900000000000001,365,30.0,-181.85000000000002,False
0.6900000000000001,370,30.0,-185.3,False
0.6900000000000001,375,30.0,-188.75,False
0.6900000000000001,380,30.0,-192.20000000000005,False
0.6900000000000001,385,30.0,-195.65000000000003,False
0.6900000000000001,390,30.0,-199.10000000000002,False
0.6900000000000001,395,30.0,-202.55,False
0.6900000000000001,400,30.0,-206.0,False
0.6900000000000001,405,30.0,-209.45000000000005,False
0.6900000000000001,410,30.0,-212.90000000000003,False
0.6900000000000001,415,30.0,-216.35000000000002,False
0.6900000000000001,420,30.0,-219.8,False
0.6900000000000001,425,30.0,-223.25,False
0.6900000000000001,430,30.0,-226.70000000000005,False
0.6900000000000001,435,30.0,-230.15000000000003,False
0.6900000000000001,440,30.0,-233.60000000000002,False
0.6900000000000001,445,30.0,-237.05,False
0.6900000000000001,450,30.0,-240.5,False
0.6900000000000001,455,30.0,-243.95000000000005,False
0.6900000000000001,460,30.0,-247.40000000000003,False
0.6900000000000001,465,30.0,-250.85000000000002,False
0.6900000000000001,470,30.0,-254.3,False
0.6900000000000001,475,30.0,-257.75,False
0.6900000000000001,480,30.0,-261.20000000000005,False
0.6900000000000001,485,30.0,-264.65000000000003,False
0.6900000000000001,490,30.0,-268.1,False
0.6900000000000001,495,30.0,-271.55,False
0.6900000000000001,500,30.0,-275.00000000000006,False
0.7000000000000001,0,30.0,70.0,True
0.7000000000000001,5,30.0,66.5,True
0.7000000000000001,10,30.0,63.0,True
0.7000000000000001,15,30.0,59.5,True
0.7000000000000001,20,30.0,56.0,True
0.7000000000000001,25,30.0,52.5,True
0.7000000000000001,30,30.0,49.0,True
0.7000000000000001,35,30.0,45.5,True
0.7000000000000001,40,30.0,42.0,True
0.7000000000000001,45,30.0,38.5,True
0.7000000000000001,50,30.0,35.0,True
0.7000000000000001,55,30.0,31.499999999999993,True
0.7000000000000001,60,30.0,27.999999999999993,False
0.7000000000000001,65,30.0,24.499999999999993,False
0.7000000000000001,70,30.0,20.999999999999993,False
0.7000000000000001,75,30.0,17.499999999999993,False
0.7000000000000001,80,30.0,13.999999999999993,False
0.7000000000000001,85,30.0,10.499999999999993,False
0.7000000000000001,90,30.0,6.999999999999993,False
0.7000000000000001,95,30.0,3.5,False
0.7000000000000001,100,30.0,0.0,False
0.7000000000000001,105,30.0,-3.5,False
0.7000000000000001,110,30.0,-7.000000000000014,False
0.7000000000000001,115,30.0,-10.500000000000014,False
0.7000000000000001,120,30.0,-14.000000000000014,False
0.7000000000000001,125,30.0,-17.500000000000014,False
0.7000000000000001,130,30.0,-21.000000000000014,False
0.7000000000000001,135,30.0,-24.500000000000014,False
0.7000000000000001,140,30.0,-28.000000000000014,False
0.7000000000000001,145,30.0,-31.500000000000014,False
0.7000000000000001,150,30.0,-35.000000000000014,False
0.7000000000000001,155,30.0,-38.500000000000014,False
0.7000000000000001,160,30.0,-42.000000000000014,False
0.7000000000000001,165,30.0,-45.500000000000014,False
0.7000000000000001,170,30.0,-49.000000000000014,False
0.7000000000000001,175,30.0,-52.500000000000014,False
0.7000000000000001,180,30.0,-56.000000000000014,False
0.7000000000000001,185,30.0,-59.5,False
0.7000000000000001,190,30.0,-63.0,False
0.7000000000000001,195,30.0,-66.5,False
0.7000000000000001,200,30.0,-70.0,False
0.7000000000000001,205,30.0,-73.5,False
0.7000000000000001,210,30.0,-77.0,False
0.7000000000000001,215,30.0,-80.50000000000003,False
0.7000000000000001,220,30.0,-84.00000000000003,False
0.7000000000000001,225,30.0,-87.50000000000003,False
0.7000000000000001,230,30.0,-91.00000000000003,False
0.7000000000000001,235,30.0,-94.50000000000003,False
0.7000000000000001,240,30.0,-98.00000000000003,False
0.7000000000000001,245,30.0,-101.50000000000003,False
0.7000000000000001,250,30.0,-105.00000000000003,False
0.7000000000000001,255,30.0,-108.50000000000003,False
0.7000000000000001,260,30.0,-112.00000000000003,False
0.7000000000000001,265,30.0,-115.50000000000003,False
0.7000000000000001,270,30.0,-119.00000000000003,False
0.7000000000000001,275,30.0,-122.50000000000003,False
0.7000000000000001,280,30.0,-126.00000000000003,False
0.7000000000000001,285,30.0,-129.50000000000003,False
0.7000000000000001,290,30.0,-133.00000000000003,False
0.7000000000000001,295,30.0,-136.50000000000003,False
0.7000000000000001,300,30.0,-140.00000000000003,False
0.7000000000000001,305,30.0,-143.50000000000003,False
0.7000000000000001,310,30.0,-147.00000000000003,False
0.7000000000000001,315,30.0,-150.50000000000003,False
0.7000000000000001,320,30.0,-154.00000000000003,False
0.7000000000000001,325,30.0,-157.50000000000003,False
0.7000000000000001,330,30.0,-161.00000000000003,False
0.7000000000000001,335,30.0,-164.50000000000003,False
0.7000000000000001,340,30.0,-168.00000000000003,False
0.7000000000000001,345,30.0,-171.50000000000003,False
0.7000000000000001,350,30.0,-175.00000000000003,False
0.7000000000000001,355,30.0,-178.50000000000003,False
0.7000000000000001,360,30.0,-182.00000000000003,False
0.7000000000000001,365,30.0,-185.50000000000003,False
0.7000000000000001,370,30.0,-189.0,False
0.7000000000000001,375,30.0,-192.5,False
0.7000000000000001,380,30.0,-196.0,False
0.7000000000000001,385,30.0,-199.5,False
0.7000000000000001,390,30.0,-203.0,False
0.7000000000000001,395,30.0,-206.5,False
0.7000000000000001,400,30.0,-210.0,False
0.7000000000000001,405,30.0,-213.5,False
0.7000000000000001,410,30.0,-217.0,False
0.7000000000000001,415,30.0,-220.5,False
0.7000000000000001,420,30.0,-224.0,False
0.7000000000000001,425,30.0,-227.5,False
0.7000000000000001,430,30.0,-231.00000000000006,False
0.7000000000000001,435,30.0,-234.50000000000006,False
0.7000000000000001,440,30.0,-238.00000000000006,False
0.7000000000000001,445,30.0,-241.50000000000006,False
0.7000000000000001,450,30.0,-245.00000000000006,False
0.7000000000000001,455,30.0,-248.50000000000006,False
0.7000000000000001,460,30.0,-252.00000000000006,False
0.7000000000000001,465,30.0,-255.50000000000006,False
0.7000000000000001,470,30.0,-259.00000000000006,False
0.7000000000000001,475,30.0,-262.50000000000006,False
0.7000000000000001,480,30.0,-266.00000000000006,False
0.7000000000000001,485,30.0,-269.50000000000006,False
0.7000000000000001,490,30.0,-273.00000000000006,False
0.7000000000000001,495,30.0,-276.50000000000006,False
0.7000000000000001,500,30.0,-280.00000000000006,False
0.71,0,30.0,70.0,True
0.71,5,30.0,66.45,True
0.71,10,30.0,62.9,True
0.71,15,30.0,59.35,True
0.71,20,30.0,55.8,True
0.71,25,30.0,52.25,True
0.71,30,30.0,48.7,True
0.71,35,30.0,45.150000000000006,True
0.71,40,30.0,41.6,True
0.71,45,30.0,38.05,True
0.71,50,30.0,34.5,True
0.71,55,30.0,30.950000000000003,True
0.71,60,30.0,27.400000000000006,False
0.71,65,30.0,23.85,False
0.71,70,30.0,20.300000000000004,False
0.71,75,30.0,16.75,False
0.71,80,30.0,13.200000000000003,False
0.71,85,30.0,9.650000000000006,False
0.71,90,30.0,6.100000000000001,False
0.71,95,30.0,2.549999999999997,False
0.71,100,30.0,-1.0,False
0.71,105,30.0,-4.549999999999997,False
0.71,110,30.0,-8.099999999999994,False
0.71,115,30.0,-11.649999999999991,False
0.71,120,30.0,-15.199999999999989,False
0.71,125,30.0,-18.75,False
0.71,130,30.0,-22.299999999999997,False
0.71,135,30.0,-25.849999999999994,False
0.71,140,30.0,-29.39999999999999,False
0.71,145,30.0,-32.94999999999999,False
0.71,150,30.0,-36.5,False
0.71,155,30.0,-40.05,False
0.71,160,30.0,-43.599999999999994,False
0.71,165,30.0,-47.14999999999999,False
0.71,170,30.0,-50.69999999999999,False
0.71,175,30.0,-54.25,False
0.71,180,30.0,-57.8,False
0.71,185,30.0,-61.349999999999994,False
0.71,190,30.0,-64.9,False
0.71,195,30.0,-68.44999999999999,False
0.71,200,30.0,-72.0,False
0.71,205,30.0,-75.54999999999998,False
0.71,210,30.0,-79.1,False
0.71,215,30.0,-82.65,False
0.71,220,30.0,-86.19999999999999,False
0.71,225,30.0,-89.75,False
0.71,230,30.0,-93.29999999999998,False
0.71,235,30.0,-96.85,False
0.71,240,30.0,-100.39999999999998,False
0.71,245,30.0,-103.94999999999999,False
0.71,250,30.0,-107.5,False
0.71,255,30.0,-111.04999999999998,False
0.71,260,30.0,-114.6,False
0.71,265,30.0,-118.14999999999998,False
0.71,270,30.0,-121.69999999999999,False
0.71,275,30.0,-125.25,False
0.71,280,30.0,-128.79999999999998,False
0.71,285,30.0,-132.35,False
0.71,290,30.0,-135.89999999999998,False
0.71,295,30.0,-139.45,False
0.71,300,30.0,-143.0,False
0.71,305,30.0,-146.54999999999998,False
0.71,310,30.0,-150.1,False
0.71,315,30.0,-153.64999999999998,False
0.71,320,30.0,-157.2,False
0.71,325,30.0,-160.75,False
0.71,330,30.0,-164.29999999999998,False
0.71,335,30.0,-167.85,False
0.71,340,30.0,-171.39999999999998,False
0.71,345,30.0,-174.95,False
0.71,350,30.0,-178.5,False
0.71,355,30.0,-182.04999999999998,False
0.71,360,30.0,-185.6,False
0.71,365,30.0,-189.14999999999998,False
0.71,370,30.0,-192.7,False
0.71,375,30.0,-196.25,False
0.71,380,30.0,-199.8,False
0.71,385,30.0,-203.34999999999997,False
0.71,390,30.0,-206.89999999999998,False
0.71,395,30.0,-210.45,False
0.71,400,30.0,-214.0,False
0.71,405,30.0,-217.55,False
0.71,410,30.0,-221.09999999999997,False
0.71,415,30.0,-224.64999999999998,False
0.71,420,30.0,-228.2,False
0.71,425,30.0,-231.75,False
0.71,430,30.0,-235.3,False
0.71,435,30.0,-238.84999999999997,False
0.71,440,30.0,-242.39999999999998,False
0.71,445,30.0,-245.95,False
0.71,450,30.0,-249.5,False
0.71,455,30.0,-253.05,False
0.71,460,30.0,-256.59999999999997,False
0.71,465,30.0,-260.15,False
0.71,470,30.0,-263.7,False
0.71,475,30.0,-267.25,False
0.71,480,30.0,-270.79999999999995,False
0.71,485,30.0,-274.34999999999997,False
0.71,490,30.0,-277.9,False
0.71,495,30.0,-281.45,False
0.71,500,30.0,-285.0,False
0.72,0,30.0,70.0,True
0.72,5,30.0,66.4,True
0.72,10,30.0,62.8,True
0.72,15,30.0,59.2,True
0.72,20,30.0,55.6,True
0.72,25,30.0,52.0,True
0.72,30,30.0,48.400000000000006,True
0.72,35,30.0,44.8,True
0.72,40,30.0,41.2,True
0.72,45,30.0,37.6,True
0.72,50,30.0,34.0,True
0.72,55,30.0,30.4,True
0.72,60,30.0,26.800000000000004,False
0.72,65,30.0,23.200000000000003,False
0.72,70,30.0,19.6,False
0.72,75,30.0,16.0,False
0.72,80,30.0,12.400000000000006,False
0.72,85,30.0,8.800000000000004,False
0.72,90,30.0,5.200000000000003,False
0.72,95,30.0,1.6000000000000085,False
0.72,100,30.0,-2.0,False
0.72,105,30.0,-5.599999999999994,False
0.72,110,30.0,-9.200000000000003,False
0.72,115,30.0,-12.799999999999997,False
0.72,120,30.0,-16.39999999999999,False
0.72,125,30.0,-20.0,False
0.72,130,30.0,-23.599999999999994,False
0.72,135,30.0,-27.200000000000003,False
0.72,140,30.0,-30.799999999999997,False
0.72,145,30.0,-34.39999999999999,False
0.72,150,30.0,-38.0,False
0.72,155,30.0,-41.599999999999994,False
0.72,160,30.0,-45.19999999999999,False
0.72,165,30.0,-48.8,False
0.72,170,30.0,-52.39999999999999,False
0.72,175,30.0,-56.0,False
0.72,180,30.0,-59.599999999999994,False
0.72,185,30.0,-63.19999999999999,False
0.72,190,30.0,-66.79999999999998,False
0.72,195,30.0,-70.4,False
0.72,200,30.0,-74.0,False
0.72,205,30.0,-77.6,False
0.72,210,30.0,-81.19999999999999,False
0.72,215,30.0,-84.79999999999998,False
0.72,220,30.0,-88.4,False
0.72,225,30.0,-92.0,False
0.72,230,30.0,-95.6,False
0.72,235,30.0,-99.19999999999999,False
0.72,240,30.0,-102.79999999999998,False
0.72,245,30.0,-106.4,False
0.72,250,30.0,-110.0,False
0.72,255,30.0,-113.6,False
0.72,260,30.0,-117.19999999999999,False
0.72,265,30.0,-120.79999999999998,False
0.72,270,30.0,-124.4,False
0.72,275,30.0,-128.0,False
0.72,280,30.0,-131.6,False
0.72,285,30.0,-135.2,False
0.72,290,30.0,-138.79999999999998,False
0.72,295,30.0,-142.4,False
0.72,300,30.0,-146.0,False
0.72,305,30.0,-149.6,False
0.72,310,30.0,-153.2,False
0.72,315,30.0,-156.79999999999998,False
0.72,320,30.0,-160.39999999999998,False
0.72,325,30.0,-164.0,False
0.72,330,30.0,-167.6,False
0.72,335,30.0,-171.2,False
0.72,340,30.0,-174.79999999999998,False
0.72,345,30.0,-178.39999999999998,False
0.72,350,30.0,-182.0,False
0.72,355,30.0,-185.6,False
0.72,360,30.0,-189.2,False
0.72,365,30.0,-192.8,False
0.72,370,30.0,-196.39999999999998,False
0.72,375,30.0,-200.0,False
0.72,380,30.0,-203.59999999999997,False
0.72,385,30.0,-207.2,False
0.72,390,30.0,-210.8,False
0.72,395,30.0,-214.39999999999998,False
0.72,400,30.0,-218.0,False
0.72,405,30.0,-221.59999999999997,False
0.72,410,30.0,-225.2,False
0.72,415,30.0,-228.8,False
0.72,420,30.0,-232.39999999999998,False
0.72,425,30.0,-236.0,False
0.72,430,30.0,-239.59999999999997,False
0.72,435,30.0,-243.2,False
0.72,440,30.0,-246.8,False
0.72,445,30.0,-250.39999999999998,False
0.72,450,30.0,-254.0,False
0.72,455,30.0,-257.59999999999997,False
0.72,460,30.0,-261.2,False
0.72,465,30.0,-264.8,False
0.72,470,30.0,-268.4,False
0.72,475,30.0,-272.0,False
0.72,480,30.0,-275.59999999999997,False
0.72,485,30.0,-279.2,False
0.72,490,30.0,-282.8,False
0.72,495,30.0,-286.4,False
0.72,500,30.0,-290.0,False
0.73,0,30.0,70.0,True
0.73,5,30.0,66.35,True
0.73,10,30.0,62.7,True
0.73,15,30.0,59.05,True
0.73,20,30.0,55.4,True
0.73,25,30.0,51.75,True
0.73,30,30.0,48.1,True
0.73,35,30.0,44.45,True
0.73,40,30.0,40.8,True
0.73,45,30.0,37.15,True
0.73,50,30.0,33.5,True
0.73,55,30.0,29.85,False
0.73,60,30.0,26.200000000000003,False
0.73,65,30.0,22.550000000000004,False
0.73,70,30.0,18.9,False
0.73,75,30.0,15.25,False
0.73,80,30.0,11.600000000000001,False
0.73,85,30.0,7.950000000000003,False
0.73,90,30.0,4.299999999999997,False
0.73,95,30.0,0.6500000000000057,False
0.73,100,30.0,-3.0,False
0.73,105,30.0,-6.6499999999999915,False
0.73,110,30.0,-10.299999999999997,False
0.73,115,30.0,-13.950000000000003,False
0.73,120,30.0,-17.599999999999994,False
0.73,125,30.0,-21.25,False
0.73,130,30.0,-24.89999999999999,False
0.73,135,30.0,-28.549999999999997,False
0.73,140,30.0,-32.2,False
0.73,145,30.0,-35.849999999999994,False
0.73,150,30.0,-39.5,False
0.73,155,30.0,-43.14999999999999,False
0.73,160,30.0,-46.8,False
0.73,165,30.0,-50.45,False
0.73,170,30.0,-54.099999999999994,False
0.73,175,30.0,-57.75,False
0.73,180,30.0,-61.400000000000006,False
0.73,185,30.0,-65.04999999999998,False
0.73,190,30.0,-68.69999999999999,False
0.73,195,30.0,-72.35,False
0.73,200,30.0,-76.0,False
0.73,205,30.0,-79.65,False
0.73,210,30.0,-83.29999999999998,False
0.73,215,30.0,-86.94999999999999,False
0.73,220,30.0,-90.6,False
0.73,225,30.0,-94.25,False
0.73,230,30.0,-97.9,False
0.73,235,30.0,-101.54999999999998,False
0.73,240,30.0,-105.19999999999999,False
0.73,245,30.0,-108.85,False
0.73,250,30.0,-112.5,False
0.73,255,30.0,-116.15,False
0.73,260,30.0,-119.79999999999998,False
0.73,265,30.0,-123.44999999999999,False
0.73,270,30.0,-127.1,False
0.73,275,30.0,-130.75,False
0.73,280,30.0,-134.4,False
0.73,285,30.0,-138.04999999999998,False
0.73,290,30.0,-141.7,False
0.73,295,30.0,-145.35,False
0.73,300,30.0,-149.0,False
0.73,305,30.0,-152.65,False
0.73,310,30.0,-156.29999999999998,False
0.73,315,30.0,-159.95,False
0.73,320,30.0,-163.6,False
0.73,325,30.0,-167.25,False
0.73,330,30.0,-170.9,False
0.73,335,30.0,-174.54999999999998,False
0.73,340,30.0,-178.2,False
0.73,345,30.0,-181.85,False
0.73,350,30.0,-185.5,False
0.73,355,30.0,-189.14999999999998,False
0.73,360,30.0,-192.8,False
0.73,365,30.0,-196.45,False
0.73,370,30.0,-200.09999999999997,False
0.73,375,30.0,-203.75,False
0.73,380,30.0,-207.39999999999998,False
0.73,385,30.0,-211.05,False
0.73,390,30.0,-214.7,False
0.73,395,30.0,-218.34999999999997,False
0.73,400,30.0,-222.0,False
0.73,405,30.0,-225.64999999999998,False
0.73,410,30.0,-229.3,False
0.73,415,30.0,-232.95,False
0.73,420,30.0,-236.59999999999997,False
0.73,425,30.0,-240.25,False
0.73,430,30.0,-243.89999999999998,False
0.73,435,30.0,-247.55,False
0.73,440,30.0,-251.2,False
0.73,445,30.0,-254.84999999999997,False
0.73,450,30.0,-258.5,False
0.73,455,30.0,-262.15,False
0.73,460,30.0,-265.8,False
0.73,465,30.0,-269.45,False
0.73,470,30.0,-273.09999999999997,False
0.73,475,30.0,-276.75,False
0.73,480,30.0,-280.4,False
0.73,485,30.0,-284.05,False
0.73,490,30.0,-287.7,False
0.73,495,30.0,-291.34999999999997,False
0.73,500,30.0,-295.0,False
0.74,0,30.0,70.0,True
0.74,5,30.0,66.3,True
0.74,10,30.0,62.6,True
0.74,15,30.0,58.9,True
0.74,20,30.0,55.2,True
0.74,25,30.0,51.5,True
0.74,30,30.0,47.8,True
0.74,35,30.0,44.1,True
0.74,40,30.0,40.4,True
0.74,45,30.0,36.7,True
0.74,50,30.0,33.0,True
0.74,55,30.0,29.299999999999997,False
0.74,60,30.0,25.6,False
0.74,65,30.0,21.9,False
0.74,70,30.0,18.200000000000003,False
0.74,75,30.0,14.5,False
0.74,80,30.0,10.799999999999997,False
0.74,85,30.0,7.100000000000001,False
0.74,90,30.0,3.4000000000000057,False
0.74,95,30.0,-0.29999999999999716,False
0.74,100,30.0,-4.0,False
0.74,105,30.0,-7.700000000000003,False
0.74,110,30.0,-11.400000000000006,False
0.74,115,30.0,-15.099999999999994,False
0.74,120,30.0,-18.799999999999997,False
0.74,125,30.0,-22.5,False
0.74,130,30.0,-26.200000000000003,False
0.74,135,30.0,-29.900000000000006,False
0.74,140,30.0,-33.599999999999994,False
0.74,145,30.0,-37.3,False
0.74,150,30.0,-41.0,False
0.74,155,30.0,-44.7,False
0.74,160,30.0,-48.400000000000006,False
0.74,165,30.0,-52.099999999999994,False
0.74,170,30.0,-55.8,False
0.74,175,30.0,-59.5,False
0.74,180,30.0,-63.19999999999999,False
0.74,185,30.0,-66.9,False
0.74,190,30.0,-70.6,False
0.74,195,30.0,-74.30000000000001,False
0.74,200,30.0,-78.0,False
0.74,205,30.0,-81.69999999999999,False
0.74,210,30.0,-85.4,False
0.74,215,30.0,-89.1,False
0.74,220,30.0,-92.80000000000001,False
0.74,225,30.0,-96.5,False
0.74,230,30.0,-100.19999999999999,False
0.74,235,30.0,-103.9,False
0.74,240,30.0,-107.6,False
0.74,245,30.0,-111.30000000000001,False
0.74,250,30.0,-115.0,False
0.74,255,30.0,-118.69999999999999,False
0.74,260,30.0,-122.4,False
0.74,265,30.0,-126.1,False
0.74,270,30.0,-129.8,False
0.74,275,30.0,-133.5,False
0.74,280,30.0,-137.2,False
0.74,285,30.0,-140.9,False
0.74,290,30.0,-144.6,False
0.74,295,30.0,-148.3,False
0.74,300,30.0,-152.0,False
0.74,305,30.0,-155.7,False
0.74,310,30.0,-159.4,False
0.74,315,30.0,-163.1,False
0.74,320,30.0,-166.8,False
0.74,325,30.0,-170.5,False
0.74,330,30.0,-174.2,False
0.74,335,30.0,-177.9,False
0.74,340,30.0,-181.6,False
0.74,345,30.0,-185.29999999999998,False
0.74,350,30.0,-189.0,False
0.74,355,30.0,-192.7,False
0.74,360,30.0,-196.39999999999998,False
0.74,365,30.0,-200.10000000000002,False
0.74,370,30.0,-203.8,False
0.74,375,30.0,-207.5,False
0.74,380,30.0,-211.2,False
0.74,385,30.0,-214.89999999999998,False
0.74,390,30.0,-218.60000000000002,False
0.74,395,30.0,-222.3,False
0.74,400,30.0,-226.0,False
0.74,405,30.0,-229.7,False
0.74,410,30.0,-233.39999999999998,False
0.74,415,30.0,-237.10000000000002,False
0.74,420,30.0,-240.8,False
0.74,425,30.0,-244.5,False
0.74,430,30.0,-248.2,False
0.74,435,30.0,-251.89999999999998,False
0.74,440,30.0,-255.60000000000002,False
0.74,445,30.0,-259.3,False
0.74,450,30.0,-263.0,False
0.74,455,30.0,-266.7,False
0.74,460,30.0,-270.4,False
0.74,465,30.0,-274.1,False
0.74,470,30.0,-277.8,False
0.74,475,30.0,-281.5,False
0.74,480,30.0,-285.2,False
0.74,485,30.0,-288.9,False
0.74,490,30.0,-292.6,False
0.74,495,30.0,-296.3,False
0.74,500,30.0,-300.0,False
0.75,0,30.0,70.0,True
0.75,5,30.0,66.25,True
0.75,10,30.0,62.5,True
0.75,15,30.0,58.75,True
0.75,20,30.0,55.0,True
0.75,25,30.0,51.25,True
0.75,30,30.0,47.5,True
0.75,35,30.0,43.75,True
0.75,40,30.0,40.0,True
0.75,45,30.0,36.25,True
0.75,50,30.0,32.5,True
0.75,55,30.0,28.75,False
0.75,60,30.0,25.0,False
0.75,65,30.0,21.25,False
0.75,70,30.0,17.5,False
0.75,75,30.0,13.75,False
0.75,80,30.0,10.0,False
0.75,85,30.0,6.25,False
0.75,90,30.0,2.5,False
0.75,95,30.0,-1.25,False
0.75,100,30.0,-5.0,False
0.75,105,30.0,-8.75,False
0.75,110,30.0,-12.5,False
0.75,115,30.0,-16.25,False
0.75,120,30.0,-20.0,False
0.75,125,30.0,-23.75,False
0.75,130,30.0,-27.5,False
0.75,135,30.0,-31.25,False
0.75,140,30.0,-35.0,False
0.75,145,30.0,-38.75,False
0.75,150,30.0,-42.5,False
0.75,155,30.0,-46.25,False
0.75,160,30.0,-50.0,False
0.75,165,30.0,-53.75,False
0.75,170,30.0,-57.5,False
0.75,175,30.0,-61.25,False
0.75,180,30.0,-65.0,False
0.75,185,30.0,-68.75,False
0.75,190,30.0,-72.5,False
0.75,195,30.0,-76.25,False
0.75,200,30.0,-80.0,False
0.75,205,30.0,-83.75,False
0.75,210,30.0,-87.5,False
0.75,215,30.0,-91.25,False
0.75,220,30.0,-95.0,False
0.75,225,30.0,-98.75,False
0.75,230,30.0,-102.5,False
0.75,235,30.0,-106.25,False
0.75,240,30.0,-110.0,False
0.75,245,30.0,-113.75,False
0.75,250,30.0,-117.5,False
0.75,255,30.0,-121.25,False
0.75,260,30.0,-125.0,False
0.75,265,30.0,-128.75,False
0.75,270,30.0,-132.5,False
0.75,275,30.0,-136.25,False
0.75,280,30.0,-140.0,False
0.75,285,30.0,-143.75,False
0.75,290,30.0,-147.5,False
0.75,295,30.0,-151.25,False
0.75,300,30.0,-155.0,False
0.75,305,30.0,-158.75,False
0.75,310,30.0,-162.5,False
0.75,315,30.0,-166.25,False
0.75,320,30.0,-170.0,False
0.75,325,30.0,-173.75,False
0.75,330,30.0,-177.5,False
0.75,335,30.0,-181.25,False
0.75,340,30.0,-185.0,False
0.75,345,30.0,-188.75,False
0.75,350,30.0,-192.5,False
0.75,355,30.0,-196.25,False
0.75,360,30.0,-200.0,False
0.75,365,30.0,-203.75,False
0.75,370,30.0,-207.5,False
0.75,375,30.0,-211.25,False
0.75,380,30.0,-215.0,False
0.75,385,30.0,-218.75,False
0.75,390,30.0,-222.5,False
0.75,395,30.0,-226.25,False
0.75,400,30.0,-230.0,False
0.75,405,30.0,-233.75,False
0.75,410,30.0,-237.5,False
0.75,415,30.0,-241.25,False
0.75,420,30.0,-245.0,False
0.75,425,30.0,-248.75,False
0.75,430,30.0,-252.5,False
0.75,435,30.0,-256.25,False
0.75,440,30.0,-260.0,False
0.75,445,30.0,-263.75,False
0.75,450,30.0,-267.5,False
0.75,455,30.0,-271.25,False
0.75,460,30.0,-275.0,False
0.75,465,30.0,-278.75,False
0.75,470,30.0,-282.5,False
0.75,475,30.0,-286.25,False
0.75,480,30.0,-290.0,False
0.75,485,30.0,-293.75,False
0.75,490,30.0,-297.5,False
0.75,495,30.0,-301.25,False
0.75,500,30.0,-305.0,False
0.76,0,30.0,70.0,True
0.76,5,30.0,66.2,True
0.76,10,30.0,62.4,True
0.76,15,30.0,58.6,True
0.76,20,30.0,54.8,True
0.76,25,30.0,51.0,True
0.76,30,30.0,47.2,True
0.76,35,30.0,43.4,True
0.76,40,30.0,39.6,True
0.76,45,30.0,35.8,True
0.76,50,30.0,32.0,True
0.76,55,30.0,28.200000000000003,False
0.76,60,30.0,24.4,False
0.76,65,30.0,20.6,False
0.76,70,30.0,16.799999999999997,False
0.76,75,30.0,13.0,False
0.76,80,30.0,9.200000000000003,False
0.76,85,30.0,5.400000000000006,False
0.76,90,30.0,1.5999999999999943,False
0.76,95,30.0,-2.200000000000003,False
0.76,100,30.0,-6.0,False
0.76,105,30.0,-9.799999999999997,False
0.76,110,30.0,-13.599999999999994,False
0.76,115,30.0,-17.400000000000006,False
0.76,120,30.0,-21.200000000000003,False
0.76,125,30.0,-25.0,False
0.76,130,30.0,-28.799999999999997,False
0.76,135,30.0,-32.599999999999994,False
0.76,140,30.0,-36.400000000000006,False
0.76,145,30.0,-40.2,False
0.76,150,30.0,-44.0,False
0.76,155,30.0,-47.8,False
0.76,160,30.0,-51.599999999999994,False
0.76,165,30.0,-55.400000000000006,False
0.76,170,30.0,-59.19999999999999,False
0.76,175,30.0,-63.0,False
0.76,180,30.0,-66.80000000000001,False
0.76,185,30.0,-70.6,False
0.76,190,30.0,-74.4,False
0.76,195,30.0,-78.19999999999999,False
0.76,200,30.0,-82.0,False
0.76,205,30.0,-85.80000000000001,False
0.76,210,30.0,-89.6,False
0.76,215,30.0,-93.4,False
0.76,220,30.0,-97.19999999999999,False
0.76,225,30.0,-101.0,False
0.76,230,30.0,-104.80000000000001,False
0.76,235,30.0,-108.6,False
0.76,240,30.0,-112.4,False
0.76,245,30.0,-116.19999999999999,False
0.76,250,30.0,-120.0,False
0.76,255,30.0,-123.80000000000001,False
0.76,260,30.0,-127.6,False
0.76,265,30.0,-131.4,False
0.76,270,30.0,-135.2,False
0.76,275,30.0,-139.0,False
0.76,280,30.0,-142.8,False
0.76,285,30.0,-146.6,False
0.76,290,30.0,-150.4,False
0.76,295,30.0,-154.2,False
0.76,300,30.0,-158.0,False
0.76,305,30.0,-161.8,False
0.76,310,30.0,-165.6,False
0.76,315,30.0,-169.4,False
0.76,320,30.0,-173.2,False
0.76,325,30.0,-177.0,False
0.76,330,30.0,-180.8,False
0.76,335,30.0,-184.6,False
0.76,340,30.0,-188.39999999999998,False
0.76,345,30.0,-192.2,False
0.76,350,30.0,-196.0,False
0.76,355,30.0,-199.8,False
0.76,360,30.0,-203.60000000000002,False
0.76,365,30.0,-207.39999999999998,False
0.76,370,30.0,-211.2,False
0.76,375,30.0,-215.0,False
0.76,380,30.0,-218.8,False
0.76,385,30.0,-222.60000000000002,False
0.76,390,30.0,-226.39999999999998,False
0.76,395,30.0,-230.2,False
0.76,400,30.0,-234.0,False
0.76,405,30.0,-237.8,False
0.76,410,30.0,-241.60000000000002,False
0.76,415,30.0,-245.39999999999998,False
0.76,420,30.0,-249.2,False
0.76,425,30.0,-253.0,False
0.76,430,30.0,-256.8,False
0.76,435,30.0,-260.6,False
0.76,440,30.0,-264.4,False
0.76,445,30.0,-268.2,False
0.76,450,30.0,-272.0,False
0.76,455,30.0,-275.8,False
0.76,460,30.0,-279.6,False
0.76,465,30.0,-283.4,False
0.76,470,30.0,-287.2,False
0.76,475,30.0,-291.0,False
0.76,480,30.0,-294.8,False
0.76,485,30.0,-298.6,False
0.76,490,30.0,-302.4,False
0.76,495,30.0,-306.2,False
0.76,500,30.0,-310.0,False
0.77,0,30.0,70.0,True
0.77,5,30.0,66.15,True
0.77,10,30.0,62.3,True
0.77,15,30.0,58.45,True
0.77,20,30.0,54.6,True
0.77,25,30.0,50.75,True
0.77,30,30.0,46.9,True
0.77,35,30.0,43.05,True
0.77,40,30.0,39.2,True
0.77,45,30.0,35.35,True
0.77,50,30.0,31.5,True
0.77,55,30.0,27.65,False
0.77,60,30.0,23.799999999999997,False
0.77,65,30.0,19.949999999999996,False
0.77,70,30.0,16.1,False
0.77,75,30.0,12.25,False
0.77,80,30.0,8.399999999999999,False
0.77,85,30.0,4.549999999999997,False
0.77,90,30.0,0.7000000000000028,False
0.77,95,30.0,-3.1500000000000057,False
0.77,100,30.0,-7.0,False
0.77,105,30.0,-10.850000000000009,False
0.77,110,30.0,-14.700000000000003,False
0.77,115,30.0,-18.549999999999997,False
0.77,120,30.0,-22.400000000000006,False
0.77,125,30.0,-26.25,False
0.77,130,30.0,-30.10000000000001,False
0.77,135,30.0,-33.95,False
0.77,140,30.0,-37.8,False
0.77,145,30.0,-41.650000000000006,False
0.77,150,30.0,-45.5,False
0.77,155,30.0,-49.35000000000001,False
0.77,160,30.0,-53.2,False
0.77,165,30.0,-57.05,False
0.77,170,30.0,-60.900000000000006,False
0.77,175,30.0,-64.75,False
0.77,180,30.0,-68.6,False
0.77,185,30.0,-72.45000000000002,False
0.77,190,30.0,-76.30000000000001,False
0.77,195,30.0,-80.15,False
0.77,200,30.0,-84.0,False
0.77,205,30.0,-87.85,False
0.77,210,30.0,-91.70000000000002,False
0.77,215,30.0,-95.55000000000001,False
0.77,220,30.0,-99.4,False
0.77,225,30.0,-103.25,False
0.77,230,30.0,-107.1,False
0.77,235,30.0,-110.95000000000002,False
0.77,240,30.0,-114.80000000000001,False
0.77,245,30.0,-118.65,False
0.77,250,30.0,-122.5,False
0.77,255,30.0,-126.35,False
0.77,260,30.0,-130.20000000000002,False
0.77,265,30.0,-134.05,False
0.77,270,30.0,-137.9,False
0.77,275,30.0,-141.75,False
0.77,280,30.0,-145.6,False
0.77,285,30.0,-149.45000000000002,False
0.77,290,30.0,-153.3,False
0.77,295,30.0,-157.15,False
0.77,300,30.0,-161.0,False
0.77,305,30.0,-164.85,False
0.77,310,30.0,-168.70000000000002,False
0.77,315,30.0,-172.55,False
0.77,320,30.0,-176.4,False
0.77,325,30.0,-180.25,False
0.77,330,30.0,-184.1,False
0.77,335,30.0,-187.95,False
0.77,340,30.0,-191.8,False
0.77,345,30.0,-195.65000000000003,False
0.77,350,30.0,-199.5,False
0.77,355,30.0,-203.35000000000002,False
0.77,360,30.0,-207.2,False
0.77,365,30.0,-211.05,False
0.77,370,30.0,-214.90000000000003,False
0.77,375,30.0,-218.75,False
0.77,380,30.0,-222.60000000000002,False
0.77,385,30.0,-226.45,False
0.77,390,30.0,-230.3,False
0.77,395,30.0,-234.15000000000003,False
0.77,400,30.0,-238.0,False
0.77,405,30.0,-241.85000000000002,False
0.77,410,30.0,-245.7,False
0.77,415,30.0,-249.55,False
0.77,420,30.0,-253.40000000000003,False
0.77,425,30.0,-257.25,False
0.77,430,30.0,-261.1,False
0.77,435,30.0,-264.95,False
0.77,440,30.0,-268.8,False
0.77,445,30.0,-272.65000000000003,False
0.77,450,30.0,-276.5,False
0.77,455,30.0,-280.35,False
0.77,460,30.0,-284.2,False
0.77,465,30.0,-288.05,False
0.77,470,30.0,-291.90000000000003,False
0.77,475,30.0,-295.75,False
0.77,480,30.0,-299.6,False
0.77,485,30.0,-303.45,False
0.77,490,30.0,-307.3,False
0.77,495,30.0,-311.15000000000003,False
0.77,500,30.0,-315.0,False
0.78,0,30.0,70.0,True
0.78,5,30.0,66.1,True
0.78,10,30.0,62.2,True
0.78,15,30.0,58.3,True
0.78,20,30.0,54.4,True
0.78,25,30.0,50.5,True
0.78,30,30.0,46.599999999999994,True
0.78,35,30.0,42.7,True
0.78,40,30.0,38.8,True
0.78,45,30.0,34.9,True
0.78,50,30.0,31.0,True
0.78,55,30.0,27.1,False
0.78,60,30.0,23.199999999999996,False
0.78,65,30.0,19.299999999999997,False
0.78,70,30.0,15.399999999999999,False
0.78,75,30.0,11.5,False
0.78,80,30.0,7.599999999999994,False
0.78,85,30.0,3.700000000000003,False
0.78,90,30.0,-0.20000000000000284,False
0.78,95,30.0,-4.1000000000000085,False
0.78,100,30.0,-8.0,False
0.78,105,30.0,-11.900000000000006,False
0.78,110,30.0,-15.799999999999997,False
0.78,115,30.0,-19.700000000000003,False
0.78,120,30.0,-23.60000000000001,False
0.78,125,30.0,-27.5,False
0.78,130,30.0,-31.400000000000006,False
0.78,135,30.0,-35.3,False
0.78,140,30.0,-39.2,False
0.78,145,30.0,-43.10000000000001,False
0.78,150,30.0,-47.0,False
0.78,155,30.0,-50.900000000000006,False
0.78,160,30.0,-54.80000000000001,False
0.78,165,30.0,-58.70000000000002,False
0.78,170,30.0,-62.599999999999994,False
0.78,175,30.0,-66.5,False
0.78,180,30.0,-70.4,False
0.78,185,30.0,-74.30000000000001,False
0.78,190,30.0,-78.20000000000002,False
0.78,195,30.0,-82.1,False
0.78,200,30.0,-86.0,False
0.78,205,30.0,-89.9,False
0.78,210,30.0,-93.80000000000001,False
0.78,215,30.0,-97.70000000000002,False
0.78,220,30.0,-101.6,False
0.78,225,30.0,-105.5,False
0.78,230,30.0,-109.4,False
0.78,235,30.0,-113.30000000000001,False
0.78,240,30.0,-117.20000000000002,False
0.78,245,30.0,-121.1,False
0.78,250,30.0,-125.0,False
0.78,255,30.0,-128.9,False
0.78,260,30.0,-132.8,False
0.78,265,30.0,-136.70000000000002,False
0.78,270,30.0,-140.6,False
0.78,275,30.0,-144.5,False
0.78,280,30.0,-148.4,False
0.78,285,30.0,-152.3,False
0.78,290,30.0,-156.20000000000002,False
0.78,295,30.0,-160.1,False
0.78,300,30.0,-164.0,False
0.78,305,30.0,-167.9,False
0.78,310,30.0,-171.8,False
0.78,315,30.0,-175.70000000000002,False
0.78,320,30.0,-179.60000000000002,False
0.78,325,30.0,-183.5,False
0.78,330,30.0,-187.40000000000003,False
0.78,335,30.0,-191.3,False
0.78,340,30.0,-195.2,False
0.78,345,30.0,-199.10000000000002,False
0.78,350,30.0,-203.0,False
0.78,355,30.0,-206.90000000000003,False
0.78,360,30.0,-210.8,False
0.78,365,30.0,-214.7,False
0.78,370,30.0,-218.60000000000002,False
0.78,375,30.0,-222.5,False
0.78,380,30.0,-226.40000000000003,False
0.78,385,30.0,-230.3,False
0.78,390,30.0,-234.2,False
0.78,395,30.0,-238.10000000000002,False
0.78,400,30.0,-242.0,False
0.78,405,30.0,-245.90000000000003,False
0.78,410,30.0,-249.8,False
0.78,415,30.0,-253.7,False
0.78,420,30.0,-257.6,False
0.78,425,30.0,-261.5,False
0.78,430,30.0,-265.40000000000003,False
0.78,435,30.0,-269.3,False
0.78,440,30.0,-273.2,False
0.78,445,30.0,-277.1,False
0.78,450,30.0,-281.0,False
0.78,455,30.0,-284.90000000000003,False
0.78,460,30.0,-288.8,False
0.78,465,30.0,-292.7,False
0.78,470,30.0,-296.6,False
0.78,475,30.0,-300.5,False
0.78,480,30.0,-304.40000000000003,False
0.78,485,30.0,-308.3,False
0.78,490,30.0,-312.2,False
0.78,495,30.0,-316.1,False
0.78,500,30.0,-320.0,False
0.79,0,30.0,70.0,True
0.79,5,30.0,66.05,True
0.79,10,30.0,62.1,True
0.79,15,30.0,58.15,True
0.79,20,30.0,54.2,True
0.79,25,30.0,50.25,True
0.79,30,30.0,46.3,True
0.79,35,30.0,42.349999999999994,True
0.79,40,30.0,38.4,True
0.79,45,30.0,34.449999999999996,True
0.79,50,30.0,30.5,True
0.79,55,30.0,26.549999999999997,False
0.79,60,30.0,22.599999999999994,False
0.79,65,30.0,18.65,False
0.79,70,30.0,14.699999999999996,False
0.79,75,30.0,10.75,False
0.79,80,30.0,6.799999999999997,False
0.79,85,30.0,2.8499999999999943,False
0.79,90,30.0,-1.1000000000000085,False
0.79,95,30.0,-5.049999999999997,False
0.79,100,30.0,-9.0,False
0.79,105,30.0,-12.950000000000003,False
0.79,110,30.0,-16.900000000000006,False
0.79,115,30.0,-20.85000000000001,False
0.79,120,30.0,-24.80000000000001,False
0.79,125,30.0,-28.75,False
0.79,130,30.0,-32.7,False
0.79,135,30.0,-36.650000000000006,False
0.79,140,30.0,-40.60000000000001,False
0.79,145,30.0,-44.55000000000001,False
0.79,150,30.0,-48.5,False
0.79,155,30.0,-52.45,False
0.79,160,30.0,-56.400000000000006,False
0.79,165,30.0,-60.349999999999994,False
0.79,170,30.0,-64.30000000000001,False
0.79,175,30.0,-68.25,False
0.79,180,30.0,-72.20000000000002,False
0.79,185,30.0,-76.15,False
0.79,190,30.0,-80.1,False
0.79,195,30.0,-84.05000000000001,False
0.79,200,30.0,-88.0,False
0.79,205,30.0,-91.95000000000002,False
0.79,210,30.0,-95.9,False
0.79,215,30.0,-99.85,False
0.79,220,30.0,-103.80000000000001,False
0.79,225,30.0,-107.75,False
0.79,230,30.0,-111.70000000000002,False
0.79,235,30.0,-115.65,False
0.79,240,30.0,-119.60000000000002,False
0.79,245,30.0,-123.55000000000001,False
0.79,250,30.0,-127.5,False
0.79,255,30.0,-131.45000000000002,False
0.79,260,30.0,-135.4,False
0.79,265,30.0,-139.35000000000002,False
0.79,270,30.0,-143.3,False
0.79,275,30.0,-147.25,False
0.79,280,30.0,-151.20000000000002,False
0.79,285,30.0,-155.15,False
0.79,290,30.0,-159.10000000000002,False
0.79,295,30.0,-163.05,False
0.79,300,30.0,-167.0,False
0.79,305,30.0,-170.95000000000002,False
0.79,310,30.0,-174.9,False
0.79,315,30.0,-178.85000000000002,False
0.79,320,30.0,-182.8,False
0.79,325,30.0,-186.75,False
0.79,330,30.0,-190.7,False
0.79,335,30.0,-194.65000000000003,False
0.79,340,30.0,-198.60000000000002,False
0.79,345,30.0,-202.55,False
0.79,350,30.0,-206.5,False
0.79,355,30.0,-210.45,False
0.79,360,30.0,-214.40000000000003,False
0.79,365,30.0,-218.35000000000002,False
0.79,370,30.0,-222.3,False
0.79,375,30.0,-226.25,False
0.79,380,30.0,-230.2,False
0.79,385,30.0,-234.15000000000003,False
0.79,390,30.0,-238.10000000000002,False
0.79,395,30.0,-242.05,False
0.79,400,30.0,-246.0,False
0.79,405,30.0,-249.95,False
0.79,410,30.0,-253.90000000000003,False
0.79,415,30.0,-257.85,False
0.79,420,30.0,-261.8,False
0.79,425,30.0,-265.75,False
0.79,430,30.0,-269.7,False
0.79,435,30.0,-273.65000000000003,False
0.79,440,30.0,-277.6,False
0.79,445,30.0,-281.55,False
0.79,450,30.0,-285.5,False
0.79,455,30.0,-289.45,False
0.79,460,30.0,-293.40000000000003,False
0.79,465,30.0,-297.35,False
0.79,470,30.0,-301.3,False
0.79,475,30.0,-305.25,False
0.79,480,30.0,-309.20000000000005,False
0.79,485,30.0,-313.15000000000003,False
0.79,490,30.0,-317.1,False
0.79,495,30.0,-321.05,False
0.79,500,30.0,-325.0,False
0.8,0,30.0,70.0,True
0.8,5,30.0,66.0,True
0.8,10,30.0,62.0,True
0.8,15,30.0,58.0,True
0.8,20,30.0,54.0,True
0.8,25,30.0,50.0,True
0.8,30,30.0,46.0,True
0.8,35,30.0,42.0,True
0.8,40,30.0,38.0,True
0.8,45,30.0,34.0,True
0.8,50,30.0,30.0,False
0.8,55,30.0,26.0,False
0.8,60,30.0,22.0,False
0.8,65,30.0,18.0,False
0.8,70,30.0,14.0,False
0.8,75,30.0,10.0,False
0.8,80,30.0,6.0,False
0.8,85,30.0,2.0,False
0.8,90,30.0,-2.0,False
0.8,95,30.0,-6.0,False
0.8,100,30.0,-10.0,False
0.8,105,30.0,-14.0,False
0.8,110,30.0,-18.0,False
0.8,115,30.0,-22.0,False
0.8,120,30.0,-26.0,False
0.8,125,30.0,-30.0,False
0.8,130,30.0,-34.0,False
0.8,135,30.0,-38.0,False
0.8,140,30.0,-42.0,False
0.8,145,30.0,-46.0,False
0.8,150,30.0,-50.0,False
0.8,155,30.0,-54.0,False
0.8,160,30.0,-58.0,False
0.8,165,30.0,-62.0,False
0.8,170,30.0,-66.0,False
0.8,175,30.0,-70.0,False
0.8,180,30.0,-74.0,False
0.8,185,30.0,-78.0,False
0.8,190,30.0,-82.0,False
0.8,195,30.0,-86.0,False
0.8,200,30.0,-90.0,False
0.8,205,30.0,-94.0,False
0.8,210,30.0,-98.0,False
0.8,215,30.0,-102.0,False
0.8,220,30.0,-106.0,False
0.8,225,30.0,-110.0,False
0.8,230,30.0,-114.0,False
0.8,235,30.0,-118.0,False
0.8,240,30.0,-122.0,False
0.8,245,30.0,-126.0,False
0.8,250,30.0,-130.0,False
0.8,255,30.0,-134.0,False
0.8,260,30.0,-138.0,False
0.8,265,30.0,-142.0,False
0.8,270,30.0,-146.0,False
0.8,275,30.0,-150.0,False
0.8,280,30.0,-154.0,False
0.8,285,30.0,-158.0,False
0.8,290,30.0,-162.0,False
0.8,295,30.0,-166.0,False
0.8,300,30.0,-170.0,False
0.8,305,30.0,-174.0,False
0.8,310,30.0,-178.0,False
0.8,315,30.0,-182.0,False
0.8,320,30.0,-186.0,False
0.8,325,30.0,-190.0,False
0.8,330,30.0,-194.0,False
0.8,335,30.0,-198.0,False
0.8,340,30.0,-202.0,False
0.8,345,30.0,-206.0,False
0.8,350,30.0,-210.0,False
0.8,355,30.0,-214.0,False
0.8,360,30.0,-218.0,False
0.8,365,30.0,-222.0,False
0.8,370,30.0,-226.0,False
0.8,375,30.0,-230.0,False
0.8,380,30.0,-234.0,False
0.8,385,30.0,-238.0,False
0.8,390,30.0,-242.0,False
0.8,395,30.0,-246.0,False
0.8,400,30.0,-250.0,False
0.8,405,30.0,-254.0,False
0.8,410,30.0,-258.0,False
0.8,415,30.0,-262.0,False
0.8,420,30.0,-266.0,False
0.8,425,30.0,-270.0,False
0.8,430,30.0,-274.0,False
0.8,435,30.0,-278.0,False
0.8,440,30.0,-282.0,False
0.8,445,30.0,-286.0,False
0.8,450,30.0,-290.0,False
0.8,455,30.0,-294.0,False
0.8,460,30.0,-298.0,False
0.8,465,30.0,-302.0,False
0.8,470,30.0,-306.0,False
0.8,475,30.0,-310.0,False
0.8,480,30.0,-314.0,False
0.8,485,30.0,-318.0,False
0.8,490,30.0,-322.0,False
0.8,495,30.0,-326.0,False
0.8,500,30.0,-330.0,False
0.81,0,30.0,70.0,True
0.81,5,30.0,65.95,True
0.81,10,30.0,61.9,True
0.81,15,30.0,57.85,True
0.81,20,30.0,53.8,True
0.81,25,30.0,49.75,True
0.81,30,30.0,45.7,True
0.81,35,30.0,41.65,True
0.81,40,30.0,37.599999999999994,True
0.81,45,30.0,33.55,True
0.81,50,30.0,29.5,False
0.81,55,30.0,25.449999999999996,False
0.81,60,30.0,21.4,False
0.81,65,30.0,17.349999999999994,False
0.81,70,30.0,13.299999999999997,False
0.81,75,30.0,9.249999999999993,False
0.81,80,30.0,5.199999999999989,False
0.81,85,30.0,1.1499999999999915,False
0.81,90,30.0,-2.9000000000000057,False
0.81,95,30.0,-6.950000000000003,False
0.81,100,30.0,-11.0,False
0.81,105,30.0,-15.050000000000011,False
0.81,110,30.0,-19.10000000000001,False
0.81,115,30.0,-23.150000000000006,False
0.81,120,30.0,-27.200000000000003,False
0.81,125,30.0,-31.25,False
0.81,130,30.0,-35.30000000000001,False
0.81,135,30.0,-39.35000000000001,False
0.81,140,30.0,-43.400000000000006,False
0.81,145,30.0,-47.45,False
0.81,150,30.0,-51.500000000000014,False
0.81,155,30.0,-55.55000000000001,False
0.81,160,30.0,-59.60000000000002,False
0.81,165,30.0,-63.650000000000006,False
0.81,170,30.0,-67.70000000000002,False
0.81,175,30.0,-71.75,False
0.81,180,30.0,-75.80000000000001,False
0.81,185,30.0,-79.85000000000002,False
0.81,190,30.0,-83.9,False
0.81,195,30.0,-87.95000000000002,False
0.81,200,30.0,-92.0,False
0.81,205,30.0,-96.05000000000001,False
0.81,210,30.0,-100.10000000000002,False
0.81,215,30.0,-104.15,False
0.81,220,30.0,-108.20000000000002,False
0.81,225,30.0,-112.25,False
0.81,230,30.0,-116.30000000000001,False
0.81,235,30.0,-120.35000000000002,False
0.81,240,30.0,-124.4,False
0.81,245,30.0,-128.45000000000002,False
0.81,250,30.0,-132.5,False
0.81,255,30.0,-136.55,False
0.81,260,30.0,-140.60000000000002,False
0.81,265,30.0,-144.65,False
0.81,270,30.0,-148.70000000000002,False
0.81,275,30.0,-152.75000000000003,False
0.81,280,30.0,-156.8,False
0.81,285,30.0,-160.85000000000002,False
0.81,290,30.0,-164.9,False
0.81,295,30.0,-168.95000000000002,False
0.81,300,30.0,-173.00000000000003,False
0.81,305,30.0,-177.05,False
0.81,310,30.0,-181.10000000000002,False
0.81,315,30.0,-185.15,False
0.81,320,30.0,-189.20000000000005,False
0.81,325,30.0,-193.25,False
0.81,330,30.0,-197.3,False
0.81,335,30.0,-201.35000000000002,False
0.81,340,30.0,-205.40000000000003,False
0.81,345,30.0,-209.45000000000005,False
0.81,350,30.0,-213.5,False
0.81,355,30.0,-217.55,False
0.81,360,30.0,-221.60000000000002,False
0.81,365,30.0,-225.65000000000003,False
0.81,370,30.0,-229.70000000000005,False
0.81,375,30.0,-233.75,False
0.81,380,30.0,-237.8,False
0.81,385,30.0,-241.85000000000002,False
0.81,390,30.0,-245.90000000000003,False
0.81,395,30.0,-249.95000000000005,False
0.81,400,30.0,-254.0,False
0.81,405,30.0,-258.05,False
0.81,410,30.0,-262.1,False
0.81,415,30.0,-266.15000000000003,False
0.81,420,30.0,-270.20000000000005,False
0.81,425,30.0,-274.25,False
0.81,430,30.0,-278.3,False
0.81,435,30.0,-282.35,False
0.81,440,30.0,-286.40000000000003,False
0.81,445,30.0,-290.45000000000005,False
0.81,450,30.0,-294.5,False
0.81,455,30.0,-298.55,False
0.81,460,30.0,-302.6,False
0.81,465,30.0,-306.65000000000003,False
0.81,470,30.0,-310.70000000000005,False
0.81,475,30.0,-314.75,False
0.81,480,30.0,-318.8,False
0.81,485,30.0,-322.85,False
0.81,490,30.0,-326.90000000000003,False
0.81,495,30.0,-330.95000000000005,False
0.81,500,30.0,-335.0,False
0.8200000000000001,0,30.0,70.0,True
0.8200000000000001,5,30.0,65.9,True
0.8200000000000001,10,30.0,61.8,True
0.8200000000000001,15,30.0,57.7,True
0.8200000000000001,20,30.0,53.599999999999994,True
0.8200000000000001,25,30.0,49.5,True
0.8200000000000001,30,30.0,45.4,True
0.8200000000000001,35,30.0,41.3,True
0.8200000000000001,40,30.0,37.199999999999996,True
0.8200000000000001,45,30.0,33.099999999999994,True
0.8200000000000001,50,30.0,29.0,False
0.8200000000000001,55,30.0,24.9,False
0.8200000000000001,60,30.0,20.799999999999997,False
0.8200000000000001,65,30.0,16.699999999999996,False
0.8200000000000001,70,30.0,12.599999999999994,False
0.8200000000000001,75,30.0,8.499999999999993,False
0.8200000000000001,80,30.0,4.3999999999999915,False
0.8200000000000001,85,30.0,0.29999999999999716,False
0.8200000000000001,90,30.0,-3.8000000000000114,False
0.8200000000000001,95,30.0,-7.900000000000006,False
0.8200000000000001,100,30.0,-12.0,False
0.8200000000000001,105,30.0,-16.10000000000001,False
0.8200000000000001,110,30.0,-20.200000000000003,False
0.8200000000000001,115,30.0,-24.30000000000001,False
0.8200000000000001,120,30.0,-28.400000000000006,False
0.8200000000000001,125,30.0,-32.500000000000014,False
0.8200000000000001,130,30.0,-36.60000000000001,False
0.8200000000000001,135,30.0,-40.7,False
0.8200000000000001,140,30.0,-44.80000000000001,False
0.8200000000000001,145,30.0,-48.900000000000006,False
0.8200000000000001,150,30.0,-53.000000000000014,False
0.8200000000000001,155,30.0,-57.10000000000001,False
0.8200000000000001,160,30.0,-61.20000000000002,False
0.8200000000000001,165,30.0,-65.30000000000001,False
0.8200000000000001,170,30.0,-69.4,False
0.8200000000000001,175,30.0,-73.5,False
0.8200000000000001,180,30.0,-77.60000000000002,False
0.8200000000000001,185,30.0,-81.70000000000002,False
0.8200000000000001,190,30.0,-85.80000000000001,False
0.8200000000000001,195,30.0,-89.9,False
0.8200000000000001,200,30.0,-94.0,False
0.8200000000000001,205,30.0,-98.10000000000002,False
0.8200000000000001,210,30.0,-102.20000000000002,False
0.8200000000000001,215,30.0,-106.30000000000001,False
0.8200000000000001,220,30.0,-110.4,False
0.8200000000000001,225,30.0,-114.5,False
0.8200000000000001,230,30.0,-118.60000000000002,False
0.8200000000000001,235,30.0,-122.70000000000002,False
0.8200000000000001,240,30.0,-126.80000000000001,False
0.8200000000000001,245,30.0,-130.9,False
0.8200000000000001,250,30.0,-135.00000000000003,False
0.8200000000000001,255,30.0,-139.10000000000002,False
0.8200000000000001,260,30.0,-143.20000000000002,False
0.8200000000000001,265,30.0,-147.3,False
0.8200000000000001,270,30.0,-151.4,False
0.8200000000000001,275,30.0,-155.50000000000003,False
0.8200000000000001,280,30.0,-159.60000000000002,False
0.8200000000000001,285,30.0,-163.70000000000002,False
0.8200000000000001,290,30.0,-167.8,False
0.8200000000000001,295,30.0,-171.9,False
0.8200000000000001,300,30.0,-176.00000000000003,False
0.8200000000000001,305,30.0,-180.10000000000002,False
0.8200000000000001,310,30.0,-184.20000000000002,False
0.8200000000000001,315,30.0,-188.3,False
0.8200000000000001,320,30.0,-192.40000000000003,False
0.8200000000000001,325,30.0,-196.5,False
0.8200000000000001,330,30.0,-200.60000000000002,False
0.8200000000000001,335,30.0,-204.70000000000005,False
0.8200000000000001,340,30.0,-208.8,False
0.8200000000000001,345,30.0,-212.90000000000003,False
0.8200000000000001,350,30.0,-217.0,False
0.8200000000000001,355,30.0,-221.10000000000002,False
0.8200000000000001,360,30.0,-225.20000000000005,False
0.8200000000000001,365,30.0,-229.3,False
0.8200000000000001,370,30.0,-233.40000000000003,False
0.8200000000000001,375,30.0,-237.5,False
0.8200000000000001,380,30.0,-241.60000000000002,False
0.8200000000000001,385,30.0,-245.70000000000005,False
0.8200000000000001,390,30.0,-249.8,False
0.8200000000000001,395,30.0,-253.90000000000003,False
0.8200000000000001,400,30.0,-258.0,False
0.8200000000000001,405,30.0,-262.1,False
0.8200000000000001,410,30.0,-266.20000000000005,False
0.8200000000000001,415,30.0,-270.3,False
0.8200000000000001,420,30.0,-274.40000000000003,False
0.8200000000000001,425,30.0,-278.5,False
0.8200000000000001,430,30.0,-282.6,False
0.8200000000000001,435,30.0,-286.70000000000005,False
0.8200000000000001,440,30.0,-290.8,False
0.8200000000000001,445,30.0,-294.90000000000003,False
0.8200000000000001,450,30.0,-299.0,False
0.8200000000000001,455,30.0,-303.1,False
0.8200000000000001,460,30.0,-307.20000000000005,False
0.8200000000000001,465,30.0,-311.3,False
0.8200000000000001,470,30.0,-315.40000000000003,False
0.8200000000000001,475,30.0,-319.50000000000006,False
0.8200000000000001,480,30.0,-323.6,False
0.8200000000000001,485,30.0,-327.70000000000005,False
0.8200000000000001,490,30.0,-331.8,False
0.8200000000000001,495,30.0,-335.90000000000003,False
0.8200000000000001,500,30.0,-340.00000000000006,False
0.8300000000000001,0,30.0,70.0,True
0.8300000000000001,5,30.0,65.85,True
0.8300000000000001,10,30.0,61.7,True
0.8300000000000001,15,30.0,57.55,True
0.8300000000000001,20,30.0,53.4,True
0.8300000000000001,25,30.0,49.25,True
0.8300000000000001,30,30.0,45.099999999999994,True
0.8300000000000001,35,30.0,40.949999999999996,True
0.8300000000000001,40,30.0,36.8,True
0.8300000000000001,45,30.0,32.65,True
0.8300000000000001,50,30.0,28.5,False
0.8300000000000001,55,30.0,24.349999999999994,False
0.8300000000000001,60,30.0,20.199999999999996,False
0.8300000000000001,65,30.0,16.049999999999997,False
0.8300000000000001,70,30.0,11.899999999999991,False
0.8300000000000001,75,30.0,7.749999999999993,False
0.8300000000000001,80,30.0,3.5999999999999943,False
0.8300000000000001,85,30.0,-0.5500000000000114,False
0.8300000000000001,90,30.0,-4.700000000000003,False
0.8300000000000001,95,30.0,-8.850000000000009,False
0.8300000000000001,100,30.0,-13.0,False
0.8300000000000001,105,30.0,-17.150000000000006,False
0.8300000000000001,110,30.0,-21.30000000000001,False
0.8300000000000001,115,30.0,-25.450000000000003,False
0.8300000000000001,120,30.0,-29.60000000000001,False
0.8300000000000001,125,30.0,-33.750000000000014,False
0.8300000000000001,130,30.0,-37.900000000000006,False
0.8300000000000001,135,30.0,-42.05000000000001,False
0.8300000000000001,140,30.0,-46.20000000000002,False
0.8300000000000001,145,30.0,-50.35000000000001,False
0.8300000000000001,150,30.0,-54.500000000000014,False
0.8300000000000001,155,30.0,-58.650000000000006,False
0.8300000000000001,160,30.0,-62.80000000000001,False
0.8300000000000001,165,30.0,-66.95000000000002,False
0.8300000000000001,170,30.0,-71.10000000000002,False
0.8300000000000001,175,30.0,-75.25,False
0.8300000000000001,180,30.0,-79.4,False
0.8300000000000001,185,30.0,-83.55000000000001,False
0.8300000000000001,190,30.0,-87.70000000000002,False
0.8300000000000001,195,30.0,-91.85000000000002,False
0.8300000000000001,200,30.0,-96.0,False
0.8300000000000001,205,30.0,-100.15,False
0.8300000000000001,210,30.0,-104.30000000000001,False
0.8300000000000001,215,30.0,-108.45000000000002,False
0.8300000000000001,220,30.0,-112.60000000000002,False
0.8300000000000001,225,30.0,-116.75000000000003,False
0.8300000000000001,230,30.0,-120.9,False
0.8300000000000001,235,30.0,-125.05000000000001,False
0.8300000000000001,240,30.0,-129.20000000000002,False
0.8300000000000001,245,30.0,-133.35000000000002,False
0.8300000000000001,250,30.0,-137.50000000000003,False
0.8300000000000001,255,30.0,-141.65,False
0.8300000000000001,260,30.0,-145.8,False
0.8300000000000001,265,30.0,-149.95000000000002,False
0.8300000000000001,270,30.0,-154.10000000000002,False
0.8300000000000001,275,30.0,-158.25000000000003,False
0.8300000000000001,280,30.0,-162.40000000000003,False
0.8300000000000001,285,30.0,-166.55,False
0.8300000000000001,290,30.0,-170.70000000000002,False
0.8300000000000001,295,30.0,-174.85000000000002,False
0.8300000000000001,300,30.0,-179.00000000000003,False
0.8300000000000001,305,30.0,-183.15000000000003,False
0.8300000000000001,310,30.0,-187.3,False
0.8300000000000001,315,30.0,-191.45000000000005,False
0.8300000000000001,320,30.0,-195.60000000000002,False
0.8300000000000001,325,30.0,-199.75,False
0.8300000000000001,330,30.0,-203.90000000000003,False
0.8300000000000001,335,30.0,-208.05,False
0.8300000000000001,340,30.0,-212.20000000000005,False
0.8300000000000001,345,30.0,-216.35000000000002,False
0.8300000000000001,350,30.0,-220.5,False
0.8300000000000001,355,30.0,-224.65000000000003,False
0.8300000000000001,360,30.0,-228.8,False
0.8300000000000001,365,30.0,-232.95000000000005,False
0.8300000000000001,370,30.0,-237.10000000000002,False
0.8300000000000001,375,30.0,-241.25,False
0.8300000000000001,380,30.0,-245.40000000000003,False
0.8300000000000001,385,30.0,-249.55,False
0.8300000000000001,390,30.0,-253.70000000000005,False
0.8300000000000001,395,30.0,-257.85,False
0.8300000000000001,400,30.0,-262.0,False
0.8300000000000001,405,30.0,-266.15000000000003,False
0.8300000000000001,410,30.0,-270.3,False
0.8300000000000001,415,30.0,-274.45000000000005,False
0.8300000000000001,420,30.0,-278.6,False
0.8300000000000001,425,30.0,-282.75000000000006,False
0.8300000000000001,430,30.0,-286.90000000000003,False
0.8300000000000001,435,30.0,-291.05,False
0.8300000000000001,440,30.0,-295.20000000000005,False
0.8300000000000001,445,30.0,-299.35,False
0.8300000000000001,450,30.0,-303.50000000000006,False
0.8300000000000001,455,30.0,-307.65000000000003,False
0.8300000000000001,460,30.0,-311.8,False
0.8300000000000001,465,30.0,-315.95000000000005,False
0.8300000000000001,470,30.0,-320.1,False
0.8300000000000001,475,30.0,-324.25000000000006,False
0.8300000000000001,480,30.0,-328.40000000000003,False
0.8300000000000001,485,30.0,-332.55,False
0.8300000000000001,490,30.0,-336.70000000000005,False
0.8300000000000001,495,30.0,-340.85,False
0.8300000000000001,500,30.0,-345.00000000000006,False
0.84,0,30.0,70.0,True
0.84,5,30.0,65.8,True
0.84,10,30.0,61.6,True
0.84,15,30.0,57.4,True
0.84,20,30.0,53.2,True
0.84,25,30.0,49.0,True
0.84,30,30.0,44.8,True
0.84,35,30.0,40.6,True
0.84,40,30.0,36.4,True
0.84,45,30.0,32.2,True
0.84,50,30.0,28.0,False
0.84,55,30.0,23.800000000000004,False
0.84,60,30.0,19.6,False
0.84,65,30.0,15.399999999999999,False
0.84,70,30.0,11.200000000000003,False
0.84,75,30.0,7.0,False
0.84,80,30.0,2.799999999999997,False
0.84,85,30.0,-1.3999999999999915,False
0.84,90,30.0,-5.599999999999994,False
0.84,95,30.0,-9.799999999999997,False
0.84,100,30.0,-14.0,False
0.84,105,30.0,-18.200000000000003,False
0.84,110,30.0,-22.39999999999999,False
0.84,115,30.0,-26.599999999999994,False
0.84,120,30.0,-30.799999999999997,False
0.84,125,30.0,-35.0,False
0.84,130,30.0,-39.2,False
0.84,135,30.0,-43.39999999999999,False
0.84,140,30.0,-47.599999999999994,False
0.84,145,30.0,-51.8,False
0.84,150,30.0,-56.0,False
0.84,155,30.0,-60.19999999999999,False
0.84,160,30.0,-64.4,False
0.84,165,30.0,-68.6,False
0.84,170,30.0,-72.79999999999998,False
0.84,175,30.0,-77.0,False
0.84,180,30.0,-81.19999999999999,False
0.84,185,30.0,-85.4,False
0.84,190,30.0,-89.6,False
0.84,195,30.0,-93.79999999999998,False
0.84,200,30.0,-98.0,False
0.84,205,30.0,-102.19999999999999,False
0.84,210,30.0,-106.4,False
0.84,215,30.0,-110.6,False
0.84,220,30.0,-114.79999999999998,False
0.84,225,30.0,-119.0,False
0.84,230,30.0,-123.19999999999999,False
0.84,235,30.0,-127.4,False
0.84,240,30.0,-131.6,False
0.84,245,30.0,-135.79999999999998,False
0.84,250,30.0,-140.0,False
0.84,255,30.0,-144.2,False
0.84,260,30.0,-148.4,False
0.84,265,30.0,-152.6,False
0.84,270,30.0,-156.79999999999998,False
0.84,275,30.0,-161.0,False
0.84,280,30.0,-165.2,False
0.84,285,30.0,-169.39999999999998,False
0.84,290,30.0,-173.6,False
0.84,295,30.0,-177.79999999999998,False
0.84,300,30.0,-182.0,False
0.84,305,30.0,-186.2,False
0.84,310,30.0,-190.39999999999998,False
0.84,315,30.0,-194.59999999999997,False
0.84,320,30.0,-198.8,False
0.84,325,30.0,-203.0,False
0.84,330,30.0,-207.2,False
0.84,335,30.0,-211.39999999999998,False
0.84,340,30.0,-215.59999999999997,False
0.84,345,30.0,-219.8,False
0.84,350,30.0,-224.0,False
0.84,355,30.0,-228.2,False
0.84,360,30.0,-232.39999999999998,False
0.84,365,30.0,-236.59999999999997,False
0.84,370,30.0,-240.8,False
0.84,375,30.0,-245.0,False
0.84,380,30.0,-249.2,False
0.84,385,30.0,-253.39999999999998,False
0.84,390,30.0,-257.59999999999997,False
0.84,395,30.0,-261.8,False
0.84,400,30.0,-266.0,False
0.84,405,30.0,-270.2,False
0.84,410,30.0,-274.4,False
0.84,415,30.0,-278.59999999999997,False
0.84,420,30.0,-282.8,False
0.84,425,30.0,-287.0,False
0.84,430,30.0,-291.2,False
0.84,435,30.0,-295.4,False
0.84,440,30.0,-299.59999999999997,False
0.84,445,30.0,-303.8,False
0.84,450,30.0,-308.0,False
0.84,455,30.0,-312.2,False
0.84,460,30.0,-316.4,False
0.84,465,30.0,-320.59999999999997,False
0.84,470,30.0,-324.8,False
0.84,475,30.0,-329.0,False
0.84,480,30.0,-333.2,False
0.84,485,30.0,-337.4,False
0.84,490,30.0,-341.59999999999997,False
0.84,495,30.0,-345.8,False
0.84,500,30.0,-350.0,False
0.85,0,30.0,70.0,True
0.85,5,30.0,65.75,True
0.85,10,30.0,61.5,True
0.85,15,30.0,57.25,True
0.85,20,30.0,53.0,True
0.85,25,30.0,48.75,True
0.85,30,30.0,44.5,True
0.85,35,30.0,40.25,True
0.85,40,30.0,36.0,True
0.85,45,30.0,31.75,True
0.85,50,30.0,27.5,False
0.85,55,30.0,23.25,False
0.85,60,30.0,19.0,False
0.85,65,30.0,14.75,False
0.85,70,30.0,10.5,False
0.85,75,30.0,6.25,False
0.85,80,30.0,2.0,False
0.85,85,30.0,-2.25,False
0.85,90,30.0,-6.5,False
0.85,95,30.0,-10.75,False
0.85,100,30.0,-15.0,False
0.85,105,30.0,-19.25,False
0.85,110,30.0,-23.5,False
0.85,115,30.0,-27.75,False
0.85,120,30.0,-32.0,False
0.85,125,30.0,-36.25,False
0.85,130,30.0,-40.5,False
0.85,135,30.0,-44.75,False
0.85,140,30.0,-49.0,False
0.85,145,30.0,-53.25,False
0.85,150,30.0,-57.5,False
0.85,155,30.0,-61.75,False
0.85,160,30.0,-66.0,False
0.85,165,30.0,-70.25,False
0.85,170,30.0,-74.5,False
0.85,175,30.0,-78.75,False
0.85,180,30.0,-83.0,False
0.85,185,30.0,-87.25,False
0.85,190,30.0,-91.5,False
0.85,195,30.0,-95.75,False
0.85,200,30.0,-100.0,False
0.85,205,30.0,-104.25,False
0.85,210,30.0,-108.5,False
0.85,215,30.0,-112.75,False
0.85,220,30.0,-117.0,False
0.85,225,30.0,-121.25,False
0.85,230,30.0,-125.5,False
0.85,235,30.0,-129.75,False
0.85,240,30.0,-134.0,False
0.85,245,30.0,-138.25,False
0.85,250,30.0,-142.5,False
0.85,255,30.0,-146.75,False
0.85,260,30.0,-151.0,False
0.85,265,30.0,-155.25,False
0.85,270,30.0,-159.5,False
0.85,275,30.0,-163.75,False
0.85,280,30.0,-168.0,False
0.85,285,30.0,-172.25,False
0.85,290,30.0,-176.5,False
0.85,295,30.0,-180.75,False
0.85,300,30.0,-185.0,False
0.85,305,30.0,-189.25,False
0.85,310,30.0,-193.5,False
0.85,315,30.0,-197.75,False
0.85,320,30.0,-202.0,False
0.85,325,30.0,-206.25,False
0.85,330,30.0,-210.5,False
0.85,335,30.0,-214.75,False
0.85,340,30.0,-219.0,False
0.85,345,30.0,-223.25,False
0.85,350,30.0,-227.5,False
0.85,355,30.0,-231.75,False
0.85,360,30.0,-236.0,False
0.85,365,30.0,-240.25,False
0.85,370,30.0,-244.5,False
0.85,375,30.0,-248.75,False
0.85,380,30.0,-253.0,False
0.85,385,30.0,-257.25,False
0.85,390,30.0,-261.5,False
0.85,395,30.0,-265.75,False
0.85,400,30.0,-270.0,False
0.85,405,30.0,-274.25,False
0.85,410,30.0,-278.5,False
0.85,415,30.0,-282.75,False
0.85,420,30.0,-287.0,False
0.85,425,30.0,-291.25,False
0.85,430,30.0,-295.5,False
0.85,435,30.0,-299.75,False
0.85,440,30.0,-304.0,False
0.85,445,30.0,-308.25,False
0.85,450,30.0,-312.5,False
0.85,455,30.0,-316.75,False
0.85,460,30.0,-321.0,False
0.85,465,30.0,-325.25,False
0.85,470,30.0,-329.5,False
0.85,475,30.0,-333.75,False
0.85,480,30.0,-338.0,False
0.85,485,30.0,-342.25,False
0.85,490,30.0,-346.5,False
0.85,495,30.0,-350.75,False
0.85,500,30.0,-355.0,False
0.86,0,30.0,70.0,True
0.86,5,30.0,65.7,True
0.86,10,30.0,61.4,True
0.86,15,30.0,57.1,True
0.86,20,30.0,52.8,True
0.86,25,30.0,48.5,True
0.86,30,30.0,44.2,True
0.86,35,30.0,39.900000000000006,True
0.86,40,30.0,35.6,True
0.86,45,30.0,31.299999999999997,True
0.86,50,30.0,27.0,False
0.86,55,30.0,22.700000000000003,False
0.86,60,30.0,18.4,False
0.86,65,30.0,14.100000000000001,False
0.86,70,30.0,9.800000000000004,False
0.86,75,30.0,5.5,False
0.86,80,30.0,1.2000000000000028,False
0.86,85,30.0,-3.0999999999999943,False
0.86,90,30.0,-7.400000000000006,False
0.86,95,30.0,-11.700000000000003,False
0.86,100,30.0,-16.0,False
0.86,105,30.0,-20.299999999999997,False
0.86,110,30.0,-24.599999999999994,False
0.86,115,30.0,-28.89999999999999,False
0.86,120,30.0,-33.2,False
0.86,125,30.0,-37.5,False
0.86,130,30.0,-41.8,False
0.86,135,30.0,-46.099999999999994,False
0.86,140,30.0,-50.39999999999999,False
0.86,145,30.0,-54.7,False
0.86,150,30.0,-59.0,False
0.86,155,30.0,-63.30000000000001,False
0.86,160,30.0,-67.6,False
0.86,165,30.0,-71.9,False
0.86,170,30.0,-76.19999999999999,False
0.86,175,30.0,-80.5,False
0.86,180,30.0,-84.80000000000001,False
0.86,185,30.0,-89.1,False
0.86,190,30.0,-93.4,False
0.86,195,30.0,-97.69999999999999,False
0.86,200,30.0,-102.0,False
0.86,205,30.0,-106.30000000000001,False
0.86,210,30.0,-110.6,False
0.86,215,30.0,-114.9,False
0.86,220,30.0,-119.19999999999999,False
0.86,225,30.0,-123.5,False
0.86,230,30.0,-127.79999999999998,False
0.86,235,30.0,-132.1,False
0.86,240,30.0,-136.4,False
0.86,245,30.0,-140.7,False
0.86,250,30.0,-145.0,False
0.86,255,30.0,-149.29999999999998,False
0.86,260,30.0,-153.6,False
0.86,265,30.0,-157.9,False
0.86,270,30.0,-162.2,False
0.86,275,30.0,-166.5,False
0.86,280,30.0,-170.79999999999998,False
0.86,285,30.0,-175.1,False
0.86,290,30.0,-179.4,False
0.86,295,30.0,-183.7,False
0.86,300,30.0,-188.0,False
0.86,305,30.0,-192.3,False
0.86,310,30.0,-196.60000000000002,False
0.86,315,30.0,-200.89999999999998,False
0.86,320,30.0,-205.2,False
0.86,325,30.0,-209.5,False
0.86,330,30.0,-213.8,False
0.86,335,30.0,-218.10000000000002,False
0.86,340,30.0,-222.39999999999998,False
0.86,345,30.0,-226.7,False
0.86,350,30.0,-231.0,False
0.86,355,30.0,-235.3,False
0.86,360,30.0,-239.60000000000002,False
0.86,365,30.0,-243.89999999999998,False
0.86,370,30.0,-248.2,False
0.86,375,30.0,-252.5,False
0.86,380,30.0,-256.8,False
0.86,385,30.0,-261.1,False
0.86,390,30.0,-265.4,False
0.86,395,30.0,-269.7,False
0.86,400,30.0,-274.0,False
0.86,405,30.0,-278.3,False
0.86,410,30.0,-282.6,False
0.86,415,30.0,-286.9,False
0.86,420,30.0,-291.2,False
0.86,425,30.0,-295.5,False
0.86,430,30.0,-299.8,False
0.86,435,30.0,-304.09999999999997,False
0.86,440,30.0,-308.4,False
0.86,445,30.0,-312.7,False
0.86,450,30.0,-317.0,False
0.86,455,30.0,-321.3,False
0.86,460,30.0,-325.59999999999997,False
0.86,465,30.0,-329.9,False
0.86,470,30.0,-334.2,False
0.86,475,30.0,-338.5,False
0.86,480,30.0,-342.8,False
0.86,485,30.0,-347.09999999999997,False
0.86,490,30.0,-351.4,False
0.86,495,30.0,-355.7,False
0.86,500,30.0,-360.0,False
0.87,0,30.0,70.0,True
0.87,5,30.0,65.65,True
0.87,10,30.0,61.3,True
0.87,15,30.0,56.95,True
0.87,20,30.0,52.6,True
0.87,25,30.0,48.25,True
0.87,30,30.0,43.9,True
0.87,35,30.0,39.55,True
0.87,40,30.0,35.2,True
0.87,45,30.0,30.85,True
0.87,50,30.0,26.5,False
0.87,55,30.0,22.15,False
0.87,60,30.0,17.799999999999997,False
0.87,65,30.0,13.450000000000003,False
0.87,70,30.0,9.100000000000001,False
0.87,75,30.0,4.75,False
0.87,80,30.0,0.4000000000000057,False
0.87,85,30.0,-3.950000000000003,False
0.87,90,30.0,-8.299999999999997,False
0.87,95,30.0,-12.650000000000006,False
0.87,100,30.0,-17.0,False
0.87,105,30.0,-21.349999999999994,False
0.87,110,30.0,-25.700000000000003,False
0.87,115,30.0,-30.049999999999997,False
0.87,120,30.0,-34.400000000000006,False
0.87,125,30.0,-38.75,False
0.87,130,30.0,-43.099999999999994,False
0.87,135,30.0,-47.45,False
0.87,140,30.0,-51.8,False
0.87,145,30.0,-56.150000000000006,False
0.87,150,30.0,-60.5,False
0.87,155,30.0,-64.85,False
0.87,160,30.0,-69.19999999999999,False
0.87,165,30.0,-73.55000000000001,False
0.87,170,30.0,-77.9,False
0.87,175,30.0,-82.25,False
0.87,180,30.0,-86.6,False
0.87,185,30.0,-90.94999999999999,False
0.87,190,30.0,-95.30000000000001,False
0.87,195,30.0,-99.65,False
0.87,200,30.0,-104.0,False
0.87,205,30.0,-108.35,False
0.87,210,30.0,-112.69999999999999,False
0.87,215,30.0,-117.05000000000001,False
0.87,220,30.0,-121.4,False
0.87,225,30.0,-125.75,False
0.87,230,30.0,-130.1,False
0.87,235,30.0,-134.45,False
0.87,240,30.0,-138.8,False
0.87,245,30.0,-143.15,False
0.87,250,30.0,-147.5,False
0.87,255,30.0,-151.85,False
0.87,260,30.0,-156.2,False
0.87,265,30.0,-160.55,False
0.87,270,30.0,-164.9,False
0.87,275,30.0,-169.25,False
0.87,280,30.0,-173.6,False
0.87,285,30.0,-177.95,False
0.87,290,30.0,-182.3,False
0.87,295,30.0,-186.64999999999998,False
0.87,300,30.0,-191.0,False
0.87,305,30.0,-195.35000000000002,False
0.87,310,30.0,-199.7,False
0.87,315,30.0,-204.05,False
0.87,320,30.0,-208.39999999999998,False
0.87,325,30.0,-212.75,False
0.87,330,30.0,-217.10000000000002,False
0.87,335,30.0,-221.45,False
0.87,340,30.0,-225.8,False
0.87,345,30.0,-230.14999999999998,False
0.87,350,30.0,-234.5,False
0.87,355,30.0,-238.85000000000002,False
0.87,360,30.0,-243.2,False
0.87,365,30.0,-247.55,False
0.87,370,30.0,-251.89999999999998,False
0.87,375,30.0,-256.25,False
0.87,380,30.0,-260.6,False
0.87,385,30.0,-264.95,False
0.87,390,30.0,-269.3,False
0.87,395,30.0,-273.65,False
0.87,400,30.0,-278.0,False
0.87,405,30.0,-282.35,False
0.87,410,30.0,-286.7,False
0.87,415,30.0,-291.05,False
0.87,420,30.0,-295.4,False
0.87,425,30.0,-299.75,False
0.87,430,30.0,-304.1,False
0.87,435,30.0,-308.45,False
0.87,440,30.0,-312.8,False
0.87,445,30.0,-317.15,False
0.87,450,30.0,-321.5,False
0.87,455,30.0,-325.85,False
0.87,460,30.0,-330.2,False
0.87,465,30.0,-334.55,False
0.87,470,30.0,-338.9,False
0.87,475,30.0,-343.25,False
0.87,480,30.0,-347.6,False
0.87,485,30.0,-351.95,False
0.87,490,30.0,-356.3,False
0.87,495,30.0,-360.65,False
0.87,500,30.0,-365.0,False
0.88,0,30.0,70.0,True
0.88,5,30.0,65.6,True
0.88,10,30.0,61.2,True
0.88,15,30.0,56.8,True
0.88,20,30.0,52.4,True
0.88,25,30.0,48.0,True
0.88,30,30.0,43.6,True
0.88,35,30.0,39.2,True
0.88,40,30.0,34.8,True
0.88,45,30.0,30.4,True
0.88,50,30.0,26.0,False
0.88,55,30.0,21.6,False
0.88,60,30.0,17.200000000000003,False
0.88,65,30.0,12.799999999999997,False
0.88,70,30.0,8.399999999999999,False
0.88,75,30.0,4.0,False
0.88,80,30.0,-0.4000000000000057,False
0.88,85,30.0,-4.799999999999997,False
0.88,90,30.0,-9.200000000000003,False
0.88,95,30.0,-13.599999999999994,False
0.88,100,30.0,-18.0,False
0.88,105,30.0,-22.400000000000006,False
0.88,110,30.0,-26.799999999999997,False
0.88,115,30.0,-31.200000000000003,False
0.88,120,30.0,-35.599999999999994,False
0.88,125,30.0,-40.0,False
0.88,130,30.0,-44.400000000000006,False
0.88,135,30.0,-48.8,False
0.88,140,30.0,-53.2,False
0.88,145,30.0,-57.599999999999994,False
0.88,150,30.0,-62.0,False
0.88,155,30.0,-66.4,False
0.88,160,30.0,-70.80000000000001,False
0.88,165,30.0,-75.19999999999999,False
0.88,170,30.0,-79.6,False
0.88,175,30.0,-84.0,False
0.88,180,30.0,-88.4,False
0.88,185,30.0,-92.80000000000001,False
0.88,190,30.0,-97.19999999999999,False
0.88,195,30.0,-101.6,False
0.88,200,30.0,-106.0,False
0.88,205,30.0,-110.4,False
0.88,210,30.0,-114.80000000000001,False
0.88,215,30.0,-119.19999999999999,False
0.88,220,30.0,-123.6,False
0.88,225,30.0,-128.0,False
0.88,230,30.0,-132.4,False
0.88,235,30.0,-136.8,False
0.88,240,30.0,-141.2,False
0.88,245,30.0,-145.6,False
0.88,250,30.0,-150.0,False
0.88,255,30.0,-154.4,False
0.88,260,30.0,-158.8,False
0.88,265,30.0,-163.2,False
0.88,270,30.0,-167.6,False
0.88,275,30.0,-172.0,False
0.88,280,30.0,-176.4,False
0.88,285,30.0,-180.8,False
0.88,290,30.0,-185.2,False
0.88,295,30.0,-189.60000000000002,False
0.88,300,30.0,-194.0,False
0.88,305,30.0,-198.39999999999998,False
0.88,310,30.0,-202.8,False
0.88,315,30.0,-207.2,False
0.88,320,30.0,-211.60000000000002,False
0.88,325,30.0,-216.0,False
0.88,330,30.0,-220.39999999999998,False
0.88,335,30.0,-224.8,False
0.88,340,30.0,-229.2,False
0.88,345,30.0,-233.60000000000002,False
0.88,350,30.0,-238.0,False
0.88,355,30.0,-242.39999999999998,False
0.88,360,30.0,-246.8,False
0.88,365,30.0,-251.2,False
0.88,370,30.0,-255.60000000000002,False
0.88,375,30.0,-260.0,False
0.88,380,30.0,-264.4,False
0.88,385,30.0,-268.8,False
0.88,390,30.0,-273.2,False
0.88,395,30.0,-277.6,False
0.88,400,30.0,-282.0,False
0.88,405,30.0,-286.4,False
0.88,410,30.0,-290.8,False
0.88,415,30.0,-295.2,False
0.88,420,30.0,-299.6,False
0.88,425,30.0,-304.0,False
0.88,430,30.0,-308.4,False
0.88,435,30.0,-312.8,False
0.88,440,30.0,-317.2,False
0.88,445,30.0,-321.6,False
0.88,450,30.0,-326.0,False
0.88,455,30.0,-330.4,False
0.88,460,30.0,-334.8,False
0.88,465,30.0,-339.2,False
0.88,470,30.0,-343.6,False
0.88,475,30.0,-348.0,False
0.88,480,30.0,-352.4,False
0.88,485,30.0,-356.8,False
0.88,490,30.0,-361.2,False
0.88,495,30.0,-365.6,False
0.88,500,30.0,-370.0,False
0.89,0,30.0,70.0,True
0.89,5,30.0,65.55,True
0.89,10,30.0,61.1,True
0.89,15,30.0,56.65,True
0.89,20,30.0,52.2,True
0.89,25,30.0,47.75,True
0.89,30,30.0,43.3,True
0.89,35,30.0,38.849999999999994,True
0.89,40,30.0,34.4,True
0.89,45,30.0,29.950000000000003,False
0.89,50,30.0,25.5,False
0.89,55,30.0,21.049999999999997,False
0.89,60,30.0,16.6,False
0.89,65,30.0,12.149999999999999,False
0.89,70,30.0,7.699999999999996,False
0.89,75,30.0,3.25,False
0.89,80,30.0,-1.2000000000000028,False
0.89,85,30.0,-5.650000000000006,False
0.89,90,30.0,-10.099999999999994,False
0.89,95,30.0,-14.549999999999997,False
0.89,100,30.0,-19.0,False
0.89,105,30.0,-23.450000000000003,False
0.89,110,30.0,-27.900000000000006,False
0.89,115,30.0,-32.35000000000001,False
0.89,120,30.0,-36.8,False
0.89,125,30.0,-41.25,False
0.89,130,30.0,-45.7,False
0.89,135,30.0,-50.150000000000006,False
0.89,140,30.0,-54.60000000000001,False
0.89,145,30.0,-59.05000000000001,False
0.89,150,30.0,-63.5,False
0.89,155,30.0,-67.94999999999999,False
0.89,160,30.0,-72.4,False
0.89,165,30.0,-76.85,False
0.89,170,30.0,-81.30000000000001,False
0.89,175,30.0,-85.75,False
0.89,180,30.0,-90.19999999999999,False
0.89,185,30.0,-94.65,False
0.89,190,30.0,-99.1,False
0.89,195,30.0,-103.55000000000001,False
0.89,200,30.0,-108.0,False
0.89,205,30.0,-112.44999999999999,False
0.89,210,30.0,-116.9,False
0.89,215,30.0,-121.35,False
0.89,220,30.0,-125.80000000000001,False
0.89,225,30.0,-130.25,False
0.89,230,30.0,-134.70000000000002,False
0.89,235,30.0,-139.15,False
0.89,240,30.0,-143.6,False
0.89,245,30.0,-148.05,False
0.89,250,30.0,-152.5,False
0.89,255,30.0,-156.95000000000002,False
0.89,260,30.0,-161.4,False
0.89,265,30.0,-165.85,False
0.89,270,30.0,-170.3,False
0.89,275,30.0,-174.75,False
0.89,280,30.0,-179.20000000000002,False
0.89,285,30.0,-183.65,False
0.89,290,30.0,-188.10000000000002,False
0.89,295,30.0,-192.55,False
0.89,300,30.0,-197.0,False
0.89,305,30.0,-201.45,False
0.89,310,30.0,-205.89999999999998,False
0.89,315,30.0,-210.35000000000002,False
0.89,320,30.0,-214.8,False
0.89,325,30.0,-219.25,False
0.89,330,30.0,-223.7,False
0.89,335,30.0,-228.14999999999998,False
0.89,340,30.0,-232.60000000000002,False
0.89,345,30.0,-237.05,False
0.89,350,30.0,-241.5,False
0.89,355,30.0,-245.95,False
0.89,360,30.0,-250.39999999999998,False
0.89,365,30.0,-254.85000000000002,False
0.89,370,30.0,-259.3,False
0.89,375,30.0,-263.75,False
0.89,380,30.0,-268.2,False
0.89,385,30.0,-272.65,False
0.89,390,30.0,-277.1,False
0.89,395,30.0,-281.55,False
0.89,400,30.0,-286.0,False
0.89,405,30.0,-290.45,False
0.89,410,30.0,-294.9,False
0.89,415,30.0,-299.35,False
0.89,420,30.0,-303.8,False
0.89,425,30.0,-308.25,False
0.89,430,30.0,-312.7,False
0.89,435,30.0,-317.15000000000003,False
0.89,440,30.0,-321.6,False
0.89,445,30.0,-326.05,False
0.89,450,30.0,-330.5,False
0.89,455,30.0,-334.95,False
0.89,460,30.0,-339.40000000000003,False
0.89,465,30.0,-343.85,False
0.89,470,30.0,-348.3,False
0.89,475,30.0,-352.75,False
0.89,480,30.0,-357.2,False
0.89,485,30.0,-361.65000000000003,False
0.89,490,30.0,-366.1,False
0.89,495,30.0,-370.55,False
0.89,500,30.0,-375.0,False
0.9,0,30.0,70.0,True
0.9,5,30.0,65.5,True
0.9,10,30.0,61.0,True
0.9,15,30.0,56.5,True
0.9,20,30.0,52.0,True
0.9,25,30.0,47.5,True
0.9,30,30.0,43.0,True
0.9,35,30.0,38.5,True
0.9,40,30.0,34.0,True
0.9,45,30.0,29.5,False
0.9,50,30.0,25.0,False
0.9,55,30.0,20.5,False
0.9,60,30.0,16.0,False
0.9,65,30.0,11.5,False
0.9,70,30.0,7.0,False
0.9,75,30.0,2.5,False
0.9,80,30.0,-2.0,False
0.9,85,30.0,-6.5,False
0.9,90,30.0,-11.0,False
0.9,95,30.0,-15.5,False
0.9,100,30.0,-20.0,False
0.9,105,30.0,-24.5,False
0.9,110,30.0,-29.0,False
0.9,115,30.0,-33.5,False
0.9,120,30.0,-38.0,False
0.9,125,30.0,-42.5,False
0.9,130,30.0,-47.0,False
0.9,135,30.0,-51.5,False
0.9,140,30.0,-56.0,False
0.9,145,30.0,-60.5,False
0.9,150,30.0,-65.0,False
0.9,155,30.0,-69.5,False
0.9,160,30.0,-74.0,False
0.9,165,30.0,-78.5,False
0.9,170,30.0,-83.0,False
0.9,175,30.0,-87.5,False
0.9,180,30.0,-92.0,False
0.9,185,30.0,-96.5,False
0.9,190,30.0,-101.0,False
0.9,195,30.0,-105.5,False
0.9,200,30.0,-110.0,False
0.9,205,30.0,-114.5,False
0.9,210,30.0,-119.0,False
0.9,215,30.0,-123.5,False
0.9,220,30.0,-128.0,False
0.9,225,30.0,-132.5,False
0.9,230,30.0,-137.0,False
0.9,235,30.0,-141.5,False
0.9,240,30.0,-146.0,False
0.9,245,30.0,-150.5,False
0.9,250,30.0,-155.0,False
0.9,255,30.0,-159.5,False
0.9,260,30.0,-164.0,False
0.9,265,30.0,-168.5,False
0.9,270,30.0,-173.0,False
0.9,275,30.0,-177.5,False
0.9,280,30.0,-182.0,False
0.9,285,30.0,-186.5,False
0.9,290,30.0,-191.0,False
0.9,295,30.0,-195.5,False
0.9,300,30.0,-200.0,False
0.9,305,30.0,-204.5,False
0.9,310,30.0,-209.0,False
0.9,315,30.0,-213.5,False
0.9,320,30.0,-218.0,False
0.9,325,30.0,-222.5,False
0.9,330,30.0,-227.0,False
0.9,335,30.0,-231.5,False
0.9,340,30.0,-236.0,False
0.9,345,30.0,-240.5,False
0.9,350,30.0,-245.0,False
0.9,355,30.0,-249.5,False
0.9,360,30.0,-254.0,False
0.9,365,30.0,-258.5,False
0.9,370,30.0,-263.0,False
0.9,375,30.0,-267.5,False
0.9,380,30.0,-272.0,False
0.9,385,30.0,-276.5,False
0.9,390,30.0,-281.0,False
0.9,395,30.0,-285.5,False
0.9,400,30.0,-290.0,False
0.9,405,30.0,-294.5,False
0.9,410,30.0,-299.0,False
0.9,415,30.0,-303.5,False
0.9,420,30.0,-308.0,False
0.9,425,30.0,-312.5,False
0.9,430,30.0,-317.0,False
0.9,435,30.0,-321.5,False
0.9,440,30.0,-326.0,False
0.9,445,30.0,-330.5,False
0.9,450,30.0,-335.0,False
0.9,455,30.0,-339.5,False
0.9,460,30.0,-344.0,False
0.9,465,30.0,-348.5,False
0.9,470,30.0,-353.0,False
0.9,475,30.0,-357.5,False
0.9,480,30.0,-362.0,False
0.9,485,30.0,-366.5,False
0.9,490,30.0,-371.0,False
0.9,495,30.0,-375.5,False
0.9,500,30.0,-380.0,False
0.91,0,30.0,70.0,True
0.91,5,30.0,65.45,True
0.91,10,30.0,60.9,True
0.91,15,30.0,56.35,True
0.91,20,30.0,51.8,True
0.91,25,30.0,47.25,True
0.91,30,30.0,42.7,True
0.91,35,30.0,38.15,True
0.91,40,30.0,33.6,True
0.91,45,30.0,29.049999999999997,False
0.91,50,30.0,24.5,False
0.91,55,30.0,19.949999999999996,False
0.91,60,30.0,15.399999999999999,False
0.91,65,30.0,10.850000000000001,False
0.91,70,30.0,6.299999999999997,False
0.91,75,30.0,1.75,False
0.91,80,30.0,-2.799999999999997,False
0.91,85,30.0,-7.3500000000000085,False
0.91,90,30.0,-11.900000000000006,False
0.91,95,30.0,-16.450000000000003,False
0.91,100,30.0,-21.0,False
0.91,105,30.0,-25.549999999999997,False
0.91,110,30.0,-30.10000000000001,False
0.91,115,30.0,-34.650000000000006,False
0.91,120,30.0,-39.2,False
0.91,125,30.0,-43.75,False
0.91,130,30.0,-48.3,False
0.91,135,30.0,-52.85000000000001,False
0.91,140,30.0,-57.400000000000006,False
0.91,145,30.0,-61.95000000000002,False
0.91,150,30.0,-66.5,False
0.91,155,30.0,-71.05000000000001,False
0.91,160,30.0,-75.6,False
0.91,165,30.0,-80.15,False
0.91,170,30.0,-84.70000000000002,False
0.91,175,30.0,-89.25,False
0.91,180,30.0,-93.80000000000001,False
0.91,185,30.0,-98.35,False
0.91,190,30.0,-102.9,False
0.91,195,30.0,-107.45000000000002,False
0.91,200,30.0,-112.0,False
0.91,205,30.0,-116.55000000000001,False
0.91,210,30.0,-121.1,False
0.91,215,30.0,-125.65,False
0.91,220,30.0,-130.20000000000002,False
0.91,225,30.0,-134.75,False
0.91,230,30.0,-139.3,False
0.91,235,30.0,-143.85,False
0.91,240,30.0,-148.4,False
0.91,245,30.0,-152.95000000000002,False
0.91,250,30.0,-157.5,False
0.91,255,30.0,-162.05,False
0.91,260,30.0,-166.6,False
0.91,265,30.0,-171.15,False
0.91,270,30.0,-175.70000000000002,False
0.91,275,30.0,-180.25,False
0.91,280,30.0,-184.8,False
0.91,285,30.0,-189.35000000000002,False
0.91,290,30.0,-193.90000000000003,False
0.91,295,30.0,-198.45,False
0.91,300,30.0,-203.0,False
0.91,305,30.0,-207.55,False
0.91,310,30.0,-212.10000000000002,False
0.91,315,30.0,-216.65000000000003,False
0.91,320,30.0,-221.2,False
0.91,325,30.0,-225.75,False
0.91,330,30.0,-230.3,False
0.91,335,30.0,-234.85000000000002,False
0.91,340,30.0,-239.40000000000003,False
0.91,345,30.0,-243.95,False
0.91,350,30.0,-248.5,False
0.91,355,30.0,-253.05,False
0.91,360,30.0,-257.6,False
0.91,365,30.0,-262.15000000000003,False
0.91,370,30.0,-266.7,False
0.91,375,30.0,-271.25,False
0.91,380,30.0,-275.8,False
0.91,385,30.0,-280.35,False
0.91,390,30.0,-284.90000000000003,False
0.91,395,30.0,-289.45,False
0.91,400,30.0,-294.0,False
0.91,405,30.0,-298.55,False
0.91,410,30.0,-303.1,False
0.91,415,30.0,-307.65000000000003,False
0.91,420,30.0,-312.2,False
0.91,425,30.0,-316.75,False
0.91,430,30.0,-321.3,False
0.91,435,30.0,-325.85,False
0.91,440,30.0,-330.40000000000003,False
0.91,445,30.0,-334.95,False
0.91,450,30.0,-339.5,False
0.91,455,30.0,-344.05,False
0.91,460,30.0,-348.6,False
0.91,465,30.0,-353.15000000000003,False
0.91,470,30.0,-357.7,False
0.91,475,30.0,-362.25,False
0.91,480,30.0,-366.8,False
0.91,485,30.0,-371.35,False
0.91,490,30.0,-375.90000000000003,False
0.91,495,30.0,-380.45,False
0.91,500,30.0,-385.0,False
0.92,0,30.0,70.0,True
0.92,5,30.0,65.4,True
0.92,10,30.0,60.8,True
0.92,15,30.0,56.2,True
0.92,20,30.0,51.599999999999994,True
0.92,25,30.0,47.0,True
0.92,30,30.0,42.4,True
0.92,35,30.0,37.8,True
0.92,40,30.0,33.199999999999996,True
0.92,45,30.0,28.6,False
0.92,50,30.0,24.0,False
0.92,55,30.0,19.4,False
0.92,60,30.0,14.799999999999997,False
0.92,65,30.0,10.199999999999996,False
0.92,70,30.0,5.599999999999994,False
0.92,75,30.0,1.0,False
0.92,80,30.0,-3.6000000000000085,False
0.92,85,30.0,-8.200000000000003,False
0.92,90,30.0,-12.799999999999997,False
0.92,95,30.0,-17.400000000000006,False
0.92,100,30.0,-22.0,False
0.92,105,30.0,-26.60000000000001,False
0.92,110,30.0,-31.200000000000003,False
0.92,115,30.0,-35.80000000000001,False
0.92,120,30.0,-40.400000000000006,False
0.92,125,30.0,-45.0,False
0.92,130,30.0,-49.60000000000001,False
0.92,135,30.0,-54.2,False
0.92,140,30.0,-58.80000000000001,False
0.92,145,30.0,-63.400000000000006,False
0.92,150,30.0,-68.0,False
0.92,155,30.0,-72.6,False
0.92,160,30.0,-77.20000000000002,False
0.92,165,30.0,-81.80000000000001,False
0.92,170,30.0,-86.4,False
0.92,175,30.0,-91.0,False
0.92,180,30.0,-95.6,False
0.92,185,30.0,-100.20000000000002,False
0.92,190,30.0,-104.80000000000001,False
0.92,195,30.0,-109.4,False
0.92,200,30.0,-114.0,False
0.92,205,30.0,-118.6,False
0.92,210,30.0,-123.20000000000002,False
0.92,215,30.0,-127.80000000000001,False
0.92,220,30.0,-132.4,False
0.92,225,30.0,-137.0,False
0.92,230,30.0,-141.60000000000002,False
0.92,235,30.0,-146.20000000000002,False
0.92,240,30.0,-150.8,False
0.92,245,30.0,-155.4,False
0.92,250,30.0,-160.0,False
0.92,255,30.0,-164.60000000000002,False
0.92,260,30.0,-169.20000000000002,False
0.92,265,30.0,-173.8,False
0.92,270,30.0,-178.4,False
0.92,275,30.0,-183.0,False
0.92,280,30.0,-187.60000000000002,False
0.92,285,30.0,-192.2,False
0.92,290,30.0,-196.8,False
0.92,295,30.0,-201.40000000000003,False
0.92,300,30.0,-206.0,False
0.92,305,30.0,-210.60000000000002,False
0.92,310,30.0,-215.2,False
0.92,315,30.0,-219.8,False
0.92,320,30.0,-224.40000000000003,False
0.92,325,30.0,-229.0,False
0.92,330,30.0,-233.60000000000002,False
0.92,335,30.0,-238.2,False
0.92,340,30.0,-242.8,False
0.92,345,30.0,-247.40000000000003,False
0.92,350,30.0,-252.0,False
0.92,355,30.0,-256.6,False
0.92,360,30.0,-261.2,False
0.92,365,30.0,-265.8,False
0.92,370,30.0,-270.40000000000003,False
0.92,375,30.0,-275.0,False
0.92,380,30.0,-279.6,False
0.92,385,30.0,-284.2,False
0.92,390,30.0,-288.8,False
0.92,395,30.0,-293.40000000000003,False
0.92,400,30.0,-298.0,False
0.92,405,30.0,-302.6,False
0.92,410,30.0,-307.2,False
0.92,415,30.0,-311.8,False
0.92,420,30.0,-316.40000000000003,False
0.92,425,30.0,-321.0,False
0.92,430,30.0,-325.6,False
0.92,435,30.0,-330.20000000000005,False
0.92,440,30.0,-334.8,False
0.92,445,30.0,-339.40000000000003,False
0.92,450,30.0,-344.0,False
0.92,455,30.0,-348.6,False
0.92,460,30.0,-353.20000000000005,False
0.92,465,30.0,-357.8,False
0.92,470,30.0,-362.40000000000003,False
0.92,475,30.0,-367.0,False
0.92,480,30.0,-371.6,False
0.92,485,30.0,-376.20000000000005,False
0.92,490,30.0,-380.8,False
0.92,495,30.0,-385.40000000000003,False
0.92,500,30.0,-390.0,False
0.93,0,30.0,70.0,True
0.93,5,30.0,65.35,True
0.93,10,30.0,60.7,True
0.93,15,30.0,56.05,True
0.93,20,30.0,51.4,True
0.93,25,30.0,46.75,True
0.93,30,30.0,42.099999999999994,True
0.93,35,30.0,37.449999999999996,True
0.93,40,30.0,32.8,True
0.93,45,30.0,28.15,False
0.93,50,30.0,23.5,False
0.93,55,30.0,18.849999999999994,False
0.93,60,30.0,14.199999999999996,False
0.93,65,30.0,9.549999999999997,False
0.93,70,30.0,4.8999999999999915,False
0.93,75,30.0,0.25,False
0.93,80,30.0,-4.400000000000006,False
0.93,85,30.0,-9.049999999999997,False
0.93,90,30.0,-13.700000000000003,False
0.93,95,30.0,-18.35000000000001,False
0.93,100,30.0,-23.0,False
0.93,105,30.0,-27.650000000000006,False
0.93,110,30.0,-32.30000000000001,False
0.93,115,30.0,-36.95,False
0.93,120,30.0,-41.60000000000001,False
0.93,125,30.0,-46.25,False
0.93,130,30.0,-50.900000000000006,False
0.93,135,30.0,-55.55000000000001,False
0.93,140,30.0,-60.20000000000002,False
0.93,145,30.0,-64.85,False
0.93,150,30.0,-69.5,False
0.93,155,30.0,-74.15,False
0.93,160,30.0,-78.80000000000001,False
0.93,165,30.0,-83.45000000000002,False
0.93,170,30.0,-88.1,False
0.93,175,30.0,-92.75,False
0.93,180,30.0,-97.4,False
0.93,185,30.0,-102.05000000000001,False
0.93,190,30.0,-106.70000000000002,False
0.93,195,30.0,-111.35000000000002,False
0.93,200,30.0,-116.0,False
0.93,205,30.0,-120.65,False
0.93,210,30.0,-125.30000000000001,False
0.93,215,30.0,-129.95000000000002,False
0.93,220,30.0,-134.60000000000002,False
0.93,225,30.0,-139.25,False
0.93,230,30.0,-143.9,False
0.93,235,30.0,-148.55,False
0.93,240,30.0,-153.20000000000002,False
0.93,245,30.0,-157.85000000000002,False
0.93,250,30.0,-162.5,False
0.93,255,30.0,-167.15,False
0.93,260,30.0,-171.8,False
0.93,265,30.0,-176.45000000000002,False
0.93,270,30.0,-181.10000000000002,False
0.93,275,30.0,-185.75,False
0.93,280,30.0,-190.40000000000003,False
0.93,285,30.0,-195.05,False
0.93,290,30.0,-199.7,False
0.93,295,30.0,-204.35000000000002,False
0.93,300,30.0,-209.0,False
0.93,305,30.0,-213.65000000000003,False
0.93,310,30.0,-218.3,False
0.93,315,30.0,-222.95,False
0.93,320,30.0,-227.60000000000002,False
0.93,325,30.0,-232.25,False
0.93,330,30.0,-236.90000000000003,False
0.93,335,30.0,-241.55,False
0.93,340,30.0,-246.2,False
0.93,345,30.0,-250.85000000000002,False
0.93,350,30.0,-255.5,False
0.93,355,30.0,-260.15000000000003,False
0.93,360,30.0,-264.8,False
0.93,365,30.0,-269.45000000000005,False
0.93,370,30.0,-274.1,False
0.93,375,30.0,-278.75,False
0.93,380,30.0,-283.40000000000003,False
0.93,385,30.0,-288.05,False
0.93,390,30.0,-292.70000000000005,False
0.93,395,30.0,-297.35,False
0.93,400,30.0,-302.0,False
0.93,405,30.0,-306.65000000000003,False
0.93,410,30.0,-311.3,False
0.93,415,30.0,-315.95000000000005,False
0.93,420,30.0,-320.6,False
0.93,425,30.0,-325.25,False
0.93,430,30.0,-329.90000000000003,False
0.93,435,30.0,-334.55,False
0.93,440,30.0,-339.20000000000005,False
0.93,445,30.0,-343.85,False
0.93,450,30.0,-348.5,False
0.93,455,30.0,-353.15000000000003,False
0.93,460,30.0,-357.8,False
0.93,465,30.0,-362.45000000000005,False
0.93,470,30.0,-367.1,False
0.93,475,30.0,-371.75,False
0.93,480,30.0,-376.40000000000003,False
0.93,485,30.0,-381.05,False
0.93,490,30.0,-385.70000000000005,False
0.93,495,30.0,-390.35,False
0.93,500,30.0,-395.0,False
0.9400000000000001,0,30.0,70.0,True
0.9400000000000001,5,30.0,65.3,True
0.9400000000000001,10,30.0,60.6,True
0.9400000000000001,15,30.0,55.9,True
0.9400000000000001,20,30.0,51.2,True
0.9400000000000001,25,30.0,46.5,True
0.9400000000000001,30,30.0,41.8,True
0.9400000000000001,35,30.0,37.1,True
0.9400000000000001,40,30.0,32.4,True
0.9400000000000001,45,30.0,27.699999999999996,False
0.9400000000000001,50,30.0,23.0,False
0.9400000000000001,55,30.0,18.299999999999997,False
0.9400000000000001,60,30.0,13.599999999999994,False
0.9400000000000001,65,30.0,8.899999999999999,False
0.9400000000000001,70,30.0,4.200000000000003,False
0.9400000000000001,75,30.0,-0.5,False
0.9400000000000001,80,30.0,-5.200000000000003,False
0.9400000000000001,85,30.0,-9.900000000000006,False
0.9400000000000001,90,30.0,-14.600000000000009,False
0.9400000000000001,95,30.0,-19.30000000000001,False
0.9400000000000001,100,30.0,-24.0,False
0.9400000000000001,105,30.0,-28.700000000000003,False
0.9400000000000001,110,30.0,-33.400000000000006,False
0.9400000000000001,115,30.0,-38.10000000000001,False
0.9400000000000001,120,30.0,-42.80000000000001,False
0.9400000000000001,125,30.0,-47.500000000000014,False
0.9400000000000001,130,30.0,-52.2,False
0.9400000000000001,135,30.0,-56.900000000000006,False
0.9400000000000001,140,30.0,-61.599999999999994,False
0.9400000000000001,145,30.0,-66.30000000000001,False
0.9400000000000001,150,30.0,-71.0,False
0.9400000000000001,155,30.0,-75.70000000000002,False
0.9400000000000001,160,30.0,-80.4,False
0.9400000000000001,165,30.0,-85.10000000000002,False
0.9400000000000001,170,30.0,-89.80000000000001,False
0.9400000000000001,175,30.0,-94.5,False
0.9400000000000001,180,30.0,-99.20000000000002,False
0.9400000000000001,185,30.0,-103.9,False
0.9400000000000001,190,30.0,-108.60000000000002,False
0.9400000000000001,195,30.0,-113.30000000000001,False
0.9400000000000001,200,30.0,-118.0,False
0.9400000000000001,205,30.0,-122.70000000000002,False
0.9400000000000001,210,30.0,-127.4,False
0.9400000000000001,215,30.0,-132.10000000000002,False
0.9400000000000001,220,30.0,-136.8,False
0.9400000000000001,225,30.0,-141.5,False
0.9400000000000001,230,30.0,-146.20000000000002,False
0.9400000000000001,235,30.0,-150.9,False
0.9400000000000001,240,30.0,-155.60000000000002,False
0.9400000000000001,245,30.0,-160.3,False
0.9400000000000001,250,30.0,-165.00000000000003,False
0.9400000000000001,255,30.0,-169.70000000000002,False
0.9400000000000001,260,30.0,-174.4,False
0.9400000000000001,265,30.0,-179.10000000000002,False
0.9400000000000001,270,30.0,-183.8,False
0.9400000000000001,275,30.0,-188.5,False
0.9400000000000001,280,30.0,-193.2,False
0.9400000000000001,285,30.0,-197.90000000000003,False
0.9400000000000001,290,30.0,-202.60000000000002,False
0.9400000000000001,295,30.0,-207.3,False
0.9400000000000001,300,30.0,-212.0,False
0.9400000000000001,305,30.0,-216.70000000000005,False
0.9400000000000001,310,30.0,-221.40000000000003,False
0.9400000000000001,315,30.0,-226.10000000000002,False
0.9400000000000001,320,30.0,-230.8,False
0.9400000000000001,325,30.0,-235.5,False
0.9400000000000001,330,30.0,-240.20000000000005,False
0.9400000000000001,335,30.0,-244.90000000000003,False
0.9400000000000001,340,30.0,-249.60000000000002,False
0.9400000000000001,345,30.0,-254.3,False
0.9400000000000001,350,30.0,-259.0,False
0.9400000000000001,355,30.0,-263.70000000000005,False
0.9400000000000001,360,30.0,-268.40000000000003,False
0.9400000000000001,365,30.0,-273.1,False
0.9400000000000001,370,30.0,-277.8,False
0.9400000000000001,375,30.0,-282.5,False
0.9400000000000001,380,30.0,-287.20000000000005,False
0.9400000000000001,385,30.0,-291.90000000000003,False
0.9400000000000001,390,30.0,-296.6,False
0.9400000000000001,395,30.0,-301.3,False
0.9400000000000001,400,30.0,-306.0,False
0.9400000000000001,405,30.0,-310.70000000000005,False
0.9400000000000001,410,30.0,-315.40000000000003,False
0.9400000000000001,415,30.0,-320.1,False
0.9400000000000001,420,30.0,-324.8,False
0.9400000000000001,425,30.0,-329.5,False
0.9400000000000001,430,30.0,-334.20000000000005,False
0.9400000000000001,435,30.0,-338.90000000000003,False
0.9400000000000001,440,30.0,-343.6,False
0.9400000000000001,445,30.0,-348.3,False
0.9400000000000001,450,30.0,-353.0,False
0.9400000000000001,455,30.0,-357.70000000000005,False
0.9400000000000001,460,30.0,-362.40000000000003,False
0.9400000000000001,465,30.0,-367.1,False
0.9400000000000001,470,30.0,-371.8,False
0.9400000000000001,475,30.0,-376.5,False
0.9400000000000001,480,30.0,-381.20000000000005,False
0.9400000000000001,485,30.0,-385.90000000000003,False
0.9400000000000001,490,30.0,-390.6,False
0.9400000000000001,495,30.0,-395.3,False
0.9400000000000001,500,30.0,-400.00000000000006,False
0.9500000000000001,0,30.0,70.0,True
0.9500000000000001,5,30.0,65.25,True
0.9500000000000001,10,30.0,60.5,True
0.9500000000000001,15,30.0,55.75,True
0.9500000000000001,20,30.0,51.0,True
0.9500000000000001,25,30.0,46.25,True
0.9500000000000001,30,30.0,41.5,True
0.9500000000000001,35,30.0,36.75,True
0.9500000000000001,40,30.0,32.0,True
0.9500000000000001,45,30.0,27.25,False
0.9500000000000001,50,30.0,22.5,False
0.9500000000000001,55,30.0,17.749999999999993,False
0.9500000000000001,60,30.0,12.999999999999993,False
0.9500000000000001,65,30.0,8.249999999999993,False
0.9500000000000001,70,30.0,3.5,False
0.9500000000000001,75,30.0,-1.25,False
0.9500000000000001,80,30.0,-6.0,False
0.9500000000000001,85,30.0,-10.75,False
0.9500000000000001,90,30.0,-15.5,False
0.9500000000000001,95,30.0,-20.25,False
0.9500000000000001,100,30.0,-25.0,False
0.9500000000000001,105,30.0,-29.75,False
0.9500000000000001,110,30.0,-34.500000000000014,False
0.9500000000000001,115,30.0,-39.250000000000014,False
0.9500000000000001,120,30.0,-44.000000000000014,False
0.9500000000000001,125,30.0,-48.750000000000014,False
0.9500000000000001,130,30.0,-53.500000000000014,False
0.9500000000000001,135,30.0,-58.25,False
0.9500000000000001,140,30.0,-63.0,False
0.9500000000000001,145,30.0,-67.75,False
0.9500000000000001,150,30.0,-72.5,False
0.9500000000000001,155,30.0,-77.25,False
0.9500000000000001,160,30.0,-82.0,False
0.9500000000000001,165,30.0,-86.75,False
0.9500000000000001,170,30.0,-91.5,False
0.9500000000000001,175,30.0,-96.25,False
0.9500000000000001,180,30.0,-101.0,False
0.9500000000000001,185,30.0,-105.75,False
0.9500000000000001,190,30.0,-110.5,False
0.9500000000000001,195,30.0,-115.25,False
0.9500000000000001,200,30.0,-120.0,False
0.9500000000000001,205,30.0,-124.75,False
0.9500000000000001,210,30.0,-129.5,False
0.9500000000000001,215,30.0,-134.25000000000003,False
0.9500000000000001,220,30.0,-139.00000000000003,False
0.9500000000000001,225,30.0,-143.75000000000003,False
0.9500000000000001,230,30.0,-148.50000000000003,False
0.9500000000000001,235,30.0,-153.25000000000003,False
0.9500000000000001,240,30.0,-158.00000000000003,False
0.9500000000000001,245,30.0,-162.75000000000003,False
0.9500000000000001,250,30.0,-167.50000000000003,False
0.9500000000000001,255,30.0,-172.25000000000003,False
0.9500000000000001,260,30.0,-177.00000000000003,False
0.9500000000000001,265,30.0,-181.75000000000003,False
0.9500000000000001,270,30.0,-186.5,False
0.9500000000000001,275,30.0,-191.25,False
0.9500000000000001,280,30.0,-196.0,False
0.9500000000000001,285,30.0,-200.75,False
0.9500000000000001,290,30.0,-205.5,False
0.9500000000000001,295,30.0,-210.25,False
0.9500000000000001,300,30.0,-215.0,False
0.9500000000000001,305,30.0,-219.75,False
0.9500000000000001,310,30.0,-224.5,False
0.9500000000000001,315,30.0,-229.25,False
0.9500000000000001,320,30.0,-234.0,False
0.9500000000000001,325,30.0,-238.75,False
0.9500000000000001,330,30.0,-243.5,False
0.9500000000000001,335,30.0,-248.25,False
0.9500000000000001,340,30.0,-253.0,False
0.9500000000000001,345,30.0,-257.75,False
0.9500000000000001,350,30.0,-262.5,False
0.9500000000000001,355,30.0,-267.25,False
0.9500000000000001,360,30.0,-272.0,False
0.9500000000000001,365,30.0,-276.75,False
0.9500000000000001,370,30.0,-281.5,False
0.9500000000000001,375,30.0,-286.25,False
0.9500000000000001,380,30.0,-291.0,False
0.9500000000000001,385,30.0,-295.75,False
0.9500000000000001,390,30.0,-300.5,False
0.9500000000000001,395,30.0,-305.25,False
0.9500000000000001,400,30.0,-310.0,False
0.9500000000000001,405,30.0,-314.75,False
0.9500000000000001,410,30.0,-319.5,False
0.9500000000000001,415,30.0,-324.25,False
0.9500000000000001,420,30.0,-329.0,False
0.9500000000000001,425,30.0,-333.75,False
0.9500000000000001,430,30.0,-338.50000000000006,False
0.9500000000000001,435,30.0,-343.25000000000006,False
0.9500000000000001,440,30.0,-348.00000000000006,False
0.9500000000000001,445,30.0,-352.75000000000006,False
0.9500000000000001,450,30.0,-357.50000000000006,False
0.9500000000000001,455,30.0,-362.25000000000006,False
0.9500000000000001,460,30.0,-367.00000000000006,False
0.9500000000000001,465,30.0,-371.75000000000006,False
0.9500000000000001,470,30.0,-376.50000000000006,False
0.9500000000000001,475,30.0,-381.25000000000006,False
0.9500000000000001,480,30.0,-386.00000000000006,False
0.9500000000000001,485,30.0,-390.75000000000006,False
0.9500000000000001,490,30.0,-395.50000000000006,False
0.9500000000000001,495,30.0,-400.25000000000006,False
0.9500000000000001,500,30.0,-405.00000000000006,False
0.96,0,30.0,70.0,True
0.96,5,30.0,65.2,True
0.96,10,30.0,60.4,True
0.96,15,30.0,55.6,True
0.96,20,30.0,50.8,True
0.96,25,30.0,46.0,True
0.96,30,30.0,41.2,True
0.96,35,30.0,36.4,True
0.96,40,30.0,31.6,True
0.96,45,30.0,26.800000000000004,False
0.96,50,30.0,22.0,False
0.96,55,30.0,17.200000000000003,False
0.96,60,30.0,12.400000000000006,False
0.96,65,30.0,7.600000000000001,False
0.96,70,30.0,2.799999999999997,False
0.96,75,30.0,-2.0,False
0.96,80,30.0,-6.799999999999997,False
0.96,85,30.0,-11.599999999999994,False
0.96,90,30.0,-16.39999999999999,False
0.96,95,30.0,-21.200000000000003,False
0.96,100,30.0,-26.0,False
0.96,105,30.0,-30.799999999999997,False
0.96,110,30.0,-35.599999999999994,False
0.96,115,30.0,-40.39999999999999,False
0.96,120,30.0,-45.19999999999999,False
0.96,125,30.0,-50.0,False
0.96,130,30.0,-54.8,False
0.96,135,30.0,-59.599999999999994,False
0.96,140,30.0,-64.4,False
0.96,145,30.0,-69.19999999999999,False
0.96,150,30.0,-74.0,False
0.96,155,30.0,-78.79999999999998,False
0.96,160,30.0,-83.6,False
0.96,165,30.0,-88.4,False
0.96,170,30.0,-93.19999999999999,False
0.96,175,30.0,-98.0,False
0.96,180,30.0,-102.79999999999998,False
0.96,185,30.0,-107.6,False
0.96,190,30.0,-112.4,False
0.96,195,30.0,-117.19999999999999,False
0.96,200,30.0,-122.0,False
0.96,205,30.0,-126.79999999999998,False
0.96,210,30.0,-131.6,False
0.96,215,30.0,-136.4,False
0.96,220,30.0,-141.2,False
0.96,225,30.0,-146.0,False
0.96,230,30.0,-150.79999999999998,False
0.96,235,30.0,-155.6,False
0.96,240,30.0,-160.39999999999998,False
0.96,245,30.0,-165.2,False
0.96,250,30.0,-170.0,False
0.96,255,30.0,-174.79999999999998,False
0.96,260,30.0,-179.6,False
0.96,265,30.0,-184.39999999999998,False
0.96,270,30.0,-189.2,False
0.96,275,30.0,-194.0,False
0.96,280,30.0,-198.8,False
0.96,285,30.0,-203.59999999999997,False
0.96,290,30.0,-208.39999999999998,False
0.96,295,30.0,-213.2,False
0.96,300,30.0,-218.0,False
0.96,305,30.0,-222.8,False
0.96,310,30.0,-227.59999999999997,False
0.96,315,30.0,-232.39999999999998,False
0.96,320,30.0,-237.2,False
0.96,325,30.0,-242.0,False
0.96,330,30.0,-246.8,False
0.96,335,30.0,-251.59999999999997,False
0.96,340,30.0,-256.4,False
0.96,345,30.0,-261.2,False
0.96,350,30.0,-266.0,False
0.96,355,30.0,-270.8,False
0.96,360,30.0,-275.59999999999997,False
0.96,365,30.0,-280.4,False
0.96,370,30.0,-285.2,False
0.96,375,30.0,-290.0,False
0.96,380,30.0,-294.8,False
0.96,385,30.0,-299.59999999999997,False
0.96,390,30.0,-304.4,False
0.96,395,30.0,-309.2,False
0.96,400,30.0,-314.0,False
0.96,405,30.0,-318.8,False
0.96,410,30.0,-323.59999999999997,False
0.96,415,30.0,-328.4,False
0.96,420,30.0,-333.2,False
0.96,425,30.0,-338.0,False
0.96,430,30.0,-342.8,False
0.96,435,30.0,-347.59999999999997,False
0.96,440,30.0,-352.4,False
0.96,445,30.0,-357.2,False
0.96,450,30.0,-362.0,False
0.96,455,30.0,-366.8,False
0.96,460,30.0,-371.59999999999997,False
0.96,465,30.0,-376.4,False
0.96,470,30.0,-381.2,False
0.96,475,30.0,-386.0,False
0.96,480,30.0,-390.79999999999995,False
0.96,485,30.0,-395.59999999999997,False
0.96,490,30.0,-400.4,False
0.96,495,30.0,-405.2,False
0.96,500,30.0,-410.0,False
0.97,0,30.0,70.0,True
0.97,5,30.0,65.15,True
0.97,10,30.0,60.3,True
0.97,15,30.0,55.45,True
0.97,20,30.0,50.6,True
0.97,25,30.0,45.75,True
0.97,30,30.0,40.900000000000006,True
0.97,35,30.0,36.050000000000004,True
0.97,40,30.0,31.200000000000003,True
0.97,45,30.0,26.35,False
0.97,50,30.0,21.5,False
0.97,55,30.0,16.65,False
0.97,60,30.0,11.800000000000004,False
0.97,65,30.0,6.950000000000003,False
0.97,70,30.0,2.1000000000000085,False
0.97,75,30.0,-2.75,False
0.97,80,30.0,-7.599999999999994,False
0.97,85,30.0,-12.450000000000003,False
0.97,90,30.0,-17.299999999999997,False
0.97,95,30.0,-22.14999999999999,False
0.97,100,30.0,-27.0,False
0.97,105,30.0,-31.849999999999994,False
0.97,110,30.0,-36.7,False
0.97,115,30.0,-41.55,False
0.97,120,30.0,-46.39999999999999,False
0.97,125,30.0,-51.25,False
0.97,130,30.0,-56.099999999999994,False
0.97,135,30.0,-60.94999999999999,False
0.97,140,30.0,-65.79999999999998,False
0.97,145,30.0,-70.65,False
0.97,150,30.0,-75.5,False
0.97,155,30.0,-80.35,False
0.97,160,30.0,-85.19999999999999,False
0.97,165,30.0,-90.04999999999998,False
0.97,170,30.0,-94.9,False
0.97,175,30.0,-99.75,False
0.97,180,30.0,-104.6,False
0.97,185,30.0,-109.44999999999999,False
0.97,190,30.0,-114.29999999999998,False
0.97,195,30.0,-119.15,False
0.97,200,30.0,-124.0,False
0.97,205,30.0,-128.85,False
0.97,210,30.0,-133.7,False
0.97,215,30.0,-138.54999999999998,False
0.97,220,30.0,-143.4,False
0.97,225,30.0,-148.25,False
0.97,230,30.0,-153.1,False
0.97,235,30.0,-157.95,False
0.97,240,30.0,-162.79999999999998,False
0.97,245,30.0,-167.65,False
0.97,250,30.0,-172.5,False
0.97,255,30.0,-177.35,False
0.97,260,30.0,-182.2,False
0.97,265,30.0,-187.05,False
0.97,270,30.0,-191.89999999999998,False
0.97,275,30.0,-196.75,False
0.97,280,30.0,-201.59999999999997,False
0.97,285,30.0,-206.45,False
0.97,290,30.0,-211.3,False
0.97,295,30.0,-216.14999999999998,False
0.97,300,30.0,-221.0,False
0.97,305,30.0,-225.84999999999997,False
0.97,310,30.0,-230.7,False
0.97,315,30.0,-235.55,False
0.97,320,30.0,-240.39999999999998,False
0.97,325,30.0,-245.25,False
0.97,330,30.0,-250.09999999999997,False
0.97,335,30.0,-254.95,False
0.97,340,30.0,-259.8,False
0.97,345,30.0,-264.65,False
0.97,350,30.0,-269.5,False
0.97,355,30.0,-274.34999999999997,False
0.97,360,30.0,-279.2,False
0.97,365,30.0,-284.05,False
0.97,370,30.0,-288.9,False
0.97,375,30.0,-293.75,False
0.97,380,30.0,-298.59999999999997,False
0.97,385,30.0,-303.45,False
0.97,390,30.0,-308.3,False
0.97,395,30.0,-313.15,False
0.97,400,30.0,-318.0,False
0.97,405,30.0,-322.84999999999997,False
0.97,410,30.0,-327.7,False
0.97,415,30.0,-332.55,False
0.97,420,30.0,-337.4,False
0.97,425,30.0,-342.25,False
0.97,430,30.0,-347.09999999999997,False
0.97,435,30.0,-351.95,False
0.97,440,30.0,-356.8,False
0.97,445,30.0,-361.65,False
0.97,450,30.0,-366.5,False
0.97,455,30.0,-371.34999999999997,False
0.97,460,30.0,-376.2,False
0.97,465,30.0,-381.05,False
0.97,470,30.0,-385.9,False
0.97,475,30.0,-390.75,False
0.97,480,30.0,-395.59999999999997,False
0.97,485,30.0,-400.45,False
0.97,490,30.0,-405.3,False
0.97,495,30.0,-410.15,False
0.97,500,30.0,-415.0,False
0.98,0,30.0,70.0,True
0.98,5,30.0,65.1,True
0.98,10,30.0,60.2,True
0.98,15,30.0,55.3,True
0.98,20,30.0,50.4,True
0.98,25,30.0,45.5,True
0.98,30,30.0,40.6,True
0.98,35,30.0,35.7,True
0.98,40,30.0,30.799999999999997,True
0.98,45,30.0,25.9,False
0.98,50,30.0,21.0,False
0.98,55,30.0,16.1,False
0.98,60,30.0,11.200000000000003,False
0.98,65,30.0,6.300000000000004,False
0.98,70,30.0,1.4000000000000057,False
0.98,75,30.0,-3.5,False
0.98,80,30.0,-8.400000000000006,False
0.98,85,30.0,-13.299999999999997,False
0.98,90,30.0,-18.200000000000003,False
0.98,95,30.0,-23.099999999999994,False
0.98,100,30.0,-28.0,False
0.98,105,30.0,-32.89999999999999,False
0.98,110,30.0,-37.8,False
0.98,115,30.0,-42.7,False
0.98,120,30.0,-47.599999999999994,False
0.98,125,30.0,-52.5,False
0.98,130,30.0,-57.39999999999999,False
0.98,135,30.0,-62.30000000000001,False
0.98,140,30.0,-67.19999999999999,False
0.98,145,30.0,-72.1,False
0.98,150,30.0,-77.0,False
0.98,155,30.0,-81.9,False
0.98,160,30.0,-86.80000000000001,False
0.98,165,30.0,-91.69999999999999,False
0.98,170,30.0,-96.6,False
0.98,175,30.0,-101.5,False
0.98,180,30.0,-106.4,False
0.98,185,30.0,-111.29999999999998,False
0.98,190,30.0,-116.19999999999999,False
0.98,195,30.0,-121.1,False
0.98,200,30.0,-126.0,False
0.98,205,30.0,-130.9,False
0.98,210,30.0,-135.79999999999998,False
0.98,215,30.0,-140.7,False
0.98,220,30.0,-145.6,False
0.98,225,30.0,-150.5,False
0.98,230,30.0,-155.4,False
0.98,235,30.0,-160.29999999999998,False
0.98,240,30.0,-165.2,False
0.98,245,30.0,-170.1,False
0.98,250,30.0,-175.0,False
0.98,255,30.0,-179.9,False
0.98,260,30.0,-184.79999999999998,False
0.98,265,30.0,-189.7,False
0.98,270,30.0,-194.60000000000002,False
0.98,275,30.0,-199.5,False
0.98,280,30.0,-204.39999999999998,False
0.98,285,30.0,-209.3,False
0.98,290,30.0,-214.2,False
0.98,295,30.0,-219.10000000000002,False
0.98,300,30.0,-224.0,False
0.98,305,30.0,-228.89999999999998,False
0.98,310,30.0,-233.8,False
0.98,315,30.0,-238.7,False
0.98,320,30.0,-243.60000000000002,False
0.98,325,30.0,-248.5,False
0.98,330,30.0,-253.39999999999998,False
0.98,335,30.0,-258.3,False
0.98,340,30.0,-263.2,False
0.98,345,30.0,-268.09999999999997,False
0.98,350,30.0,-273.0,False
0.98,355,30.0,-277.9,False
0.98,360,30.0,-282.8,False
0.98,365,30.0,-287.7,False
0.98,370,30.0,-292.59999999999997,False
0.98,375,30.0,-297.5,False
0.98,380,30.0,-302.4,False
0.98,385,30.0,-307.3,False
0.98,390,30.0,-312.2,False
0.98,395,30.0,-317.09999999999997,False
0.98,400,30.0,-322.0,False
0.98,405,30.0,-326.9,False
0.98,410,30.0,-331.8,False
0.98,415,30.0,-336.7,False
0.98,420,30.0,-341.59999999999997,False
0.98,425,30.0,-346.5,False
0.98,430,30.0,-351.4,False
0.98,435,30.0,-356.3,False
0.98,440,30.0,-361.2,False
0.98,445,30.0,-366.09999999999997,False
0.98,450,30.0,-371.0,False
0.98,455,30.0,-375.9,False
0.98,460,30.0,-380.8,False
0.98,465,30.0,-385.7,False
0.98,470,30.0,-390.59999999999997,False
0.98,475,30.0,-395.5,False
0.98,480,30.0,-400.4,False
0.98,485,30.0,-405.3,False
0.98,490,30.0,-410.2,False
0.98,495,30.0,-415.09999999999997,False
0.98,500,30.0,-420.0,False
0.99,0,30.0,70.0,True
0.99,5,30.0,65.05,True
0.99,10,30.0,60.1,True
0.99,15,30.0,55.15,True
0.99,20,30.0,50.2,True
0.99,25,30.0,45.25,True
0.99,30,30.0,40.3,True
0.99,35,30.0,35.35,True
0.99,40,30.0,30.4,True
0.99,45,30.0,25.450000000000003,False
0.99,50,30.0,20.5,False
0.99,55,30.0,15.549999999999997,False
0.99,60,30.0,10.600000000000001,False
0.99,65,30.0,5.650000000000006,False
0.99,70,30.0,0.7000000000000028,False
0.99,75,30.0,-4.25,False
0.99,80,30.0,-9.200000000000003,False
0.99,85,30.0,-14.150000000000006,False
0.99,90,30.0,-19.099999999999994,False
0.99,95,30.0,-24.049999999999997,False
0.99,100,30.0,-29.0,False
0.99,105,30.0,-33.95,False
0.99,110,30.0,-38.900000000000006,False
0.99,115,30.0,-43.849999999999994,False
0.99,120,30.0,-48.8,False
0.99,125,30.0,-53.75,False
0.99,130,30.0,-58.69999999999999,False
0.99,135,30.0,-63.650000000000006,False
0.99,140,30.0,-68.6,False
0.99,145,30.0,-73.55000000000001,False
0.99,150,30.0,-78.5,False
0.99,155,30.0,-83.44999999999999,False
0.99,160,30.0,-88.4,False
0.99,165,30.0,-93.35,False
0.99,170,30.0,-98.30000000000001,False
0.99,175,30.0,-103.25,False
0.99,180,30.0,-108.19999999999999,False
0.99,185,30.0,-113.15,False
0.99,190,30.0,-118.1,False
0.99,195,30.0,-123.05000000000001,False
0.99,200,30.0,-128.0,False
0.99,205,30.0,-132.95,False
0.99,210,30.0,-137.9,False
0.99,215,30.0,-142.85,False
0.99,220,30.0,-147.8,False
0.99,225,30.0,-152.75,False
0.99,230,30.0,-157.7,False
0.99,235,30.0,-162.65,False
0.99,240,30.0,-167.6,False
0.99,245,30.0,-172.55,False
0.99,250,30.0,-177.5,False
0.99,255,30.0,-182.45,False
0.99,260,30.0,-187.39999999999998,False
0.99,265,30.0,-192.35000000000002,False
0.99,270,30.0,-197.3,False
0.99,275,30.0,-202.25,False
0.99,280,30.0,-207.2,False
0.99,285,30.0,-212.14999999999998,False
0.99,290,30.0,-217.10000000000002,False
0.99,295,30.0,-222.05,False
0.99,300,30.0,-227.0,False
0.99,305,30.0,-231.95,False
0.99,310,30.0,-236.89999999999998,False
0.99,315,30.0,-241.85000000000002,False
0.99,320,30.0,-246.8,False
0.99,325,30.0,-251.75,False
0.99,330,30.0,-256.7,False
0.99,335,30.0,-261.65,False
0.99,340,30.0,-266.6,False
0.99,345,30.0,-271.55,False
0.99,350,30.0,-276.5,False
0.99,355,30.0,-281.45,False
0.99,360,30.0,-286.4,False
0.99,365,30.0,-291.35,False
0.99,370,30.0,-296.3,False
0.99,375,30.0,-301.25,False
0.99,380,30.0,-306.2,False
0.99,385,30.0,-311.15,False
0.99,390,30.0,-316.1,False
0.99,395,30.0,-321.05,False
0.99,400,30.0,-326.0,False
0.99,405,30.0,-330.95,False
0.99,410,30.0,-335.9,False
0.99,415,30.0,-340.85,False
0.99,420,30.0,-345.8,False
0.99,425,30.0,-350.75,False
0.99,430,30.0,-355.7,False
0.99,435,30.0,-360.65,False
0.99,440,30.0,-365.6,False
0.99,445,30.0,-370.55,False
0.99,450,30.0,-375.5,False
0.99,455,30.0,-380.45,False
0.99,460,30.0,-385.4,False
0.99,465,30.0,-390.35,False
0.99,470,30.0,-395.3,False
0.99,475,30.0,-400.25,False
0.99,480,30.0,-405.2,False
0.99,485,30.0,-410.15,False
0.99,490,30.0,-415.1,False
0.99,495,30.0,-420.05,False
0.99,500,30.0,-425.0,False
1.0,0,30.0,70.0,True
1.0,5,30.0,65.0,True
1.0,10,30.0,60.0,True
1.0,15,30.0,55.0,True
1.0,20,30.0,50.0,True
1.0,25,30.0,45.0,True
1.0,30,30.0,40.0,True
1.0,35,30.0,35.0,True
1.0,40,30.0,30.0,False
1.0,45,30.0,25.0,False
1.0,50,30.0,20.0,False
1.0,55,30.0,15.0,False
1.0,60,30.0,10.0,False
1.0,65,30.0,5.0,False
1.0,70,30.0,0.0,False
1.0,75,30.0,-5.0,False
1.0,80,30.0,-10.0,False
1.0,85,30.0,-15.0,False
1.0,90,30.0,-20.0,False
1.0,95,30.0,-25.0,False
1.0,100,30.0,-30.0,False
1.0,105,30.0,-35.0,False
1.0,110,30.0,-40.0,False
1.0,115,30.0,-45.0,False
1.0,120,30.0,-50.0,False
1.0,125,30.0,-55.0,False
1.0,130,30.0,-60.0,False
1.0,135,30.0,-65.0,False
1.0,140,30.0,-70.0,False
1.0,145,30.0,-75.0,False
1.0,150,30.0,-80.0,False
1.0,155,30.0,-85.0,False
1.0,160,30.0,-90.0,False
1.0,165,30.0,-95.0,False
1.0,170,30.0,-100.0,False
1.0,175,30.0,-105.0,False
1.0,180,30.0,-110.0,False
1.0,185,30.0,-115.0,False
1.0,190,30.0,-120.0,False
1.0,195,30.0,-125.0,False
1.0,200,30.0,-130.0,False
1.0,205,30.0,-135.0,False
1.0,210,30.0,-140.0,False
1.0,215,30.0,-145.0,False
1.0,220,30.0,-150.0,False
1.0,225,30.0,-155.0,False
1.0,230,30.0,-160.0,False
1.0,235,30.0,-165.0,False
1.0,240,30.0,-170.0,False
1.0,245,30.0,-175.0,False
1.0,250,30.0,-180.0,False
1.0,255,30.0,-185.0,False
1.0,260,30.0,-190.0,False
1.0,265,30.0,-195.0,False
1.0,270,30.0,-200.0,False
1.0,275,30.0,-205.0,False
1.0,280,30.0,-210.0,False
1.0,285,30.0,-215.0,False
1.0,290,30.0,-220.0,False
1.0,295,30.0,-225.0,False
1.0,300,30.0,-230.0,False
1.0,305,30.0,-235.0,False
1.0,310,30.0,-240.0,False
1.0,315,30.0,-245.0,False
1.0,320,30.0,-250.0,False
1.0,325,30.0,-255.0,False
1.0,330,30.0,-260.0,False
1.0,335,30.0,-265.0,False
1.0,340,30.0,-270.0,False
1.0,345,30.0,-275.0,False
1.0,350,30.0,-280.0,False
1.0,355,30.0,-285.0,False
1.0,360,30.0,-290.0,False
1.0,365,30.0,-295.0,False
1.0,370,30.0,-300.0,False
1.0,375,30.0,-305.0,False
1.0,380,30.0,-310.0,False
1.0,385,30.0,-315.0,False
1.0,390,30.0,-320.0,False
1.0,395,30.0,-325.0,False
1.0,400,30.0,-330.0,False
1.0,405,30.0,-335.0,False
1.0,410,30.0,-340.0,False
1.0,415,30.0,-345.0,False
1.0,420,30.0,-350.0,False
1.0,425,30.0,-355.0,False
1.0,430,30.0,-360.0,False
1.0,435,30.0,-365.0,False
1.0,440,30.0,-370.0,False
1.0,445,30.0,-375.0,False
1.0,450,30.0,-380.0,False
1.0,455,30.0,-385.0,False
1.0,460,30.0,-390.0,False
1.0,465,30.0,-395.0,False
1.0,470,30.0,-400.0,False
1.0,475,30.0,-405.0,False
1.0,480,30.0,-410.0,False
1.0,485,30.0,-415.0,False
1.0,490,30.0,-420.0,False
1.0,495,30.0,-425.0,False
1.0,500,30.0,-430.0,False
