p,official_penalty,official_accept_payoff,official_prefers_accept
0.0,0,20.0,True
0.0,5,20.0,True
0.0,10,20.0,True
0.0,15,20.0,True
0.0,20,20.0,True
0.0,25,20.0,True
0.0,30,20.0,True
0.0,35,20.0,True
0.0,40,20.0,True
0.0,45,20.0,True
0.0,50,20.0,True
0.0,55,20.0,True
0.0,60,20.0,True
0.0,65,20.0,True
0.0,70,20.0,True
0.0,75,20.0,True
0.0,80,20.0,True
0.0,85,20.0,True
0.0,90,20.0,True
0.0,95,20.0,True
0.0,100,20.0,True
0.0,105,20.0,True
0.0,110,20.0,True
0.0,115,20.0,True
0.0,120,20.0,True
0.0,125,20.0,True
0.0,130,20.0,True
0.0,135,20.0,True
0.0,140,20.0,True
0.0,145,20.0,True
0.0,150,20.0,True
0.0,155,20.0,True
0.0,160,20.0,True
0.0,165,20.0,True
0.0,170,20.0,True
0.0,175,20.0,True
0.0,180,20.0,True
0.0,185,20.0,True
0.0,190,20.0,True
0.0,195,20.0,True
0.0,200,20.0,True
0.0,205,20.0,True
0.0,210,20.0,True
0.0,215,20.0,True
0.0,220,20.0,True
0.0,225,20.0,True
0.0,230,20.0,True
0.0,235,20.0,True
0.0,240,20.0,True
0.0,245,20.0,True
0.0,250,20.0,True
0.0,255,20.0,True
0.0,260,20.0,True
0.0,265,20.0,True
0.0,270,20.0,True
0.0,275,20.0,True
0.0,280,20.0,True
0.0,285,20.0,True
0.0,290,20.0,True
0.0,295,20.0,True
0.0,300,20.0,True
0.0,305,20.0,True
0.0,310,20.0,True
0.0,315,20.0,True
0.0,320,20.0,True
0.0,325,20.0,True
0.0,330,20.0,True
0.0,335,20.0,True
0.0,340,20.0,True
0.0,345,20.0,True
0.0,350,20.0,True
0.0,355,20.0,True
0.0,360,20.0,True
0.0,365,20.0,True
0.0,370,20.0,True
0.0,375,20.0,True
0.0,380,20.0,True
0.0,385,20.0,True
0.0,390,20.0,True
0.0,395,20.0,True
0.0,400,20.0,True
0.0,405,20.0,True
0.0,410,20.0,True
0.0,415,20.0,True
0.0,420,20.0,True
0.0,425,20.0,True
0.0,430,20.0,True
0.0,435,20.0,True
0.0,440,20.0,True
0.0,445,20.0,True
0.0,450,20.0,True
0.0,455,20.0,True
0.0,460,20.0,True
0.0,465,20.0,True
0.0,470,20.0,True
0.0,475,20.0,True
0.0,480,20.0,True
0.0,485,20.0,True
0.0,490,20.0,True
0.0,495,20.0,True
0.0,500,20.0,True
0.01,0,20.0,True
0.01,5,19.95,True
0.01,10,19.9,True
0.01,15,19.85,True
0.01,20,19.8,True
0.01,25,19.75,True
0.01,30,19.7,True
0.01,35,19.65,True
0.01,40,19.6,True
0.01,45,19.55,True
0.01,50,19.5,True
0.01,55,19.45,True
0.01,60,19.4,True
0.01,65,19.35,True
0.01,70,19.3,True
0.01,75,19.25,True
0.01,80,19.2,True
0.01,85,19.15,True
0.01,90,19.1,True
0.01,95,19.05,True
0.01,100,19.0,True
0.01,105,18.95,True
0.01,110,18.9,True
0.01,115,18.85,True
0.01,120,18.8,True
0.01,125,18.75,True
0.01,130,18.7,True
0.01,135,18.65,True
0.01,140,18.6,True
0.01,145,18.55,True
0.01,150,18.5,True
0.01,155,18.45,True
0.01,160,18.4,True
0.01,165,18.35,True
0.01,170,18.3,True
0.01,175,18.25,True
0.01,180,18.2,True
0.01,185,18.15,True
0.01,190,18.1,True
0.01,195,18.05,True
0.01,200,18.0,True
0.01,205,17.95,True
0.01,210,17.9,True
0.01,215,17.85,True
0.01,220,17.8,True
0.01,225,17.75,True
0.01,230,17.7,True
0.01,235,17.65,True
0.01,240,17.6,True
0.01,245,17.55,True
0.01,250,17.5,True
0.01,255,17.45,True
0.01,260,17.4,True
0.01,265,17.35,True
0.01,270,17.3,True
0.01,275,17.25,True
0.01,280,17.2,True
0.01,285,17.15,True
0.01,290,17.1,True
0.01,295,17.05,True
0.01,300,17.0,True
0.01,305,16.95,True
0.01,310,16.9,True
0.01,315,16.85,True
0.01,320,16.8,True
0.01,325,16.75,True
0.01,330,16.7,True
0.01,335,16.65,True
0.01,340,16.6,True
0.01,345,16.55,True
0.01,350,16.5,True
0.01,355,16.45,True
0.01,360,16.4,True
0.01,365,16.35,True
0.01,370,16.3,True
0.01,375,16.25,True
0.01,380,16.2,True
0.01,385,16.15,True
0.01,390,16.1,True
0.01,395,16.05,True
0.01,400,16.0,True
0.01,405,15.95,True
0.01,410,15.9,True
0.01,415,15.85,True
0.01,420,15.8,True
0.01,425,15.75,True
0.01,430,15.7,True
0.01,435,15.649999999999999,True
0.01,440,15.6,True
0.01,445,15.55,True
0.01,450,15.5,True
0.01,455,15.45,True
0.01,460,15.399999999999999,True
0.01,465,15.35,True
0.01,470,15.3,True
0.01,475,15.25,True
0.01,480,15.2,True
0.01,485,15.149999999999999,True
0.01,490,15.1,True
0.01,495,15.05,True
0.01,500,15.0,True
0.02,0,20.0,True
0.02,5,19.9,True
0.02,10,19.8,True
0.02,15,19.7,True
0.02,20,19.6,True
0.02,25,19.5,True
0.02,30,19.4,True
0.02,35,19.3,True
0.02,40,19.2,True
0.02,45,19.1,True
0.02,50,19.0,True
0.02,55,18.9,True
0.02,60,18.8,True
0.02,65,18.7,True
0.02,70,18.6,True
0.02,75,18.5,True
0.02,80,18.4,True
0.02,85,18.3,True
0.02,90,18.2,True
0.02,95,18.1,True
0.02,100,18.0,True
0.02,105,17.9,True
0.02,110,17.8,True
0.02,115,17.7,True
0.02,120,17.6,True
0.02,125,17.5,True
0.02,130,17.4,True
0.02,135,17.3,True
0.02,140,17.2,True
0.02,145,17.1,True
0.02,150,17.0,True
0.02,155,16.9,True
0.02,160,16.8,True
0.02,165,16.7,True
0.02,170,16.6,True
0.02,175,16.5,True
0.02,180,16.4,True
0.02,185,16.3,True
0.02,190,16.2,True
0.02,195,16.1,True
0.02,200,16.0,True
0.02,205,15.9,True
0.02,210,15.8,True
0.02,215,15.7,True
0.02,220,15.6,True
0.02,225,15.5,True
0.02,230,15.399999999999999,True
0.02,235,15.3,True
0.02,240,15.2,True
0.02,245,15.1,True
0.02,250,15.0,True
0.02,255,14.899999999999999,True
0.02,260,14.8,True
0.02,265,14.7,True
0.02,270,14.6,True
0.02,275,14.5,True
0.02,280,14.399999999999999,True
0.02,285,14.3,True
0.02,290,14.2,True
0.02,295,14.1,True
0.02,300,14.0,True
0.02,305,13.899999999999999,True
0.02,310,13.8,True
0.02,315,13.7,True
0.02,320,13.6,True
0.02,325,13.5,True
0.02,330,13.399999999999999,True
0.02,335,13.3,True
0.02,340,13.2,True
0.02,345,13.1,True
0.02,350,13.0,True
0.02,355,12.899999999999999,True
0.02,360,12.8,True
0.02,365,12.7,True
0.02,370,12.6,True
0.02,375,12.5,True
0.02,380,12.399999999999999,True
0.02,385,12.3,True
0.02,390,12.2,True
0.02,395,12.1,True
0.02,400,12.0,True
0.02,405,11.9,True
0.02,410,11.8,True
0.02,415,11.7,True
0.02,420,11.6,True
0.02,425,11.5,True
0.02,430,11.4,True
0.02,435,11.299999999999999,True
0.02,440,11.2,True
0.02,445,11.1,True
0.02,450,11.0,True
0.02,455,10.9,True
0.02,460,10.799999999999999,True
0.02,465,10.7,True
0.02,470,10.6,True
0.02,475,10.5,True
0.02,480,10.4,True
0.02,485,10.299999999999999,True
0.02,490,10.2,True
0.02,495,10.1,True
0.02,500,10.0,True
0.03,0,20.0,True
0.03,5,19.85,True
0.03,10,19.7,True
0.03,15,19.55,True
0.03,20,19.4,True
0.03,25,19.25,True
0.03,30,19.1,True
0.03,35,18.95,True
0.03,40,18.8,True
0.03,45,18.65,True
0.03,50,18.5,True
0.03,55,18.35,True
0.03,60,18.2,True
0.03,65,18.05,True
0.03,70,17.9,True
0.03,75,17.75,True
0.03,80,17.6,True
0.03,85,17.45,True
0.03,90,17.3,True
0.03,95,17.15,True
0.03,100,17.0,True
0.03,105,16.85,True
0.03,110,16.7,True
0.03,115,16.55,True
0.03,120,16.4,True
0.03,125,16.25,True
0.03,130,16.1,True
0.03,135,15.95,True
0.03,140,15.8,True
0.03,145,15.65,True
0.03,150,15.5,True
0.03,155,15.350000000000001,True
0.03,160,15.2,True
0.03,165,15.05,True
0.03,170,14.9,True
0.03,175,14.75,True
0.03,180,14.600000000000001,True
0.03,185,14.45,True
0.03,190,14.3,True
0.03,195,14.15,True
0.03,200,14.0,True
0.03,205,13.850000000000001,True
0.03,210,13.7,True
0.03,215,13.55,True
0.03,220,13.4,True
0.03,225,13.25,True
0.03,230,13.100000000000001,True
0.03,235,12.95,True
0.03,240,12.8,True
0.03,245,12.65,True
0.03,250,12.5,True
0.03,255,12.350000000000001,True
0.03,260,12.2,True
0.03,265,12.05,True
0.03,270,11.9,True
0.03,275,11.75,True
0.03,280,11.6,True
0.03,285,11.450000000000001,True
0.03,290,11.3,True
0.03,295,11.15,True
0.03,300,11.0,True
0.03,305,10.85,True
0.03,310,10.700000000000001,True
0.03,315,10.55,True
0.03,320,10.4,True
0.03,325,10.25,True
0.03,330,10.1,True
0.03,335,9.950000000000001,True
0.03,340,9.8,True
0.03,345,9.65,True
0.03,350,9.5,True
0.03,355,9.35,True
0.03,360,9.200000000000001,True
0.03,365,9.05,True
0.03,370,8.9,True
0.03,375,8.75,True
0.03,380,8.6,True
0.03,385,8.450000000000001,True
0.03,390,8.3,True
0.03,395,8.15,True
0.03,400,8.0,True
0.03,405,7.85,True
0.03,410,7.700000000000001,True
0.03,415,7.550000000000001,True
0.03,420,7.4,True
0.03,425,7.25,True
0.03,430,7.1,True
0.03,435,6.950000000000001,True
0.03,440,6.800000000000001,True
0.03,445,6.65,True
0.03,450,6.5,True
0.03,455,6.35,True
0.03,460,6.200000000000001,True
0.03,465,6.050000000000001,True
0.03,470,5.9,True
0.03,475,5.75,True
0.03,480,5.600000000000001,True
0.03,485,5.450000000000001,True
0.03,490,5.300000000000001,True
0.03,495,5.15,True
0.03,500,5.0,True
0.04,0,20.0,True
0.04,5,19.8,True
0.04,10,19.6,True
0.04,15,19.4,True
0.04,20,19.2,True
0.04,25,19.0,True
0.04,30,18.8,True
0.04,35,18.6,True
0.04,40,18.4,True
0.04,45,18.2,True
0.04,50,18.0,True
0.04,55,17.8,True
0.04,60,17.6,True
0.04,65,17.4,True
0.04,70,17.2,True
0.04,75,17.0,True
0.04,80,16.8,True
0.04,85,16.6,True
0.04,90,16.4,True
0.04,95,16.2,True
0.04,100,16.0,True
0.04,105,15.8,True
0.04,110,15.6,True
0.04,115,15.399999999999999,True
0.04,120,15.2,True
0.04,125,15.0,True
0.04,130,14.8,True
0.04,135,14.6,True
0.04,140,14.399999999999999,True
0.04,145,14.2,True
0.04,150,14.0,True
0.04,155,13.8,True
0.04,160,13.6,True
0.04,165,13.399999999999999,True
0.04,170,13.2,True
0.04,175,13.0,True
0.04,180,12.8,True
0.04,185,12.6,True
0.04,190,12.399999999999999,True
0.04,195,12.2,True
0.04,200,12.0,True
0.04,205,11.8,True
0.04,210,11.6,True
0.04,215,11.4,True
0.04,220,11.2,True
0.04,225,11.0,True
0.04,230,10.799999999999999,True
0.04,235,10.6,True
0.04,240,10.4,True
0.04,245,10.2,True
0.04,250,10.0,True
0.04,255,9.799999999999999,True
0.04,260,9.6,True
0.04,265,9.4,True
0.04,270,9.2,True
0.04,275,9.0,True
0.04,280,8.799999999999999,True
0.04,285,8.6,True
0.04,290,8.4,True
0.04,295,8.2,True
0.04,300,8.0,True
0.04,305,7.799999999999999,True
0.04,310,7.6,True
0.04,315,7.4,True
0.04,320,7.199999999999999,True
0.04,325,7.0,True
0.04,330,6.799999999999999,True
0.04,335,6.6,True
0.04,340,6.4,True
0.04,345,6.199999999999999,True
0.04,350,6.0,True
0.04,355,5.799999999999999,True
0.04,360,5.6,True
0.04,365,5.4,True
0.04,370,5.199999999999999,True
0.04,375,5.0,True
0.04,380,4.799999999999999,True
0.04,385,4.6,True
0.04,390,4.4,True
0.04,395,4.199999999999999,True
0.04,400,4.0,True
0.04,405,3.8000000000000007,True
0.04,410,3.6000000000000014,True
0.04,415,3.3999999999999986,True
0.04,420,3.1999999999999993,True
0.04,425,3.0,True
0.04,430,2.8000000000000007,True
0.04,435,2.599999999999998,True
0.04,440,2.3999999999999986,True
0.04,445,2.1999999999999993,True
0.04,450,2.0,True
0.04,455,1.8000000000000007,True
0.04,460,1.5999999999999979,True
0.04,465,1.3999999999999986,True
0.04,470,1.1999999999999993,True
0.04,475,1.0,True
0.04,480,0.8000000000000007,True
0.04,485,0.5999999999999979,True
0.04,490,0.3999999999999986,True
0.04,495,0.1999999999999993,True
0.04,500,0.0,False
0.05,0,20.0,True
0.05,5,19.75,True
0.05,10,19.5,True
0.05,15,19.25,True
0.05,20,19.0,True
0.05,25,18.75,True
0.05,30,18.5,True
0.05,35,18.25,True
0.05,40,18.0,True
0.05,45,17.75,True
0.05,50,17.5,True
0.05,55,17.25,True
0.05,60,17.0,True
0.05,65,16.75,True
0.05,70,16.5,True
0.05,75,16.25,True
0.05,80,16.0,True
0.05,85,15.75,True
0.05,90,15.5,True
0.05,95,15.25,True
0.05,100,15.0,True
0.05,105,14.75,True
0.05,110,14.5,True
0.05,115,14.25,True
0.05,120,14.0,True
0.05,125,13.75,True
0.05,130,13.5,True
0.05,135,13.25,True
0.05,140,13.0,True
0.05,145,12.75,True
0.05,150,12.5,True
0.05,155,12.25,True
0.05,160,12.0,True
0.05,165,11.75,True
0.05,170,11.5,True
0.05,175,11.25,True
0.05,180,11.0,True
0.05,185,10.75,True
0.05,190,10.5,True
0.05,195,10.25,True
0.05,200,10.0,True
0.05,205,9.75,True
0.05,210,9.5,True
0.05,215,9.25,True
0.05,220,9.0,True
0.05,225,8.75,True
0.05,230,8.5,True
0.05,235,8.25,True
0.05,240,8.0,True
0.05,245,7.75,True
0.05,250,7.5,True
0.05,255,7.25,True
0.05,260,7.0,True
0.05,265,6.75,True
0.05,270,6.5,True
0.05,275,6.25,True
0.05,280,6.0,True
0.05,285,5.75,True
0.05,290,5.5,True
0.05,295,5.25,True
0.05,300,5.0,True
0.05,305,4.75,True
0.05,310,4.5,True
0.05,315,4.25,True
0.05,320,4.0,True
0.05,325,3.75,True
0.05,330,3.5,True
0.05,335,3.25,True
0.05,340,3.0,True
0.05,345,2.75,True
0.05,350,2.5,True
0.05,355,2.25,True
0.05,360,2.0,True
0.05,365,1.75,True
0.05,370,1.5,True
0.05,375,1.25,True
0.05,380,1.0,True
0.05,385,0.75,True
0.05,390,0.5,True
0.05,395,0.25,True
0.05,400,0.0,False
0.05,405,-0.25,False
0.05,410,-0.5,False
0.05,415,-0.75,False
0.05,420,-1.0,False
0.05,425,-1.25,False
0.05,430,-1.5,False
0.05,435,-1.75,False
0.05,440,-2.0,False
0.05,445,-2.25,False
0.05,450,-2.5,False
0.05,455,-2.75,False
0.05,460,-3.0,False
0.05,465,-3.25,False
0.05,470,-3.5,False
0.05,475,-3.75,False
0.05,480,-4.0,False
0.05,485,-4.25,False
0.05,490,-4.5,False
0.05,495,-4.75,False
0.05,500,-5.0,False
0.06,0,20.0,True
0.06,5,19.7,True
0.06,10,19.4,True
0.06,15,19.1,True
0.06,20,18.8,True
0.06,25,18.5,True
0.06,30,18.2,True
0.06,35,17.9,True
0.06,40,17.6,True
0.06,45,17.3,True
0.06,50,17.0,True
0.06,55,16.7,True
0.06,60,16.4,True
0.06,65,16.1,True
0.06,70,15.8,True
0.06,75,15.5,True
0.06,80,15.2,True
0.06,85,14.9,True
0.06,90,14.600000000000001,True
0.06,95,14.3,True
0.06,100,14.0,True
0.06,105,13.7,True
0.06,110,13.4,True
0.06,115,13.100000000000001,True
0.06,120,12.8,True
0.06,125,12.5,True
0.06,130,12.2,True
0.06,135,11.9,True
0.06,140,11.6,True
0.06,145,11.3,True
0.06,150,11.0,True
0.06,155,10.700000000000001,True
0.06,160,10.4,True
0.06,165,10.1,True
0.06,170,9.8,True
0.06,175,9.5,True
0.06,180,9.200000000000001,True
0.06,185,8.9,True
0.06,190,8.6,True
0.06,195,8.3,True
0.06,200,8.0,True
0.06,205,7.700000000000001,True
0.06,210,7.4,True
0.06,215,7.1,True
0.06,220,6.800000000000001,True
0.06,225,6.5,True
0.06,230,6.200000000000001,True
0.06,235,5.9,True
0.06,240,5.600000000000001,True
0.06,245,5.300000000000001,True
0.06,250,5.0,True
0.06,255,4.700000000000001,True
0.06,260,4.4,True
0.06,265,4.100000000000001,True
0.06,270,3.8000000000000007,True
0.06,275,3.5,True
0.06,280,3.1999999999999993,True
0.06,285,2.900000000000002,True
0.06,290,2.6000000000000014,True
0.06,295,2.3000000000000007,True
0.06,300,2.0,True
0.06,305,1.6999999999999993,True
0.06,310,1.4000000000000021,True
0.06,315,1.1000000000000014,True
0.06,320,0.8000000000000007,True
0.06,325,0.5,True
0.06,330,0.1999999999999993,True
0.06,335,-0.09999999999999787,False
0.06,340,-0.3999999999999986,False
0.06,345,-0.6999999999999993,False
0.06,350,-1.0,False
0.06,355,-1.3000000000000007,False
0.06,360,-1.5999999999999979,False
0.06,365,-1.8999999999999986,False
0.06,370,-2.1999999999999993,False
0.06,375,-2.5,False
0.06,380,-2.8000000000000007,False
0.06,385,-3.099999999999998,False
0.06,390,-3.3999999999999986,False
0.06,395,-3.6999999999999993,False
0.06,400,-4.0,False
0.06,405,-4.300000000000001,False
0.06,410,-4.599999999999998,False
0.06,415,-4.899999999999999,False
0.06,420,-5.199999999999999,False
0.06,425,-5.5,False
0.06,430,-5.800000000000001,False
0.06,435,-6.099999999999998,False
0.06,440,-6.399999999999999,False
0.06,445,-6.699999999999999,False
0.06,450,-7.0,False
0.06,455,-7.300000000000001,False
0.06,460,-7.599999999999998,False
0.06,465,-7.899999999999999,False
0.06,470,-8.2,False
0.06,475,-8.5,False
0.06,480,-8.799999999999997,False
0.06,485,-9.099999999999998,False
0.06,490,-9.399999999999999,False
0.06,495,-9.7,False
0.06,500,-10.0,False
0.07,0,20.0,True
0.07,5,19.65,True
0.07,10,19.3,True
0.07,15,18.95,True
0.07,20,18.6,True
0.07,25,18.25,True
0.07,30,17.9,True
0.07,35,17.55,True
0.07,40,17.2,True
0.07,45,16.85,True
0.07,50,16.5,True
0.07,55,16.15,True
0.07,60,15.8,True
0.07,65,15.45,True
0.07,70,15.1,True
0.07,75,14.75,True
0.07,80,14.399999999999999,True
0.07,85,14.05,True
0.07,90,13.7,True
0.07,95,13.35,True
0.07,100,13.0,True
0.07,105,12.649999999999999,True
0.07,110,12.299999999999999,True
0.07,115,11.95,True
0.07,120,11.6,True
0.07,125,11.25,True
0.07,130,10.899999999999999,True
0.07,135,10.549999999999999,True
0.07,140,10.2,True
0.07,145,9.85,True
0.07,150,9.499999999999998,True
0.07,155,9.149999999999999,True
0.07,160,8.799999999999999,True
0.07,165,8.45,True
0.07,170,8.1,True
0.07,175,7.749999999999998,True
0.07,180,7.399999999999999,True
0.07,185,7.049999999999999,True
0.07,190,6.699999999999999,True
0.07,195,6.349999999999998,True
0.07,200,5.999999999999998,True
0.07,205,5.649999999999999,True
0.07,210,5.299999999999999,True
0.07,215,4.949999999999999,True
0.07,220,4.599999999999998,True
0.07,225,4.249999999999998,True
0.07,230,3.8999999999999986,True
0.07,235,3.549999999999997,True
0.07,240,3.1999999999999993,True
0.07,245,2.849999999999998,True
0.07,250,2.5,True
0.07,255,2.1499999999999986,True
0.07,260,1.7999999999999972,True
0.07,265,1.4499999999999993,True
0.07,270,1.0999999999999979,True
0.07,275,0.7499999999999964,True
0.07,280,0.3999999999999986,True
0.07,285,0.04999999999999716,True
0.07,290,-0.3000000000000007,False
0.07,295,-0.6500000000000021,False
0.07,300,-1.0000000000000036,False
0.07,305,-1.3500000000000014,False
0.07,310,-1.7000000000000028,False
0.07,315,-2.0500000000000007,False
0.07,320,-2.400000000000002,False
0.07,325,-2.7500000000000036,False
0.07,330,-3.1000000000000014,False
0.07,335,-3.450000000000003,False
0.07,340,-3.8000000000000007,False
0.07,345,-4.150000000000002,False
0.07,350,-4.5000000000000036,False
0.07,355,-4.850000000000001,False
0.07,360,-5.200000000000003,False
0.07,365,-5.550000000000001,False
0.07,370,-5.900000000000002,False
0.07,375,-6.2500000000000036,False
0.07,380,-6.600000000000001,False
0.07,385,-6.950000000000003,False
0.07,390,-7.300000000000004,False
0.07,395,-7.650000000000002,False
0.07,400,-8.000000000000004,False
0.07,405,-8.350000000000001,False
0.07,410,-8.700000000000003,False
0.07,415,-9.050000000000004,False
0.07,420,-9.400000000000002,False
0.07,425,-9.750000000000004,False
0.07,430,-10.100000000000001,False
0.07,435,-10.450000000000003,False
0.07,440,-10.800000000000004,False
0.07,445,-11.150000000000002,False
0.07,450,-11.500000000000004,False
0.07,455,-11.850000000000001,False
0.07,460,-12.200000000000003,False
0.07,465,-12.550000000000004,False
0.07,470,-12.900000000000006,False
0.07,475,-13.25,False
0.07,480,-13.600000000000001,False
0.07,485,-13.950000000000003,False
0.07,490,-14.300000000000004,False
0.07,495,-14.650000000000006,False
0.07,500,-15.0,False
0.08,0,20.0,True
0.08,5,19.6,True
0.08,10,19.2,True
0.08,15,18.8,True
0.08,20,18.4,True
0.08,25,18.0,True
0.08,30,17.6,True
0.08,35,17.2,True
0.08,40,16.8,True
0.08,45,16.4,True
0.08,50,16.0,True
0.08,55,15.6,True
0.08,60,15.2,True
0.08,65,14.8,True
0.08,70,14.399999999999999,True
0.08,75,14.0,True
0.08,80,13.6,True
0.08,85,13.2,True
0.08,90,12.8,True
0.08,95,12.399999999999999,True
0.08,100,12.0,True
0.08,105,11.6,True
0.08,110,11.2,True
0.08,115,10.799999999999999,True
0.08,120,10.4,True
0.08,125,10.0,True
0.08,130,9.6,True
0.08,135,9.2,True
0.08,140,8.799999999999999,True
0.08,145,8.4,True
0.08,150,8.0,True
0.08,155,7.6,True
0.08,160,7.199999999999999,True
0.08,165,6.799999999999999,True
0.08,170,6.4,True
0.08,175,6.0,True
0.08,180,5.6,True
0.08,185,5.199999999999999,True
0.08,190,4.799999999999999,True
0.08,195,4.4,True
0.08,200,4.0,True
0.08,205,3.6000000000000014,True
0.08,210,3.1999999999999993,True
0.08,215,2.8000000000000007,True
0.08,220,2.3999999999999986,True
0.08,225,2.0,True
0.08,230,1.5999999999999979,True
0.08,235,1.1999999999999993,True
0.08,240,0.8000000000000007,True
0.08,245,0.3999999999999986,True
0.08,250,0.0,False
0.08,255,-0.40000000000000213,False
0.08,260,-0.8000000000000007,False
0.08,265,-1.1999999999999993,False
0.08,270,-1.6000000000000014,False
0.08,275,-2.0,False
0.08,280,-2.400000000000002,False
0.08,285,-2.8000000000000007,False
0.08,290,-3.1999999999999993,False
0.08,295,-3.6000000000000014,False
0.08,300,-4.0,False
0.08,305,-4.400000000000002,False
0.08,310,-4.800000000000001,False
0.08,315,-5.199999999999999,False
0.08,320,-5.600000000000001,False
0.08,325,-6.0,False
0.08,330,-6.400000000000002,False
0.08,335,-6.800000000000001,False
0.08,340,-7.199999999999999,False
0.08,345,-7.600000000000001,False
0.08,350,-8.0,False
0.08,355,-8.400000000000002,False
0.08,360,-8.8,False
0.08,365,-9.2,False
0.08,370,-9.600000000000001,False
0.08,375,-10.0,False
0.08,380,-10.400000000000002,False
0.08,385,-10.8,False
0.08,390,-11.2,False
0.08,395,-11.600000000000001,False
0.08,400,-12.0,False
0.08,405,-12.399999999999999,False
0.08,410,-12.799999999999997,False
0.08,415,-13.200000000000003,False
0.08,420,-13.600000000000001,False
0.08,425,-14.0,False
0.08,430,-14.399999999999999,False
0.08,435,-14.800000000000004,False
0.08,440,-15.200000000000003,False
0.08,445,-15.600000000000001,False
0.08,450,-16.0,False
0.08,455,-16.4,False
0.08,460,-16.800000000000004,False
0.08,465,-17.200000000000003,False
0.08,470,-17.6,False
0.08,475,-18.0,False
0.08,480,-18.4,False
0.08,485,-18.800000000000004,False
0.08,490,-19.200000000000003,False
0.08,495,-19.6,False
0.08,500,-20.0,False
0.09,0,20.0,True
0.09,5,19.55,True
0.09,10,19.1,True
0.09,15,18.65,True
0.09,20,18.2,True
0.09,25,17.75,True
0.09,30,17.3,True
0.09,35,16.85,True
0.09,40,16.4,True
0.09,45,15.95,True
0.09,50,15.5,True
0.09,55,15.05,True
0.09,60,14.600000000000001,True
0.09,65,14.15,True
0.09,70,13.7,True
0.09,75,13.25,True
0.09,80,12.8,True
0.09,85,12.350000000000001,True
0.09,90,11.9,True
0.09,95,11.450000000000001,True
0.09,100,11.0,True
0.09,105,10.55,True
0.09,110,10.1,True
0.09,115,9.65,True
0.09,120,9.200000000000001,True
0.09,125,8.75,True
0.09,130,8.3,True
0.09,135,7.85,True
0.09,140,7.4,True
0.09,145,6.950000000000001,True
0.09,150,6.5,True
0.09,155,6.050000000000001,True
0.09,160,5.600000000000001,True
0.09,165,5.15,True
0.09,170,4.700000000000001,True
0.09,175,4.25,True
0.09,180,3.8000000000000007,True
0.09,185,3.3500000000000014,True
0.09,190,2.900000000000002,True
0.09,195,2.4499999999999993,True
0.09,200,2.0,True
0.09,205,1.5500000000000007,True
0.09,210,1.1000000000000014,True
0.09,215,0.6500000000000021,True
0.09,220,0.1999999999999993,True
0.09,225,-0.25,False
0.09,230,-0.6999999999999993,False
0.09,235,-1.1499999999999986,False
0.09,240,-1.5999999999999979,False
0.09,245,-2.0500000000000007,False
0.09,250,-2.5,False
0.09,255,-2.9499999999999993,False
0.09,260,-3.3999999999999986,False
0.09,265,-3.849999999999998,False
0.09,270,-4.300000000000001,False
0.09,275,-4.75,False
0.09,280,-5.199999999999999,False
0.09,285,-5.649999999999999,False
0.09,290,-6.099999999999998,False
0.09,295,-6.550000000000001,False
0.09,300,-7.0,False
0.09,305,-7.449999999999999,False
0.09,310,-7.899999999999999,False
0.09,315,-8.349999999999998,False
0.09,320,-8.799999999999997,False
0.09,325,-9.25,False
0.09,330,-9.7,False
0.09,335,-10.149999999999999,False
0.09,340,-10.599999999999998,False
0.09,345,-11.049999999999997,False
0.09,350,-11.5,False
0.09,355,-11.95,False
0.09,360,-12.399999999999999,False
0.09,365,-12.850000000000001,False
0.09,370,-13.299999999999997,False
0.09,375,-13.75,False
0.09,380,-14.199999999999996,False
0.09,385,-14.649999999999999,False
0.09,390,-15.100000000000001,False
0.09,395,-15.549999999999997,False
0.09,400,-16.0,False
0.09,405,-16.449999999999996,False
0.09,410,-16.9,False
0.09,415,-17.35,False
0.09,420,-17.799999999999997,False
0.09,425,-18.25,False
0.09,430,-18.699999999999996,False
0.09,435,-19.15,False
0.09,440,-19.6,False
0.09,445,-20.049999999999997,False
0.09,450,-20.5,False
0.09,455,-20.949999999999996,False
0.09,460,-21.4,False
0.09,465,-21.85,False
0.09,470,-22.299999999999997,False
0.09,475,-22.75,False
0.09,480,-23.199999999999996,False
0.09,485,-23.65,False
0.09,490,-24.1,False
0.09,495,-24.549999999999997,False
0.09,500,-25.0,False
0.1,0,20.0,True
0.1,5,19.5,True
0.1,10,19.0,True
0.1,15,18.5,True
0.1,20,18.0,True
0.1,25,17.5,True
0.1,30,17.0,True
0.1,35,16.5,True
0.1,40,16.0,True
0.1,45,15.5,True
0.1,50,15.0,True
0.1,55,14.5,True
0.1,60,14.0,True
0.1,65,13.5,True
0.1,70,13.0,True
0.1,75,12.5,True
0.1,80,12.0,True
0.1,85,11.5,True
0.1,90,11.0,True
0.1,95,10.5,True
0.1,100,10.0,True
0.1,105,9.5,True
0.1,110,9.0,True
0.1,115,8.5,True
0.1,120,8.0,True
0.1,125,7.5,True
0.1,130,7.0,True
0.1,135,6.5,True
0.1,140,6.0,True
0.1,145,5.5,True
0.1,150,5.0,True
0.1,155,4.5,True
0.1,160,4.0,True
0.1,165,3.5,True
0.1,170,3.0,True
0.1,175,2.5,True
0.1,180,2.0,True
0.1,185,1.5,True
0.1,190,1.0,True
0.1,195,0.5,True
0.1,200,0.0,False
0.1,205,-0.5,False
0.1,210,-1.0,False
0.1,215,-1.5,False
0.1,220,-2.0,False
0.1,225,-2.5,False
0.1,230,-3.0,False
0.1,235,-3.5,False
0.1,240,-4.0,False
0.1,245,-4.5,False
0.1,250,-5.0,False
0.1,255,-5.5,False
0.1,260,-6.0,False
0.1,265,-6.5,False
0.1,270,-7.0,False
0.1,275,-7.5,False
0.1,280,-8.0,False
0.1,285,-8.5,False
0.1,290,-9.0,False
0.1,295,-9.5,False
0.1,300,-10.0,False
0.1,305,-10.5,False
0.1,310,-11.0,False
0.1,315,-11.5,False
0.1,320,-12.0,False
0.1,325,-12.5,False
0.1,330,-13.0,False
0.1,335,-13.5,False
0.1,340,-14.0,False
0.1,345,-14.5,False
0.1,350,-15.0,False
0.1,355,-15.5,False
0.1,360,-16.0,False
0.1,365,-16.5,False
0.1,370,-17.0,False
0.1,375,-17.5,False
0.1,380,-18.0,False
0.1,385,-18.5,False
0.1,390,-19.0,False
0.1,395,-19.5,False
0.1,400,-20.0,False
0.1,405,-20.5,False
0.1,410,-21.0,False
0.1,415,-21.5,False
0.1,420,-22.0,False
0.1,425,-22.5,False
0.1,430,-23.0,False
0.1,435,-23.5,False
0.1,440,-24.0,False
0.1,445,-24.5,False
0.1,450,-25.0,False
0.1,455,-25.5,False
0.1,460,-26.0,False
0.1,465,-26.5,False
0.1,470,-27.0,False
0.1,475,-27.5,False
0.1,480,-28.0,False
0.1,485,-28.5,False
0.1,490,-29.0,False
0.1,495,-29.5,False
0.1,500,-30.0,False
0.11,0,20.0,True
0.11,5,19.45,True
0.11,10,18.9,True
0.11,15,18.35,True
0.11,20,17.8,True
0.11,25,17.25,True
0.11,30,16.7,True
0.11,35,16.15,True
0.11,40,15.6,True
0.11,45,15.05,True
0.11,50,14.5,True
0.11,55,13.95,True
0.11,60,13.4,True
0.11,65,12.85,True
0.11,70,12.3,True
0.11,75,11.75,True
0.11,80,11.2,True
0.11,85,10.65,True
0.11,90,10.1,True
0.11,95,9.55,True
0.11,100,9.0,True
0.11,105,8.45,True
0.11,110,7.9,True
0.11,115,7.35,True
0.11,120,6.800000000000001,True
0.11,125,6.25,True
0.11,130,5.699999999999999,True
0.11,135,5.15,True
0.11,140,4.6,True
0.11,145,4.050000000000001,True
0.11,150,3.5,True
0.11,155,2.9499999999999993,True
0.11,160,2.3999999999999986,True
0.11,165,1.8500000000000014,True
0.11,170,1.3000000000000007,True
0.11,175,0.75,True
0.11,180,0.1999999999999993,True
0.11,185,-0.3500000000000014,False
0.11,190,-0.8999999999999986,False
0.11,195,-1.4499999999999993,False
0.11,200,-2.0,False
0.11,205,-2.5500000000000007,False
0.11,210,-3.1000000000000014,False
0.11,215,-3.6499999999999986,False
0.11,220,-4.199999999999999,False
0.11,225,-4.75,False
0.11,230,-5.300000000000001,False
0.11,235,-5.850000000000001,False
0.11,240,-6.399999999999999,False
0.11,245,-6.949999999999999,False
0.11,250,-7.5,False
0.11,255,-8.05,False
0.11,260,-8.600000000000001,False
0.11,265,-9.149999999999999,False
0.11,270,-9.7,False
0.11,275,-10.25,False
0.11,280,-10.8,False
0.11,285,-11.350000000000001,False
0.11,290,-11.899999999999999,False
0.11,295,-12.450000000000003,False
0.11,300,-13.0,False
0.11,305,-13.549999999999997,False
0.11,310,-14.100000000000001,False
0.11,315,-14.649999999999999,False
0.11,320,-15.200000000000003,False
0.11,325,-15.75,False
0.11,330,-16.299999999999997,False
0.11,335,-16.85,False
0.11,340,-17.4,False
0.11,345,-17.950000000000003,False
0.11,350,-18.5,False
0.11,355,-19.049999999999997,False
0.11,360,-19.6,False
0.11,365,-20.15,False
0.11,370,-20.700000000000003,False
0.11,375,-21.25,False
0.11,380,-21.799999999999997,False
0.11,385,-22.35,False
0.11,390,-22.9,False
0.11,395,-23.450000000000003,False
0.11,400,-24.0,False
0.11,405,-24.549999999999997,False
0.11,410,-25.1,False
0.11,415,-25.65,False
0.11,420,-26.200000000000003,False
0.11,425,-26.75,False
0.11,430,-27.299999999999997,False
0.11,435,-27.85,False
0.11,440,-28.4,False
0.11,445,-28.950000000000003,False
0.11,450,-29.5,False
0.11,455,-30.049999999999997,False
0.11,460,-30.6,False
0.11,465,-31.15,False
0.11,470,-31.700000000000003,False
0.11,475,-32.25,False
0.11,480,-32.8,False
0.11,485,-33.35,False
0.11,490,-33.9,False
0.11,495,-34.45,False
0.11,500,-35.0,False
0.12,0,20.0,True
0.12,5,19.4,True
0.12,10,18.8,True
0.12,15,18.2,True
0.12,20,17.6,True
0.12,25,17.0,True
0.12,30,16.4,True
0.12,35,15.8,True
0.12,40,15.2,True
0.12,45,14.600000000000001,True
0.12,50,14.0,True
0.12,55,13.4,True
0.12,60,12.8,True
0.12,65,12.2,True
0.12,70,11.6,True
0.12,75,11.0,True
0.12,80,10.4,True
0.12,85,9.8,True
0.12,90,9.200000000000001,True
0.12,95,8.6,True
0.12,100,8.0,True
0.12,105,7.4,True
0.12,110,6.800000000000001,True
0.12,115,6.200000000000001,True
0.12,120,5.600000000000001,True
0.12,125,5.0,True
0.12,130,4.4,True
0.12,135,3.8000000000000007,True
0.12,140,3.1999999999999993,True
0.12,145,2.6000000000000014,True
0.12,150,2.0,True
0.12,155,1.4000000000000021,True
0.12,160,0.8000000000000007,True
0.12,165,0.1999999999999993,True
0.12,170,-0.3999999999999986,False
0.12,175,-1.0,False
0.12,180,-1.5999999999999979,False
0.12,185,-2.1999999999999993,False
0.12,190,-2.8000000000000007,False
0.12,195,-3.3999999999999986,False
0.12,200,-4.0,False
0.12,205,-4.599999999999998,False
0.12,210,-5.199999999999999,False
0.12,215,-5.800000000000001,False
0.12,220,-6.399999999999999,False
0.12,225,-7.0,False
0.12,230,-7.599999999999998,False
0.12,235,-8.2,False
0.12,240,-8.799999999999997,False
0.12,245,-9.399999999999999,False
0.12,250,-10.0,False
0.12,255,-10.599999999999998,False
0.12,260,-11.2,False
0.12,265,-11.799999999999997,False
0.12,270,-12.399999999999999,False
0.12,275,-13.0,False
0.12,280,-13.600000000000001,False
0.12,285,-14.199999999999996,False
0.12,290,-14.799999999999997,False
0.12,295,-15.399999999999999,False
0.12,300,-16.0,False
0.12,305,-16.6,False
0.12,310,-17.199999999999996,False
0.12,315,-17.799999999999997,False
0.12,320,-18.4,False
0.12,325,-19.0,False
0.12,330,-19.6,False
0.12,335,-20.199999999999996,False
0.12,340,-20.799999999999997,False
0.12,345,-21.4,False
0.12,350,-22.0,False
0.12,355,-22.6,False
0.12,360,-23.199999999999996,False
0.12,365,-23.799999999999997,False
0.12,370,-24.4,False
0.12,375,-25.0,False
0.12,380,-25.6,False
0.12,385,-26.199999999999996,False
0.12,390,-26.799999999999997,False
0.12,395,-27.4,False
0.12,400,-28.0,False
0.12,405,-28.6,False
0.12,410,-29.199999999999996,False
0.12,415,-29.799999999999997,False
0.12,420,-30.4,False
0.12,425,-31.0,False
0.12,430,-31.6,False
0.12,435,-32.199999999999996,False
0.12,440,-32.8,False
0.12,445,-33.4,False
0.12,450,-34.0,False
0.12,455,-34.6,False
0.12,460,-35.199999999999996,False
0.12,465,-35.8,False
0.12,470,-36.4,False
0.12,475,-37.0,False
0.12,480,-37.599999999999994,False
0.12,485,-38.199999999999996,False
0.12,490,-38.8,False
0.12,495,-39.4,False
0.12,500,-40.0,False
0.13,0,20.0,True
0.13,5,19.35,True
0.13,10,18.7,True
0.13,15,18.05,True
0.13,20,17.4,True
0.13,25,16.75,True
0.13,30,16.1,True
0.13,35,15.45,True
0.13,40,14.8,True
0.13,45,14.149999999999999,True
0.13,50,13.5,True
0.13,55,12.85,True
0.13,60,12.2,True
0.13,65,11.549999999999999,True
0.13,70,10.9,True
0.13,75,10.25,True
0.13,80,9.6,True
0.13,85,8.95,True
0.13,90,8.299999999999999,True
0.13,95,7.65,True
0.13,100,7.0,True
0.13,105,6.35,True
0.13,110,5.699999999999999,True
0.13,115,5.049999999999999,True
0.13,120,4.399999999999999,True
0.13,125,3.75,True
0.13,130,3.099999999999998,True
0.13,135,2.4499999999999993,True
0.13,140,1.8000000000000007,True
0.13,145,1.1499999999999986,True
0.13,150,0.5,True
0.13,155,-0.15000000000000213,False
0.13,160,-0.8000000000000007,False
0.13,165,-1.4499999999999993,False
0.13,170,-2.1000000000000014,False
0.13,175,-2.75,False
0.13,180,-3.400000000000002,False
0.13,185,-4.050000000000001,False
0.13,190,-4.699999999999999,False
0.13,195,-5.350000000000001,False
0.13,200,-6.0,False
0.13,205,-6.650000000000002,False
0.13,210,-7.300000000000001,False
0.13,215,-7.949999999999999,False
0.13,220,-8.600000000000001,False
0.13,225,-9.25,False
0.13,230,-9.900000000000002,False
0.13,235,-10.55,False
0.13,240,-11.200000000000003,False
0.13,245,-11.850000000000001,False
0.13,250,-12.5,False
0.13,255,-13.149999999999999,False
0.13,260,-13.800000000000004,False
0.13,265,-14.450000000000003,False
0.13,270,-15.100000000000001,False
0.13,275,-15.75,False
0.13,280,-16.4,False
0.13,285,-17.050000000000004,False
0.13,290,-17.700000000000003,False
0.13,295,-18.35,False
0.13,300,-19.0,False
0.13,305,-19.65,False
0.13,310,-20.300000000000004,False
0.13,315,-20.950000000000003,False
0.13,320,-21.6,False
0.13,325,-22.25,False
0.13,330,-22.9,False
0.13,335,-23.550000000000004,False
0.13,340,-24.200000000000003,False
0.13,345,-24.85,False
0.13,350,-25.5,False
0.13,355,-26.15,False
0.13,360,-26.800000000000004,False
0.13,365,-27.450000000000003,False
0.13,370,-28.1,False
0.13,375,-28.75,False
0.13,380,-29.4,False
0.13,385,-30.050000000000004,False
0.13,390,-30.700000000000003,False
0.13,395,-31.35,False
0.13,400,-32.0,False
0.13,405,-32.65,False
0.13,410,-33.300000000000004,False
0.13,415,-33.95,False
0.13,420,-34.6,False
0.13,425,-35.25,False
0.13,430,-35.9,False
0.13,435,-36.550000000000004,False
0.13,440,-37.2,False
0.13,445,-37.85,False
0.13,450,-38.5,False
0.13,455,-39.15,False
0.13,460,-39.800000000000004,False
0.13,465,-40.45,False
0.13,470,-41.1,False
0.13,475,-41.75,False
0.13,480,-42.400000000000006,False
0.13,485,-43.050000000000004,False
0.13,490,-43.7,False
0.13,495,-44.35000000000001,False
0.13,500,-45.0,False
0.14,0,20.0,True
0.14,5,19.3,True
0.14,10,18.6,True
0.14,15,17.9,True
0.14,20,17.2,True
0.14,25,16.5,True
0.14,30,15.8,True
0.14,35,15.1,True
0.14,40,14.399999999999999,True
0.14,45,13.7,True
0.14,50,13.0,True
0.14,55,12.299999999999999,True
0.14,60,11.6,True
0.14,65,10.899999999999999,True
0.14,70,10.2,True
0.14,75,9.499999999999998,True
0.14,80,8.799999999999999,True
0.14,85,8.1,True
0.14,90,7.399999999999999,True
0.14,95,6.699999999999999,True
0.14,100,5.999999999999998,True
0.14,105,5.299999999999999,True
0.14,110,4.599999999999998,True
0.14,115,3.8999999999999986,True
0.14,120,3.1999999999999993,True
0.14,125,2.5,True
0.14,130,1.7999999999999972,True
0.14,135,1.0999999999999979,True
0.14,140,0.3999999999999986,True
0.14,145,-0.3000000000000007,False
0.14,150,-1.0000000000000036,False
0.14,155,-1.7000000000000028,False
0.14,160,-2.400000000000002,False
0.14,165,-3.1000000000000014,False
0.14,170,-3.8000000000000007,False
0.14,175,-4.5000000000000036,False
0.14,180,-5.200000000000003,False
0.14,185,-5.900000000000002,False
0.14,190,-6.600000000000001,False
0.14,195,-7.300000000000004,False
0.14,200,-8.000000000000004,False
0.14,205,-8.700000000000003,False
0.14,210,-9.400000000000002,False
0.14,215,-10.100000000000001,False
0.14,220,-10.800000000000004,False
0.14,225,-11.500000000000004,False
0.14,230,-12.200000000000003,False
0.14,235,-12.900000000000006,False
0.14,240,-13.600000000000001,False
0.14,245,-14.300000000000004,False
0.14,250,-15.0,False
0.14,255,-15.700000000000003,False
0.14,260,-16.400000000000006,False
0.14,265,-17.1,False
0.14,270,-17.800000000000004,False
0.14,275,-18.500000000000007,False
0.14,280,-19.200000000000003,False
0.14,285,-19.900000000000006,False
0.14,290,-20.6,False
0.14,295,-21.300000000000004,False
0.14,300,-22.000000000000007,False
0.14,305,-22.700000000000003,False
0.14,310,-23.400000000000006,False
0.14,315,-24.1,False
0.14,320,-24.800000000000004,False
0.14,325,-25.500000000000007,False
0.14,330,-26.200000000000003,False
0.14,335,-26.900000000000006,False
0.14,340,-27.6,False
0.14,345,-28.300000000000004,False
0.14,350,-29.000000000000007,False
0.14,355,-29.700000000000003,False
0.14,360,-30.400000000000006,False
0.14,365,-31.1,False
0.14,370,-31.800000000000004,False
0.14,375,-32.50000000000001,False
0.14,380,-33.2,False
0.14,385,-33.900000000000006,False
0.14,390,-34.60000000000001,False
0.14,395,-35.300000000000004,False
0.14,400,-36.00000000000001,False
0.14,405,-36.7,False
0.14,410,-37.400000000000006,False
0.14,415,-38.10000000000001,False
0.14,420,-38.800000000000004,False
0.14,425,-39.50000000000001,False
0.14,430,-40.2,False
0.14,435,-40.900000000000006,False
0.14,440,-41.60000000000001,False
0.14,445,-42.300000000000004,False
0.14,450,-43.00000000000001,False
0.14,455,-43.7,False
0.14,460,-44.400000000000006,False
0.14,465,-45.10000000000001,False
0.14,470,-45.80000000000001,False
0.14,475,-46.5,False
0.14,480,-47.2,False
0.14,485,-47.900000000000006,False
0.14,490,-48.60000000000001,False
0.14,495,-49.30000000000001,False
0.14,500,-50.0,False
0.15,0,20.0,True
0.15,5,19.25,True
0.15,10,18.5,True
0.15,15,17.75,True
0.15,20,17.0,True
0.15,25,16.25,True
0.15,30,15.5,True
0.15,35,14.75,True
0.15,40,14.0,True
0.15,45,13.25,True
0.15,50,12.5,True
0.15,55,11.75,True
0.15,60,11.0,True
0.15,65,10.25,True
0.15,70,9.5,True
0.15,75,8.75,True
0.15,80,8.0,True
0.15,85,7.25,True
0.15,90,6.5,True
0.15,95,5.75,True
0.15,100,5.0,True
0.15,105,4.25,True
0.15,110,3.5,True
0.15,115,2.75,True
0.15,120,2.0,True
0.15,125,1.25,True
0.15,130,0.5,True
0.15,135,-0.25,False
0.15,140,-1.0,False
0.15,145,-1.75,False
0.15,150,-2.5,False
0.15,155,-3.25,False
0.15,160,-4.0,False
0.15,165,-4.75,False
0.15,170,-5.5,False
0.15,175,-6.25,False
0.15,180,-7.0,False
0.15,185,-7.75,False
0.15,190,-8.5,False
0.15,195,-9.25,False
0.15,200,-10.0,False
0.15,205,-10.75,False
0.15,210,-11.5,False
0.15,215,-12.25,False
0.15,220,-13.0,False
0.15,225,-13.75,False
0.15,230,-14.5,False
0.15,235,-15.25,False
0.15,240,-16.0,False
0.15,245,-16.75,False
0.15,250,-17.5,False
0.15,255,-18.25,False
0.15,260,-19.0,False
0.15,265,-19.75,False
0.15,270,-20.5,False
0.15,275,-21.25,False
0.15,280,-22.0,False
0.15,285,-22.75,False
0.15,290,-23.5,False
0.15,295,-24.25,False
0.15,300,-25.0,False
0.15,305,-25.75,False
0.15,310,-26.5,False
0.15,315,-27.25,False
0.15,320,-28.0,False
0.15,325,-28.75,False
0.15,330,-29.5,False
0.15,335,-30.25,False
0.15,340,-31.0,False
0.15,345,-31.75,False
0.15,350,-32.5,False
0.15,355,-33.25,False
0.15,360,-34.0,False
0.15,365,-34.75,False
0.15,370,-35.5,False
0.15,375,-36.25,False
0.15,380,-37.0,False
0.15,385,-37.75,False
0.15,390,-38.5,False
0.15,395,-39.25,False
0.15,400,-40.0,False
0.15,405,-40.75,False
0.15,410,-41.5,False
0.15,415,-42.25,False
0.15,420,-43.0,False
0.15,425,-43.75,False
0.15,430,-44.5,False
0.15,435,-45.25,False
0.15,440,-46.0,False
0.15,445,-46.75,False
0.15,450,-47.5,False
0.15,455,-48.25,False
0.15,460,-49.0,False
0.15,465,-49.75,False
0.15,470,-50.5,False
0.15,475,-51.25,False
0.15,480,-52.0,False
0.15,485,-52.75,False
0.15,490,-53.5,False
0.15,495,-54.25,False
0.15,500,-55.0,False
0.16,0,20.0,True
0.16,5,19.2,True
0.16,10,18.4,True
0.16,15,17.6,True
0.16,20,16.8,True
0.16,25,16.0,True
0.16,30,15.2,True
0.16,35,14.399999999999999,True
0.16,40,13.6,True
0.16,45,12.8,True
0.16,50,12.0,True
0.16,55,11.2,True
0.16,60,10.4,True
0.16,65,9.6,True
0.16,70,8.799999999999999,True
0.16,75,8.0,True
0.16,80,7.199999999999999,True
0.16,85,6.4,True
0.16,90,5.6,True
0.16,95,4.799999999999999,True
0.16,100,4.0,True
0.16,105,3.1999999999999993,True
0.16,110,2.3999999999999986,True
0.16,115,1.5999999999999979,True
0.16,120,0.8000000000000007,True
0.16,125,0.0,False
0.16,130,-0.8000000000000007,False
0.16,135,-1.6000000000000014,False
0.16,140,-2.400000000000002,False
0.16,145,-3.1999999999999993,False
0.16,150,-4.0,False
0.16,155,-4.800000000000001,False
0.16,160,-5.600000000000001,False
0.16,165,-6.400000000000002,False
0.16,170,-7.199999999999999,False
0.16,175,-8.0,False
0.16,180,-8.8,False
0.16,185,-9.600000000000001,False
0.16,190,-10.400000000000002,False
0.16,195,-11.2,False
0.16,200,-12.0,False
0.16,205,-12.799999999999997,False
0.16,210,-13.600000000000001,False
0.16,215,-14.399999999999999,False
0.16,220,-15.200000000000003,False
0.16,225,-16.0,False
0.16,230,-16.800000000000004,False
0.16,235,-17.6,False
0.16,240,-18.4,False
0.16,245,-19.200000000000003,False
0.16,250,-20.0,False
0.16,255,-20.800000000000004,False
0.16,260,-21.6,False
0.16,265,-22.4,False
0.16,270,-23.200000000000003,False
0.16,275,-24.0,False
0.16,280,-24.800000000000004,False
0.16,285,-25.6,False
0.16,290,-26.4,False
0.16,295,-27.200000000000003,False
0.16,300,-28.0,False
0.16,305,-28.800000000000004,False
0.16,310,-29.6,False
0.16,315,-30.4,False
0.16,320,-31.200000000000003,False
0.16,325,-32.0,False
0.16,330,-32.800000000000004,False
0.16,335,-33.6,False
0.16,340,-34.4,False
0.16,345,-35.2,False
0.16,350,-36.0,False
0.16,355,-36.800000000000004,False
0.16,360,-37.6,False
0.16,365,-38.4,False
0.16,370,-39.2,False
0.16,375,-40.0,False
0.16,380,-40.800000000000004,False
0.16,385,-41.6,False
0.16,390,-42.4,False
0.16,395,-43.2,False
0.16,400,-44.0,False
0.16,405,-44.8,False
0.16,410,-45.599999999999994,False
0.16,415,-46.400000000000006,False
0.16,420,-47.2,False
0.16,425,-48.0,False
0.16,430,-48.8,False
0.16,435,-49.60000000000001,False
0.16,440,-50.400000000000006,False
0.16,445,-51.2,False
0.16,450,-52.0,False
0.16,455,-52.8,False
0.16,460,-53.60000000000001,False
0.16,465,-54.400000000000006,False
0.16,470,-55.2,False
0.16,475,-56.0,False
0.16,480,-56.8,False
0.16,485,-57.60000000000001,False
0.16,490,-58.400000000000006,False
0.16,495,-59.2,False
0.16,500,-60.0,False
0.17,0,20.0,True
0.17,5,19.15,True
0.17,10,18.3,True
0.17,15,17.45,True
0.17,20,16.6,True
0.17,25,15.75,True
0.17,30,14.899999999999999,True
0.17,35,14.05,True
0.17,40,13.2,True
0.17,45,12.35,True
0.17,50,11.5,True
0.17,55,10.649999999999999,True
0.17,60,9.799999999999999,True
0.17,65,8.95,True
0.17,70,8.1,True
0.17,75,7.249999999999998,True
0.17,80,6.399999999999999,True
0.17,85,5.549999999999999,True
0.17,90,4.699999999999999,True
0.17,95,3.849999999999998,True
0.17,100,3.0,True
0.17,105,2.1499999999999986,True
0.17,110,1.2999999999999972,True
0.17,115,0.4499999999999993,True
0.17,120,-0.40000000000000213,False
0.17,125,-1.25,False
0.17,130,-2.1000000000000014,False
0.17,135,-2.950000000000003,False
0.17,140,-3.8000000000000007,False
0.17,145,-4.650000000000002,False
0.17,150,-5.5000000000000036,False
0.17,155,-6.350000000000001,False
0.17,160,-7.200000000000003,False
0.17,165,-8.05,False
0.17,170,-8.900000000000002,False
0.17,175,-9.750000000000004,False
0.17,180,-10.600000000000001,False
0.17,185,-11.450000000000003,False
0.17,190,-12.300000000000004,False
0.17,195,-13.150000000000006,False
0.17,200,-14.0,False
0.17,205,-14.850000000000001,False
0.17,210,-15.700000000000003,False
0.17,215,-16.550000000000004,False
0.17,220,-17.400000000000006,False
0.17,225,-18.25,False
0.17,230,-19.1,False
0.17,235,-19.950000000000003,False
0.17,240,-20.800000000000004,False
0.17,245,-21.650000000000006,False
0.17,250,-22.5,False
0.17,255,-23.35,False
0.17,260,-24.200000000000003,False
0.17,265,-25.050000000000004,False
0.17,270,-25.900000000000006,False
0.17,275,-26.75,False
0.17,280,-27.6,False
0.17,285,-28.450000000000003,False
0.17,290,-29.300000000000004,False
0.17,295,-30.150000000000006,False
0.17,300,-31.000000000000007,False
0.17,305,-31.85,False
0.17,310,-32.7,False
0.17,315,-33.550000000000004,False
0.17,320,-34.400000000000006,False
0.17,325,-35.25000000000001,False
0.17,330,-36.1,False
0.17,335,-36.95,False
0.17,340,-37.800000000000004,False
0.17,345,-38.650000000000006,False
0.17,350,-39.50000000000001,False
0.17,355,-40.35,False
0.17,360,-41.2,False
0.17,365,-42.050000000000004,False
0.17,370,-42.900000000000006,False
0.17,375,-43.75000000000001,False
0.17,380,-44.60000000000001,False
0.17,385,-45.45,False
0.17,390,-46.30000000000001,False
0.17,395,-47.150000000000006,False
0.17,400,-48.0,False
0.17,405,-48.85000000000001,False
0.17,410,-49.7,False
0.17,415,-50.55000000000001,False
0.17,420,-51.400000000000006,False
0.17,425,-52.25,False
0.17,430,-53.10000000000001,False
0.17,435,-53.95,False
0.17,440,-54.80000000000001,False
0.17,445,-55.650000000000006,False
0.17,450,-56.5,False
0.17,455,-57.35000000000001,False
0.17,460,-58.2,False
0.17,465,-59.05000000000001,False
0.17,470,-59.900000000000006,False
0.17,475,-60.75,False
0.17,480,-61.60000000000001,False
0.17,485,-62.45,False
0.17,490,-63.30000000000001,False
0.17,495,-64.15,False
0.17,500,-65.0,False
0.18,0,20.0,True
0.18,5,19.1,True
0.18,10,18.2,True
0.18,15,17.3,True
0.18,20,16.4,True
0.18,25,15.5,True
0.18,30,14.600000000000001,True
0.18,35,13.7,True
0.18,40,12.8,True
0.18,45,11.9,True
0.18,50,11.0,True
0.18,55,10.1,True
0.18,60,9.200000000000001,True
0.18,65,8.3,True
0.18,70,7.4,True
0.18,75,6.5,True
0.18,80,5.600000000000001,True
0.18,85,4.700000000000001,True
0.18,90,3.8000000000000007,True
0.18,95,2.900000000000002,True
0.18,100,2.0,True
0.18,105,1.1000000000000014,True
0.18,110,0.1999999999999993,True
0.18,115,-0.6999999999999993,False
0.18,120,-1.5999999999999979,False
0.18,125,-2.5,False
0.18,130,-3.3999999999999986,False
0.18,135,-4.300000000000001,False
0.18,140,-5.199999999999999,False
0.18,145,-6.099999999999998,False
0.18,150,-7.0,False
0.18,155,-7.899999999999999,False
0.18,160,-8.799999999999997,False
0.18,165,-9.7,False
0.18,170,-10.599999999999998,False
0.18,175,-11.5,False
0.18,180,-12.399999999999999,False
0.18,185,-13.299999999999997,False
0.18,190,-14.199999999999996,False
0.18,195,-15.100000000000001,False
0.18,200,-16.0,False
0.18,205,-16.9,False
0.18,210,-17.799999999999997,False
0.18,215,-18.699999999999996,False
0.18,220,-19.6,False
0.18,225,-20.5,False
0.18,230,-21.4,False
0.18,235,-22.299999999999997,False
0.18,240,-23.199999999999996,False
0.18,245,-24.1,False
0.18,250,-25.0,False
0.18,255,-25.9,False
0.18,260,-26.799999999999997,False
0.18,265,-27.699999999999996,False
0.18,270,-28.6,False
0.18,275,-29.5,False
0.18,280,-30.4,False
0.18,285,-31.299999999999997,False
0.18,290,-32.199999999999996,False
0.18,295,-33.1,False
0.18,300,-34.0,False
0.18,305,-34.9,False
0.18,310,-35.8,False
0.18,315,-36.699999999999996,False
0.18,320,-37.599999999999994,False
0.18,325,-38.5,False
0.18,330,-39.4,False
0.18,335,-40.3,False
0.18,340,-41.199999999999996,False
0.18,345,-42.099999999999994,False
0.18,350,-43.0,False
0.18,355,-43.9,False
0.18,360,-44.8,False
0.18,365,-45.7,False
0.18,370,-46.599999999999994,False
0.18,375,-47.5,False
0.18,380,-48.39999999999999,False
0.18,385,-49.3,False
0.18,390,-50.2,False
0.18,395,-51.099999999999994,False
0.18,400,-52.0,False
0.18,405,-52.89999999999999,False
0.18,410,-53.8,False
0.18,415,-54.7,False
0.18,420,-55.599999999999994,False
0.18,425,-56.5,False
0.18,430,-57.39999999999999,False
0.18,435,-58.3,False
0.18,440,-59.2,False
0.18,445,-60.099999999999994,False
0.18,450,-61.0,False
0.18,455,-61.89999999999999,False
0.18,460,-62.8,False
0.18,465,-63.7,False
0.18,470,-64.6,False
0.18,475,-65.5,False
0.18,480,-66.39999999999999,False
0.18,485,-67.3,False
0.18,490,-68.2,False
0.18,495,-69.1,False
0.18,500,-70.0,False
0.19,0,20.0,True
0.19,5,19.05,True
0.19,10,18.1,True
0.19,15,17.15,True
0.19,20,16.2,True
0.19,25,15.25,True
0.19,30,14.3,True
0.19,35,13.35,True
0.19,40,12.4,True
0.19,45,11.45,True
0.19,50,10.5,True
0.19,55,9.55,True
0.19,60,8.6,True
0.19,65,7.65,True
0.19,70,6.699999999999999,True
0.19,75,5.75,True
0.19,80,4.800000000000001,True
0.19,85,3.8500000000000014,True
0.19,90,2.8999999999999986,True
0.19,95,1.9499999999999993,True
0.19,100,1.0,True
0.19,105,0.05000000000000071,True
0.19,110,-0.8999999999999986,False
0.19,115,-1.8500000000000014,False
0.19,120,-2.8000000000000007,False
0.19,125,-3.75,False
0.19,130,-4.699999999999999,False
0.19,135,-5.649999999999999,False
0.19,140,-6.600000000000001,False
0.19,145,-7.550000000000001,False
0.19,150,-8.5,False
0.19,155,-9.45,False
0.19,160,-10.399999999999999,False
0.19,165,-11.350000000000001,False
0.19,170,-12.299999999999997,False
0.19,175,-13.25,False
0.19,180,-14.200000000000003,False
0.19,185,-15.149999999999999,False
0.19,190,-16.1,False
0.19,195,-17.049999999999997,False
0.19,200,-18.0,False
0.19,205,-18.950000000000003,False
0.19,210,-19.9,False
0.19,215,-20.85,False
0.19,220,-21.799999999999997,False
0.19,225,-22.75,False
0.19,230,-23.700000000000003,False
0.19,235,-24.65,False
0.19,240,-25.6,False
0.19,245,-26.549999999999997,False
0.19,250,-27.5,False
0.19,255,-28.450000000000003,False
0.19,260,-29.4,False
0.19,265,-30.35,False
0.19,270,-31.299999999999997,False
0.19,275,-32.25,False
0.19,280,-33.2,False
0.19,285,-34.15,False
0.19,290,-35.1,False
0.19,295,-36.05,False
0.19,300,-37.0,False
0.19,305,-37.95,False
0.19,310,-38.9,False
0.19,315,-39.85,False
0.19,320,-40.8,False
0.19,325,-41.75,False
0.19,330,-42.7,False
0.19,335,-43.65,False
0.19,340,-44.599999999999994,False
0.19,345,-45.55,False
0.19,350,-46.5,False
0.19,355,-47.45,False
0.19,360,-48.400000000000006,False
0.19,365,-49.349999999999994,False
0.19,370,-50.3,False
0.19,375,-51.25,False
0.19,380,-52.2,False
0.19,385,-53.150000000000006,False
0.19,390,-54.099999999999994,False
0.19,395,-55.05,False
0.19,400,-56.0,False
0.19,405,-56.95,False
0.19,410,-57.900000000000006,False
0.19,415,-58.849999999999994,False
0.19,420,-59.8,False
0.19,425,-60.75,False
0.19,430,-61.7,False
0.19,435,-62.650000000000006,False
0.19,440,-63.599999999999994,False
0.19,445,-64.55,False
0.19,450,-65.5,False
0.19,455,-66.45,False
0.19,460,-67.4,False
0.19,465,-68.35,False
0.19,470,-69.3,False
0.19,475,-70.25,False
0.19,480,-71.2,False
0.19,485,-72.15,False
0.19,490,-73.1,False
0.19,495,-74.05,False
0.19,500,-75.0,False
0.2,0,20.0,True
0.2,5,19.0,True
0.2,10,18.0,True
0.2,15,17.0,True
0.2,20,16.0,True
0.2,25,15.0,True
0.2,30,14.0,True
0.2,35,13.0,True
0.2,40,12.0,True
0.2,45,11.0,True
0.2,50,10.0,True
0.2,55,9.0,True
0.2,60,8.0,True
0.2,65,7.0,True
0.2,70,6.0,True
0.2,75,5.0,True
0.2,80,4.0,True
0.2,85,3.0,True
0.2,90,2.0,True
0.2,95,1.0,True
0.2,100,0.0,False
0.2,105,-1.0,False
0.2,110,-2.0,False
0.2,115,-3.0,False
0.2,120,-4.0,False
0.2,125,-5.0,False
0.2,130,-6.0,False
0.2,135,-7.0,False
0.2,140,-8.0,False
0.2,145,-9.0,False
0.2,150,-10.0,False
0.2,155,-11.0,False
0.2,160,-12.0,False
0.2,165,-13.0,False
0.2,170,-14.0,False
0.2,175,-15.0,False
0.2,180,-16.0,False
0.2,185,-17.0,False
0.2,190,-18.0,False
0.2,195,-19.0,False
0.2,200,-20.0,False
0.2,205,-21.0,False
0.2,210,-22.0,False
0.2,215,-23.0,False
0.2,220,-24.0,False
0.2,225,-25.0,False
0.2,230,-26.0,False
0.2,235,-27.0,False
0.2,240,-28.0,False
0.2,245,-29.0,False
0.2,250,-30.0,False
0.2,255,-31.0,False
0.2,260,-32.0,False
0.2,265,-33.0,False
0.2,270,-34.0,False
0.2,275,-35.0,False
0.2,280,-36.0,False
0.2,285,-37.0,False
0.2,290,-38.0,False
0.2,295,-39.0,False
0.2,300,-40.0,False
0.2,305,-41.0,False
0.2,310,-42.0,False
0.2,315,-43.0,False
0.2,320,-44.0,False
0.2,325,-45.0,False
0.2,330,-46.0,False
0.2,335,-47.0,False
0.2,340,-48.0,False
0.2,345,-49.0,False
0.2,350,-50.0,False
0.2,355,-51.0,False
0.2,360,-52.0,False
0.2,365,-53.0,False
0.2,370,-54.0,False
0.2,375,-55.0,False
0.2,380,-56.0,False
0.2,385,-57.0,False
0.2,390,-58.0,False
0.2,395,-59.0,False
0.2,400,-60.0,False
0.2,405,-61.0,False
0.2,410,-62.0,False
0.2,415,-63.0,False
0.2,420,-64.0,False
0.2,425,-65.0,False
0.2,430,-66.0,False
0.2,435,-67.0,False
0.2,440,-68.0,False
0.2,445,-69.0,False
0.2,450,-70.0,False
0.2,455,-71.0,False
0.2,460,-72.0,False
0.2,465,-73.0,False
0.2,470,-74.0,False
0.2,475,-75.0,False
0.2,480,-76.0,False
0.2,485,-77.0,False
0.2,490,-78.0,False
0.2,495,-79.0,False
0.2,500,-80.0,False
0.21,0,20.0,True
0.21,5,18.95,True
0.21,10,17.9,True
0.21,15,16.85,True
0.21,20,15.8,True
0.21,25,14.75,True
0.21,30,13.7,True
0.21,35,12.65,True
0.21,40,11.6,True
0.21,45,10.55,True
0.21,50,9.5,True
0.21,55,8.450000000000001,True
0.21,60,7.4,True
0.21,65,6.35,True
0.21,70,5.300000000000001,True
0.21,75,4.25,True
0.21,80,3.1999999999999993,True
0.21,85,2.150000000000002,True
0.21,90,1.1000000000000014,True
0.21,95,0.05000000000000071,True
0.21,100,-1.0,False
0.21,105,-2.0500000000000007,False
0.21,110,-3.099999999999998,False
0.21,115,-4.149999999999999,False
0.21,120,-5.199999999999999,False
0.21,125,-6.25,False
0.21,130,-7.300000000000001,False
0.21,135,-8.349999999999998,False
0.21,140,-9.399999999999999,False
0.21,145,-10.45,False
0.21,150,-11.5,False
0.21,155,-12.549999999999997,False
0.21,160,-13.600000000000001,False
0.21,165,-14.649999999999999,False
0.21,170,-15.699999999999996,False
0.21,175,-16.75,False
0.21,180,-17.799999999999997,False
0.21,185,-18.85,False
0.21,190,-19.9,False
0.21,195,-20.949999999999996,False
0.21,200,-22.0,False
0.21,205,-23.049999999999997,False
0.21,210,-24.1,False
0.21,215,-25.15,False
0.21,220,-26.199999999999996,False
0.21,225,-27.25,False
0.21,230,-28.299999999999997,False
0.21,235,-29.35,False
0.21,240,-30.4,False
0.21,245,-31.449999999999996,False
0.21,250,-32.5,False
0.21,255,-33.55,False
0.21,260,-34.6,False
0.21,265,-35.65,False
0.21,270,-36.699999999999996,False
0.21,275,-37.75,False
0.21,280,-38.8,False
0.21,285,-39.849999999999994,False
0.21,290,-40.9,False
0.21,295,-41.949999999999996,False
0.21,300,-43.0,False
0.21,305,-44.05,False
0.21,310,-45.099999999999994,False
0.21,315,-46.14999999999999,False
0.21,320,-47.2,False
0.21,325,-48.25,False
0.21,330,-49.3,False
0.21,335,-50.349999999999994,False
0.21,340,-51.39999999999999,False
0.21,345,-52.45,False
0.21,350,-53.5,False
0.21,355,-54.55,False
0.21,360,-55.599999999999994,False
0.21,365,-56.64999999999999,False
0.21,370,-57.7,False
0.21,375,-58.75,False
0.21,380,-59.8,False
0.21,385,-60.849999999999994,False
0.21,390,-61.89999999999999,False
0.21,395,-62.95,False
0.21,400,-64.0,False
0.21,405,-65.05,False
0.21,410,-66.1,False
0.21,415,-67.14999999999999,False
0.21,420,-68.2,False
0.21,425,-69.25,False
0.21,430,-70.3,False
0.21,435,-71.35,False
0.21,440,-72.39999999999999,False
0.21,445,-73.45,False
0.21,450,-74.5,False
0.21,455,-75.55,False
0.21,460,-76.6,False
0.21,465,-77.64999999999999,False
0.21,470,-78.7,False
0.21,475,-79.75,False
0.21,480,-80.8,False
0.21,485,-81.85,False
0.21,490,-82.89999999999999,False
0.21,495,-83.95,False
0.21,500,-85.0,False
0.22,0,20.0,True
0.22,5,18.9,True
0.22,10,17.8,True
0.22,15,16.7,True
0.22,20,15.6,True
0.22,25,14.5,True
0.22,30,13.4,True
0.22,35,12.3,True
0.22,40,11.2,True
0.22,45,10.1,True
0.22,50,9.0,True
0.22,55,7.9,True
0.22,60,6.800000000000001,True
0.22,65,5.699999999999999,True
0.22,70,4.6,True
0.22,75,3.5,True
0.22,80,2.3999999999999986,True
0.22,85,1.3000000000000007,True
0.22,90,0.1999999999999993,True
0.22,95,-0.8999999999999986,False
0.22,100,-2.0,False
0.22,105,-3.1000000000000014,False
0.22,110,-4.199999999999999,False
0.22,115,-5.300000000000001,False
0.22,120,-6.399999999999999,False
0.22,125,-7.5,False
0.22,130,-8.600000000000001,False
0.22,135,-9.7,False
0.22,140,-10.8,False
0.22,145,-11.899999999999999,False
0.22,150,-13.0,False
0.22,155,-14.100000000000001,False
0.22,160,-15.200000000000003,False
0.22,165,-16.299999999999997,False
0.22,170,-17.4,False
0.22,175,-18.5,False
0.22,180,-19.6,False
0.22,185,-20.700000000000003,False
0.22,190,-21.799999999999997,False
0.22,195,-22.9,False
0.22,200,-24.0,False
0.22,205,-25.1,False
0.22,210,-26.200000000000003,False
0.22,215,-27.299999999999997,False
0.22,220,-28.4,False
0.22,225,-29.5,False
0.22,230,-30.6,False
0.22,235,-31.700000000000003,False
0.22,240,-32.8,False
0.22,245,-33.9,False
0.22,250,-35.0,False
0.22,255,-36.1,False
0.22,260,-37.2,False
0.22,265,-38.3,False
0.22,270,-39.4,False
0.22,275,-40.5,False
0.22,280,-41.6,False
0.22,285,-42.7,False
0.22,290,-43.8,False
0.22,295,-44.900000000000006,False
0.22,300,-46.0,False
0.22,305,-47.099999999999994,False
0.22,310,-48.2,False
0.22,315,-49.3,False
0.22,320,-50.400000000000006,False
0.22,325,-51.5,False
0.22,330,-52.599999999999994,False
0.22,335,-53.7,False
0.22,340,-54.8,False
0.22,345,-55.900000000000006,False
0.22,350,-57.0,False
0.22,355,-58.099999999999994,False
0.22,360,-59.2,False
0.22,365,-60.3,False
0.22,370,-61.400000000000006,False
0.22,375,-62.5,False
0.22,380,-63.599999999999994,False
0.22,385,-64.7,False
0.22,390,-65.8,False
0.22,395,-66.9,False
0.22,400,-68.0,False
0.22,405,-69.1,False
0.22,410,-70.2,False
0.22,415,-71.3,False
0.22,420,-72.4,False
0.22,425,-73.5,False
0.22,430,-74.6,False
0.22,435,-75.7,False
0.22,440,-76.8,False
0.22,445,-77.9,False
0.22,450,-79.0,False
0.22,455,-80.1,False
0.22,460,-81.2,False
0.22,465,-82.3,False
0.22,470,-83.4,False
0.22,475,-84.5,False
0.22,480,-85.6,False
0.22,485,-86.7,False
0.22,490,-87.8,False
0.22,495,-88.9,False
0.22,500,-90.0,False
0.23,0,20.0,True
0.23,5,18.85,True
0.23,10,17.7,True
0.23,15,16.55,True
0.23,20,15.399999999999999,True
0.23,25,14.25,True
0.23,30,13.1,True
0.23,35,11.95,True
0.23,40,10.799999999999999,True
0.23,45,9.65,True
0.23,50,8.5,True
0.23,55,7.35,True
0.23,60,6.199999999999999,True
0.23,65,5.049999999999999,True
0.23,70,3.8999999999999986,True
0.23,75,2.75,True
0.23,80,1.5999999999999979,True
0.23,85,0.4499999999999993,True
0.23,90,-0.6999999999999993,False
0.23,95,-1.8500000000000014,False
0.23,100,-3.0,False
0.23,105,-4.150000000000002,False
0.23,110,-5.300000000000001,False
0.23,115,-6.450000000000003,False
0.23,120,-7.600000000000001,False
0.23,125,-8.75,False
0.23,130,-9.900000000000002,False
0.23,135,-11.05,False
0.23,140,-12.200000000000003,False
0.23,145,-13.350000000000001,False
0.23,150,-14.5,False
0.23,155,-15.649999999999999,False
0.23,160,-16.800000000000004,False
0.23,165,-17.950000000000003,False
0.23,170,-19.1,False
0.23,175,-20.25,False
0.23,180,-21.4,False
0.23,185,-22.550000000000004,False
0.23,190,-23.700000000000003,False
0.23,195,-24.85,False
0.23,200,-26.0,False
0.23,205,-27.15,False
0.23,210,-28.300000000000004,False
0.23,215,-29.450000000000003,False
0.23,220,-30.6,False
0.23,225,-31.75,False
0.23,230,-32.900000000000006,False
0.23,235,-34.050000000000004,False
0.23,240,-35.2,False
0.23,245,-36.35,False
0.23,250,-37.5,False
0.23,255,-38.650000000000006,False
0.23,260,-39.800000000000004,False
0.23,265,-40.95,False
0.23,270,-42.1,False
0.23,275,-43.25,False
0.23,280,-44.400000000000006,False
0.23,285,-45.55,False
0.23,290,-46.7,False
0.23,295,-47.85000000000001,False
0.23,300,-49.0,False
0.23,305,-50.150000000000006,False
0.23,310,-51.3,False
0.23,315,-52.45,False
0.23,320,-53.60000000000001,False
0.23,325,-54.75,False
0.23,330,-55.900000000000006,False
0.23,335,-57.05,False
0.23,340,-58.2,False
0.23,345,-59.35000000000001,False
0.23,350,-60.5,False
0.23,355,-61.650000000000006,False
0.23,360,-62.8,False
0.23,365,-63.95,False
0.23,370,-65.10000000000001,False
0.23,375,-66.25,False
0.23,380,-67.4,False
0.23,385,-68.55,False
0.23,390,-69.7,False
0.23,395,-70.85000000000001,False
0.23,400,-72.0,False
0.23,405,-73.15,False
0.23,410,-74.3,False
0.23,415,-75.45,False
0.23,420,-76.60000000000001,False
0.23,425,-77.75,False
0.23,430,-78.9,False
0.23,435,-80.05000000000001,False
0.23,440,-81.2,False
0.23,445,-82.35000000000001,False
0.23,450,-83.5,False
0.23,455,-84.65,False
0.23,460,-85.80000000000001,False
0.23,465,-86.95,False
0.23,470,-88.10000000000001,False
0.23,475,-89.25,False
0.23,480,-90.4,False
0.23,485,-91.55000000000001,False
0.23,490,-92.7,False
0.23,495,-93.85000000000001,False
0.23,500,-95.0,False
0.24,0,20.0,True
0.24,5,18.8,True
0.24,10,17.6,True
0.24,15,16.4,True
0.24,20,15.2,True
0.24,25,14.0,True
0.24,30,12.8,True
0.24,35,11.6,True
0.24,40,10.4,True
0.24,45,9.200000000000001,True
0.24,50,8.0,True
0.24,55,6.800000000000001,True
0.24,60,5.600000000000001,True
0.24,65,4.4,True
0.24,70,3.1999999999999993,True
0.24,75,2.0,True
0.24,80,0.8000000000000007,True
0.24,85,-0.3999999999999986,False
0.24,90,-1.5999999999999979,False
0.24,95,-2.8000000000000007,False
0.24,100,-4.0,False
0.24,105,-5.199999999999999,False
0.24,110,-6.399999999999999,False
0.24,115,-7.599999999999998,False
0.24,120,-8.799999999999997,False
0.24,125,-10.0,False
0.24,130,-11.2,False
0.24,135,-12.399999999999999,False
0.24,140,-13.600000000000001,False
0.24,145,-14.799999999999997,False
0.24,150,-16.0,False
0.24,155,-17.199999999999996,False
0.24,160,-18.4,False
0.24,165,-19.6,False
0.24,170,-20.799999999999997,False
0.24,175,-22.0,False
0.24,180,-23.199999999999996,False
0.24,185,-24.4,False
0.24,190,-25.6,False
0.24,195,-26.799999999999997,False
0.24,200,-28.0,False
0.24,205,-29.199999999999996,False
0.24,210,-30.4,False
0.24,215,-31.6,False
0.24,220,-32.8,False
0.24,225,-34.0,False
0.24,230,-35.199999999999996,False
0.24,235,-36.4,False
0.24,240,-37.599999999999994,False
0.24,245,-38.8,False
0.24,250,-40.0,False
0.24,255,-41.199999999999996,False
0.24,260,-42.4,False
0.24,265,-43.599999999999994,False
0.24,270,-44.8,False
0.24,275,-46.0,False
0.24,280,-47.2,False
0.24,285,-48.39999999999999,False
0.24,290,-49.599999999999994,False
0.24,295,-50.8,False
0.24,300,-52.0,False
0.24,305,-53.2,False
0.24,310,-54.39999999999999,False
0.24,315,-55.599999999999994,False
0.24,320,-56.8,False
0.24,325,-58.0,False
0.24,330,-59.2,False
0.24,335,-60.39999999999999,False
0.24,340,-61.599999999999994,False
0.24,345,-62.8,False
0.24,350,-64.0,False
0.24,355,-65.2,False
0.24,360,-66.39999999999999,False
0.24,365,-67.6,False
0.24,370,-68.8,False
0.24,375,-70.0,False
0.24,380,-71.2,False
0.24,385,-72.39999999999999,False
0.24,390,-73.6,False
0.24,395,-74.8,False
0.24,400,-76.0,False
0.24,405,-77.2,False
0.24,410,-78.39999999999999,False
0.24,415,-79.6,False
0.24,420,-80.8,False
0.24,425,-82.0,False
0.24,430,-83.2,False
0.24,435,-84.39999999999999,False
0.24,440,-85.6,False
0.24,445,-86.8,False
0.24,450,-88.0,False
0.24,455,-89.2,False
0.24,460,-90.39999999999999,False
0.24,465,-91.6,False
0.24,470,-92.8,False
0.24,475,-94.0,False
0.24,480,-95.19999999999999,False
0.24,485,-96.39999999999999,False
0.24,490,-97.6,False
0.24,495,-98.8,False
0.24,500,-100.0,False
0.25,0,20.0,True
0.25,5,18.75,True
0.25,10,17.5,True
0.25,15,16.25,True
0.25,20,15.0,True
0.25,25,13.75,True
0.25,30,12.5,True
0.25,35,11.25,True
0.25,40,10.0,True
0.25,45,8.75,True
0.25,50,7.5,True
0.25,55,6.25,True
0.25,60,5.0,True
0.25,65,3.75,True
0.25,70,2.5,True
0.25,75,1.25,True
0.25,80,0.0,False
0.25,85,-1.25,False
0.25,90,-2.5,False
0.25,95,-3.75,False
0.25,100,-5.0,False
0.25,105,-6.25,False
0.25,110,-7.5,False
0.25,115,-8.75,False
0.25,120,-10.0,False
0.25,125,-11.25,False
0.25,130,-12.5,False
0.25,135,-13.75,False
0.25,140,-15.0,False
0.25,145,-16.25,False
0.25,150,-17.5,False
0.25,155,-18.75,False
0.25,160,-20.0,False
0.25,165,-21.25,False
0.25,170,-22.5,False
0.25,175,-23.75,False
0.25,180,-25.0,False
0.25,185,-26.25,False
0.25,190,-27.5,False
0.25,195,-28.75,False
0.25,200,-30.0,False
0.25,205,-31.25,False
0.25,210,-32.5,False
0.25,215,-33.75,False
0.25,220,-35.0,False
0.25,225,-36.25,False
0.25,230,-37.5,False
0.25,235,-38.75,False
0.25,240,-40.0,False
0.25,245,-41.25,False
0.25,250,-42.5,False
0.25,255,-43.75,False
0.25,260,-45.0,False
0.25,265,-46.25,False
0.25,270,-47.5,False
0.25,275,-48.75,False
0.25,280,-50.0,False
0.25,285,-51.25,False
0.25,290,-52.5,False
0.25,295,-53.75,False
0.25,300,-55.0,False
0.25,305,-56.25,False
0.25,310,-57.5,False
0.25,315,-58.75,False
0.25,320,-60.0,False
0.25,325,-61.25,False
0.25,330,-62.5,False
0.25,335,-63.75,False
0.25,340,-65.0,False
0.25,345,-66.25,False
0.25,350,-67.5,False
0.25,355,-68.75,False
0.25,360,-70.0,False
0.25,365,-71.25,False
0.25,370,-72.5,False
0.25,375,-73.75,False
0.25,380,-75.0,False
0.25,385,-76.25,False
0.25,390,-77.5,False
0.25,395,-78.75,False
0.25,400,-80.0,False
0.25,405,-81.25,False
0.25,410,-82.5,False
0.25,415,-83.75,False
0.25,420,-85.0,False
0.25,425,-86.25,False
0.25,430,-87.5,False
0.25,435,-88.75,False
0.25,440,-90.0,False
0.25,445,-91.25,False
0.25,450,-92.5,False
0.25,455,-93.75,False
0.25,460,-95.0,False
0.25,465,-96.25,False
0.25,470,-97.5,False
0.25,475,-98.75,False
0.25,480,-100.0,False
0.25,485,-101.25,False
0.25,490,-102.5,False
0.25,495,-103.75,False
0.25,500,-105.0,False
0.26,0,20.0,True
0.26,5,18.7,True
0.26,10,17.4,True
0.26,15,16.1,True
0.26,20,14.8,True
0.26,25,13.5,True
0.26,30,12.2,True
0.26,35,10.9,True
0.26,40,9.6,True
0.26,45,8.299999999999999,True
0.26,50,7.0,True
0.26,55,5.699999999999999,True
0.26,60,4.399999999999999,True
0.26,65,3.099999999999998,True
0.26,70,1.8000000000000007,True
0.26,75,0.5,True
0.26,80,-0.8000000000000007,False
0.26,85,-2.1000000000000014,False
0.26,90,-3.400000000000002,False
0.26,95,-4.699999999999999,False
0.26,100,-6.0,False
0.26,105,-7.300000000000001,False
0.26,110,-8.600000000000001,False
0.26,115,-9.900000000000002,False
0.26,120,-11.200000000000003,False
0.26,125,-12.5,False
0.26,130,-13.800000000000004,False
0.26,135,-15.100000000000001,False
0.26,140,-16.4,False
0.26,145,-17.700000000000003,False
0.26,150,-19.0,False
0.26,155,-20.300000000000004,False
0.26,160,-21.6,False
0.26,165,-22.9,False
0.26,170,-24.200000000000003,False
0.26,175,-25.5,False
0.26,180,-26.800000000000004,False
0.26,185,-28.1,False
0.26,190,-29.4,False
0.26,195,-30.700000000000003,False
0.26,200,-32.0,False
0.26,205,-33.300000000000004,False
0.26,210,-34.6,False
0.26,215,-35.9,False
0.26,220,-37.2,False
0.26,225,-38.5,False
0.26,230,-39.800000000000004,False
0.26,235,-41.1,False
0.26,240,-42.400000000000006,False
0.26,245,-43.7,False
0.26,250,-45.0,False
0.26,255,-46.3,False
0.26,260,-47.60000000000001,False
0.26,265,-48.900000000000006,False
0.26,270,-50.2,False
0.26,275,-51.5,False
0.26,280,-52.8,False
0.26,285,-54.10000000000001,False
0.26,290,-55.400000000000006,False
0.26,295,-56.7,False
0.26,300,-58.0,False
0.26,305,-59.3,False
0.26,310,-60.60000000000001,False
0.26,315,-61.900000000000006,False
0.26,320,-63.2,False
0.26,325,-64.5,False
0.26,330,-65.8,False
0.26,335,-67.10000000000001,False
0.26,340,-68.4,False
0.26,345,-69.7,False
0.26,350,-71.0,False
0.26,355,-72.3,False
0.26,360,-73.60000000000001,False
0.26,365,-74.9,False
0.26,370,-76.2,False
0.26,375,-77.5,False
0.26,380,-78.8,False
0.26,385,-80.10000000000001,False
0.26,390,-81.4,False
0.26,395,-82.7,False
0.26,400,-84.0,False
0.26,405,-85.3,False
0.26,410,-86.60000000000001,False
0.26,415,-87.9,False
0.26,420,-89.2,False
0.26,425,-90.5,False
0.26,430,-91.8,False
0.26,435,-93.10000000000001,False
0.26,440,-94.4,False
0.26,445,-95.7,False
0.26,450,-97.0,False
0.26,455,-98.3,False
0.26,460,-99.60000000000001,False
0.26,465,-100.9,False
0.26,470,-102.2,False
0.26,475,-103.5,False
0.26,480,-104.80000000000001,False
0.26,485,-106.10000000000001,False
0.26,490,-107.4,False
0.26,495,-108.70000000000002,False
0.26,500,-110.0,False
0.27,0,20.0,True
0.27,5,18.65,True
0.27,10,17.3,True
0.27,15,15.95,True
0.27,20,14.6,True
0.27,25,13.25,True
0.27,30,11.899999999999999,True
0.27,35,10.549999999999999,True
0.27,40,9.2,True
0.27,45,7.85,True
0.27,50,6.5,True
0.27,55,5.149999999999999,True
0.27,60,3.799999999999997,True
0.27,65,2.4499999999999993,True
0.27,70,1.0999999999999979,True
0.27,75,-0.25,False
0.27,80,-1.6000000000000014,False
0.27,85,-2.950000000000003,False
0.27,90,-4.300000000000001,False
0.27,95,-5.650000000000002,False
0.27,100,-7.0,False
0.27,105,-8.350000000000001,False
0.27,110,-9.700000000000003,False
0.27,115,-11.05,False
0.27,120,-12.400000000000006,False
0.27,125,-13.75,False
0.27,130,-15.100000000000001,False
0.27,135,-16.450000000000003,False
0.27,140,-17.800000000000004,False
0.27,145,-19.150000000000006,False
0.27,150,-20.5,False
0.27,155,-21.85,False
0.27,160,-23.200000000000003,False
0.27,165,-24.550000000000004,False
0.27,170,-25.900000000000006,False
0.27,175,-27.25,False
0.27,180,-28.6,False
0.27,185,-29.950000000000003,False
0.27,190,-31.300000000000004,False
0.27,195,-32.650000000000006,False
0.27,200,-34.0,False
0.27,205,-35.35,False
0.27,210,-36.7,False
0.27,215,-38.050000000000004,False
0.27,220,-39.400000000000006,False
0.27,225,-40.75000000000001,False
0.27,230,-42.1,False
0.27,235,-43.45,False
0.27,240,-44.80000000000001,False
0.27,245,-46.150000000000006,False
0.27,250,-47.5,False
0.27,255,-48.85000000000001,False
0.27,260,-50.2,False
0.27,265,-51.55000000000001,False
0.27,270,-52.900000000000006,False
0.27,275,-54.25,False
0.27,280,-55.60000000000001,False
0.27,285,-56.95,False
0.27,290,-58.30000000000001,False
0.27,295,-59.650000000000006,False
0.27,300,-61.0,False
0.27,305,-62.35000000000001,False
0.27,310,-63.7,False
0.27,315,-65.05000000000001,False
0.27,320,-66.4,False
0.27,325,-67.75,False
0.27,330,-69.10000000000001,False
0.27,335,-70.45,False
0.27,340,-71.80000000000001,False
0.27,345,-73.15,False
0.27,350,-74.5,False
0.27,355,-75.85000000000001,False
0.27,360,-77.2,False
0.27,365,-78.55000000000001,False
0.27,370,-79.9,False
0.27,375,-81.25,False
0.27,380,-82.60000000000001,False
0.27,385,-83.95,False
0.27,390,-85.30000000000001,False
0.27,395,-86.65,False
0.27,400,-88.0,False
0.27,405,-89.35000000000001,False
0.27,410,-90.7,False
0.27,415,-92.05000000000001,False
0.27,420,-93.4,False
0.27,425,-94.75000000000001,False
0.27,430,-96.10000000000001,False
0.27,435,-97.45,False
0.27,440,-98.80000000000001,False
0.27,445,-100.15,False
0.27,450,-101.50000000000001,False
0.27,455,-102.85000000000001,False
0.27,460,-104.2,False
0.27,465,-105.55000000000001,False
0.27,470,-106.9,False
0.27,475,-108.25,False
0.27,480,-109.60000000000002,False
0.27,485,-110.95000000000002,False
0.27,490,-112.30000000000001,False
0.27,495,-113.65,False
0.27,500,-115.0,False
0.28,0,20.0,True
0.28,5,18.6,True
0.28,10,17.2,True
0.28,15,15.8,True
0.28,20,14.399999999999999,True
0.28,25,13.0,True
0.28,30,11.6,True
0.28,35,10.2,True
0.28,40,8.799999999999999,True
0.28,45,7.399999999999999,True
0.28,50,5.999999999999998,True
0.28,55,4.599999999999998,True
0.28,60,3.1999999999999993,True
0.28,65,1.7999999999999972,True
0.28,70,0.3999999999999986,True
0.28,75,-1.0000000000000036,False
0.28,80,-2.400000000000002,False
0.28,85,-3.8000000000000007,False
0.28,90,-5.200000000000003,False
0.28,95,-6.600000000000001,False
0.28,100,-8.000000000000004,False
0.28,105,-9.400000000000002,False
0.28,110,-10.800000000000004,False
0.28,115,-12.200000000000003,False
0.28,120,-13.600000000000001,False
0.28,125,-15.0,False
0.28,130,-16.400000000000006,False
0.28,135,-17.800000000000004,False
0.28,140,-19.200000000000003,False
0.28,145,-20.6,False
0.28,150,-22.000000000000007,False
0.28,155,-23.400000000000006,False
0.28,160,-24.800000000000004,False
0.28,165,-26.200000000000003,False
0.28,170,-27.6,False
0.28,175,-29.000000000000007,False
0.28,180,-30.400000000000006,False
0.28,185,-31.800000000000004,False
0.28,190,-33.2,False
0.28,195,-34.60000000000001,False
0.28,200,-36.00000000000001,False
0.28,205,-37.400000000000006,False
0.28,210,-38.800000000000004,False
0.28,215,-40.2,False
0.28,220,-41.60000000000001,False
0.28,225,-43.00000000000001,False
0.28,230,-44.400000000000006,False
0.28,235,-45.80000000000001,False
0.28,240,-47.2,False
0.28,245,-48.60000000000001,False
0.28,250,-50.0,False
0.28,255,-51.400000000000006,False
0.28,260,-52.80000000000001,False
0.28,265,-54.2,False
0.28,270,-55.60000000000001,False
0.28,275,-57.000000000000014,False
0.28,280,-58.400000000000006,False
0.28,285,-59.80000000000001,False
0.28,290,-61.2,False
0.28,295,-62.60000000000001,False
0.28,300,-64.00000000000001,False
0.28,305,-65.4,False
0.28,310,-66.80000000000001,False
0.28,315,-68.2,False
0.28,320,-69.60000000000001,False
0.28,325,-71.00000000000001,False
0.28,330,-72.4,False
0.28,335,-73.80000000000001,False
0.28,340,-75.2,False
0.28,345,-76.60000000000001,False
0.28,350,-78.00000000000001,False
0.28,355,-79.4,False
0.28,360,-80.80000000000001,False
0.28,365,-82.2,False
0.28,370,-83.60000000000001,False
0.28,375,-85.00000000000001,False
0.28,380,-86.4,False
0.28,385,-87.80000000000001,False
0.28,390,-89.20000000000002,False
0.28,395,-90.60000000000001,False
0.28,400,-92.00000000000001,False
0.28,405,-93.4,False
0.28,410,-94.80000000000001,False
0.28,415,-96.20000000000002,False
0.28,420,-97.60000000000001,False
0.28,425,-99.00000000000001,False
0.28,430,-100.4,False
0.28,435,-101.80000000000001,False
0.28,440,-103.20000000000002,False
0.28,445,-104.60000000000001,False
0.28,450,-106.00000000000001,False
0.28,455,-107.4,False
0.28,460,-108.80000000000001,False
0.28,465,-110.20000000000002,False
0.28,470,-111.60000000000002,False
0.28,475,-113.0,False
0.28,480,-114.4,False
0.28,485,-115.80000000000001,False
0.28,490,-117.20000000000002,False
0.28,495,-118.60000000000002,False
0.28,500,-120.0,False
0.29,0,20.0,True
0.29,5,18.55,True
0.29,10,17.1,True
0.29,15,15.65,True
0.29,20,14.2,True
0.29,25,12.75,True
0.29,30,11.3,True
0.29,35,9.850000000000001,True
0.29,40,8.4,True
0.29,45,6.950000000000001,True
0.29,50,5.500000000000002,True
0.29,55,4.050000000000001,True
0.29,60,2.6000000000000014,True
0.29,65,1.1500000000000021,True
0.29,70,-0.29999999999999716,False
0.29,75,-1.75,False
0.29,80,-3.1999999999999993,False
0.29,85,-4.649999999999999,False
0.29,90,-6.099999999999998,False
0.29,95,-7.549999999999997,False
0.29,100,-8.999999999999996,False
0.29,105,-10.45,False
0.29,110,-11.899999999999999,False
0.29,115,-13.349999999999994,False
0.29,120,-14.799999999999997,False
0.29,125,-16.25,False
0.29,130,-17.699999999999996,False
0.29,135,-19.15,False
0.29,140,-20.599999999999994,False
0.29,145,-22.049999999999997,False
0.29,150,-23.5,False
0.29,155,-24.949999999999996,False
0.29,160,-26.4,False
0.29,165,-27.849999999999994,False
0.29,170,-29.299999999999997,False
0.29,175,-30.75,False
0.29,180,-32.199999999999996,False
0.29,185,-33.65,False
0.29,190,-35.099999999999994,False
0.29,195,-36.55,False
0.29,200,-37.99999999999999,False
0.29,205,-39.449999999999996,False
0.29,210,-40.9,False
0.29,215,-42.349999999999994,False
0.29,220,-43.8,False
0.29,225,-45.25,False
0.29,230,-46.69999999999999,False
0.29,235,-48.14999999999999,False
0.29,240,-49.599999999999994,False
0.29,245,-51.05,False
0.29,250,-52.5,False
0.29,255,-53.94999999999999,False
0.29,260,-55.39999999999999,False
0.29,265,-56.849999999999994,False
0.29,270,-58.3,False
0.29,275,-59.75,False
0.29,280,-61.19999999999999,False
0.29,285,-62.64999999999999,False
0.29,290,-64.1,False
0.29,295,-65.55,False
0.29,300,-67.0,False
0.29,305,-68.44999999999999,False
0.29,310,-69.89999999999999,False
0.29,315,-71.35,False
0.29,320,-72.8,False
0.29,325,-74.25,False
0.29,330,-75.69999999999999,False
0.29,335,-77.14999999999999,False
0.29,340,-78.6,False
0.29,345,-80.05,False
0.29,350,-81.5,False
0.29,355,-82.94999999999999,False
0.29,360,-84.39999999999999,False
0.29,365,-85.85,False
0.29,370,-87.3,False
0.29,375,-88.74999999999999,False
0.29,380,-90.19999999999999,False
0.29,385,-91.64999999999999,False
0.29,390,-93.1,False
0.29,395,-94.55,False
0.29,400,-95.99999999999999,False
0.29,405,-97.44999999999999,False
0.29,410,-98.89999999999999,False
0.29,415,-100.35,False
0.29,420,-101.8,False
0.29,425,-103.24999999999999,False
0.29,430,-104.69999999999999,False
0.29,435,-106.14999999999999,False
0.29,440,-107.6,False
0.29,445,-109.04999999999998,False
0.29,450,-110.5,False
0.29,455,-111.94999999999999,False
0.29,460,-113.39999999999998,False
0.29,465,-114.85,False
0.29,470,-116.29999999999998,False
0.29,475,-117.75,False
0.29,480,-119.19999999999999,False
0.29,485,-120.64999999999998,False
0.29,490,-122.1,False
0.29,495,-123.54999999999998,False
0.29,500,-125.0,False
0.3,0,20.0,True
0.3,5,18.5,True
0.3,10,17.0,True
0.3,15,15.5,True
0.3,20,14.0,True
0.3,25,12.5,True
0.3,30,11.0,True
0.3,35,9.5,True
0.3,40,8.0,True
0.3,45,6.5,True
0.3,50,5.0,True
0.3,55,3.5,True
0.3,60,2.0,True
0.3,65,0.5,True
0.3,70,-1.0,False
0.3,75,-2.5,False
0.3,80,-4.0,False
0.3,85,-5.5,False
0.3,90,-7.0,False
0.3,95,-8.5,False
0.3,100,-10.0,False
0.3,105,-11.5,False
0.3,110,-13.0,False
0.3,115,-14.5,False
0.3,120,-16.0,False
0.3,125,-17.5,False
0.3,130,-19.0,False
0.3,135,-20.5,False
0.3,140,-22.0,False
0.3,145,-23.5,False
0.3,150,-25.0,False
0.3,155,-26.5,False
0.3,160,-28.0,False
0.3,165,-29.5,False
0.3,170,-31.0,False
0.3,175,-32.5,False
0.3,180,-34.0,False
0.3,185,-35.5,False
0.3,190,-37.0,False
0.3,195,-38.5,False
0.3,200,-40.0,False
0.3,205,-41.5,False
0.3,210,-43.0,False
0.3,215,-44.5,False
0.3,220,-46.0,False
0.3,225,-47.5,False
0.3,230,-49.0,False
0.3,235,-50.5,False
0.3,240,-52.0,False
0.3,245,-53.5,False
0.3,250,-55.0,False
0.3,255,-56.5,False
0.3,260,-58.0,False
0.3,265,-59.5,False
0.3,270,-61.0,False
0.3,275,-62.5,False
0.3,280,-64.0,False
0.3,285,-65.5,False
0.3,290,-67.0,False
0.3,295,-68.5,False
0.3,300,-70.0,False
0.3,305,-71.5,False
0.3,310,-73.0,False
0.3,315,-74.5,False
0.3,320,-76.0,False
0.3,325,-77.5,False
0.3,330,-79.0,False
0.3,335,-80.5,False
0.3,340,-82.0,False
0.3,345,-83.5,False
0.3,350,-85.0,False
0.3,355,-86.5,False
0.3,360,-88.0,False
0.3,365,-89.5,False
0.3,370,-91.0,False
0.3,375,-92.5,False
0.3,380,-94.0,False
0.3,385,-95.5,False
0.3,390,-97.0,False
0.3,395,-98.5,False
0.3,400,-100.0,False
0.3,405,-101.5,False
0.3,410,-103.0,False
0.3,415,-104.5,False
0.3,420,-106.0,False
0.3,425,-107.5,False
0.3,430,-109.0,False
0.3,435,-110.5,False
0.3,440,-112.0,False
0.3,445,-113.5,False
0.3,450,-115.0,False
0.3,455,-116.5,False
0.3,460,-118.0,False
0.3,465,-119.5,False
0.3,470,-121.0,False
0.3,475,-122.5,False
0.3,480,-124.0,False
0.3,485,-125.5,False
0.3,490,-127.0,False
0.3,495,-128.5,False
0.3,500,-130.0,False
0.31,0,20.0,True
0.31,5,18.45,True
0.31,10,16.9,True
0.31,15,15.35,True
0.31,20,13.8,True
0.31,25,12.25,True
0.31,30,10.7,True
0.31,35,9.15,True
0.31,40,7.6,True
0.31,45,6.050000000000001,True
0.31,50,4.5,True
0.31,55,2.9499999999999993,True
0.31,60,1.3999999999999986,True
0.31,65,-0.14999999999999858,False
0.31,70,-1.6999999999999993,False
0.31,75,-3.25,False
0.31,80,-4.800000000000001,False
0.31,85,-6.350000000000001,False
0.31,90,-7.899999999999999,False
0.31,95,-9.45,False
0.31,100,-11.0,False
0.31,105,-12.549999999999997,False
0.31,110,-14.100000000000001,False
0.31,115,-15.649999999999999,False
0.31,120,-17.200000000000003,False
0.31,125,-18.75,False
0.31,130,-20.299999999999997,False
0.31,135,-21.85,False
0.31,140,-23.4,False
0.31,145,-24.950000000000003,False
0.31,150,-26.5,False
0.31,155,-28.049999999999997,False
0.31,160,-29.6,False
0.31,165,-31.15,False
0.31,170,-32.7,False
0.31,175,-34.25,False
0.31,180,-35.8,False
0.31,185,-37.35,False
0.31,190,-38.9,False
0.31,195,-40.45,False
0.31,200,-42.0,False
0.31,205,-43.55,False
0.31,210,-45.099999999999994,False
0.31,215,-46.650000000000006,False
0.31,220,-48.2,False
0.31,225,-49.75,False
0.31,230,-51.3,False
0.31,235,-52.849999999999994,False
0.31,240,-54.400000000000006,False
0.31,245,-55.95,False
0.31,250,-57.5,False
0.31,255,-59.05,False
0.31,260,-60.599999999999994,False
0.31,265,-62.150000000000006,False
0.31,270,-63.7,False
0.31,275,-65.25,False
0.31,280,-66.8,False
0.31,285,-68.35,False
0.31,290,-69.9,False
0.31,295,-71.45,False
0.31,300,-73.0,False
0.31,305,-74.55,False
0.31,310,-76.1,False
0.31,315,-77.65,False
0.31,320,-79.2,False
0.31,325,-80.75,False
0.31,330,-82.3,False
0.31,335,-83.85,False
0.31,340,-85.4,False
0.31,345,-86.95,False
0.31,350,-88.5,False
0.31,355,-90.05,False
0.31,360,-91.6,False
0.31,365,-93.15,False
0.31,370,-94.7,False
0.31,375,-96.25,False
0.31,380,-97.8,False
0.31,385,-99.35,False
0.31,390,-100.9,False
0.31,395,-102.45,False
0.31,400,-104.0,False
0.31,405,-105.55,False
0.31,410,-107.1,False
0.31,415,-108.65,False
0.31,420,-110.19999999999999,False
0.31,425,-111.75,False
0.31,430,-113.30000000000001,False
0.31,435,-114.85,False
0.31,440,-116.4,False
0.31,445,-117.94999999999999,False
0.31,450,-119.5,False
0.31,455,-121.05000000000001,False
0.31,460,-122.6,False
0.31,465,-124.15,False
0.31,470,-125.69999999999999,False
0.31,475,-127.25,False
0.31,480,-128.8,False
0.31,485,-130.35,False
0.31,490,-131.9,False
0.31,495,-133.45,False
0.31,500,-135.0,False
0.32,0,20.0,True
0.32,5,18.4,True
0.32,10,16.8,True
0.32,15,15.2,True
0.32,20,13.6,True
0.32,25,12.0,True
0.32,30,10.4,True
0.32,35,8.799999999999999,True
0.32,40,7.199999999999999,True
0.32,45,5.6,True
0.32,50,4.0,True
0.32,55,2.3999999999999986,True
0.32,60,0.8000000000000007,True
0.32,65,-0.8000000000000007,False
0.32,70,-2.400000000000002,False
0.32,75,-4.0,False
0.32,80,-5.600000000000001,False
0.32,85,-7.199999999999999,False
0.32,90,-8.8,False
0.32,95,-10.400000000000002,False
0.32,100,-12.0,False
0.32,105,-13.600000000000001,False
0.32,110,-15.200000000000003,False
0.32,115,-16.800000000000004,False
0.32,120,-18.4,False
0.32,125,-20.0,False
0.32,130,-21.6,False
0.32,135,-23.200000000000003,False
0.32,140,-24.800000000000004,False
0.32,145,-26.4,False
0.32,150,-28.0,False
0.32,155,-29.6,False
0.32,160,-31.200000000000003,False
0.32,165,-32.800000000000004,False
0.32,170,-34.4,False
0.32,175,-36.0,False
0.32,180,-37.6,False
0.32,185,-39.2,False
0.32,190,-40.800000000000004,False
0.32,195,-42.4,False
0.32,200,-44.0,False
0.32,205,-45.599999999999994,False
0.32,210,-47.2,False
0.32,215,-48.8,False
0.32,220,-50.400000000000006,False
0.32,225,-52.0,False
0.32,230,-53.60000000000001,False
0.32,235,-55.2,False
0.32,240,-56.8,False
0.32,245,-58.400000000000006,False
0.32,250,-60.0,False
0.32,255,-61.60000000000001,False
0.32,260,-63.2,False
0.32,265,-64.8,False
0.32,270,-66.4,False
0.32,275,-68.0,False
0.32,280,-69.60000000000001,False
0.32,285,-71.2,False
0.32,290,-72.8,False
0.32,295,-74.4,False
0.32,300,-76.0,False
0.32,305,-77.60000000000001,False
0.32,310,-79.2,False
0.32,315,-80.8,False
0.32,320,-82.4,False
0.32,325,-84.0,False
0.32,330,-85.60000000000001,False
0.32,335,-87.2,False
0.32,340,-88.8,False
0.32,345,-90.4,False
0.32,350,-92.0,False
0.32,355,-93.60000000000001,False
0.32,360,-95.2,False
0.32,365,-96.8,False
0.32,370,-98.4,False
0.32,375,-100.0,False
0.32,380,-101.60000000000001,False
0.32,385,-103.2,False
0.32,390,-104.8,False
0.32,395,-106.4,False
0.32,400,-108.0,False
0.32,405,-109.6,False
0.32,410,-111.19999999999999,False
0.32,415,-112.80000000000001,False
0.32,420,-114.4,False
0.32,425,-116.0,False
0.32,430,-117.6,False
0.32,435,-119.20000000000002,False
0.32,440,-120.80000000000001,False
0.32,445,-122.4,False
0.32,450,-124.0,False
0.32,455,-125.6,False
0.32,460,-127.20000000000002,False
0.32,465,-128.8,False
0.32,470,-130.4,False
0.32,475,-132.0,False
0.32,480,-133.6,False
0.32,485,-135.20000000000002,False
0.32,490,-136.8,False
0.32,495,-138.4,False
0.32,500,-140.0,False
0.33,0,20.0,True
0.33,5,18.35,True
0.33,10,16.7,True
0.33,15,15.05,True
0.33,20,13.399999999999999,True
0.33,25,11.75,True
0.33,30,10.1,True
0.33,35,8.45,True
0.33,40,6.799999999999999,True
0.33,45,5.149999999999999,True
0.33,50,3.5,True
0.33,55,1.8499999999999979,True
0.33,60,0.1999999999999993,True
0.33,65,-1.4499999999999993,False
0.33,70,-3.1000000000000014,False
0.33,75,-4.75,False
0.33,80,-6.400000000000002,False
0.33,85,-8.05,False
0.33,90,-9.700000000000003,False
0.33,95,-11.350000000000001,False
0.33,100,-13.0,False
0.33,105,-14.649999999999999,False
0.33,110,-16.300000000000004,False
0.33,115,-17.950000000000003,False
0.33,120,-19.6,False
0.33,125,-21.25,False
0.33,130,-22.9,False
0.33,135,-24.550000000000004,False
0.33,140,-26.200000000000003,False
0.33,145,-27.85,False
0.33,150,-29.5,False
0.33,155,-31.150000000000006,False
0.33,160,-32.800000000000004,False
0.33,165,-34.45,False
0.33,170,-36.1,False
0.33,175,-37.75,False
0.33,180,-39.400000000000006,False
0.33,185,-41.050000000000004,False
0.33,190,-42.7,False
0.33,195,-44.35000000000001,False
0.33,200,-46.0,False
0.33,205,-47.650000000000006,False
0.33,210,-49.3,False
0.33,215,-50.95,False
0.33,220,-52.60000000000001,False
0.33,225,-54.25,False
0.33,230,-55.900000000000006,False
0.33,235,-57.55,False
0.33,240,-59.2,False
0.33,245,-60.85000000000001,False
0.33,250,-62.5,False
0.33,255,-64.15,False
0.33,260,-65.8,False
0.33,265,-67.45,False
0.33,270,-69.10000000000001,False
0.33,275,-70.75,False
0.33,280,-72.4,False
0.33,285,-74.05000000000001,False
0.33,290,-75.7,False
0.33,295,-77.35000000000001,False
0.33,300,-79.0,False
0.33,305,-80.65,False
0.33,310,-82.30000000000001,False
0.33,315,-83.95,False
0.33,320,-85.60000000000001,False
0.33,325,-87.25,False
0.33,330,-88.9,False
0.33,335,-90.55000000000001,False
0.33,340,-92.2,False
0.33,345,-93.85000000000001,False
0.33,350,-95.5,False
0.33,355,-97.15,False
0.33,360,-98.80000000000001,False
0.33,365,-100.45,False
0.33,370,-102.10000000000001,False
0.33,375,-103.75,False
0.33,380,-105.4,False
0.33,385,-107.05000000000001,False
0.33,390,-108.70000000000002,False
0.33,395,-110.35,False
0.33,400,-112.0,False
0.33,405,-113.65,False
0.33,410,-115.30000000000001,False
0.33,415,-116.95000000000002,False
0.33,420,-118.6,False
0.33,425,-120.25,False
0.33,430,-121.9,False
0.33,435,-123.55000000000001,False
0.33,440,-125.20000000000002,False
0.33,445,-126.85,False
0.33,450,-128.5,False
0.33,455,-130.15,False
0.33,460,-131.8,False
0.33,465,-133.45000000000002,False
0.33,470,-135.1,False
0.33,475,-136.75,False
0.33,480,-138.4,False
0.33,485,-140.05,False
0.33,490,-141.70000000000002,False
0.33,495,-143.35,False
0.33,500,-145.0,False
0.34,0,20.0,True
0.34,5,18.3,True
0.34,10,16.6,True
0.34,15,14.899999999999999,True
0.34,20,13.2,True
0.34,25,11.5,True
0.34,30,9.799999999999999,True
0.34,35,8.1,True
0.34,40,6.399999999999999,True
0.34,45,4.699999999999999,True
0.34,50,3.0,True
0.34,55,1.2999999999999972,True
0.34,60,-0.40000000000000213,False
0.34,65,-2.1000000000000014,False
0.34,70,-3.8000000000000007,False
0.34,75,-5.5000000000000036,False
0.34,80,-7.200000000000003,False
0.34,85,-8.900000000000002,False
0.34,90,-10.600000000000001,False
0.34,95,-12.300000000000004,False
0.34,100,-14.0,False
0.34,105,-15.700000000000003,False
0.34,110,-17.400000000000006,False
0.34,115,-19.1,False
0.34,120,-20.800000000000004,False
0.34,125,-22.5,False
0.34,130,-24.200000000000003,False
0.34,135,-25.900000000000006,False
0.34,140,-27.6,False
0.34,145,-29.300000000000004,False
0.34,150,-31.000000000000007,False
0.34,155,-32.7,False
0.34,160,-34.400000000000006,False
0.34,165,-36.1,False
0.34,170,-37.800000000000004,False
0.34,175,-39.50000000000001,False
0.34,180,-41.2,False
0.34,185,-42.900000000000006,False
0.34,190,-44.60000000000001,False
0.34,195,-46.30000000000001,False
0.34,200,-48.0,False
0.34,205,-49.7,False
0.34,210,-51.400000000000006,False
0.34,215,-53.10000000000001,False
0.34,220,-54.80000000000001,False
0.34,225,-56.5,False
0.34,230,-58.2,False
0.34,235,-59.900000000000006,False
0.34,240,-61.60000000000001,False
0.34,245,-63.30000000000001,False
0.34,250,-65.0,False
0.34,255,-66.7,False
0.34,260,-68.4,False
0.34,265,-70.10000000000001,False
0.34,270,-71.80000000000001,False
0.34,275,-73.5,False
0.34,280,-75.2,False
0.34,285,-76.9,False
0.34,290,-78.60000000000001,False
0.34,295,-80.30000000000001,False
0.34,300,-82.00000000000001,False
0.34,305,-83.7,False
0.34,310,-85.4,False
0.34,315,-87.10000000000001,False
0.34,320,-88.80000000000001,False
0.34,325,-90.50000000000001,False
0.34,330,-92.2,False
0.34,335,-93.9,False
0.34,340,-95.60000000000001,False
0.34,345,-97.30000000000001,False
0.34,350,-99.00000000000001,False
0.34,355,-100.7,False
0.34,360,-102.4,False
0.34,365,-104.10000000000001,False
0.34,370,-105.80000000000001,False
0.34,375,-107.50000000000001,False
0.34,380,-109.20000000000002,False
0.34,385,-110.9,False
0.34,390,-112.60000000000002,False
0.34,395,-114.30000000000001,False
0.34,400,-116.0,False
0.34,405,-117.70000000000002,False
0.34,410,-119.4,False
0.34,415,-121.10000000000002,False
0.34,420,-122.80000000000001,False
0.34,425,-124.5,False
0.34,430,-126.20000000000002,False
0.34,435,-127.9,False
0.34,440,-129.60000000000002,False
0.34,445,-131.3,False
0.34,450,-133.0,False
0.34,455,-134.70000000000002,False
0.34,460,-136.4,False
0.34,465,-138.10000000000002,False
0.34,470,-139.8,False
0.34,475,-141.5,False
0.34,480,-143.20000000000002,False
0.34,485,-144.9,False
0.34,490,-146.60000000000002,False
0.34,495,-148.3,False
0.34,500,-150.0,False
0.35000000000000003,0,20.0,True
0.35000000000000003,5,18.25,True
0.35000000000000003,10,16.5,True
0.35000000000000003,15,14.75,True
0.35000000000000003,20,13.0,True
0.35000000000000003,25,11.25,True
0.35000000000000003,30,9.499999999999998,True
0.35000000000000003,35,7.749999999999998,True
0.35000000000000003,40,5.999999999999998,True
0.35000000000000003,45,4.249999999999998,True
0.35000000000000003,50,2.5,True
0.35000000000000003,55,0.7499999999999964,True
0.35000000000000003,60,-1.0000000000000036,False
0.35000000000000003,65,-2.7500000000000036,False
0.35000000000000003,70,-4.5000000000000036,False
0.35000000000000003,75,-6.2500000000000036,False
0.35000000000000003,80,-8.000000000000004,False
0.35000000000000003,85,-9.750000000000004,False
0.35000000000000003,90,-11.500000000000004,False
0.35000000000000003,95,-13.25,False
0.35000000000000003,100,-15.0,False
0.35000000000000003,105,-16.75,False
0.35000000000000003,110,-18.500000000000007,False
0.35000000000000003,115,-20.250000000000007,False
0.35000000000000003,120,-22.000000000000007,False
0.35000000000000003,125,-23.750000000000007,False
0.35000000000000003,130,-25.500000000000007,False
0.35000000000000003,135,-27.250000000000007,False
0.35000000000000003,140,-29.000000000000007,False
0.35000000000000003,145,-30.750000000000007,False
0.35000000000000003,150,-32.50000000000001,False
0.35000000000000003,155,-34.25000000000001,False
0.35000000000000003,160,-36.00000000000001,False
0.35000000000000003,165,-37.75000000000001,False
0.35000000000000003,170,-39.50000000000001,False
0.35000000000000003,175,-41.25000000000001,False
0.35000000000000003,180,-43.00000000000001,False
0.35000000000000003,185,-44.75,False
0.35000000000000003,190,-46.5,False
0.35000000000000003,195,-48.25,False
0.35000000000000003,200,-50.0,False
0.35000000000000003,205,-51.75,False
0.35000000000000003,210,-53.5,False
0.35000000000000003,215,-55.250000000000014,False
0.35000000000000003,220,-57.000000000000014,False
0.35000000000000003,225,-58.750000000000014,False
0.35000000000000003,230,-60.500000000000014,False
0.35000000000000003,235,-62.250000000000014,False
0.35000000000000003,240,-64.00000000000001,False
0.35000000000000003,245,-65.75000000000001,False
0.35000000000000003,250,-67.50000000000001,False
0.35000000000000003,255,-69.25000000000001,False
0.35000000000000003,260,-71.00000000000001,False
0.35000000000000003,265,-72.75000000000001,False
0.35000000000000003,270,-74.50000000000001,False
0.35000000000000003,275,-76.25000000000001,False
0.35000000000000003,280,-78.00000000000001,False
0.35000000000000003,285,-79.75000000000001,False
0.35000000000000003,290,-81.50000000000001,False
0.35000000000000003,295,-83.25000000000001,False
0.35000000000000003,300,-85.00000000000001,False
0.35000000000000003,305,-86.75000000000001,False
0.35000000000000003,310,-88.50000000000001,False
0.35000000000000003,315,-90.25000000000001,False
0.35000000000000003,320,-92.00000000000001,False
0.35000000000000003,325,-93.75000000000001,False
0.35000000000000003,330,-95.50000000000001,False
0.35000000000000003,335,-97.25000000000001,False
0.35000000000000003,340,-99.00000000000001,False
0.35000000000000003,345,-100.75000000000001,False
0.35000000000000003,350,-102.50000000000001,False
0.35000000000000003,355,-104.25000000000001,False
0.35000000000000003,360,-106.00000000000001,False
0.35000000000000003,365,-107.75000000000001,False
0.35000000000000003,370,-109.5,False
0.35000000000000003,375,-111.25,False
0.35000000000000003,380,-113.0,False
0.35000000000000003,385,-114.75,False
0.35000000000000003,390,-116.5,False
0.35000000000000003,395,-118.25,False
0.35000000000000003,400,-120.0,False
0.35000000000000003,405,-121.75,False
0.35000000000000003,410,-123.5,False
0.35000000000000003,415,-125.25,False
0.35000000000000003,420,-127.0,False
0.35000000000000003,425,-128.75,False
0.35000000000000003,430,-130.50000000000003,False
0.35000000000000003,435,-132.25000000000003,False
0.35000000000000003,440,-134.00000000000003,False
0.35000000000000003,445,-135.75000000000003,False
0.35000000000000003,450,-137.50000000000003,False
0.35000000000000003,455,-139.25000000000003,False
0.35000000000000003,460,-141.00000000000003,False
0.35000000000000003,465,-142.75000000000003,False
0.35000000000000003,470,-144.50000000000003,False
0.35000000000000003,475,-146.25000000000003,False
0.35000000000000003,480,-148.00000000000003,False
0.35000000000000003,485,-149.75000000000003,False
0.35000000000000003,490,-151.50000000000003,False
0.35000000000000003,495,-153.25000000000003,False
0.35000000000000003,500,-155.00000000000003,False
0.36,0,20.0,True
0.36,5,18.2,True
0.36,10,16.4,True
0.36,15,14.600000000000001,True
0.36,20,12.8,True
0.36,25,11.0,True
0.36,30,9.200000000000001,True
0.36,35,7.4,True
0.36,40,5.600000000000001,True
0.36,45,3.8000000000000007,True
0.36,50,2.0,True
0.36,55,0.1999999999999993,True
0.36,60,-1.5999999999999979,False
0.36,65,-3.3999999999999986,False
0.36,70,-5.199999999999999,False
0.36,75,-7.0,False
0.36,80,-8.799999999999997,False
0.36,85,-10.599999999999998,False
0.36,90,-12.399999999999999,False
0.36,95,-14.199999999999996,False
0.36,100,-16.0,False
0.36,105,-17.799999999999997,False
0.36,110,-19.6,False
0.36,115,-21.4,False
0.36,120,-23.199999999999996,False
0.36,125,-25.0,False
0.36,130,-26.799999999999997,False
0.36,135,-28.6,False
0.36,140,-30.4,False
0.36,145,-32.199999999999996,False
0.36,150,-34.0,False
0.36,155,-35.8,False
0.36,160,-37.599999999999994,False
0.36,165,-39.4,False
0.36,170,-41.199999999999996,False
0.36,175,-43.0,False
0.36,180,-44.8,False
0.36,185,-46.599999999999994,False
0.36,190,-48.39999999999999,False
0.36,195,-50.2,False
0.36,200,-52.0,False
0.36,205,-53.8,False
0.36,210,-55.599999999999994,False
0.36,215,-57.39999999999999,False
0.36,220,-59.2,False
0.36,225,-61.0,False
0.36,230,-62.8,False
0.36,235,-64.6,False
0.36,240,-66.39999999999999,False
0.36,245,-68.2,False
0.36,250,-70.0,False
0.36,255,-71.8,False
0.36,260,-73.6,False
0.36,265,-75.39999999999999,False
0.36,270,-77.2,False
0.36,275,-79.0,False
0.36,280,-80.8,False
0.36,285,-82.6,False
0.36,290,-84.39999999999999,False
0.36,295,-86.2,False
0.36,300,-88.0,False
0.36,305,-89.8,False
0.36,310,-91.6,False
0.36,315,-93.39999999999999,False
0.36,320,-95.19999999999999,False
0.36,325,-97.0,False
0.36,330,-98.8,False
0.36,335,-100.6,False
0.36,340,-102.39999999999999,False
0.36,345,-104.19999999999999,False
0.36,350,-106.0,False
0.36,355,-107.8,False
0.36,360,-109.6,False
0.36,365,-111.4,False
0.36,370,-113.19999999999999,False
0.36,375,-115.0,False
0.36,380,-116.79999999999998,False
0.36,385,-118.6,False
0.36,390,-120.4,False
0.36,395,-122.19999999999999,False
0.36,400,-124.0,False
0.36,405,-125.79999999999998,False
0.36,410,-127.6,False
0.36,415,-129.4,False
0.36,420,-131.2,False
0.36,425,-133.0,False
0.36,430,-134.79999999999998,False
0.36,435,-136.6,False
0.36,440,-138.4,False
0.36,445,-140.2,False
0.36,450,-142.0,False
0.36,455,-143.79999999999998,False
0.36,460,-145.6,False
0.36,465,-147.4,False
0.36,470,-149.2,False
0.36,475,-151.0,False
0.36,480,-152.79999999999998,False
0.36,485,-154.6,False
0.36,490,-156.4,False
0.36,495,-158.2,False
0.36,500,-160.0,False
0.37,0,20.0,True
0.37,5,18.15,True
0.37,10,16.3,True
0.37,15,14.45,True
0.37,20,12.6,True
0.37,25,10.75,True
0.37,30,8.9,True
0.37,35,7.050000000000001,True
0.37,40,5.199999999999999,True
0.37,45,3.3500000000000014,True
0.37,50,1.5,True
0.37,55,-0.3500000000000014,False
0.37,60,-2.1999999999999993,False
0.37,65,-4.050000000000001,False
0.37,70,-5.899999999999999,False
0.37,75,-7.75,False
0.37,80,-9.600000000000001,False
0.37,85,-11.45,False
0.37,90,-13.299999999999997,False
0.37,95,-15.149999999999999,False
0.37,100,-17.0,False
0.37,105,-18.85,False
0.37,110,-20.700000000000003,False
0.37,115,-22.549999999999997,False
0.37,120,-24.4,False
0.37,125,-26.25,False
0.37,130,-28.1,False
0.37,135,-29.950000000000003,False
0.37,140,-31.799999999999997,False
0.37,145,-33.65,False
0.37,150,-35.5,False
0.37,155,-37.35,False
0.37,160,-39.2,False
0.37,165,-41.05,False
0.37,170,-42.9,False
0.37,175,-44.75,False
0.37,180,-46.599999999999994,False
0.37,185,-48.45,False
0.37,190,-50.3,False
0.37,195,-52.150000000000006,False
0.37,200,-54.0,False
0.37,205,-55.849999999999994,False
0.37,210,-57.7,False
0.37,215,-59.55,False
0.37,220,-61.400000000000006,False
0.37,225,-63.25,False
0.37,230,-65.1,False
0.37,235,-66.95,False
0.37,240,-68.8,False
0.37,245,-70.65,False
0.37,250,-72.5,False
0.37,255,-74.35,False
0.37,260,-76.2,False
0.37,265,-78.05,False
0.37,270,-79.9,False
0.37,275,-81.75,False
0.37,280,-83.6,False
0.37,285,-85.45,False
0.37,290,-87.3,False
0.37,295,-89.15,False
0.37,300,-91.0,False
0.37,305,-92.85,False
0.37,310,-94.7,False
0.37,315,-96.55,False
0.37,320,-98.4,False
0.37,325,-100.25,False
0.37,330,-102.1,False
0.37,335,-103.95,False
0.37,340,-105.8,False
0.37,345,-107.64999999999999,False
0.37,350,-109.5,False
0.37,355,-111.35,False
0.37,360,-113.19999999999999,False
0.37,365,-115.05000000000001,False
0.37,370,-116.9,False
0.37,375,-118.75,False
0.37,380,-120.6,False
0.37,385,-122.44999999999999,False
0.37,390,-124.30000000000001,False
0.37,395,-126.15,False
0.37,400,-128.0,False
0.37,405,-129.85,False
0.37,410,-131.7,False
0.37,415,-133.55,False
0.37,420,-135.4,False
0.37,425,-137.25,False
0.37,430,-139.1,False
0.37,435,-140.95,False
0.37,440,-142.8,False
0.37,445,-144.65,False
0.37,450,-146.5,False
0.37,455,-148.35,False
0.37,460,-150.2,False
0.37,465,-152.05,False
0.37,470,-153.9,False
0.37,475,-155.75,False
0.37,480,-157.6,False
0.37,485,-159.45,False
0.37,490,-161.3,False
0.37,495,-163.15,False
0.37,500,-165.0,False
0.38,0,20.0,True
0.38,5,18.1,True
0.38,10,16.2,True
0.38,15,14.3,True
0.38,20,12.4,True
0.38,25,10.5,True
0.38,30,8.6,True
0.38,35,6.699999999999999,True
0.38,40,4.800000000000001,True
0.38,45,2.8999999999999986,True
0.38,50,1.0,True
0.38,55,-0.8999999999999986,False
0.38,60,-2.8000000000000007,False
0.38,65,-4.699999999999999,False
0.38,70,-6.600000000000001,False
0.38,75,-8.5,False
0.38,80,-10.399999999999999,False
0.38,85,-12.299999999999997,False
0.38,90,-14.200000000000003,False
0.38,95,-16.1,False
0.38,100,-18.0,False
0.38,105,-19.9,False
0.38,110,-21.799999999999997,False
0.38,115,-23.700000000000003,False
0.38,120,-25.6,False
0.38,125,-27.5,False
0.38,130,-29.4,False
0.38,135,-31.299999999999997,False
0.38,140,-33.2,False
0.38,145,-35.1,False
0.38,150,-37.0,False
0.38,155,-38.9,False
0.38,160,-40.8,False
0.38,165,-42.7,False
0.38,170,-44.599999999999994,False
0.38,175,-46.5,False
0.38,180,-48.400000000000006,False
0.38,185,-50.3,False
0.38,190,-52.2,False
0.38,195,-54.099999999999994,False
0.38,200,-56.0,False
0.38,205,-57.900000000000006,False
0.38,210,-59.8,False
0.38,215,-61.7,False
0.38,220,-63.599999999999994,False
0.38,225,-65.5,False
0.38,230,-67.4,False
0.38,235,-69.3,False
0.38,240,-71.2,False
0.38,245,-73.1,False
0.38,250,-75.0,False
0.38,255,-76.9,False
0.38,260,-78.8,False
0.38,265,-80.7,False
0.38,270,-82.6,False
0.38,275,-84.5,False
0.38,280,-86.4,False
0.38,285,-88.3,False
0.38,290,-90.2,False
0.38,295,-92.1,False
0.38,300,-94.0,False
0.38,305,-95.9,False
0.38,310,-97.8,False
0.38,315,-99.7,False
0.38,320,-101.6,False
0.38,325,-103.5,False
0.38,330,-105.4,False
0.38,335,-107.3,False
0.38,340,-109.19999999999999,False
0.38,345,-111.1,False
0.38,350,-113.0,False
0.38,355,-114.9,False
0.38,360,-116.80000000000001,False
0.38,365,-118.69999999999999,False
0.38,370,-120.6,False
0.38,375,-122.5,False
0.38,380,-124.4,False
0.38,385,-126.30000000000001,False
0.38,390,-128.2,False
0.38,395,-130.1,False
0.38,400,-132.0,False
0.38,405,-133.9,False
0.38,410,-135.8,False
0.38,415,-137.7,False
0.38,420,-139.6,False
0.38,425,-141.5,False
0.38,430,-143.4,False
0.38,435,-145.3,False
0.38,440,-147.2,False
0.38,445,-149.1,False
0.38,450,-151.0,False
0.38,455,-152.9,False
0.38,460,-154.8,False
0.38,465,-156.7,False
0.38,470,-158.6,False
0.38,475,-160.5,False
0.38,480,-162.4,False
0.38,485,-164.3,False
0.38,490,-166.2,False
0.38,495,-168.1,False
0.38,500,-170.0,False
0.39,0,20.0,True
0.39,5,18.05,True
0.39,10,16.1,True
0.39,15,14.149999999999999,True
0.39,20,12.2,True
0.39,25,10.25,True
0.39,30,8.299999999999999,True
0.39,35,6.35,True
0.39,40,4.399999999999999,True
0.39,45,2.4499999999999993,True
0.39,50,0.5,True
0.39,55,-1.4499999999999993,False
0.39,60,-3.400000000000002,False
0.39,65,-5.350000000000001,False
0.39,70,-7.300000000000001,False
0.39,75,-9.25,False
0.39,80,-11.200000000000003,False
0.39,85,-13.149999999999999,False
0.39,90,-15.100000000000001,False
0.39,95,-17.050000000000004,False
0.39,100,-19.0,False
0.39,105,-20.950000000000003,False
0.39,110,-22.9,False
0.39,115,-24.85,False
0.39,120,-26.800000000000004,False
0.39,125,-28.75,False
0.39,130,-30.700000000000003,False
0.39,135,-32.65,False
0.39,140,-34.6,False
0.39,145,-36.550000000000004,False
0.39,150,-38.5,False
0.39,155,-40.45,False
0.39,160,-42.400000000000006,False
0.39,165,-44.35000000000001,False
0.39,170,-46.3,False
0.39,175,-48.25,False
0.39,180,-50.2,False
0.39,185,-52.150000000000006,False
0.39,190,-54.10000000000001,False
0.39,195,-56.05,False
0.39,200,-58.0,False
0.39,205,-59.95,False
0.39,210,-61.900000000000006,False
0.39,215,-63.85000000000001,False
0.39,220,-65.8,False
0.39,225,-67.75,False
0.39,230,-69.7,False
0.39,235,-71.65,False
0.39,240,-73.60000000000001,False
0.39,245,-75.55,False
0.39,250,-77.5,False
0.39,255,-79.45,False
0.39,260,-81.4,False
0.39,265,-83.35000000000001,False
0.39,270,-85.3,False
0.39,275,-87.25,False
0.39,280,-89.2,False
0.39,285,-91.15,False
0.39,290,-93.10000000000001,False
0.39,295,-95.05,False
0.39,300,-97.0,False
0.39,305,-98.95,False
0.39,310,-100.9,False
0.39,315,-102.85000000000001,False
0.39,320,-104.80000000000001,False
0.39,325,-106.75,False
0.39,330,-108.70000000000002,False
0.39,335,-110.65,False
0.39,340,-112.6,False
0.39,345,-114.55000000000001,False
0.39,350,-116.5,False
0.39,355,-118.45000000000002,False
0.39,360,-120.4,False
0.39,365,-122.35,False
0.39,370,-124.30000000000001,False
0.39,375,-126.25,False
0.39,380,-128.20000000000002,False
0.39,385,-130.15,False
0.39,390,-132.1,False
0.39,395,-134.05,False
0.39,400,-136.0,False
0.39,405,-137.95000000000002,False
0.39,410,-139.9,False
0.39,415,-141.85,False
0.39,420,-143.8,False
0.39,425,-145.75,False
0.39,430,-147.70000000000002,False
0.39,435,-149.65,False
0.39,440,-151.6,False
0.39,445,-153.55,False
0.39,450,-155.5,False
0.39,455,-157.45000000000002,False
0.39,460,-159.4,False
0.39,465,-161.35,False
0.39,470,-163.3,False
0.39,475,-165.25,False
0.39,480,-167.20000000000002,False
0.39,485,-169.15,False
0.39,490,-171.1,False
0.39,495,-173.05,False
0.39,500,-175.0,False
0.4,0,20.0,True
0.4,5,18.0,True
0.4,10,16.0,True
0.4,15,14.0,True
0.4,20,12.0,True
0.4,25,10.0,True
0.4,30,8.0,True
0.4,35,6.0,True
0.4,40,4.0,True
0.4,45,2.0,True
0.4,50,0.0,False
0.4,55,-2.0,False
0.4,60,-4.0,False
0.4,65,-6.0,False
0.4,70,-8.0,False
0.4,75,-10.0,False
0.4,80,-12.0,False
0.4,85,-14.0,False
0.4,90,-16.0,False
0.4,95,-18.0,False
0.4,100,-20.0,False
0.4,105,-22.0,False
0.4,110,-24.0,False
0.4,115,-26.0,False
0.4,120,-28.0,False
0.4,125,-30.0,False
0.4,130,-32.0,False
0.4,135,-34.0,False
0.4,140,-36.0,False
0.4,145,-38.0,False
0.4,150,-40.0,False
0.4,155,-42.0,False
0.4,160,-44.0,False
0.4,165,-46.0,False
0.4,170,-48.0,False
0.4,175,-50.0,False
0.4,180,-52.0,False
0.4,185,-54.0,False
0.4,190,-56.0,False
0.4,195,-58.0,False
0.4,200,-60.0,False
0.4,205,-62.0,False
0.4,210,-64.0,False
0.4,215,-66.0,False
0.4,220,-68.0,False
0.4,225,-70.0,False
0.4,230,-72.0,False
0.4,235,-74.0,False
0.4,240,-76.0,False
0.4,245,-78.0,False
0.4,250,-80.0,False
0.4,255,-82.0,False
0.4,260,-84.0,False
0.4,265,-86.0,False
0.4,270,-88.0,False
0.4,275,-90.0,False
0.4,280,-92.0,False
0.4,285,-94.0,False
0.4,290,-96.0,False
0.4,295,-98.0,False
0.4,300,-100.0,False
0.4,305,-102.0,False
0.4,310,-104.0,False
0.4,315,-106.0,False
0.4,320,-108.0,False
0.4,325,-110.0,False
0.4,330,-112.0,False
0.4,335,-114.0,False
0.4,340,-116.0,False
0.4,345,-118.0,False
0.4,350,-120.0,False
0.4,355,-122.0,False
0.4,360,-124.0,False
0.4,365,-126.0,False
0.4,370,-128.0,False
0.4,375,-130.0,False
0.4,380,-132.0,False
0.4,385,-134.0,False
0.4,390,-136.0,False
0.4,395,-138.0,False
0.4,400,-140.0,False
0.4,405,-142.0,False
0.4,410,-144.0,False
0.4,415,-146.0,False
0.4,420,-148.0,False
0.4,425,-150.0,False
0.4,430,-152.0,False
0.4,435,-154.0,False
0.4,440,-156.0,False
0.4,445,-158.0,False
0.4,450,-160.0,False
0.4,455,-162.0,False
0.4,460,-164.0,False
0.4,465,-166.0,False
0.4,470,-168.0,False
0.4,475,-170.0,False
0.4,480,-172.0,False
0.4,485,-174.0,False
0.4,490,-176.0,False
0.4,495,-178.0,False
0.4,500,-180.0,False
0.41000000000000003,0,20.0,True
0.41000000000000003,5,17.95,True
0.41000000000000003,10,15.899999999999999,True
0.41000000000000003,15,13.85,True
0.41000000000000003,20,11.799999999999999,True
0.41000000000000003,25,9.75,True
0.41000000000000003,30,7.699999999999999,True
0.41000000000000003,35,5.649999999999999,True
0.41000000000000003,40,3.599999999999998,True
0.41000000000000003,45,1.5499999999999972,True
0.41000000000000003,50,-0.5,False
0.41000000000000003,55,-2.5500000000000007,False
0.41000000000000003,60,-4.600000000000001,False
0.41000000000000003,65,-6.650000000000002,False
0.41000000000000003,70,-8.700000000000003,False
0.41000000000000003,75,-10.750000000000004,False
0.41000000000000003,80,-12.800000000000004,False
0.41000000000000003,85,-14.850000000000001,False
0.41000000000000003,90,-16.900000000000006,False
0.41000000000000003,95,-18.950000000000003,False
0.41000000000000003,100,-21.0,False
0.41000000000000003,105,-23.050000000000004,False
0.41000000000000003,110,-25.1,False
0.41000000000000003,115,-27.150000000000006,False
0.41000000000000003,120,-29.200000000000003,False
0.41000000000000003,125,-31.250000000000007,False
0.41000000000000003,130,-33.300000000000004,False
0.41000000000000003,135,-35.35,False
0.41000000000000003,140,-37.400000000000006,False
0.41000000000000003,145,-39.45,False
0.41000000000000003,150,-41.50000000000001,False
0.41000000000000003,155,-43.550000000000004,False
0.41000000000000003,160,-45.60000000000001,False
0.41000000000000003,165,-47.650000000000006,False
0.41000000000000003,170,-49.7,False
0.41000000000000003,175,-51.75,False
0.41000000000000003,180,-53.80000000000001,False
0.41000000000000003,185,-55.85000000000001,False
0.41000000000000003,190,-57.900000000000006,False
0.41000000000000003,195,-59.95,False
0.41000000000000003,200,-62.0,False
0.41000000000000003,205,-64.05000000000001,False
0.41000000000000003,210,-66.10000000000001,False
0.41000000000000003,215,-68.15,False
0.41000000000000003,220,-70.2,False
0.41000000000000003,225,-72.25,False
0.41000000000000003,230,-74.30000000000001,False
0.41000000000000003,235,-76.35000000000001,False
0.41000000000000003,240,-78.4,False
0.41000000000000003,245,-80.45,False
0.41000000000000003,250,-82.50000000000001,False
0.41000000000000003,255,-84.55000000000001,False
0.41000000000000003,260,-86.60000000000001,False
0.41000000000000003,265,-88.65,False
0.41000000000000003,270,-90.7,False
0.41000000000000003,275,-92.75000000000001,False
0.41000000000000003,280,-94.80000000000001,False
0.41000000000000003,285,-96.85000000000001,False
0.41000000000000003,290,-98.9,False
0.41000000000000003,295,-100.95,False
0.41000000000000003,300,-103.00000000000001,False
0.41000000000000003,305,-105.05000000000001,False
0.41000000000000003,310,-107.10000000000001,False
0.41000000000000003,315,-109.15,False
0.41000000000000003,320,-111.20000000000002,False
0.41000000000000003,325,-113.25,False
0.41000000000000003,330,-115.30000000000001,False
0.41000000000000003,335,-117.35000000000002,False
0.41000000000000003,340,-119.4,False
0.41000000000000003,345,-121.45000000000002,False
0.41000000000000003,350,-123.5,False
0.41000000000000003,355,-125.55000000000001,False
0.41000000000000003,360,-127.60000000000002,False
0.41000000000000003,365,-129.65,False
0.41000000000000003,370,-131.70000000000002,False
0.41000000000000003,375,-133.75,False
0.41000000000000003,380,-135.8,False
0.41000000000000003,385,-137.85000000000002,False
0.41000000000000003,390,-139.9,False
0.41000000000000003,395,-141.95000000000002,False
0.41000000000000003,400,-144.0,False
0.41000000000000003,405,-146.05,False
0.41000000000000003,410,-148.10000000000002,False
0.41000000000000003,415,-150.15,False
0.41000000000000003,420,-152.20000000000002,False
0.41000000000000003,425,-154.25,False
0.41000000000000003,430,-156.3,False
0.41000000000000003,435,-158.35000000000002,False
0.41000000000000003,440,-160.4,False
0.41000000000000003,445,-162.45000000000002,False
0.41000000000000003,450,-164.5,False
0.41000000000000003,455,-166.55,False
0.41000000000000003,460,-168.60000000000002,False
0.41000000000000003,465,-170.65,False
0.41000000000000003,470,-172.70000000000002,False
0.41000000000000003,475,-174.75000000000003,False
0.41000000000000003,480,-176.8,False
0.41000000000000003,485,-178.85000000000002,False
0.41000000000000003,490,-180.9,False
0.41000000000000003,495,-182.95000000000002,False
0.41000000000000003,500,-185.00000000000003,False
0.42,0,20.0,True
0.42,5,17.9,True
0.42,10,15.8,True
0.42,15,13.7,True
0.42,20,11.6,True
0.42,25,9.5,True
0.42,30,7.4,True
0.42,35,5.300000000000001,True
0.42,40,3.1999999999999993,True
0.42,45,1.1000000000000014,True
0.42,50,-1.0,False
0.42,55,-3.099999999999998,False
0.42,60,-5.199999999999999,False
0.42,65,-7.300000000000001,False
0.42,70,-9.399999999999999,False
0.42,75,-11.5,False
0.42,80,-13.600000000000001,False
0.42,85,-15.699999999999996,False
0.42,90,-17.799999999999997,False
0.42,95,-19.9,False
0.42,100,-22.0,False
0.42,105,-24.1,False
0.42,110,-26.199999999999996,False
0.42,115,-28.299999999999997,False
0.42,120,-30.4,False
0.42,125,-32.5,False
0.42,130,-34.6,False
0.42,135,-36.699999999999996,False
0.42,140,-38.8,False
0.42,145,-40.9,False
0.42,150,-43.0,False
0.42,155,-45.099999999999994,False
0.42,160,-47.2,False
0.42,165,-49.3,False
0.42,170,-51.39999999999999,False
0.42,175,-53.5,False
0.42,180,-55.599999999999994,False
0.42,185,-57.7,False
0.42,190,-59.8,False
0.42,195,-61.89999999999999,False
0.42,200,-64.0,False
0.42,205,-66.1,False
0.42,210,-68.2,False
0.42,215,-70.3,False
0.42,220,-72.39999999999999,False
0.42,225,-74.5,False
0.42,230,-76.6,False
0.42,235,-78.7,False
0.42,240,-80.8,False
0.42,245,-82.89999999999999,False
0.42,250,-85.0,False
0.42,255,-87.1,False
0.42,260,-89.2,False
0.42,265,-91.3,False
0.42,270,-93.39999999999999,False
0.42,275,-95.5,False
0.42,280,-97.6,False
0.42,285,-99.69999999999999,False
0.42,290,-101.8,False
0.42,295,-103.89999999999999,False
0.42,300,-106.0,False
0.42,305,-108.1,False
0.42,310,-110.19999999999999,False
0.42,315,-112.29999999999998,False
0.42,320,-114.4,False
0.42,325,-116.5,False
0.42,330,-118.6,False
0.42,335,-120.69999999999999,False
0.42,340,-122.79999999999998,False
0.42,345,-124.9,False
0.42,350,-127.0,False
0.42,355,-129.1,False
0.42,360,-131.2,False
0.42,365,-133.29999999999998,False
0.42,370,-135.4,False
0.42,375,-137.5,False
0.42,380,-139.6,False
0.42,385,-141.7,False
0.42,390,-143.79999999999998,False
0.42,395,-145.9,False
0.42,400,-148.0,False
0.42,405,-150.1,False
0.42,410,-152.2,False
0.42,415,-154.29999999999998,False
0.42,420,-156.4,False
0.42,425,-158.5,False
0.42,430,-160.6,False
0.42,435,-162.7,False
0.42,440,-164.79999999999998,False
0.42,445,-166.9,False
0.42,450,-169.0,False
0.42,455,-171.1,False
0.42,460,-173.2,False
0.42,465,-175.29999999999998,False
0.42,470,-177.4,False
0.42,475,-179.5,False
0.42,480,-181.6,False
0.42,485,-183.7,False
0.42,490,-185.79999999999998,False
0.42,495,-187.9,False
0.42,500,-190.0,False
0.43,0,20.0,True
0.43,5,17.85,True
0.43,10,15.7,True
0.43,15,13.55,True
0.43,20,11.4,True
0.43,25,9.25,True
0.43,30,7.1,True
0.43,35,4.950000000000001,True
0.43,40,2.8000000000000007,True
0.43,45,0.6499999999999986,True
0.43,50,-1.5,False
0.43,55,-3.6499999999999986,False
0.43,60,-5.800000000000001,False
0.43,65,-7.949999999999999,False
0.43,70,-10.099999999999998,False
0.43,75,-12.25,False
0.43,80,-14.399999999999999,False
0.43,85,-16.549999999999997,False
0.43,90,-18.700000000000003,False
0.43,95,-20.85,False
0.43,100,-23.0,False
0.43,105,-25.15,False
0.43,110,-27.299999999999997,False
0.43,115,-29.449999999999996,False
0.43,120,-31.6,False
0.43,125,-33.75,False
0.43,130,-35.9,False
0.43,135,-38.05,False
0.43,140,-40.199999999999996,False
0.43,145,-42.35,False
0.43,150,-44.5,False
0.43,155,-46.650000000000006,False
0.43,160,-48.8,False
0.43,165,-50.95,False
0.43,170,-53.099999999999994,False
0.43,175,-55.25,False
0.43,180,-57.400000000000006,False
0.43,185,-59.55,False
0.43,190,-61.7,False
0.43,195,-63.849999999999994,False
0.43,200,-66.0,False
0.43,205,-68.15,False
0.43,210,-70.3,False
0.43,215,-72.45,False
0.43,220,-74.6,False
0.43,225,-76.75,False
0.43,230,-78.89999999999999,False
0.43,235,-81.05,False
0.43,240,-83.2,False
0.43,245,-85.35,False
0.43,250,-87.5,False
0.43,255,-89.64999999999999,False
0.43,260,-91.8,False
0.43,265,-93.95,False
0.43,270,-96.1,False
0.43,275,-98.25,False
0.43,280,-100.39999999999999,False
0.43,285,-102.55,False
0.43,290,-104.7,False
0.43,295,-106.85,False
0.43,300,-109.0,False
0.43,305,-111.15,False
0.43,310,-113.30000000000001,False
0.43,315,-115.44999999999999,False
0.43,320,-117.6,False
0.43,325,-119.75,False
0.43,330,-121.9,False
0.43,335,-124.05000000000001,False
0.43,340,-126.19999999999999,False
0.43,345,-128.35,False
0.43,350,-130.5,False
0.43,355,-132.65,False
0.43,360,-134.8,False
0.43,365,-136.95,False
0.43,370,-139.1,False
0.43,375,-141.25,False
0.43,380,-143.4,False
0.43,385,-145.55,False
0.43,390,-147.7,False
0.43,395,-149.85,False
0.43,400,-152.0,False
0.43,405,-154.15,False
0.43,410,-156.3,False
0.43,415,-158.45,False
0.43,420,-160.6,False
0.43,425,-162.75,False
0.43,430,-164.9,False
0.43,435,-167.04999999999998,False
0.43,440,-169.2,False
0.43,445,-171.35,False
0.43,450,-173.5,False
0.43,455,-175.65,False
0.43,460,-177.79999999999998,False
0.43,465,-179.95,False
0.43,470,-182.1,False
0.43,475,-184.25,False
0.43,480,-186.4,False
0.43,485,-188.54999999999998,False
0.43,490,-190.7,False
0.43,495,-192.85,False
0.43,500,-195.0,False
0.44,0,20.0,True
0.44,5,17.8,True
0.44,10,15.6,True
0.44,15,13.4,True
0.44,20,11.2,True
0.44,25,9.0,True
0.44,30,6.800000000000001,True
0.44,35,4.6,True
0.44,40,2.3999999999999986,True
0.44,45,0.1999999999999993,True
0.44,50,-2.0,False
0.44,55,-4.199999999999999,False
0.44,60,-6.399999999999999,False
0.44,65,-8.600000000000001,False
0.44,70,-10.8,False
0.44,75,-13.0,False
0.44,80,-15.200000000000003,False
0.44,85,-17.4,False
0.44,90,-19.6,False
0.44,95,-21.799999999999997,False
0.44,100,-24.0,False
0.44,105,-26.200000000000003,False
0.44,110,-28.4,False
0.44,115,-30.6,False
0.44,120,-32.8,False
0.44,125,-35.0,False
0.44,130,-37.2,False
0.44,135,-39.4,False
0.44,140,-41.6,False
0.44,145,-43.8,False
0.44,150,-46.0,False
0.44,155,-48.2,False
0.44,160,-50.400000000000006,False
0.44,165,-52.599999999999994,False
0.44,170,-54.8,False
0.44,175,-57.0,False
0.44,180,-59.2,False
0.44,185,-61.400000000000006,False
0.44,190,-63.599999999999994,False
0.44,195,-65.8,False
0.44,200,-68.0,False
0.44,205,-70.2,False
0.44,210,-72.4,False
0.44,215,-74.6,False
0.44,220,-76.8,False
0.44,225,-79.0,False
0.44,230,-81.2,False
0.44,235,-83.4,False
0.44,240,-85.6,False
0.44,245,-87.8,False
0.44,250,-90.0,False
0.44,255,-92.2,False
0.44,260,-94.4,False
0.44,265,-96.6,False
0.44,270,-98.8,False
0.44,275,-101.0,False
0.44,280,-103.2,False
0.44,285,-105.4,False
0.44,290,-107.6,False
0.44,295,-109.80000000000001,False
0.44,300,-112.0,False
0.44,305,-114.19999999999999,False
0.44,310,-116.4,False
0.44,315,-118.6,False
0.44,320,-120.80000000000001,False
0.44,325,-123.0,False
0.44,330,-125.19999999999999,False
0.44,335,-127.4,False
0.44,340,-129.6,False
0.44,345,-131.8,False
0.44,350,-134.0,False
0.44,355,-136.2,False
0.44,360,-138.4,False
0.44,365,-140.6,False
0.44,370,-142.8,False
0.44,375,-145.0,False
0.44,380,-147.2,False
0.44,385,-149.4,False
0.44,390,-151.6,False
0.44,395,-153.8,False
0.44,400,-156.0,False
0.44,405,-158.2,False
0.44,410,-160.4,False
0.44,415,-162.6,False
0.44,420,-164.8,False
0.44,425,-167.0,False
0.44,430,-169.2,False
0.44,435,-171.4,False
0.44,440,-173.6,False
0.44,445,-175.8,False
0.44,450,-178.0,False
0.44,455,-180.2,False
0.44,460,-182.4,False
0.44,465,-184.6,False
0.44,470,-186.8,False
0.44,475,-189.0,False
0.44,480,-191.2,False
0.44,485,-193.4,False
0.44,490,-195.6,False
0.44,495,-197.8,False
0.44,500,-200.0,False
0.45,0,20.0,True
0.45,5,17.75,True
0.45,10,15.5,True
0.45,15,13.25,True
0.45,20,11.0,True
0.45,25,8.75,True
0.45,30,6.5,True
0.45,35,4.25,True
0.45,40,2.0,True
0.45,45,-0.25,False
0.45,50,-2.5,False
0.45,55,-4.75,False
0.45,60,-7.0,False
0.45,65,-9.25,False
0.45,70,-11.5,False
0.45,75,-13.75,False
0.45,80,-16.0,False
0.45,85,-18.25,False
0.45,90,-20.5,False
0.45,95,-22.75,False
0.45,100,-25.0,False
0.45,105,-27.25,False
0.45,110,-29.5,False
0.45,115,-31.75,False
0.45,120,-34.0,False
0.45,125,-36.25,False
0.45,130,-38.5,False
0.45,135,-40.75,False
0.45,140,-43.0,False
0.45,145,-45.25,False
0.45,150,-47.5,False
0.45,155,-49.75,False
0.45,160,-52.0,False
0.45,165,-54.25,False
0.45,170,-56.5,False
0.45,175,-58.75,False
0.45,180,-61.0,False
0.45,185,-63.25,False
0.45,190,-65.5,False
0.45,195,-67.75,False
0.45,200,-70.0,False
0.45,205,-72.25,False
0.45,210,-74.5,False
0.45,215,-76.75,False
0.45,220,-79.0,False
0.45,225,-81.25,False
0.45,230,-83.5,False
0.45,235,-85.75,False
0.45,240,-88.0,False
0.45,245,-90.25,False
0.45,250,-92.5,False
0.45,255,-94.75,False
0.45,260,-97.0,False
0.45,265,-99.25,False
0.45,270,-101.5,False
0.45,275,-103.75,False
0.45,280,-106.0,False
0.45,285,-108.25,False
0.45,290,-110.5,False
0.45,295,-112.75,False
0.45,300,-115.0,False
0.45,305,-117.25,False
0.45,310,-119.5,False
0.45,315,-121.75,False
0.45,320,-124.0,False
0.45,325,-126.25,False
0.45,330,-128.5,False
0.45,335,-130.75,False
0.45,340,-133.0,False
0.45,345,-135.25,False
0.45,350,-137.5,False
0.45,355,-139.75,False
0.45,360,-142.0,False
0.45,365,-144.25,False
0.45,370,-146.5,False
0.45,375,-148.75,False
0.45,380,-151.0,False
0.45,385,-153.25,False
0.45,390,-155.5,False
0.45,395,-157.75,False
0.45,400,-160.0,False
0.45,405,-162.25,False
0.45,410,-164.5,False
0.45,415,-166.75,False
0.45,420,-169.0,False
0.45,425,-171.25,False
0.45,430,-173.5,False
0.45,435,-175.75,False
0.45,440,-178.0,False
0.45,445,-180.25,False
0.45,450,-182.5,False
0.45,455,-184.75,False
0.45,460,-187.0,False
0.45,465,-189.25,False
0.45,470,-191.5,False
0.45,475,-193.75,False
0.45,480,-196.0,False
0.45,485,-198.25,False
0.45,490,-200.5,False
0.45,495,-202.75,False
0.45,500,-205.0,False
0.46,0,20.0,True
0.46,5,17.7,True
0.46,10,15.399999999999999,True
0.46,15,13.1,True
0.46,20,10.799999999999999,True
0.46,25,8.5,True
0.46,30,6.199999999999999,True
0.46,35,3.8999999999999986,True
0.46,40,1.5999999999999979,True
0.46,45,-0.6999999999999993,False
0.46,50,-3.0,False
0.46,55,-5.300000000000001,False
0.46,60,-7.600000000000001,False
0.46,65,-9.900000000000002,False
0.46,70,-12.200000000000003,False
0.46,75,-14.5,False
0.46,80,-16.800000000000004,False
0.46,85,-19.1,False
0.46,90,-21.4,False
0.46,95,-23.700000000000003,False
0.46,100,-26.0,False
0.46,105,-28.300000000000004,False
0.46,110,-30.6,False
0.46,115,-32.900000000000006,False
0.46,120,-35.2,False
0.46,125,-37.5,False
0.46,130,-39.800000000000004,False
0.46,135,-42.1,False
0.46,140,-44.400000000000006,False
0.46,145,-46.7,False
0.46,150,-49.0,False
0.46,155,-51.3,False
0.46,160,-53.60000000000001,False
0.46,165,-55.900000000000006,False
0.46,170,-58.2,False
0.46,175,-60.5,False
0.46,180,-62.8,False
0.46,185,-65.10000000000001,False
0.46,190,-67.4,False
0.46,195,-69.7,False
0.46,200,-72.0,False
0.46,205,-74.3,False
0.46,210,-76.60000000000001,False
0.46,215,-78.9,False
0.46,220,-81.2,False
0.46,225,-83.5,False
0.46,230,-85.80000000000001,False
0.46,235,-88.10000000000001,False
0.46,240,-90.4,False
0.46,245,-92.7,False
0.46,250,-95.0,False
0.46,255,-97.30000000000001,False
0.46,260,-99.60000000000001,False
0.46,265,-101.9,False
0.46,270,-104.2,False
0.46,275,-106.5,False
0.46,280,-108.80000000000001,False
0.46,285,-111.1,False
0.46,290,-113.4,False
0.46,295,-115.70000000000002,False
0.46,300,-118.0,False
0.46,305,-120.30000000000001,False
0.46,310,-122.6,False
0.46,315,-124.9,False
0.46,320,-127.20000000000002,False
0.46,325,-129.5,False
0.46,330,-131.8,False
0.46,335,-134.1,False
0.46,340,-136.4,False
0.46,345,-138.70000000000002,False
0.46,350,-141.0,False
0.46,355,-143.3,False
0.46,360,-145.6,False
0.46,365,-147.9,False
0.46,370,-150.20000000000002,False
0.46,375,-152.5,False
0.46,380,-154.8,False
0.46,385,-157.1,False
0.46,390,-159.4,False
0.46,395,-161.70000000000002,False
0.46,400,-164.0,False
0.46,405,-166.3,False
0.46,410,-168.6,False
0.46,415,-170.9,False
0.46,420,-173.20000000000002,False
0.46,425,-175.5,False
0.46,430,-177.8,False
0.46,435,-180.10000000000002,False
0.46,440,-182.4,False
0.46,445,-184.70000000000002,False
0.46,450,-187.0,False
0.46,455,-189.3,False
0.46,460,-191.60000000000002,False
0.46,465,-193.9,False
0.46,470,-196.20000000000002,False
0.46,475,-198.5,False
0.46,480,-200.8,False
0.46,485,-203.10000000000002,False
0.46,490,-205.4,False
0.46,495,-207.70000000000002,False
0.46,500,-210.0,False
0.47000000000000003,0,20.0,True
0.47000000000000003,5,17.65,True
0.47000000000000003,10,15.3,True
0.47000000000000003,15,12.95,True
0.47000000000000003,20,10.6,True
0.47000000000000003,25,8.25,True
0.47000000000000003,30,5.899999999999999,True
0.47000000000000003,35,3.5500000000000007,True
0.47000000000000003,40,1.1999999999999993,True
0.47000000000000003,45,-1.1500000000000021,False
0.47000000000000003,50,-3.5,False
0.47000000000000003,55,-5.850000000000001,False
0.47000000000000003,60,-8.200000000000003,False
0.47000000000000003,65,-10.55,False
0.47000000000000003,70,-12.899999999999999,False
0.47000000000000003,75,-15.25,False
0.47000000000000003,80,-17.6,False
0.47000000000000003,85,-19.950000000000003,False
0.47000000000000003,90,-22.300000000000004,False
0.47000000000000003,95,-24.650000000000006,False
0.47000000000000003,100,-27.0,False
0.47000000000000003,105,-29.35,False
0.47000000000000003,110,-31.700000000000003,False
0.47000000000000003,115,-34.050000000000004,False
0.47000000000000003,120,-36.400000000000006,False
0.47000000000000003,125,-38.75000000000001,False
0.47000000000000003,130,-41.1,False
0.47000000000000003,135,-43.45,False
0.47000000000000003,140,-45.8,False
0.47000000000000003,145,-48.150000000000006,False
0.47000000000000003,150,-50.5,False
0.47000000000000003,155,-52.85000000000001,False
0.47000000000000003,160,-55.2,False
0.47000000000000003,165,-57.55000000000001,False
0.47000000000000003,170,-59.900000000000006,False
0.47000000000000003,175,-62.25,False
0.47000000000000003,180,-64.60000000000001,False
0.47000000000000003,185,-66.95,False
0.47000000000000003,190,-69.30000000000001,False
0.47000000000000003,195,-71.65,False
0.47000000000000003,200,-74.0,False
0.47000000000000003,205,-76.35000000000001,False
0.47000000000000003,210,-78.7,False
0.47000000000000003,215,-81.05000000000001,False
0.47000000000000003,220,-83.4,False
0.47000000000000003,225,-85.75,False
0.47000000000000003,230,-88.10000000000001,False
0.47000000000000003,235,-90.45,False
0.47000000000000003,240,-92.80000000000001,False
0.47000000000000003,245,-95.15,False
0.47000000000000003,250,-97.50000000000001,False
0.47000000000000003,255,-99.85000000000001,False
0.47000000000000003,260,-102.2,False
0.47000000000000003,265,-104.55000000000001,False
0.47000000000000003,270,-106.9,False
0.47000000000000003,275,-109.25,False
0.47000000000000003,280,-111.6,False
0.47000000000000003,285,-113.95000000000002,False
0.47000000000000003,290,-116.30000000000001,False
0.47000000000000003,295,-118.65,False
0.47000000000000003,300,-121.0,False
0.47000000000000003,305,-123.35000000000002,False
0.47000000000000003,310,-125.70000000000002,False
0.47000000000000003,315,-128.05,False
0.47000000000000003,320,-130.4,False
0.47000000000000003,325,-132.75,False
0.47000000000000003,330,-135.10000000000002,False
0.47000000000000003,335,-137.45000000000002,False
0.47000000000000003,340,-139.8,False
0.47000000000000003,345,-142.15,False
0.47000000000000003,350,-144.5,False
0.47000000000000003,355,-146.85000000000002,False
0.47000000000000003,360,-149.20000000000002,False
0.47000000000000003,365,-151.55,False
0.47000000000000003,370,-153.9,False
0.47000000000000003,375,-156.25,False
0.47000000000000003,380,-158.60000000000002,False
0.47000000000000003,385,-160.95000000000002,False
0.47000000000000003,390,-163.3,False
0.47000000000000003,395,-165.65,False
0.47000000000000003,400,-168.0,False
0.47000000000000003,405,-170.35000000000002,False
0.47000000000000003,410,-172.70000000000002,False
0.47000000000000003,415,-175.05,False
0.47000000000000003,420,-177.4,False
0.47000000000000003,425,-179.75,False
0.47000000000000003,430,-182.10000000000002,False
0.47000000000000003,435,-184.45000000000002,False
0.47000000000000003,440,-186.8,False
0.47000000000000003,445,-189.15,False
0.47000000000000003,450,-191.5,False
0.47000000000000003,455,-193.85000000000002,False
0.47000000000000003,460,-196.20000000000002,False
0.47000000000000003,465,-198.55,False
0.47000000000000003,470,-200.9,False
0.47000000000000003,475,-203.25,False
0.47000000000000003,480,-205.60000000000002,False
0.47000000000000003,485,-207.95000000000002,False
0.47000000000000003,490,-210.3,False
0.47000000000000003,495,-212.65,False
0.47000000000000003,500,-215.00000000000003,False
0.48,0,20.0,True
0.48,5,17.6,True
0.48,10,15.2,True
0.48,15,12.8,True
0.48,20,10.4,True
0.48,25,8.0,True
0.48,30,5.600000000000001,True
0.48,35,3.1999999999999993,True
0.48,40,0.8000000000000007,True
0.48,45,-1.5999999999999979,False
0.48,50,-4.0,False
0.48,55,-6.399999999999999,False
0.48,60,-8.799999999999997,False
0.48,65,-11.2,False
0.48,70,-13.600000000000001,False
0.48,75,-16.0,False
0.48,80,-18.4,False
0.48,85,-20.799999999999997,False
0.48,90,-23.199999999999996,False
0.48,95,-25.6,False
0.48,100,-28.0,False
0.48,105,-30.4,False
0.48,110,-32.8,False
0.48,115,-35.199999999999996,False
0.48,120,-37.599999999999994,False
0.48,125,-40.0,False
0.48,130,-42.4,False
0.48,135,-44.8,False
0.48,140,-47.2,False
0.48,145,-49.599999999999994,False
0.48,150,-52.0,False
0.48,155,-54.39999999999999,False
0.48,160,-56.8,False
0.48,165,-59.2,False
0.48,170,-61.599999999999994,False
0.48,175,-64.0,False
0.48,180,-66.39999999999999,False
0.48,185,-68.8,False
0.48,190,-71.2,False
0.48,195,-73.6,False
0.48,200,-76.0,False
0.48,205,-78.39999999999999,False
0.48,210,-80.8,False
0.48,215,-83.2,False
0.48,220,-85.6,False
0.48,225,-88.0,False
0.48,230,-90.39999999999999,False
0.48,235,-92.8,False
0.48,240,-95.19999999999999,False
0.48,245,-97.6,False
0.48,250,-100.0,False
0.48,255,-102.39999999999999,False
0.48,260,-104.8,False
0.48,265,-107.19999999999999,False
0.48,270,-109.6,False
0.48,275,-112.0,False
0.48,280,-114.4,False
0.48,285,-116.79999999999998,False
0.48,290,-119.19999999999999,False
0.48,295,-121.6,False
0.48,300,-124.0,False
0.48,305,-126.4,False
0.48,310,-128.79999999999998,False
0.48,315,-131.2,False
0.48,320,-133.6,False
0.48,325,-136.0,False
0.48,330,-138.4,False
0.48,335,-140.79999999999998,False
0.48,340,-143.2,False
0.48,345,-145.6,False
0.48,350,-148.0,False
0.48,355,-150.4,False
0.48,360,-152.79999999999998,False
0.48,365,-155.2,False
0.48,370,-157.6,False
0.48,375,-160.0,False
0.48,380,-162.4,False
0.48,385,-164.79999999999998,False
0.48,390,-167.2,False
0.48,395,-169.6,False
0.48,400,-172.0,False
0.48,405,-174.4,False
0.48,410,-176.79999999999998,False
0.48,415,-179.2,False
0.48,420,-181.6,False
0.48,425,-184.0,False
0.48,430,-186.4,False
0.48,435,-188.79999999999998,False
0.48,440,-191.2,False
0.48,445,-193.6,False
0.48,450,-196.0,False
0.48,455,-198.4,False
0.48,460,-200.79999999999998,False
0.48,465,-203.2,False
0.48,470,-205.6,False
0.48,475,-208.0,False
0.48,480,-210.39999999999998,False
0.48,485,-212.79999999999998,False
0.48,490,-215.2,False
0.48,495,-217.6,False
0.48,500,-220.0,False
0.49,0,20.0,True
0.49,5,17.55,True
0.49,10,15.1,True
0.49,15,12.65,True
0.49,20,10.2,True
0.49,25,7.75,True
0.49,30,5.300000000000001,True
0.49,35,2.8500000000000014,True
0.49,40,0.3999999999999986,True
0.49,45,-2.0500000000000007,False
0.49,50,-4.5,False
0.49,55,-6.949999999999999,False
0.49,60,-9.399999999999999,False
0.49,65,-11.849999999999998,False
0.49,70,-14.299999999999997,False
0.49,75,-16.75,False
0.49,80,-19.200000000000003,False
0.49,85,-21.65,False
0.49,90,-24.1,False
0.49,95,-26.549999999999997,False
0.49,100,-29.0,False
0.49,105,-31.449999999999996,False
0.49,110,-33.9,False
0.49,115,-36.35,False
0.49,120,-38.8,False
0.49,125,-41.25,False
0.49,130,-43.699999999999996,False
0.49,135,-46.150000000000006,False
0.49,140,-48.599999999999994,False
0.49,145,-51.05,False
0.49,150,-53.5,False
0.49,155,-55.95,False
0.49,160,-58.400000000000006,False
0.49,165,-60.849999999999994,False
0.49,170,-63.3,False
0.49,175,-65.75,False
0.49,180,-68.2,False
0.49,185,-70.64999999999999,False
0.49,190,-73.1,False
0.49,195,-75.55,False
0.49,200,-78.0,False
0.49,205,-80.45,False
0.49,210,-82.89999999999999,False
0.49,215,-85.35,False
0.49,220,-87.8,False
0.49,225,-90.25,False
0.49,230,-92.7,False
0.49,235,-95.14999999999999,False
0.49,240,-97.6,False
0.49,245,-100.05,False
0.49,250,-102.5,False
0.49,255,-104.95,False
0.49,260,-107.39999999999999,False
0.49,265,-109.85,False
0.49,270,-112.30000000000001,False
0.49,275,-114.75,False
0.49,280,-117.19999999999999,False
0.49,285,-119.65,False
0.49,290,-122.1,False
0.49,295,-124.55000000000001,False
0.49,300,-127.0,False
0.49,305,-129.45,False
0.49,310,-131.9,False
0.49,315,-134.35,False
0.49,320,-136.8,False
0.49,325,-139.25,False
0.49,330,-141.7,False
0.49,335,-144.15,False
0.49,340,-146.6,False
0.49,345,-149.04999999999998,False
0.49,350,-151.5,False
0.49,355,-153.95,False
0.49,360,-156.4,False
0.49,365,-158.85,False
0.49,370,-161.29999999999998,False
0.49,375,-163.75,False
0.49,380,-166.2,False
0.49,385,-168.65,False
0.49,390,-171.1,False
0.49,395,-173.54999999999998,False
0.49,400,-176.0,False
0.49,405,-178.45,False
0.49,410,-180.9,False
0.49,415,-183.35,False
0.49,420,-185.79999999999998,False
0.49,425,-188.25,False
0.49,430,-190.7,False
0.49,435,-193.15,False
0.49,440,-195.6,False
0.49,445,-198.04999999999998,False
0.49,450,-200.5,False
0.49,455,-202.95,False
0.49,460,-205.4,False
0.49,465,-207.85,False
0.49,470,-210.29999999999998,False
0.49,475,-212.75,False
0.49,480,-215.2,False
0.49,485,-217.65,False
0.49,490,-220.1,False
0.49,495,-222.54999999999998,False
0.49,500,-225.0,False
0.5,0,20.0,True
0.5,5,17.5,True
0.5,10,15.0,True
0.5,15,12.5,True
0.5,20,10.0,True
0.5,25,7.5,True
0.5,30,5.0,True
0.5,35,2.5,True
0.5,40,0.0,False
0.5,45,-2.5,False
0.5,50,-5.0,False
0.5,55,-7.5,False
0.5,60,-10.0,False
0.5,65,-12.5,False
0.5,70,-15.0,False
0.5,75,-17.5,False
0.5,80,-20.0,False
0.5,85,-22.5,False
0.5,90,-25.0,False
0.5,95,-27.5,False
0.5,100,-30.0,False
0.5,105,-32.5,False
0.5,110,-35.0,False
0.5,115,-37.5,False
0.5,120,-40.0,False
0.5,125,-42.5,False
0.5,130,-45.0,False
0.5,135,-47.5,False
0.5,140,-50.0,False
0.5,145,-52.5,False
0.5,150,-55.0,False
0.5,155,-57.5,False
0.5,160,-60.0,False
0.5,165,-62.5,False
0.5,170,-65.0,False
0.5,175,-67.5,False
0.5,180,-70.0,False
0.5,185,-72.5,False
0.5,190,-75.0,False
0.5,195,-77.5,False
0.5,200,-80.0,False
0.5,205,-82.5,False
0.5,210,-85.0,False
0.5,215,-87.5,False
0.5,220,-90.0,False
0.5,225,-92.5,False
0.5,230,-95.0,False
0.5,235,-97.5,False
0.5,240,-100.0,False
0.5,245,-102.5,False
0.5,250,-105.0,False
0.5,255,-107.5,False
0.5,260,-110.0,False
0.5,265,-112.5,False
0.5,270,-115.0,False
0.5,275,-117.5,False
0.5,280,-120.0,False
0.5,285,-122.5,False
0.5,290,-125.0,False
0.5,295,-127.5,False
0.5,300,-130.0,False
0.5,305,-132.5,False
0.5,310,-135.0,False
0.5,315,-137.5,False
0.5,320,-140.0,False
0.5,325,-142.5,False
0.5,330,-145.0,False
0.5,335,-147.5,False
0.5,340,-150.0,False
0.5,345,-152.5,False
0.5,350,-155.0,False
0.5,355,-157.5,False
0.5,360,-160.0,False
0.5,365,-162.5,False
0.5,370,-165.0,False
0.5,375,-167.5,False
0.5,380,-170.0,False
0.5,385,-172.5,False
0.5,390,-175.0,False
0.5,395,-177.5,False
0.5,400,-180.0,False
0.5,405,-182.5,False
0.5,410,-185.0,False
0.5,415,-187.5,False
0.5,420,-190.0,False
0.5,425,-192.5,False
0.5,430,-195.0,False
0.5,435,-197.5,False
0.5,440,-200.0,False
0.5,445,-202.5,False
0.5,450,-205.0,False
0.5,455,-207.5,False
0.5,460,-210.0,False
0.5,465,-212.5,False
0.5,470,-215.0,False
0.5,475,-217.5,False
0.5,480,-220.0,False
0.5,485,-222.5,False
0.5,490,-225.0,False
0.5,495,-227.5,False
0.5,500,-230.0,False
0.51,0,20.0,True
0.51,5,17.45,True
0.51,10,14.9,True
0.51,15,12.35,True
0.51,20,9.8,True
0.51,25,7.25,True
0.51,30,4.699999999999999,True
0.51,35,2.1499999999999986,True
0.51,40,-0.3999999999999986,False
0.51,45,-2.9499999999999993,False
0.51,50,-5.5,False
0.51,55,-8.05,False
0.51,60,-10.600000000000001,False
0.51,65,-13.149999999999999,False
0.51,70,-15.700000000000003,False
0.51,75,-18.25,False
0.51,80,-20.799999999999997,False
0.51,85,-23.35,False
0.51,90,-25.9,False
0.51,95,-28.450000000000003,False
0.51,100,-31.0,False
0.51,105,-33.550000000000004,False
0.51,110,-36.1,False
0.51,115,-38.65,False
0.51,120,-41.2,False
0.51,125,-43.75,False
0.51,130,-46.3,False
0.51,135,-48.849999999999994,False
0.51,140,-51.400000000000006,False
0.51,145,-53.95,False
0.51,150,-56.5,False
0.51,155,-59.05,False
0.51,160,-61.599999999999994,False
0.51,165,-64.15,False
0.51,170,-66.7,False
0.51,175,-69.25,False
0.51,180,-71.8,False
0.51,185,-74.35000000000001,False
0.51,190,-76.9,False
0.51,195,-79.45,False
0.51,200,-82.0,False
0.51,205,-84.55,False
0.51,210,-87.10000000000001,False
0.51,215,-89.65,False
0.51,220,-92.2,False
0.51,225,-94.75,False
0.51,230,-97.3,False
0.51,235,-99.85000000000001,False
0.51,240,-102.4,False
0.51,245,-104.95,False
0.51,250,-107.5,False
0.51,255,-110.05000000000001,False
0.51,260,-112.6,False
0.51,265,-115.15,False
0.51,270,-117.69999999999999,False
0.51,275,-120.25,False
0.51,280,-122.80000000000001,False
0.51,285,-125.35,False
0.51,290,-127.9,False
0.51,295,-130.45,False
0.51,300,-133.0,False
0.51,305,-135.55,False
0.51,310,-138.1,False
0.51,315,-140.65,False
0.51,320,-143.2,False
0.51,325,-145.75,False
0.51,330,-148.3,False
0.51,335,-150.85,False
0.51,340,-153.4,False
0.51,345,-155.95000000000002,False
0.51,350,-158.5,False
0.51,355,-161.05,False
0.51,360,-163.6,False
0.51,365,-166.15,False
0.51,370,-168.70000000000002,False
0.51,375,-171.25,False
0.51,380,-173.8,False
0.51,385,-176.35,False
0.51,390,-178.9,False
0.51,395,-181.45000000000002,False
0.51,400,-184.0,False
0.51,405,-186.55,False
0.51,410,-189.1,False
0.51,415,-191.65,False
0.51,420,-194.20000000000002,False
0.51,425,-196.75,False
0.51,430,-199.3,False
0.51,435,-201.85,False
0.51,440,-204.4,False
0.51,445,-206.95000000000002,False
0.51,450,-209.5,False
0.51,455,-212.05,False
0.51,460,-214.6,False
0.51,465,-217.15,False
0.51,470,-219.70000000000002,False
0.51,475,-222.25,False
0.51,480,-224.8,False
0.51,485,-227.35,False
0.51,490,-229.9,False
0.51,495,-232.45000000000002,False
0.51,500,-235.0,False
0.52,0,20.0,True
0.52,5,17.4,True
0.52,10,14.8,True
0.52,15,12.2,True
0.52,20,9.6,True
0.52,25,7.0,True
0.52,30,4.399999999999999,True
0.52,35,1.8000000000000007,True
0.52,40,-0.8000000000000007,False
0.52,45,-3.400000000000002,False
0.52,50,-6.0,False
0.52,55,-8.600000000000001,False
0.52,60,-11.200000000000003,False
0.52,65,-13.800000000000004,False
0.52,70,-16.4,False
0.52,75,-19.0,False
0.52,80,-21.6,False
0.52,85,-24.200000000000003,False
0.52,90,-26.800000000000004,False
0.52,95,-29.4,False
0.52,100,-32.0,False
0.52,105,-34.6,False
0.52,110,-37.2,False
0.52,115,-39.800000000000004,False
0.52,120,-42.400000000000006,False
0.52,125,-45.0,False
0.52,130,-47.60000000000001,False
0.52,135,-50.2,False
0.52,140,-52.8,False
0.52,145,-55.400000000000006,False
0.52,150,-58.0,False
0.52,155,-60.60000000000001,False
0.52,160,-63.2,False
0.52,165,-65.8,False
0.52,170,-68.4,False
0.52,175,-71.0,False
0.52,180,-73.60000000000001,False
0.52,185,-76.2,False
0.52,190,-78.8,False
0.52,195,-81.4,False
0.52,200,-84.0,False
0.52,205,-86.60000000000001,False
0.52,210,-89.2,False
0.52,215,-91.8,False
0.52,220,-94.4,False
0.52,225,-97.0,False
0.52,230,-99.60000000000001,False
0.52,235,-102.2,False
0.52,240,-104.80000000000001,False
0.52,245,-107.4,False
0.52,250,-110.0,False
0.52,255,-112.6,False
0.52,260,-115.20000000000002,False
0.52,265,-117.80000000000001,False
0.52,270,-120.4,False
0.52,275,-123.0,False
0.52,280,-125.6,False
0.52,285,-128.20000000000002,False
0.52,290,-130.8,False
0.52,295,-133.4,False
0.52,300,-136.0,False
0.52,305,-138.6,False
0.52,310,-141.20000000000002,False
0.52,315,-143.8,False
0.52,320,-146.4,False
0.52,325,-149.0,False
0.52,330,-151.6,False
0.52,335,-154.20000000000002,False
0.52,340,-156.8,False
0.52,345,-159.4,False
0.52,350,-162.0,False
0.52,355,-164.6,False
0.52,360,-167.20000000000002,False
0.52,365,-169.8,False
0.52,370,-172.4,False
0.52,375,-175.0,False
0.52,380,-177.6,False
0.52,385,-180.20000000000002,False
0.52,390,-182.8,False
0.52,395,-185.4,False
0.52,400,-188.0,False
0.52,405,-190.6,False
0.52,410,-193.20000000000002,False
0.52,415,-195.8,False
0.52,420,-198.4,False
0.52,425,-201.0,False
0.52,430,-203.6,False
0.52,435,-206.20000000000002,False
0.52,440,-208.8,False
0.52,445,-211.4,False
0.52,450,-214.0,False
0.52,455,-216.6,False
0.52,460,-219.20000000000002,False
0.52,465,-221.8,False
0.52,470,-224.4,False
0.52,475,-227.0,False
0.52,480,-229.60000000000002,False
0.52,485,-232.20000000000002,False
0.52,490,-234.8,False
0.52,495,-237.40000000000003,False
0.52,500,-240.0,False
0.53,0,20.0,True
0.53,5,17.35,True
0.53,10,14.7,True
0.53,15,12.05,True
0.53,20,9.399999999999999,True
0.53,25,6.75,True
0.53,30,4.1,True
0.53,35,1.4499999999999993,True
0.53,40,-1.2000000000000028,False
0.53,45,-3.8500000000000014,False
0.53,50,-6.5,False
0.53,55,-9.150000000000002,False
0.53,60,-11.8,False
0.53,65,-14.450000000000003,False
0.53,70,-17.1,False
0.53,75,-19.75,False
0.53,80,-22.400000000000006,False
0.53,85,-25.050000000000004,False
0.53,90,-27.700000000000003,False
0.53,95,-30.35,False
0.53,100,-33.0,False
0.53,105,-35.650000000000006,False
0.53,110,-38.300000000000004,False
0.53,115,-40.95,False
0.53,120,-43.6,False
0.53,125,-46.25,False
0.53,130,-48.900000000000006,False
0.53,135,-51.55,False
0.53,140,-54.2,False
0.53,145,-56.85000000000001,False
0.53,150,-59.5,False
0.53,155,-62.150000000000006,False
0.53,160,-64.80000000000001,False
0.53,165,-67.45,False
0.53,170,-70.10000000000001,False
0.53,175,-72.75,False
0.53,180,-75.4,False
0.53,185,-78.05000000000001,False
0.53,190,-80.7,False
0.53,195,-83.35000000000001,False
0.53,200,-86.0,False
0.53,205,-88.65,False
0.53,210,-91.30000000000001,False
0.53,215,-93.95,False
0.53,220,-96.60000000000001,False
0.53,225,-99.25,False
0.53,230,-101.9,False
0.53,235,-104.55000000000001,False
0.53,240,-107.2,False
0.53,245,-109.85,False
0.53,250,-112.5,False
0.53,255,-115.15,False
0.53,260,-117.80000000000001,False
0.53,265,-120.45000000000002,False
0.53,270,-123.1,False
0.53,275,-125.75,False
0.53,280,-128.4,False
0.53,285,-131.05,False
0.53,290,-133.70000000000002,False
0.53,295,-136.35,False
0.53,300,-139.0,False
0.53,305,-141.65,False
0.53,310,-144.3,False
0.53,315,-146.95000000000002,False
0.53,320,-149.60000000000002,False
0.53,325,-152.25,False
0.53,330,-154.9,False
0.53,335,-157.55,False
0.53,340,-160.20000000000002,False
0.53,345,-162.85000000000002,False
0.53,350,-165.5,False
0.53,355,-168.15,False
0.53,360,-170.8,False
0.53,365,-173.45000000000002,False
0.53,370,-176.10000000000002,False
0.53,375,-178.75,False
0.53,380,-181.4,False
0.53,385,-184.05,False
0.53,390,-186.70000000000002,False
0.53,395,-189.35000000000002,False
0.53,400,-192.0,False
0.53,405,-194.65,False
0.53,410,-197.3,False
0.53,415,-199.95000000000002,False
0.53,420,-202.60000000000002,False
0.53,425,-205.25,False
0.53,430,-207.9,False
0.53,435,-210.55,False
0.53,440,-213.20000000000002,False
0.53,445,-215.85000000000002,False
0.53,450,-218.5,False
0.53,455,-221.15,False
0.53,460,-223.8,False
0.53,465,-226.45000000000002,False
0.53,470,-229.10000000000002,False
0.53,475,-231.75,False
0.53,480,-234.4,False
0.53,485,-237.05,False
0.53,490,-239.7,False
0.53,495,-242.35000000000002,False
0.53,500,-245.0,False
0.54,0,20.0,True
0.54,5,17.3,True
0.54,10,14.6,True
0.54,15,11.899999999999999,True
0.54,20,9.2,True
0.54,25,6.5,True
0.54,30,3.799999999999997,True
0.54,35,1.0999999999999979,True
0.54,40,-1.6000000000000014,False
0.54,45,-4.300000000000001,False
0.54,50,-7.0,False
0.54,55,-9.700000000000003,False
0.54,60,-12.400000000000006,False
0.54,65,-15.100000000000001,False
0.54,70,-17.800000000000004,False
0.54,75,-20.5,False
0.54,80,-23.200000000000003,False
0.54,85,-25.900000000000006,False
0.54,90,-28.6,False
0.54,95,-31.300000000000004,False
0.54,100,-34.0,False
0.54,105,-36.7,False
0.54,110,-39.400000000000006,False
0.54,115,-42.1,False
0.54,120,-44.80000000000001,False
0.54,125,-47.5,False
0.54,130,-50.2,False
0.54,135,-52.900000000000006,False
0.54,140,-55.60000000000001,False
0.54,145,-58.30000000000001,False
0.54,150,-61.0,False
0.54,155,-63.7,False
0.54,160,-66.4,False
0.54,165,-69.10000000000001,False
0.54,170,-71.80000000000001,False
0.54,175,-74.5,False
0.54,180,-77.2,False
0.54,185,-79.9,False
0.54,190,-82.60000000000001,False
0.54,195,-85.30000000000001,False
0.54,200,-88.0,False
0.54,205,-90.7,False
0.54,210,-93.4,False
0.54,215,-96.10000000000001,False
0.54,220,-98.80000000000001,False
0.54,225,-101.50000000000001,False
0.54,230,-104.2,False
0.54,235,-106.9,False
0.54,240,-109.60000000000002,False
0.54,245,-112.30000000000001,False
0.54,250,-115.0,False
0.54,255,-117.70000000000002,False
0.54,260,-120.4,False
0.54,265,-123.10000000000002,False
0.54,270,-125.80000000000001,False
0.54,275,-128.5,False
0.54,280,-131.20000000000002,False
0.54,285,-133.9,False
0.54,290,-136.60000000000002,False
0.54,295,-139.3,False
0.54,300,-142.0,False
0.54,305,-144.70000000000002,False
0.54,310,-147.4,False
0.54,315,-150.10000000000002,False
0.54,320,-152.8,False
0.54,325,-155.5,False
0.54,330,-158.20000000000002,False
0.54,335,-160.9,False
0.54,340,-163.60000000000002,False
0.54,345,-166.3,False
0.54,350,-169.0,False
0.54,355,-171.70000000000002,False
0.54,360,-174.4,False
0.54,365,-177.10000000000002,False
0.54,370,-179.8,False
0.54,375,-182.5,False
0.54,380,-185.20000000000002,False
0.54,385,-187.9,False
0.54,390,-190.60000000000002,False
0.54,395,-193.3,False
0.54,400,-196.0,False
0.54,405,-198.70000000000002,False
0.54,410,-201.4,False
0.54,415,-204.10000000000002,False
0.54,420,-206.8,False
0.54,425,-209.50000000000003,False
0.54,430,-212.20000000000002,False
0.54,435,-214.9,False
0.54,440,-217.60000000000002,False
0.54,445,-220.3,False
0.54,450,-223.00000000000003,False
0.54,455,-225.70000000000002,False
0.54,460,-228.4,False
0.54,465,-231.10000000000002,False
0.54,470,-233.8,False
0.54,475,-236.5,False
0.54,480,-239.20000000000005,False
0.54,485,-241.90000000000003,False
0.54,490,-244.60000000000002,False
0.54,495,-247.3,False
0.54,500,-250.0,False
0.55,0,20.0,True
0.55,5,17.25,True
0.55,10,14.5,True
0.55,15,11.75,True
0.55,20,9.0,True
0.55,25,6.249999999999998,True
0.55,30,3.5,True
0.55,35,0.75,True
0.55,40,-2.0,False
0.55,45,-4.7500000000000036,False
0.55,50,-7.5000000000000036,False
0.55,55,-10.250000000000004,False
0.55,60,-13.0,False
0.55,65,-15.75,False
0.55,70,-18.5,False
0.55,75,-21.25,False
0.55,80,-24.0,False
0.55,85,-26.750000000000007,False
0.55,90,-29.500000000000007,False
0.55,95,-32.25000000000001,False
0.55,100,-35.00000000000001,False
0.55,105,-37.75000000000001,False
0.55,110,-40.50000000000001,False
0.55,115,-43.25000000000001,False
0.55,120,-46.0,False
0.55,125,-48.75,False
0.55,130,-51.5,False
0.55,135,-54.25,False
0.55,140,-57.0,False
0.55,145,-59.75,False
0.55,150,-62.5,False
0.55,155,-65.25,False
0.55,160,-68.0,False
0.55,165,-70.75000000000001,False
0.55,170,-73.50000000000001,False
0.55,175,-76.25000000000001,False
0.55,180,-79.00000000000001,False
0.55,185,-81.75000000000001,False
0.55,190,-84.50000000000001,False
0.55,195,-87.25000000000001,False
0.55,200,-90.00000000000001,False
0.55,205,-92.75000000000001,False
0.55,210,-95.50000000000001,False
0.55,215,-98.25000000000001,False
0.55,220,-101.00000000000001,False
0.55,225,-103.75000000000001,False
0.55,230,-106.50000000000001,False
0.55,235,-109.25,False
0.55,240,-112.0,False
0.55,245,-114.75,False
0.55,250,-117.5,False
0.55,255,-120.25,False
0.55,260,-123.0,False
0.55,265,-125.75,False
0.55,270,-128.5,False
0.55,275,-131.25,False
0.55,280,-134.0,False
0.55,285,-136.75,False
0.55,290,-139.5,False
0.55,295,-142.25,False
0.55,300,-145.0,False
0.55,305,-147.75,False
0.55,310,-150.5,False
0.55,315,-153.25,False
0.55,320,-156.0,False
0.55,325,-158.75000000000003,False
0.55,330,-161.50000000000003,False
0.55,335,-164.25000000000003,False
0.55,340,-167.00000000000003,False
0.55,345,-169.75000000000003,False
0.55,350,-172.50000000000003,False
0.55,355,-175.25000000000003,False
0.55,360,-178.00000000000003,False
0.55,365,-180.75000000000003,False
0.55,370,-183.50000000000003,False
0.55,375,-186.25000000000003,False
0.55,380,-189.00000000000003,False
0.55,385,-191.75000000000003,False
0.55,390,-194.50000000000003,False
0.55,395,-197.25000000000003,False
0.55,400,-200.00000000000003,False
0.55,405,-202.75000000000003,False
0.55,410,-205.50000000000003,False
0.55,415,-208.25000000000003,False
0.55,420,-211.00000000000003,False
0.55,425,-213.75000000000003,False
0.55,430,-216.50000000000003,False
0.55,435,-219.25000000000003,False
0.55,440,-222.00000000000003,False
0.55,445,-224.75000000000003,False
0.55,450,-227.50000000000003,False
0.55,455,-230.25000000000003,False
0.55,460,-233.00000000000003,False
0.55,465,-235.75000000000003,False
0.55,470,-238.5,False
0.55,475,-241.25,False
0.55,480,-244.0,False
0.55,485,-246.75,False
0.55,490,-249.5,False
0.55,495,-252.25,False
0.55,500,-255.0,False
0.56,0,20.0,True
0.56,5,17.2,True
0.56,10,14.399999999999999,True
0.56,15,11.6,True
0.56,20,8.799999999999999,True
0.56,25,5.999999999999998,True
0.56,30,3.1999999999999993,True
0.56,35,0.3999999999999986,True
0.56,40,-2.400000000000002,False
0.56,45,-5.200000000000003,False
0.56,50,-8.000000000000004,False
0.56,55,-10.800000000000004,False
0.56,60,-13.600000000000001,False
0.56,65,-16.400000000000006,False
0.56,70,-19.200000000000003,False
0.56,75,-22.000000000000007,False
0.56,80,-24.800000000000004,False
0.56,85,-27.6,False
0.56,90,-30.400000000000006,False
0.56,95,-33.2,False
0.56,100,-36.00000000000001,False
0.56,105,-38.800000000000004,False
0.56,110,-41.60000000000001,False
0.56,115,-44.400000000000006,False
0.56,120,-47.2,False
0.56,125,-50.0,False
0.56,130,-52.80000000000001,False
0.56,135,-55.60000000000001,False
0.56,140,-58.400000000000006,False
0.56,145,-61.2,False
0.56,150,-64.00000000000001,False
0.56,155,-66.80000000000001,False
0.56,160,-69.60000000000001,False
0.56,165,-72.4,False
0.56,170,-75.2,False
0.56,175,-78.00000000000001,False
0.56,180,-80.80000000000001,False
0.56,185,-83.60000000000001,False
0.56,190,-86.4,False
0.56,195,-89.20000000000002,False
0.56,200,-92.00000000000001,False
0.56,205,-94.80000000000001,False
0.56,210,-97.60000000000001,False
0.56,215,-100.4,False
0.56,220,-103.20000000000002,False
0.56,225,-106.00000000000001,False
0.56,230,-108.80000000000001,False
0.56,235,-111.60000000000002,False
0.56,240,-114.4,False
0.56,245,-117.20000000000002,False
0.56,250,-120.0,False
0.56,255,-122.80000000000001,False
0.56,260,-125.60000000000002,False
0.56,265,-128.4,False
0.56,270,-131.20000000000002,False
0.56,275,-134.00000000000003,False
0.56,280,-136.8,False
0.56,285,-139.60000000000002,False
0.56,290,-142.4,False
0.56,295,-145.20000000000002,False
0.56,300,-148.00000000000003,False
0.56,305,-150.8,False
0.56,310,-153.60000000000002,False
0.56,315,-156.4,False
0.56,320,-159.20000000000002,False
0.56,325,-162.00000000000003,False
0.56,330,-164.8,False
0.56,335,-167.60000000000002,False
0.56,340,-170.4,False
0.56,345,-173.20000000000002,False
0.56,350,-176.00000000000003,False
0.56,355,-178.8,False
0.56,360,-181.60000000000002,False
0.56,365,-184.4,False
0.56,370,-187.20000000000002,False
0.56,375,-190.00000000000003,False
0.56,380,-192.8,False
0.56,385,-195.60000000000002,False
0.56,390,-198.40000000000003,False
0.56,395,-201.20000000000002,False
0.56,400,-204.00000000000003,False
0.56,405,-206.8,False
0.56,410,-209.60000000000002,False
0.56,415,-212.40000000000003,False
0.56,420,-215.20000000000002,False
0.56,425,-218.00000000000003,False
0.56,430,-220.8,False
0.56,435,-223.60000000000002,False
0.56,440,-226.40000000000003,False
0.56,445,-229.20000000000002,False
0.56,450,-232.00000000000003,False
0.56,455,-234.8,False
0.56,460,-237.60000000000002,False
0.56,465,-240.40000000000003,False
0.56,470,-243.20000000000005,False
0.56,475,-246.0,False
0.56,480,-248.8,False
0.56,485,-251.60000000000002,False
0.56,490,-254.40000000000003,False
0.56,495,-257.20000000000005,False
0.56,500,-260.0,False
0.5700000000000001,0,20.0,True
0.5700000000000001,5,17.15,True
0.5700000000000001,10,14.299999999999999,True
0.5700000000000001,15,11.45,True
0.5700000000000001,20,8.599999999999998,True
0.5700000000000001,25,5.749999999999998,True
0.5700000000000001,30,2.8999999999999986,True
0.5700000000000001,35,0.04999999999999716,True
0.5700000000000001,40,-2.8000000000000043,False
0.5700000000000001,45,-5.650000000000002,False
0.5700000000000001,50,-8.500000000000004,False
0.5700000000000001,55,-11.350000000000005,False
0.5700000000000001,60,-14.200000000000003,False
0.5700000000000001,65,-17.050000000000004,False
0.5700000000000001,70,-19.900000000000006,False
0.5700000000000001,75,-22.750000000000007,False
0.5700000000000001,80,-25.60000000000001,False
0.5700000000000001,85,-28.450000000000003,False
0.5700000000000001,90,-31.300000000000004,False
0.5700000000000001,95,-34.150000000000006,False
0.5700000000000001,100,-37.00000000000001,False
0.5700000000000001,105,-39.85000000000001,False
0.5700000000000001,110,-42.70000000000001,False
0.5700000000000001,115,-45.55000000000001,False
0.5700000000000001,120,-48.400000000000006,False
0.5700000000000001,125,-51.250000000000014,False
0.5700000000000001,130,-54.10000000000001,False
0.5700000000000001,135,-56.95,False
0.5700000000000001,140,-59.80000000000001,False
0.5700000000000001,145,-62.650000000000006,False
0.5700000000000001,150,-65.50000000000001,False
0.5700000000000001,155,-68.35000000000001,False
0.5700000000000001,160,-71.20000000000002,False
0.5700000000000001,165,-74.05000000000001,False
0.5700000000000001,170,-76.9,False
0.5700000000000001,175,-79.75000000000001,False
0.5700000000000001,180,-82.60000000000001,False
0.5700000000000001,185,-85.45000000000002,False
0.5700000000000001,190,-88.30000000000001,False
0.5700000000000001,195,-91.15,False
0.5700000000000001,200,-94.00000000000001,False
0.5700000000000001,205,-96.85000000000001,False
0.5700000000000001,210,-99.70000000000002,False
0.5700000000000001,215,-102.55000000000001,False
0.5700000000000001,220,-105.40000000000002,False
0.5700000000000001,225,-108.25,False
0.5700000000000001,230,-111.10000000000002,False
0.5700000000000001,235,-113.95000000000002,False
0.5700000000000001,240,-116.80000000000001,False
0.5700000000000001,245,-119.65,False
0.5700000000000001,250,-122.50000000000003,False
0.5700000000000001,255,-125.35000000000002,False
0.5700000000000001,260,-128.20000000000002,False
0.5700000000000001,265,-131.05,False
0.5700000000000001,270,-133.9,False
0.5700000000000001,275,-136.75000000000003,False
0.5700000000000001,280,-139.60000000000002,False
0.5700000000000001,285,-142.45000000000002,False
0.5700000000000001,290,-145.3,False
0.5700000000000001,295,-148.15,False
0.5700000000000001,300,-151.00000000000003,False
0.5700000000000001,305,-153.85000000000002,False
0.5700000000000001,310,-156.70000000000002,False
0.5700000000000001,315,-159.55,False
0.5700000000000001,320,-162.40000000000003,False
0.5700000000000001,325,-165.25000000000003,False
0.5700000000000001,330,-168.10000000000002,False
0.5700000000000001,335,-170.95000000000002,False
0.5700000000000001,340,-173.8,False
0.5700000000000001,345,-176.65000000000003,False
0.5700000000000001,350,-179.50000000000003,False
0.5700000000000001,355,-182.35000000000002,False
0.5700000000000001,360,-185.20000000000002,False
0.5700000000000001,365,-188.05,False
0.5700000000000001,370,-190.90000000000003,False
0.5700000000000001,375,-193.75000000000003,False
0.5700000000000001,380,-196.60000000000002,False
0.5700000000000001,385,-199.45000000000002,False
0.5700000000000001,390,-202.3,False
0.5700000000000001,395,-205.15000000000003,False
0.5700000000000001,400,-208.00000000000003,False
0.5700000000000001,405,-210.85000000000002,False
0.5700000000000001,410,-213.70000000000002,False
0.5700000000000001,415,-216.55000000000004,False
0.5700000000000001,420,-219.40000000000003,False
0.5700000000000001,425,-222.25000000000003,False
0.5700000000000001,430,-225.10000000000002,False
0.5700000000000001,435,-227.95000000000002,False
0.5700000000000001,440,-230.80000000000004,False
0.5700000000000001,445,-233.65000000000003,False
0.5700000000000001,450,-236.5,False
0.5700000000000001,455,-239.35000000000002,False
0.5700000000000001,460,-242.20000000000005,False
0.5700000000000001,465,-245.05,False
0.5700000000000001,470,-247.90000000000003,False
0.5700000000000001,475,-250.75000000000006,False
0.5700000000000001,480,-253.60000000000002,False
0.5700000000000001,485,-256.45000000000005,False
0.5700000000000001,490,-259.3,False
0.5700000000000001,495,-262.15000000000003,False
0.5700000000000001,500,-265.00000000000006,False
0.58,0,20.0,True
0.58,5,17.1,True
0.58,10,14.2,True
0.58,15,11.3,True
0.58,20,8.4,True
0.58,25,5.500000000000002,True
0.58,30,2.6000000000000014,True
0.58,35,-0.29999999999999716,False
0.58,40,-3.1999999999999993,False
0.58,45,-6.099999999999998,False
0.58,50,-8.999999999999996,False
0.58,55,-11.899999999999999,False
0.58,60,-14.799999999999997,False
0.58,65,-17.699999999999996,False
0.58,70,-20.599999999999994,False
0.58,75,-23.5,False
0.58,80,-26.4,False
0.58,85,-29.299999999999997,False
0.58,90,-32.199999999999996,False
0.58,95,-35.099999999999994,False
0.58,100,-37.99999999999999,False
0.58,105,-40.9,False
0.58,110,-43.8,False
0.58,115,-46.69999999999999,False
0.58,120,-49.599999999999994,False
0.58,125,-52.5,False
0.58,130,-55.39999999999999,False
0.58,135,-58.3,False
0.58,140,-61.19999999999999,False
0.58,145,-64.1,False
0.58,150,-67.0,False
0.58,155,-69.89999999999999,False
0.58,160,-72.8,False
0.58,165,-75.69999999999999,False
0.58,170,-78.6,False
0.58,175,-81.5,False
0.58,180,-84.39999999999999,False
0.58,185,-87.3,False
0.58,190,-90.19999999999999,False
0.58,195,-93.1,False
0.58,200,-95.99999999999999,False
0.58,205,-98.89999999999999,False
0.58,210,-101.8,False
0.58,215,-104.69999999999999,False
0.58,220,-107.6,False
0.58,225,-110.5,False
0.58,230,-113.39999999999998,False
0.58,235,-116.29999999999998,False
0.58,240,-119.19999999999999,False
0.58,245,-122.1,False
0.58,250,-125.0,False
0.58,255,-127.89999999999998,False
0.58,260,-130.79999999999998,False
0.58,265,-133.7,False
0.58,270,-136.6,False
0.58,275,-139.5,False
0.58,280,-142.39999999999998,False
0.58,285,-145.29999999999998,False
0.58,290,-148.2,False
0.58,295,-151.1,False
0.58,300,-154.0,False
0.58,305,-156.89999999999998,False
0.58,310,-159.79999999999998,False
0.58,315,-162.7,False
0.58,320,-165.6,False
0.58,325,-168.5,False
0.58,330,-171.39999999999998,False
0.58,335,-174.29999999999998,False
0.58,340,-177.2,False
0.58,345,-180.1,False
0.58,350,-183.0,False
0.58,355,-185.89999999999998,False
0.58,360,-188.79999999999998,False
0.58,365,-191.7,False
0.58,370,-194.6,False
0.58,375,-197.49999999999997,False
0.58,380,-200.39999999999998,False
0.58,385,-203.29999999999998,False
0.58,390,-206.2,False
0.58,395,-209.1,False
0.58,400,-211.99999999999997,False
0.58,405,-214.89999999999998,False
0.58,410,-217.79999999999998,False
0.58,415,-220.7,False
0.58,420,-223.6,False
0.58,425,-226.49999999999997,False
0.58,430,-229.39999999999998,False
0.58,435,-232.29999999999998,False
0.58,440,-235.2,False
0.58,445,-238.09999999999997,False
0.58,450,-241.0,False
0.58,455,-243.89999999999998,False
0.58,460,-246.79999999999995,False
0.58,465,-249.7,False
0.58,470,-252.59999999999997,False
0.58,475,-255.5,False
0.58,480,-258.4,False
0.58,485,-261.29999999999995,False
0.58,490,-264.2,False
0.58,495,-267.09999999999997,False
0.58,500,-270.0,False
0.59,0,20.0,True
0.59,5,17.05,True
0.59,10,14.100000000000001,True
0.59,15,11.15,True
0.59,20,8.200000000000001,True
0.59,25,5.25,True
0.59,30,2.3000000000000007,True
0.59,35,-0.6499999999999986,False
0.59,40,-3.599999999999998,False
0.59,45,-6.549999999999997,False
0.59,50,-9.5,False
0.59,55,-12.449999999999996,False
0.59,60,-15.399999999999999,False
0.59,65,-18.35,False
0.59,70,-21.299999999999997,False
0.59,75,-24.25,False
0.59,80,-27.199999999999996,False
0.59,85,-30.15,False
0.59,90,-33.099999999999994,False
0.59,95,-36.05,False
0.59,100,-39.0,False
0.59,105,-41.949999999999996,False
0.59,110,-44.89999999999999,False
0.59,115,-47.849999999999994,False
0.59,120,-50.8,False
0.59,125,-53.75,False
0.59,130,-56.7,False
0.59,135,-59.64999999999999,False
0.59,140,-62.599999999999994,False
0.59,145,-65.55,False
0.59,150,-68.5,False
0.59,155,-71.44999999999999,False
0.59,160,-74.39999999999999,False
0.59,165,-77.35,False
0.59,170,-80.3,False
0.59,175,-83.25,False
0.59,180,-86.19999999999999,False
0.59,185,-89.14999999999999,False
0.59,190,-92.1,False
0.59,195,-95.05,False
0.59,200,-98.0,False
0.59,205,-100.94999999999999,False
0.59,210,-103.89999999999999,False
0.59,215,-106.85,False
0.59,220,-109.79999999999998,False
0.59,225,-112.75,False
0.59,230,-115.69999999999999,False
0.59,235,-118.65,False
0.59,240,-121.6,False
0.59,245,-124.54999999999998,False
0.59,250,-127.5,False
0.59,255,-130.45,False
0.59,260,-133.4,False
0.59,265,-136.35,False
0.59,270,-139.29999999999998,False
0.59,275,-142.25,False
0.59,280,-145.2,False
0.59,285,-148.14999999999998,False
0.59,290,-151.1,False
0.59,295,-154.04999999999998,False
0.59,300,-157.0,False
0.59,305,-159.95,False
0.59,310,-162.89999999999998,False
0.59,315,-165.85,False
0.59,320,-168.79999999999998,False
0.59,325,-171.75,False
0.59,330,-174.7,False
0.59,335,-177.64999999999998,False
0.59,340,-180.6,False
0.59,345,-183.54999999999998,False
0.59,350,-186.5,False
0.59,355,-189.45,False
0.59,360,-192.39999999999998,False
0.59,365,-195.35,False
0.59,370,-198.29999999999998,False
0.59,375,-201.25,False
0.59,380,-204.2,False
0.59,385,-207.14999999999998,False
0.59,390,-210.1,False
0.59,395,-213.04999999999998,False
0.59,400,-216.0,False
0.59,405,-218.95,False
0.59,410,-221.89999999999998,False
0.59,415,-224.85,False
0.59,420,-227.79999999999998,False
0.59,425,-230.75,False
0.59,430,-233.7,False
0.59,435,-236.64999999999998,False
0.59,440,-239.59999999999997,False
0.59,445,-242.55,False
0.59,450,-245.5,False
0.59,455,-248.45,False
0.59,460,-251.39999999999998,False
0.59,465,-254.34999999999997,False
0.59,470,-257.3,False
0.59,475,-260.25,False
0.59,480,-263.2,False
0.59,485,-266.15,False
0.59,490,-269.09999999999997,False
0.59,495,-272.05,False
0.59,500,-275.0,False
0.6,0,20.0,True
0.6,5,17.0,True
0.6,10,14.0,True
0.6,15,11.0,True
0.6,20,8.0,True
0.6,25,5.0,True
0.6,30,2.0,True
0.6,35,-1.0,False
0.6,40,-4.0,False
0.6,45,-7.0,False
0.6,50,-10.0,False
0.6,55,-13.0,False
0.6,60,-16.0,False
0.6,65,-19.0,False
0.6,70,-22.0,False
0.6,75,-25.0,False
0.6,80,-28.0,False
0.6,85,-31.0,False
0.6,90,-34.0,False
0.6,95,-37.0,False
0.6,100,-40.0,False
0.6,105,-43.0,False
0.6,110,-46.0,False
0.6,115,-49.0,False
0.6,120,-52.0,False
0.6,125,-55.0,False
0.6,130,-58.0,False
0.6,135,-61.0,False
0.6,140,-64.0,False
0.6,145,-67.0,False
0.6,150,-70.0,False
0.6,155,-73.0,False
0.6,160,-76.0,False
0.6,165,-79.0,False
0.6,170,-82.0,False
0.6,175,-85.0,False
0.6,180,-88.0,False
0.6,185,-91.0,False
0.6,190,-94.0,False
0.6,195,-97.0,False
0.6,200,-100.0,False
0.6,205,-103.0,False
0.6,210,-106.0,False
0.6,215,-109.0,False
0.6,220,-112.0,False
0.6,225,-115.0,False
0.6,230,-118.0,False
0.6,235,-121.0,False
0.6,240,-124.0,False
0.6,245,-127.0,False
0.6,250,-130.0,False
0.6,255,-133.0,False
0.6,260,-136.0,False
0.6,265,-139.0,False
0.6,270,-142.0,False
0.6,275,-145.0,False
0.6,280,-148.0,False
0.6,285,-151.0,False
0.6,290,-154.0,False
0.6,295,-157.0,False
0.6,300,-160.0,False
0.6,305,-163.0,False
0.6,310,-166.0,False
0.6,315,-169.0,False
0.6,320,-172.0,False
0.6,325,-175.0,False
0.6,330,-178.0,False
0.6,335,-181.0,False
0.6,340,-184.0,False
0.6,345,-187.0,False
0.6,350,-190.0,False
0.6,355,-193.0,False
0.6,360,-196.0,False
0.6,365,-199.0,False
0.6,370,-202.0,False
0.6,375,-205.0,False
0.6,380,-208.0,False
0.6,385,-211.0,False
0.6,390,-214.0,False
0.6,395,-217.0,False
0.6,400,-220.0,False
0.6,405,-223.0,False
0.6,410,-226.0,False
0.6,415,-229.0,False
0.6,420,-232.0,False
0.6,425,-235.0,False
0.6,430,-238.0,False
0.6,435,-241.0,False
0.6,440,-244.0,False
0.6,445,-247.0,False
0.6,450,-250.0,False
0.6,455,-253.0,False
0.6,460,-256.0,False
0.6,465,-259.0,False
0.6,470,-262.0,False
0.6,475,-265.0,False
0.6,480,-268.0,False
0.6,485,-271.0,False
0.6,490,-274.0,False
0.6,495,-277.0,False
0.6,500,-280.0,False
0.61,0,20.0,True
0.61,5,16.95,True
0.61,10,13.9,True
0.61,15,10.85,True
0.61,20,7.800000000000001,True
0.61,25,4.75,True
0.61,30,1.6999999999999993,True
0.61,35,-1.3499999999999979,False
0.61,40,-4.399999999999999,False
0.61,45,-7.449999999999999,False
0.61,50,-10.5,False
0.61,55,-13.549999999999997,False
0.61,60,-16.6,False
0.61,65,-19.65,False
0.61,70,-22.699999999999996,False
0.61,75,-25.75,False
0.61,80,-28.799999999999997,False
0.61,85,-31.85,False
0.61,90,-34.9,False
0.61,95,-37.949999999999996,False
0.61,100,-41.0,False
0.61,105,-44.05,False
0.61,110,-47.099999999999994,False
0.61,115,-50.14999999999999,False
0.61,120,-53.2,False
0.61,125,-56.25,False
0.61,130,-59.3,False
0.61,135,-62.349999999999994,False
0.61,140,-65.39999999999999,False
0.61,145,-68.45,False
0.61,150,-71.5,False
0.61,155,-74.55,False
0.61,160,-77.6,False
0.61,165,-80.64999999999999,False
0.61,170,-83.7,False
0.61,175,-86.75,False
0.61,180,-89.8,False
0.61,185,-92.85,False
0.61,190,-95.89999999999999,False
0.61,195,-98.95,False
0.61,200,-102.0,False
0.61,205,-105.05,False
0.61,210,-108.1,False
0.61,215,-111.15,False
0.61,220,-114.19999999999999,False
0.61,225,-117.25,False
0.61,230,-120.29999999999998,False
0.61,235,-123.35,False
0.61,240,-126.4,False
0.61,245,-129.45,False
0.61,250,-132.5,False
0.61,255,-135.54999999999998,False
0.61,260,-138.6,False
0.61,265,-141.65,False
0.61,270,-144.7,False
0.61,275,-147.75,False
0.61,280,-150.79999999999998,False
0.61,285,-153.85,False
0.61,290,-156.9,False
0.61,295,-159.95,False
0.61,300,-163.0,False
0.61,305,-166.04999999999998,False
0.61,310,-169.1,False
0.61,315,-172.15,False
0.61,320,-175.2,False
0.61,325,-178.25,False
0.61,330,-181.29999999999998,False
0.61,335,-184.35,False
0.61,340,-187.4,False
0.61,345,-190.45,False
0.61,350,-193.5,False
0.61,355,-196.54999999999998,False
0.61,360,-199.6,False
0.61,365,-202.65,False
0.61,370,-205.7,False
0.61,375,-208.75,False
0.61,380,-211.79999999999998,False
0.61,385,-214.85,False
0.61,390,-217.9,False
0.61,395,-220.95,False
0.61,400,-224.0,False
0.61,405,-227.04999999999998,False
0.61,410,-230.1,False
0.61,415,-233.15,False
0.61,420,-236.2,False
0.61,425,-239.25,False
0.61,430,-242.3,False
0.61,435,-245.34999999999997,False
0.61,440,-248.39999999999998,False
0.61,445,-251.45,False
0.61,450,-254.5,False
0.61,455,-257.55,False
0.61,460,-260.59999999999997,False
0.61,465,-263.65,False
0.61,470,-266.7,False
0.61,475,-269.75,False
0.61,480,-272.8,False
0.61,485,-275.84999999999997,False
0.61,490,-278.9,False
0.61,495,-281.95,False
0.61,500,-285.0,False
0.62,0,20.0,True
0.62,5,16.9,True
0.62,10,13.8,True
0.62,15,10.7,True
0.62,20,7.6,True
0.62,25,4.5,True
0.62,30,1.3999999999999986,True
0.62,35,-1.6999999999999993,False
0.62,40,-4.800000000000001,False
0.62,45,-7.899999999999999,False
0.62,50,-11.0,False
0.62,55,-14.100000000000001,False
0.62,60,-17.200000000000003,False
0.62,65,-20.299999999999997,False
0.62,70,-23.4,False
0.62,75,-26.5,False
0.62,80,-29.6,False
0.62,85,-32.7,False
0.62,90,-35.8,False
0.62,95,-38.9,False
0.62,100,-42.0,False
0.62,105,-45.099999999999994,False
0.62,110,-48.2,False
0.62,115,-51.3,False
0.62,120,-54.400000000000006,False
0.62,125,-57.5,False
0.62,130,-60.599999999999994,False
0.62,135,-63.7,False
0.62,140,-66.8,False
0.62,145,-69.9,False
0.62,150,-73.0,False
0.62,155,-76.1,False
0.62,160,-79.2,False
0.62,165,-82.3,False
0.62,170,-85.4,False
0.62,175,-88.5,False
0.62,180,-91.6,False
0.62,185,-94.7,False
0.62,190,-97.8,False
0.62,195,-100.9,False
0.62,200,-104.0,False
0.62,205,-107.1,False
0.62,210,-110.19999999999999,False
0.62,215,-113.30000000000001,False
0.62,220,-116.4,False
0.62,225,-119.5,False
0.62,230,-122.6,False
0.62,235,-125.69999999999999,False
0.62,240,-128.8,False
0.62,245,-131.9,False
0.62,250,-135.0,False
0.62,255,-138.1,False
0.62,260,-141.2,False
0.62,265,-144.3,False
0.62,270,-147.4,False
0.62,275,-150.5,False
0.62,280,-153.6,False
0.62,285,-156.7,False
0.62,290,-159.8,False
0.62,295,-162.9,False
0.62,300,-166.0,False
0.62,305,-169.1,False
0.62,310,-172.2,False
0.62,315,-175.3,False
0.62,320,-178.4,False
0.62,325,-181.5,False
0.62,330,-184.6,False
0.62,335,-187.7,False
0.62,340,-190.8,False
0.62,345,-193.9,False
0.62,350,-197.0,False
0.62,355,-200.1,False
0.62,360,-203.2,False
0.62,365,-206.3,False
0.62,370,-209.4,False
0.62,375,-212.5,False
0.62,380,-215.6,False
0.62,385,-218.7,False
0.62,390,-221.8,False
0.62,395,-224.9,False
0.62,400,-228.0,False
0.62,405,-231.1,False
0.62,410,-234.2,False
0.62,415,-237.3,False
0.62,420,-240.39999999999998,False
0.62,425,-243.5,False
0.62,430,-246.60000000000002,False
0.62,435,-249.7,False
0.62,440,-252.8,False
0.62,445,-255.89999999999998,False
0.62,450,-259.0,False
0.62,455,-262.1,False
0.62,460,-265.2,False
0.62,465,-268.3,False
0.62,470,-271.4,False
0.62,475,-274.5,False
0.62,480,-277.6,False
0.62,485,-280.7,False
0.62,490,-283.8,False
0.62,495,-286.9,False
0.62,500,-290.0,False
0.63,0,20.0,True
0.63,5,16.85,True
0.63,10,13.7,True
0.63,15,10.55,True
0.63,20,7.4,True
0.63,25,4.25,True
0.63,30,1.1000000000000014,True
0.63,35,-2.0500000000000007,False
0.63,40,-5.199999999999999,False
0.63,45,-8.350000000000001,False
0.63,50,-11.5,False
0.63,55,-14.649999999999999,False
0.63,60,-17.799999999999997,False
0.63,65,-20.950000000000003,False
0.63,70,-24.1,False
0.63,75,-27.25,False
0.63,80,-30.4,False
0.63,85,-33.55,False
0.63,90,-36.7,False
0.63,95,-39.85,False
0.63,100,-43.0,False
0.63,105,-46.150000000000006,False
0.63,110,-49.3,False
0.63,115,-52.45,False
0.63,120,-55.599999999999994,False
0.63,125,-58.75,False
0.63,130,-61.900000000000006,False
0.63,135,-65.05,False
0.63,140,-68.2,False
0.63,145,-71.35,False
0.63,150,-74.5,False
0.63,155,-77.65,False
0.63,160,-80.8,False
0.63,165,-83.95,False
0.63,170,-87.1,False
0.63,175,-90.25,False
0.63,180,-93.4,False
0.63,185,-96.55,False
0.63,190,-99.7,False
0.63,195,-102.85,False
0.63,200,-106.0,False
0.63,205,-109.15,False
0.63,210,-112.30000000000001,False
0.63,215,-115.44999999999999,False
0.63,220,-118.6,False
0.63,225,-121.75,False
0.63,230,-124.9,False
0.63,235,-128.05,False
0.63,240,-131.2,False
0.63,245,-134.35,False
0.63,250,-137.5,False
0.63,255,-140.65,False
0.63,260,-143.8,False
0.63,265,-146.95,False
0.63,270,-150.1,False
0.63,275,-153.25,False
0.63,280,-156.4,False
0.63,285,-159.55,False
0.63,290,-162.7,False
0.63,295,-165.85,False
0.63,300,-169.0,False
0.63,305,-172.15,False
0.63,310,-175.3,False
0.63,315,-178.45,False
0.63,320,-181.6,False
0.63,325,-184.75,False
0.63,330,-187.9,False
0.63,335,-191.05,False
0.63,340,-194.2,False
0.63,345,-197.35,False
0.63,350,-200.5,False
0.63,355,-203.65,False
0.63,360,-206.8,False
0.63,365,-209.95,False
0.63,370,-213.1,False
0.63,375,-216.25,False
0.63,380,-219.4,False
0.63,385,-222.55,False
0.63,390,-225.7,False
0.63,395,-228.85,False
0.63,400,-232.0,False
0.63,405,-235.15,False
0.63,410,-238.3,False
0.63,415,-241.45,False
0.63,420,-244.60000000000002,False
0.63,425,-247.75,False
0.63,430,-250.89999999999998,False
0.63,435,-254.05,False
0.63,440,-257.2,False
0.63,445,-260.35,False
0.63,450,-263.5,False
0.63,455,-266.65,False
0.63,460,-269.8,False
0.63,465,-272.95,False
0.63,470,-276.1,False
0.63,475,-279.25,False
0.63,480,-282.4,False
0.63,485,-285.55,False
0.63,490,-288.7,False
0.63,495,-291.85,False
0.63,500,-295.0,False
0.64,0,20.0,True
0.64,5,16.8,True
0.64,10,13.6,True
0.64,15,10.4,True
0.64,20,7.199999999999999,True
0.64,25,4.0,True
0.64,30,0.8000000000000007,True
0.64,35,-2.400000000000002,False
0.64,40,-5.600000000000001,False
0.64,45,-8.8,False
0.64,50,-12.0,False
0.64,55,-15.200000000000003,False
0.64,60,-18.4,False
0.64,65,-21.6,False
0.64,70,-24.800000000000004,False
0.64,75,-28.0,False
0.64,80,-31.200000000000003,False
0.64,85,-34.4,False
0.64,90,-37.6,False
0.64,95,-40.800000000000004,False
0.64,100,-44.0,False
0.64,105,-47.2,False
0.64,110,-50.400000000000006,False
0.64,115,-53.60000000000001,False
0.64,120,-56.8,False
0.64,125,-60.0,False
0.64,130,-63.2,False
0.64,135,-66.4,False
0.64,140,-69.60000000000001,False
0.64,145,-72.8,False
0.64,150,-76.0,False
0.64,155,-79.2,False
0.64,160,-82.4,False
0.64,165,-85.60000000000001,False
0.64,170,-88.8,False
0.64,175,-92.0,False
0.64,180,-95.2,False
0.64,185,-98.4,False
0.64,190,-101.60000000000001,False
0.64,195,-104.8,False
0.64,200,-108.0,False
0.64,205,-111.19999999999999,False
0.64,210,-114.4,False
0.64,215,-117.6,False
0.64,220,-120.80000000000001,False
0.64,225,-124.0,False
0.64,230,-127.20000000000002,False
0.64,235,-130.4,False
0.64,240,-133.6,False
0.64,245,-136.8,False
0.64,250,-140.0,False
0.64,255,-143.20000000000002,False
0.64,260,-146.4,False
0.64,265,-149.6,False
0.64,270,-152.8,False
0.64,275,-156.0,False
0.64,280,-159.20000000000002,False
0.64,285,-162.4,False
0.64,290,-165.6,False
0.64,295,-168.8,False
0.64,300,-172.0,False
0.64,305,-175.20000000000002,False
0.64,310,-178.4,False
0.64,315,-181.6,False
0.64,320,-184.8,False
0.64,325,-188.0,False
0.64,330,-191.20000000000002,False
0.64,335,-194.4,False
0.64,340,-197.6,False
0.64,345,-200.8,False
0.64,350,-204.0,False
0.64,355,-207.20000000000002,False
0.64,360,-210.4,False
0.64,365,-213.6,False
0.64,370,-216.8,False
0.64,375,-220.0,False
0.64,380,-223.20000000000002,False
0.64,385,-226.4,False
0.64,390,-229.6,False
0.64,395,-232.8,False
0.64,400,-236.0,False
0.64,405,-239.2,False
0.64,410,-242.39999999999998,False
0.64,415,-245.60000000000002,False
0.64,420,-248.8,False
0.64,425,-252.0,False
0.64,430,-255.2,False
0.64,435,-258.40000000000003,False
0.64,440,-261.6,False
0.64,445,-264.8,False
0.64,450,-268.0,False
0.64,455,-271.2,False
0.64,460,-274.40000000000003,False
0.64,465,-277.6,False
0.64,470,-280.8,False
0.64,475,-284.0,False
0.64,480,-287.2,False
0.64,485,-290.40000000000003,False
0.64,490,-293.6,False
0.64,495,-296.8,False
0.64,500,-300.0,False
0.65,0,20.0,True
0.65,5,16.75,True
0.65,10,13.5,True
0.65,15,10.25,True
0.65,20,7.0,True
0.65,25,3.75,True
0.65,30,0.5,True
0.65,35,-2.75,False
0.65,40,-6.0,False
0.65,45,-9.25,False
0.65,50,-12.5,False
0.65,55,-15.75,False
0.65,60,-19.0,False
0.65,65,-22.25,False
0.65,70,-25.5,False
0.65,75,-28.75,False
0.65,80,-32.0,False
0.65,85,-35.25,False
0.65,90,-38.5,False
0.65,95,-41.75,False
0.65,100,-45.0,False
0.65,105,-48.25,False
0.65,110,-51.5,False
0.65,115,-54.75,False
0.65,120,-58.0,False
0.65,125,-61.25,False
0.65,130,-64.5,False
0.65,135,-67.75,False
0.65,140,-71.0,False
0.65,145,-74.25,False
0.65,150,-77.5,False
0.65,155,-80.75,False
0.65,160,-84.0,False
0.65,165,-87.25,False
0.65,170,-90.5,False
0.65,175,-93.75,False
0.65,180,-97.0,False
0.65,185,-100.25,False
0.65,190,-103.5,False
0.65,195,-106.75,False
0.65,200,-110.0,False
0.65,205,-113.25,False
0.65,210,-116.5,False
0.65,215,-119.75,False
0.65,220,-123.0,False
0.65,225,-126.25,False
0.65,230,-129.5,False
0.65,235,-132.75,False
0.65,240,-136.0,False
0.65,245,-139.25,False
0.65,250,-142.5,False
0.65,255,-145.75,False
0.65,260,-149.0,False
0.65,265,-152.25,False
0.65,270,-155.5,False
0.65,275,-158.75,False
0.65,280,-162.0,False
0.65,285,-165.25,False
0.65,290,-168.5,False
0.65,295,-171.75,False
0.65,300,-175.0,False
0.65,305,-178.25,False
0.65,310,-181.5,False
0.65,315,-184.75,False
0.65,320,-188.0,False
0.65,325,-191.25,False
0.65,330,-194.5,False
0.65,335,-197.75,False
0.65,340,-201.0,False
0.65,345,-204.25,False
0.65,350,-207.5,False
0.65,355,-210.75,False
0.65,360,-214.0,False
0.65,365,-217.25,False
0.65,370,-220.5,False
0.65,375,-223.75,False
0.65,380,-227.0,False
0.65,385,-230.25,False
0.65,390,-233.5,False
0.65,395,-236.75,False
0.65,400,-240.0,False
0.65,405,-243.25,False
0.65,410,-246.5,False
0.65,415,-249.75,False
0.65,420,-253.0,False
0.65,425,-256.25,False
0.65,430,-259.5,False
0.65,435,-262.75,False
0.65,440,-266.0,False
0.65,445,-269.25,False
0.65,450,-272.5,False
0.65,455,-275.75,False
0.65,460,-279.0,False
0.65,465,-282.25,False
0.65,470,-285.5,False
0.65,475,-288.75,False
0.65,480,-292.0,False
0.65,485,-295.25,False
0.65,490,-298.5,False
0.65,495,-301.75,False
0.65,500,-305.0,False
0.66,0,20.0,True
0.66,5,16.7,True
0.66,10,13.399999999999999,True
0.66,15,10.1,True
0.66,20,6.799999999999999,True
0.66,25,3.5,True
0.66,30,0.1999999999999993,True
0.66,35,-3.1000000000000014,False
0.66,40,-6.400000000000002,False
0.66,45,-9.700000000000003,False
0.66,50,-13.0,False
0.66,55,-16.300000000000004,False
0.66,60,-19.6,False
0.66,65,-22.9,False
0.66,70,-26.200000000000003,False
0.66,75,-29.5,False
0.66,80,-32.800000000000004,False
0.66,85,-36.1,False
0.66,90,-39.400000000000006,False
0.66,95,-42.7,False
0.66,100,-46.0,False
0.66,105,-49.3,False
0.66,110,-52.60000000000001,False
0.66,115,-55.900000000000006,False
0.66,120,-59.2,False
0.66,125,-62.5,False
0.66,130,-65.8,False
0.66,135,-69.10000000000001,False
0.66,140,-72.4,False
0.66,145,-75.7,False
0.66,150,-79.0,False
0.66,155,-82.30000000000001,False
0.66,160,-85.60000000000001,False
0.66,165,-88.9,False
0.66,170,-92.2,False
0.66,175,-95.5,False
0.66,180,-98.80000000000001,False
0.66,185,-102.10000000000001,False
0.66,190,-105.4,False
0.66,195,-108.70000000000002,False
0.66,200,-112.0,False
0.66,205,-115.30000000000001,False
0.66,210,-118.6,False
0.66,215,-121.9,False
0.66,220,-125.20000000000002,False
0.66,225,-128.5,False
0.66,230,-131.8,False
0.66,235,-135.1,False
0.66,240,-138.4,False
0.66,245,-141.70000000000002,False
0.66,250,-145.0,False
0.66,255,-148.3,False
0.66,260,-151.6,False
0.66,265,-154.9,False
0.66,270,-158.20000000000002,False
0.66,275,-161.5,False
0.66,280,-164.8,False
0.66,285,-168.10000000000002,False
0.66,290,-171.4,False
0.66,295,-174.70000000000002,False
0.66,300,-178.0,False
0.66,305,-181.3,False
0.66,310,-184.60000000000002,False
0.66,315,-187.9,False
0.66,320,-191.20000000000002,False
0.66,325,-194.5,False
0.66,330,-197.8,False
0.66,335,-201.10000000000002,False
0.66,340,-204.4,False
0.66,345,-207.70000000000002,False
0.66,350,-211.0,False
0.66,355,-214.3,False
0.66,360,-217.60000000000002,False
0.66,365,-220.9,False
0.66,370,-224.20000000000002,False
0.66,375,-227.5,False
0.66,380,-230.8,False
0.66,385,-234.10000000000002,False
0.66,390,-237.40000000000003,False
0.66,395,-240.7,False
0.66,400,-244.0,False
0.66,405,-247.3,False
0.66,410,-250.60000000000002,False
0.66,415,-253.90000000000003,False
0.66,420,-257.2,False
0.66,425,-260.5,False
0.66,430,-263.8,False
0.66,435,-267.1,False
0.66,440,-270.40000000000003,False
0.66,445,-273.7,False
0.66,450,-277.0,False
0.66,455,-280.3,False
0.66,460,-283.6,False
0.66,465,-286.90000000000003,False
0.66,470,-290.2,False
0.66,475,-293.5,False
0.66,480,-296.8,False
0.66,485,-300.1,False
0.66,490,-303.40000000000003,False
0.66,495,-306.7,False
0.66,500,-310.0,False
0.67,0,20.0,True
0.67,5,16.65,True
0.67,10,13.3,True
0.67,15,9.95,True
0.67,20,6.6,True
0.67,25,3.25,True
0.67,30,-0.10000000000000142,False
0.67,35,-3.450000000000003,False
0.67,40,-6.800000000000001,False
0.67,45,-10.150000000000002,False
0.67,50,-13.5,False
0.67,55,-16.85,False
0.67,60,-20.200000000000003,False
0.67,65,-23.550000000000004,False
0.67,70,-26.900000000000006,False
0.67,75,-30.25,False
0.67,80,-33.6,False
0.67,85,-36.95,False
0.67,90,-40.300000000000004,False
0.67,95,-43.650000000000006,False
0.67,100,-47.0,False
0.67,105,-50.35000000000001,False
0.67,110,-53.7,False
0.67,115,-57.05000000000001,False
0.67,120,-60.400000000000006,False
0.67,125,-63.75,False
0.67,130,-67.10000000000001,False
0.67,135,-70.45,False
0.67,140,-73.80000000000001,False
0.67,145,-77.15,False
0.67,150,-80.5,False
0.67,155,-83.85000000000001,False
0.67,160,-87.2,False
0.67,165,-90.55000000000001,False
0.67,170,-93.9,False
0.67,175,-97.25,False
0.67,180,-100.60000000000001,False
0.67,185,-103.95,False
0.67,190,-107.30000000000001,False
0.67,195,-110.65,False
0.67,200,-114.0,False
0.67,205,-117.35,False
0.67,210,-120.70000000000002,False
0.67,215,-124.05000000000001,False
0.67,220,-127.4,False
0.67,225,-130.75,False
0.67,230,-134.10000000000002,False
0.67,235,-137.45000000000002,False
0.67,240,-140.8,False
0.67,245,-144.15,False
0.67,250,-147.5,False
0.67,255,-150.85000000000002,False
0.67,260,-154.20000000000002,False
0.67,265,-157.55,False
0.67,270,-160.9,False
0.67,275,-164.25,False
0.67,280,-167.60000000000002,False
0.67,285,-170.95000000000002,False
0.67,290,-174.3,False
0.67,295,-177.65,False
0.67,300,-181.0,False
0.67,305,-184.35000000000002,False
0.67,310,-187.70000000000002,False
0.67,315,-191.05,False
0.67,320,-194.4,False
0.67,325,-197.75,False
0.67,330,-201.10000000000002,False
0.67,335,-204.45000000000002,False
0.67,340,-207.8,False
0.67,345,-211.15,False
0.67,350,-214.5,False
0.67,355,-217.85000000000002,False
0.67,360,-221.20000000000002,False
0.67,365,-224.55,False
0.67,370,-227.9,False
0.67,375,-231.25000000000003,False
0.67,380,-234.60000000000002,False
0.67,385,-237.95,False
0.67,390,-241.3,False
0.67,395,-244.65000000000003,False
0.67,400,-248.0,False
0.67,405,-251.35000000000002,False
0.67,410,-254.7,False
0.67,415,-258.05,False
0.67,420,-261.40000000000003,False
0.67,425,-264.75,False
0.67,430,-268.1,False
0.67,435,-271.45000000000005,False
0.67,440,-274.8,False
0.67,445,-278.15000000000003,False
0.67,450,-281.5,False
0.67,455,-284.85,False
0.67,460,-288.20000000000005,False
0.67,465,-291.55,False
0.67,470,-294.90000000000003,False
0.67,475,-298.25,False
0.67,480,-301.6,False
0.67,485,-304.95000000000005,False
0.67,490,-308.3,False
0.67,495,-311.65000000000003,False
0.67,500,-315.0,False
0.68,0,20.0,True
0.68,5,16.6,True
0.68,10,13.2,True
0.68,15,9.799999999999999,True
0.68,20,6.399999999999999,True
0.68,25,3.0,True
0.68,30,-0.40000000000000213,False
0.68,35,-3.8000000000000007,False
0.68,40,-7.200000000000003,False
0.68,45,-10.600000000000001,False
0.68,50,-14.0,False
0.68,55,-17.400000000000006,False
0.68,60,-20.800000000000004,False
0.68,65,-24.200000000000003,False
0.68,70,-27.6,False
0.68,75,-31.000000000000007,False
0.68,80,-34.400000000000006,False
0.68,85,-37.800000000000004,False
0.68,90,-41.2,False
0.68,95,-44.60000000000001,False
0.68,100,-48.0,False
0.68,105,-51.400000000000006,False
0.68,110,-54.80000000000001,False
0.68,115,-58.2,False
0.68,120,-61.60000000000001,False
0.68,125,-65.0,False
0.68,130,-68.4,False
0.68,135,-71.80000000000001,False
0.68,140,-75.2,False
0.68,145,-78.60000000000001,False
0.68,150,-82.00000000000001,False
0.68,155,-85.4,False
0.68,160,-88.80000000000001,False
0.68,165,-92.2,False
0.68,170,-95.60000000000001,False
0.68,175,-99.00000000000001,False
0.68,180,-102.4,False
0.68,185,-105.80000000000001,False
0.68,190,-109.20000000000002,False
0.68,195,-112.60000000000002,False
0.68,200,-116.0,False
0.68,205,-119.4,False
0.68,210,-122.80000000000001,False
0.68,215,-126.20000000000002,False
0.68,220,-129.60000000000002,False
0.68,225,-133.0,False
0.68,230,-136.4,False
0.68,235,-139.8,False
0.68,240,-143.20000000000002,False
0.68,245,-146.60000000000002,False
0.68,250,-150.0,False
0.68,255,-153.4,False
0.68,260,-156.8,False
0.68,265,-160.20000000000002,False
0.68,270,-163.60000000000002,False
0.68,275,-167.0,False
0.68,280,-170.4,False
0.68,285,-173.8,False
0.68,290,-177.20000000000002,False
0.68,295,-180.60000000000002,False
0.68,300,-184.00000000000003,False
0.68,305,-187.4,False
0.68,310,-190.8,False
0.68,315,-194.20000000000002,False
0.68,320,-197.60000000000002,False
0.68,325,-201.00000000000003,False
0.68,330,-204.4,False
0.68,335,-207.8,False
0.68,340,-211.20000000000002,False
0.68,345,-214.60000000000002,False
0.68,350,-218.00000000000003,False
0.68,355,-221.4,False
0.68,360,-224.8,False
0.68,365,-228.20000000000002,False
0.68,370,-231.60000000000002,False
0.68,375,-235.00000000000003,False
0.68,380,-238.40000000000003,False
0.68,385,-241.8,False
0.68,390,-245.20000000000005,False
0.68,395,-248.60000000000002,False
0.68,400,-252.0,False
0.68,405,-255.40000000000003,False
0.68,410,-258.8,False
0.68,415,-262.20000000000005,False
0.68,420,-265.6,False
0.68,425,-269.0,False
0.68,430,-272.40000000000003,False
0.68,435,-275.8,False
0.68,440,-279.20000000000005,False
0.68,445,-282.6,False
0.68,450,-286.0,False
0.68,455,-289.40000000000003,False
0.68,460,-292.8,False
0.68,465,-296.20000000000005,False
0.68,470,-299.6,False
0.68,475,-303.0,False
0.68,480,-306.40000000000003,False
0.68,485,-309.8,False
0.68,490,-313.20000000000005,False
0.68,495,-316.6,False
0.68,500,-320.0,False
0.6900000000000001,0,20.0,True
0.6900000000000001,5,16.55,True
0.6900000000000001,10,13.1,True
0.6900000000000001,15,9.649999999999999,True
0.6900000000000001,20,6.199999999999999,True
0.6900000000000001,25,2.75,True
0.6900000000000001,30,-0.7000000000000028,False
0.6900000000000001,35,-4.150000000000002,False
0.6900000000000001,40,-7.600000000000001,False
0.6900000000000001,45,-11.050000000000004,False
0.6900000000000001,50,-14.5,False
0.6900000000000001,55,-17.950000000000003,False
0.6900000000000001,60,-21.400000000000006,False
0.6900000000000001,65,-24.85,False
0.6900000000000001,70,-28.300000000000004,False
0.6900000000000001,75,-31.750000000000007,False
0.6900000000000001,80,-35.2,False
0.6900000000000001,85,-38.650000000000006,False
0.6900000000000001,90,-42.10000000000001,False
0.6900000000000001,95,-45.55000000000001,False
0.6900000000000001,100,-49.0,False
0.6900000000000001,105,-52.45,False
0.6900000000000001,110,-55.900000000000006,False
0.6900000000000001,115,-59.35000000000001,False
0.6900000000000001,120,-62.80000000000001,False
0.6900000000000001,125,-66.25000000000001,False
0.6900000000000001,130,-69.7,False
0.6900000000000001,135,-73.15,False
0.6900000000000001,140,-76.60000000000001,False
0.6900000000000001,145,-80.05000000000001,False
0.6900000000000001,150,-83.50000000000001,False
0.6900000000000001,155,-86.95,False
0.6900000000000001,160,-90.4,False
0.6900000000000001,165,-93.85000000000001,False
0.6900000000000001,170,-97.30000000000001,False
0.6900000000000001,175,-100.75000000000001,False
0.6900000000000001,180,-104.20000000000002,False
0.6900000000000001,185,-107.65,False
0.6900000000000001,190,-111.10000000000002,False
0.6900000000000001,195,-114.55000000000001,False
0.6900000000000001,200,-118.0,False
0.6900000000000001,205,-121.45000000000002,False
0.6900000000000001,210,-124.9,False
0.6900000000000001,215,-128.35000000000002,False
0.6900000000000001,220,-131.8,False
0.6900000000000001,225,-135.25,False
0.6900000000000001,230,-138.70000000000002,False
0.6900000000000001,235,-142.15,False
0.6900000000000001,240,-145.60000000000002,False
0.6900000000000001,245,-149.05,False
0.6900000000000001,250,-152.50000000000003,False
0.6900000000000001,255,-155.95000000000002,False
0.6900000000000001,260,-159.4,False
0.6900000000000001,265,-162.85000000000002,False
0.6900000000000001,270,-166.3,False
0.6900000000000001,275,-169.75000000000003,False
0.6900000000000001,280,-173.20000000000002,False
0.6900000000000001,285,-176.65,False
0.6900000000000001,290,-180.10000000000002,False
0.6900000000000001,295,-183.55,False
0.6900000000000001,300,-187.00000000000003,False
0.6900000000000001,305,-190.45000000000002,False
0.6900000000000001,310,-193.9,False
0.6900000000000001,315,-197.35000000000002,False
0.6900000000000001,320,-200.8,False
0.6900000000000001,325,-204.25000000000003,False
0.6900000000000001,330,-207.70000000000002,False
0.6900000000000001,335,-211.15,False
0.6900000000000001,340,-214.60000000000002,False
0.6900000000000001,345,-218.05,False
0.6900000000000001,350,-221.50000000000003,False
0.6900000000000001,355,-224.95000000000002,False
0.6900000000000001,360,-228.40000000000003,False
0.6900000000000001,365,-231.85000000000002,False
0.6900000000000001,370,-235.3,False
0.6900000000000001,375,-238.75,False
0.6900000000000001,380,-242.20000000000005,False
0.6900000000000001,385,-245.65000000000003,False
0.6900000000000001,390,-249.10000000000002,False
0.6900000000000001,395,-252.55,False
0.6900000000000001,400,-256.0,False
0.6900000000000001,405,-259.45000000000005,False
0.6900000000000001,410,-262.90000000000003,False
0.6900000000000001,415,-266.35,False
0.6900000000000001,420,-269.8,False
0.6900000000000001,425,-273.25,False
0.6900000000000001,430,-276.70000000000005,False
0.6900000000000001,435,-280.15000000000003,False
0.6900000000000001,440,-283.6,False
0.6900000000000001,445,-287.05,False
0.6900000000000001,450,-290.5,False
0.6900000000000001,455,-293.95000000000005,False
0.6900000000000001,460,-297.40000000000003,False
0.6900000000000001,465,-300.85,False
0.6900000000000001,470,-304.3,False
0.6900000000000001,475,-307.75,False
0.6900000000000001,480,-311.20000000000005,False
0.6900000000000001,485,-314.65000000000003,False
0.6900000000000001,490,-318.1,False
0.6900000000000001,495,-321.55,False
0.6900000000000001,500,-325.00000000000006,False
0.7000000000000001,0,20.0,True
0.7000000000000001,5,16.5,True
0.7000000000000001,10,13.0,True
0.7000000000000001,15,9.499999999999998,True
0.7000000000000001,20,5.999999999999998,True
0.7000000000000001,25,2.5,True
0.7000000000000001,30,-1.0000000000000036,False
0.7000000000000001,35,-4.5000000000000036,False
0.7000000000000001,40,-8.000000000000004,False
0.7000000000000001,45,-11.500000000000004,False
0.7000000000000001,50,-15.0,False
0.7000000000000001,55,-18.500000000000007,False
0.7000000000000001,60,-22.000000000000007,False
0.7000000000000001,65,-25.500000000000007,False
0.7000000000000001,70,-29.000000000000007,False
0.7000000000000001,75,-32.50000000000001,False
0.7000000000000001,80,-36.00000000000001,False
0.7000000000000001,85,-39.50000000000001,False
0.7000000000000001,90,-43.00000000000001,False
0.7000000000000001,95,-46.5,False
0.7000000000000001,100,-50.0,False
0.7000000000000001,105,-53.5,False
0.7000000000000001,110,-57.000000000000014,False
0.7000000000000001,115,-60.500000000000014,False
0.7000000000000001,120,-64.00000000000001,False
0.7000000000000001,125,-67.50000000000001,False
0.7000000000000001,130,-71.00000000000001,False
0.7000000000000001,135,-74.50000000000001,False
0.7000000000000001,140,-78.00000000000001,False
0.7000000000000001,145,-81.50000000000001,False
0.7000000000000001,150,-85.00000000000001,False
0.7000000000000001,155,-88.50000000000001,False
0.7000000000000001,160,-92.00000000000001,False
0.7000000000000001,165,-95.50000000000001,False
0.7000000000000001,170,-99.00000000000001,False
0.7000000000000001,175,-102.50000000000001,False
0.7000000000000001,180,-106.00000000000001,False
0.7000000000000001,185,-109.5,False
0.7000000000000001,190,-113.0,False
0.7000000000000001,195,-116.5,False
0.7000000000000001,200,-120.0,False
0.7000000000000001,205,-123.5,False
0.7000000000000001,210,-127.0,False
0.7000000000000001,215,-130.50000000000003,False
0.7000000000000001,220,-134.00000000000003,False
0.7000000000000001,225,-137.50000000000003,False
0.7000000000000001,230,-141.00000000000003,False
0.7000000000000001,235,-144.50000000000003,False
0.7000000000000001,240,-148.00000000000003,False
0.7000000000000001,245,-151.50000000000003,False
0.7000000000000001,250,-155.00000000000003,False
0.7000000000000001,255,-158.50000000000003,False
0.7000000000000001,260,-162.00000000000003,False
0.7000000000000001,265,-165.50000000000003,False
0.7000000000000001,270,-169.00000000000003,False
0.7000000000000001,275,-172.50000000000003,False
0.7000000000000001,280,-176.00000000000003,False
0.7000000000000001,285,-179.50000000000003,False
0.7000000000000001,290,-183.00000000000003,False
0.7000000000000001,295,-186.50000000000003,False
0.7000000000000001,300,-190.00000000000003,False
0.7000000000000001,305,-193.50000000000003,False
0.7000000000000001,310,-197.00000000000003,False
0.7000000000000001,315,-200.50000000000003,False
0.7000000000000001,320,-204.00000000000003,False
0.7000000000000001,325,-207.50000000000003,False
0.7000000000000001,330,-211.00000000000003,False
0.7000000000000001,335,-214.50000000000003,False
0.7000000000000001,340,-218.00000000000003,False
0.7000000000000001,345,-221.50000000000003,False
0.7000000000000001,350,-225.00000000000003,False
0.7000000000000001,355,-228.50000000000003,False
0.7000000000000001,360,-232.00000000000003,False
0.7000000000000001,365,-235.50000000000003,False
0.7000000000000001,370,-239.0,False
0.7000000000000001,375,-242.5,False
0.7000000000000001,380,-246.0,False
0.7000000000000001,385,-249.5,False
0.7000000000000001,390,-253.0,False
0.7000000000000001,395,-256.5,False
0.7000000000000001,400,-260.0,False
0.7000000000000001,405,-263.5,False
0.7000000000000001,410,-267.0,False
0.7000000000000001,415,-270.5,False
0.7000000000000001,420,-274.0,False
0.7000000000000001,425,-277.5,False
0.7000000000000001,430,-281.00000000000006,False
0.7000000000000001,435,-284.50000000000006,False
0.7000000000000001,440,-288.00000000000006,False
0.7000000000000001,445,-291.50000000000006,False
0.7000000000000001,450,-295.00000000000006,False
0.7000000000000001,455,-298.50000000000006,False
0.7000000000000001,460,-302.00000000000006,False
0.7000000000000001,465,-305.50000000000006,False
0.7000000000000001,470,-309.00000000000006,False
0.7000000000000001,475,-312.50000000000006,False
0.7000000000000001,480,-316.00000000000006,False
0.7000000000000001,485,-319.50000000000006,False
0.7000000000000001,490,-323.00000000000006,False
0.7000000000000001,495,-326.50000000000006,False
0.7000000000000001,500,-330.00000000000006,False
0.71,0,20.0,True
0.71,5,16.45,True
0.71,10,12.9,True
0.71,15,9.350000000000001,True
0.71,20,5.800000000000001,True
0.71,25,2.25,True
0.71,30,-1.2999999999999972,False
0.71,35,-4.849999999999998,False
0.71,40,-8.399999999999999,False
0.71,45,-11.95,False
0.71,50,-15.5,False
0.71,55,-19.049999999999997,False
0.71,60,-22.599999999999994,False
0.71,65,-26.15,False
0.71,70,-29.699999999999996,False
0.71,75,-33.25,False
0.71,80,-36.8,False
0.71,85,-40.349999999999994,False
0.71,90,-43.9,False
0.71,95,-47.45,False
0.71,100,-51.0,False
0.71,105,-54.55,False
0.71,110,-58.099999999999994,False
0.71,115,-61.64999999999999,False
0.71,120,-65.19999999999999,False
0.71,125,-68.75,False
0.71,130,-72.3,False
0.71,135,-75.85,False
0.71,140,-79.39999999999999,False
0.71,145,-82.94999999999999,False
0.71,150,-86.5,False
0.71,155,-90.05,False
0.71,160,-93.6,False
0.71,165,-97.14999999999999,False
0.71,170,-100.69999999999999,False
0.71,175,-104.25,False
0.71,180,-107.8,False
0.71,185,-111.35,False
0.71,190,-114.9,False
0.71,195,-118.44999999999999,False
0.71,200,-122.0,False
0.71,205,-125.54999999999998,False
0.71,210,-129.1,False
0.71,215,-132.65,False
0.71,220,-136.2,False
0.71,225,-139.75,False
0.71,230,-143.29999999999998,False
0.71,235,-146.85,False
0.71,240,-150.39999999999998,False
0.71,245,-153.95,False
0.71,250,-157.5,False
0.71,255,-161.04999999999998,False
0.71,260,-164.6,False
0.71,265,-168.14999999999998,False
0.71,270,-171.7,False
0.71,275,-175.25,False
0.71,280,-178.79999999999998,False
0.71,285,-182.35,False
0.71,290,-185.89999999999998,False
0.71,295,-189.45,False
0.71,300,-193.0,False
0.71,305,-196.54999999999998,False
0.71,310,-200.1,False
0.71,315,-203.64999999999998,False
0.71,320,-207.2,False
0.71,325,-210.75,False
0.71,330,-214.29999999999998,False
0.71,335,-217.85,False
0.71,340,-221.39999999999998,False
0.71,345,-224.95,False
0.71,350,-228.5,False
0.71,355,-232.04999999999998,False
0.71,360,-235.6,False
0.71,365,-239.14999999999998,False
0.71,370,-242.7,False
0.71,375,-246.25,False
0.71,380,-249.8,False
0.71,385,-253.34999999999997,False
0.71,390,-256.9,False
0.71,395,-260.45,False
0.71,400,-264.0,False
0.71,405,-267.55,False
0.71,410,-271.09999999999997,False
0.71,415,-274.65,False
0.71,420,-278.2,False
0.71,425,-281.75,False
0.71,430,-285.3,False
0.71,435,-288.84999999999997,False
0.71,440,-292.4,False
0.71,445,-295.95,False
0.71,450,-299.5,False
0.71,455,-303.05,False
0.71,460,-306.59999999999997,False
0.71,465,-310.15,False
0.71,470,-313.7,False
0.71,475,-317.25,False
0.71,480,-320.79999999999995,False
0.71,485,-324.34999999999997,False
0.71,490,-327.9,False
0.71,495,-331.45,False
0.71,500,-335.0,False
0.72,0,20.0,True
0.72,5,16.4,True
0.72,10,12.8,True
0.72,15,9.200000000000001,True
0.72,20,5.600000000000001,True
0.72,25,2.0,True
0.72,30,-1.5999999999999979,False
0.72,35,-5.199999999999999,False
0.72,40,-8.799999999999997,False
0.72,45,-12.399999999999999,False
0.72,50,-16.0,False
0.72,55,-19.6,False
0.72,60,-23.199999999999996,False
0.72,65,-26.799999999999997,False
0.72,70,-30.4,False
0.72,75,-34.0,False
0.72,80,-37.599999999999994,False
0.72,85,-41.199999999999996,False
0.72,90,-44.8,False
0.72,95,-48.39999999999999,False
0.72,100,-52.0,False
0.72,105,-55.599999999999994,False
0.72,110,-59.2,False
0.72,115,-62.8,False
0.72,120,-66.39999999999999,False
0.72,125,-70.0,False
0.72,130,-73.6,False
0.72,135,-77.2,False
0.72,140,-80.8,False
0.72,145,-84.39999999999999,False
0.72,150,-88.0,False
0.72,155,-91.6,False
0.72,160,-95.19999999999999,False
0.72,165,-98.8,False
0.72,170,-102.39999999999999,False
0.72,175,-106.0,False
0.72,180,-109.6,False
0.72,185,-113.19999999999999,False
0.72,190,-116.79999999999998,False
0.72,195,-120.4,False
0.72,200,-124.0,False
0.72,205,-127.6,False
0.72,210,-131.2,False
0.72,215,-134.79999999999998,False
0.72,220,-138.4,False
0.72,225,-142.0,False
0.72,230,-145.6,False
0.72,235,-149.2,False
0.72,240,-152.79999999999998,False
0.72,245,-156.4,False
0.72,250,-160.0,False
0.72,255,-163.6,False
0.72,260,-167.2,False
0.72,265,-170.79999999999998,False
0.72,270,-174.4,False
0.72,275,-178.0,False
0.72,280,-181.6,False
0.72,285,-185.2,False
0.72,290,-188.79999999999998,False
0.72,295,-192.4,False
0.72,300,-196.0,False
0.72,305,-199.6,False
0.72,310,-203.2,False
0.72,315,-206.79999999999998,False
0.72,320,-210.39999999999998,False
0.72,325,-214.0,False
0.72,330,-217.6,False
0.72,335,-221.2,False
0.72,340,-224.79999999999998,False
0.72,345,-228.39999999999998,False
0.72,350,-232.0,False
0.72,355,-235.6,False
0.72,360,-239.2,False
0.72,365,-242.8,False
0.72,370,-246.39999999999998,False
0.72,375,-250.0,False
0.72,380,-253.59999999999997,False
0.72,385,-257.2,False
0.72,390,-260.8,False
0.72,395,-264.4,False
0.72,400,-268.0,False
0.72,405,-271.59999999999997,False
0.72,410,-275.2,False
0.72,415,-278.8,False
0.72,420,-282.4,False
0.72,425,-286.0,False
0.72,430,-289.59999999999997,False
0.72,435,-293.2,False
0.72,440,-296.8,False
0.72,445,-300.4,False
0.72,450,-304.0,False
0.72,455,-307.59999999999997,False
0.72,460,-311.2,False
0.72,465,-314.8,False
0.72,470,-318.4,False
0.72,475,-322.0,False
0.72,480,-325.59999999999997,False
0.72,485,-329.2,False
0.72,490,-332.8,False
0.72,495,-336.4,False
0.72,500,-340.0,False
0.73,0,20.0,True
0.73,5,16.35,True
0.73,10,12.7,True
0.73,15,9.05,True
0.73,20,5.4,True
0.73,25,1.75,True
0.73,30,-1.8999999999999986,False
0.73,35,-5.550000000000001,False
0.73,40,-9.2,False
0.73,45,-12.850000000000001,False
0.73,50,-16.5,False
0.73,55,-20.15,False
0.73,60,-23.799999999999997,False
0.73,65,-27.449999999999996,False
0.73,70,-31.1,False
0.73,75,-34.75,False
0.73,80,-38.4,False
0.73,85,-42.05,False
0.73,90,-45.7,False
0.73,95,-49.349999999999994,False
0.73,100,-53.0,False
0.73,105,-56.64999999999999,False
0.73,110,-60.3,False
0.73,115,-63.95,False
0.73,120,-67.6,False
0.73,125,-71.25,False
0.73,130,-74.89999999999999,False
0.73,135,-78.55,False
0.73,140,-82.2,False
0.73,145,-85.85,False
0.73,150,-89.5,False
0.73,155,-93.14999999999999,False
0.73,160,-96.8,False
0.73,165,-100.45,False
0.73,170,-104.1,False
0.73,175,-107.75,False
0.73,180,-111.4,False
0.73,185,-115.04999999999998,False
0.73,190,-118.69999999999999,False
0.73,195,-122.35,False
0.73,200,-126.0,False
0.73,205,-129.65,False
0.73,210,-133.29999999999998,False
0.73,215,-136.95,False
0.73,220,-140.6,False
0.73,225,-144.25,False
0.73,230,-147.9,False
0.73,235,-151.54999999999998,False
0.73,240,-155.2,False
0.73,245,-158.85,False
0.73,250,-162.5,False
0.73,255,-166.15,False
0.73,260,-169.79999999999998,False
0.73,265,-173.45,False
0.73,270,-177.1,False
0.73,275,-180.75,False
0.73,280,-184.4,False
0.73,285,-188.04999999999998,False
0.73,290,-191.7,False
0.73,295,-195.35,False
0.73,300,-199.0,False
0.73,305,-202.65,False
0.73,310,-206.29999999999998,False
0.73,315,-209.95,False
0.73,320,-213.6,False
0.73,325,-217.25,False
0.73,330,-220.9,False
0.73,335,-224.54999999999998,False
0.73,340,-228.2,False
0.73,345,-231.85,False
0.73,350,-235.5,False
0.73,355,-239.14999999999998,False
0.73,360,-242.8,False
0.73,365,-246.45,False
0.73,370,-250.09999999999997,False
0.73,375,-253.75,False
0.73,380,-257.4,False
0.73,385,-261.05,False
0.73,390,-264.7,False
0.73,395,-268.34999999999997,False
0.73,400,-272.0,False
0.73,405,-275.65,False
0.73,410,-279.3,False
0.73,415,-282.95,False
0.73,420,-286.59999999999997,False
0.73,425,-290.25,False
0.73,430,-293.9,False
0.73,435,-297.55,False
0.73,440,-301.2,False
0.73,445,-304.84999999999997,False
0.73,450,-308.5,False
0.73,455,-312.15,False
0.73,460,-315.8,False
0.73,465,-319.45,False
0.73,470,-323.09999999999997,False
0.73,475,-326.75,False
0.73,480,-330.4,False
0.73,485,-334.05,False
0.73,490,-337.7,False
0.73,495,-341.34999999999997,False
0.73,500,-345.0,False
0.74,0,20.0,True
0.74,5,16.3,True
0.74,10,12.6,True
0.74,15,8.9,True
0.74,20,5.199999999999999,True
0.74,25,1.5,True
0.74,30,-2.1999999999999993,False
0.74,35,-5.899999999999999,False
0.74,40,-9.600000000000001,False
0.74,45,-13.299999999999997,False
0.74,50,-17.0,False
0.74,55,-20.700000000000003,False
0.74,60,-24.4,False
0.74,65,-28.1,False
0.74,70,-31.799999999999997,False
0.74,75,-35.5,False
0.74,80,-39.2,False
0.74,85,-42.9,False
0.74,90,-46.599999999999994,False
0.74,95,-50.3,False
0.74,100,-54.0,False
0.74,105,-57.7,False
0.74,110,-61.400000000000006,False
0.74,115,-65.1,False
0.74,120,-68.8,False
0.74,125,-72.5,False
0.74,130,-76.2,False
0.74,135,-79.9,False
0.74,140,-83.6,False
0.74,145,-87.3,False
0.74,150,-91.0,False
0.74,155,-94.7,False
0.74,160,-98.4,False
0.74,165,-102.1,False
0.74,170,-105.8,False
0.74,175,-109.5,False
0.74,180,-113.19999999999999,False
0.74,185,-116.9,False
0.74,190,-120.6,False
0.74,195,-124.30000000000001,False
0.74,200,-128.0,False
0.74,205,-131.7,False
0.74,210,-135.4,False
0.74,215,-139.1,False
0.74,220,-142.8,False
0.74,225,-146.5,False
0.74,230,-150.2,False
0.74,235,-153.9,False
0.74,240,-157.6,False
0.74,245,-161.3,False
0.74,250,-165.0,False
0.74,255,-168.7,False
0.74,260,-172.4,False
0.74,265,-176.1,False
0.74,270,-179.8,False
0.74,275,-183.5,False
0.74,280,-187.2,False
0.74,285,-190.9,False
0.74,290,-194.6,False
0.74,295,-198.3,False
0.74,300,-202.0,False
0.74,305,-205.7,False
0.74,310,-209.4,False
0.74,315,-213.1,False
0.74,320,-216.8,False
0.74,325,-220.5,False
0.74,330,-224.2,False
0.74,335,-227.9,False
0.74,340,-231.6,False
0.74,345,-235.29999999999998,False
0.74,350,-239.0,False
0.74,355,-242.7,False
0.74,360,-246.39999999999998,False
0.74,365,-250.10000000000002,False
0.74,370,-253.8,False
0.74,375,-257.5,False
0.74,380,-261.2,False
0.74,385,-264.9,False
0.74,390,-268.6,False
0.74,395,-272.3,False
0.74,400,-276.0,False
0.74,405,-279.7,False
0.74,410,-283.4,False
0.74,415,-287.1,False
0.74,420,-290.8,False
0.74,425,-294.5,False
0.74,430,-298.2,False
0.74,435,-301.9,False
0.74,440,-305.6,False
0.74,445,-309.3,False
0.74,450,-313.0,False
0.74,455,-316.7,False
0.74,460,-320.4,False
0.74,465,-324.1,False
0.74,470,-327.8,False
0.74,475,-331.5,False
0.74,480,-335.2,False
0.74,485,-338.9,False
0.74,490,-342.6,False
0.74,495,-346.3,False
0.74,500,-350.0,False
0.75,0,20.0,True
0.75,5,16.25,True
0.75,10,12.5,True
0.75,15,8.75,True
0.75,20,5.0,True
0.75,25,1.25,True
0.75,30,-2.5,False
0.75,35,-6.25,False
0.75,40,-10.0,False
0.75,45,-13.75,False
0.75,50,-17.5,False
0.75,55,-21.25,False
0.75,60,-25.0,False
0.75,65,-28.75,False
0.75,70,-32.5,False
0.75,75,-36.25,False
0.75,80,-40.0,False
0.75,85,-43.75,False
0.75,90,-47.5,False
0.75,95,-51.25,False
0.75,100,-55.0,False
0.75,105,-58.75,False
0.75,110,-62.5,False
0.75,115,-66.25,False
0.75,120,-70.0,False
0.75,125,-73.75,False
0.75,130,-77.5,False
0.75,135,-81.25,False
0.75,140,-85.0,False
0.75,145,-88.75,False
0.75,150,-92.5,False
0.75,155,-96.25,False
0.75,160,-100.0,False
0.75,165,-103.75,False
0.75,170,-107.5,False
0.75,175,-111.25,False
0.75,180,-115.0,False
0.75,185,-118.75,False
0.75,190,-122.5,False
0.75,195,-126.25,False
0.75,200,-130.0,False
0.75,205,-133.75,False
0.75,210,-137.5,False
0.75,215,-141.25,False
0.75,220,-145.0,False
0.75,225,-148.75,False
0.75,230,-152.5,False
0.75,235,-156.25,False
0.75,240,-160.0,False
0.75,245,-163.75,False
0.75,250,-167.5,False
0.75,255,-171.25,False
0.75,260,-175.0,False
0.75,265,-178.75,False
0.75,270,-182.5,False
0.75,275,-186.25,False
0.75,280,-190.0,False
0.75,285,-193.75,False
0.75,290,-197.5,False
0.75,295,-201.25,False
0.75,300,-205.0,False
0.75,305,-208.75,False
0.75,310,-212.5,False
0.75,315,-216.25,False
0.75,320,-220.0,False
0.75,325,-223.75,False
0.75,330,-227.5,False
0.75,335,-231.25,False
0.75,340,-235.0,False
0.75,345,-238.75,False
0.75,350,-242.5,False
0.75,355,-246.25,False
0.75,360,-250.0,False
0.75,365,-253.75,False
0.75,370,-257.5,False
0.75,375,-261.25,False
0.75,380,-265.0,False
0.75,385,-268.75,False
0.75,390,-272.5,False
0.75,395,-276.25,False
0.75,400,-280.0,False
0.75,405,-283.75,False
0.75,410,-287.5,False
0.75,415,-291.25,False
0.75,420,-295.0,False
0.75,425,-298.75,False
0.75,430,-302.5,False
0.75,435,-306.25,False
0.75,440,-310.0,False
0.75,445,-313.75,False
0.75,450,-317.5,False
0.75,455,-321.25,False
0.75,460,-325.0,False
0.75,465,-328.75,False
0.75,470,-332.5,False
0.75,475,-336.25,False
0.75,480,-340.0,False
0.75,485,-343.75,False
0.75,490,-347.5,False
0.75,495,-351.25,False
0.75,500,-355.0,False
0.76,0,20.0,True
0.76,5,16.2,True
0.76,10,12.4,True
0.76,15,8.6,True
0.76,20,4.800000000000001,True
0.76,25,1.0,True
0.76,30,-2.8000000000000007,False
0.76,35,-6.600000000000001,False
0.76,40,-10.399999999999999,False
0.76,45,-14.200000000000003,False
0.76,50,-18.0,False
0.76,55,-21.799999999999997,False
0.76,60,-25.6,False
0.76,65,-29.4,False
0.76,70,-33.2,False
0.76,75,-37.0,False
0.76,80,-40.8,False
0.76,85,-44.599999999999994,False
0.76,90,-48.400000000000006,False
0.76,95,-52.2,False
0.76,100,-56.0,False
0.76,105,-59.8,False
0.76,110,-63.599999999999994,False
0.76,115,-67.4,False
0.76,120,-71.2,False
0.76,125,-75.0,False
0.76,130,-78.8,False
0.76,135,-82.6,False
0.76,140,-86.4,False
0.76,145,-90.2,False
0.76,150,-94.0,False
0.76,155,-97.8,False
0.76,160,-101.6,False
0.76,165,-105.4,False
0.76,170,-109.19999999999999,False
0.76,175,-113.0,False
0.76,180,-116.80000000000001,False
0.76,185,-120.6,False
0.76,190,-124.4,False
0.76,195,-128.2,False
0.76,200,-132.0,False
0.76,205,-135.8,False
0.76,210,-139.6,False
0.76,215,-143.4,False
0.76,220,-147.2,False
0.76,225,-151.0,False
0.76,230,-154.8,False
0.76,235,-158.6,False
0.76,240,-162.4,False
0.76,245,-166.2,False
0.76,250,-170.0,False
0.76,255,-173.8,False
0.76,260,-177.6,False
0.76,265,-181.4,False
0.76,270,-185.2,False
0.76,275,-189.0,False
0.76,280,-192.8,False
0.76,285,-196.6,False
0.76,290,-200.4,False
0.76,295,-204.2,False
0.76,300,-208.0,False
0.76,305,-211.8,False
0.76,310,-215.6,False
0.76,315,-219.4,False
0.76,320,-223.2,False
0.76,325,-227.0,False
0.76,330,-230.8,False
0.76,335,-234.6,False
0.76,340,-238.39999999999998,False
0.76,345,-242.2,False
0.76,350,-246.0,False
0.76,355,-249.8,False
0.76,360,-253.60000000000002,False
0.76,365,-257.4,False
0.76,370,-261.2,False
0.76,375,-265.0,False
0.76,380,-268.8,False
0.76,385,-272.6,False
0.76,390,-276.4,False
0.76,395,-280.2,False
0.76,400,-284.0,False
0.76,405,-287.8,False
0.76,410,-291.6,False
0.76,415,-295.4,False
0.76,420,-299.2,False
0.76,425,-303.0,False
0.76,430,-306.8,False
0.76,435,-310.6,False
0.76,440,-314.4,False
0.76,445,-318.2,False
0.76,450,-322.0,False
0.76,455,-325.8,False
0.76,460,-329.6,False
0.76,465,-333.4,False
0.76,470,-337.2,False
0.76,475,-341.0,False
0.76,480,-344.8,False
0.76,485,-348.6,False
0.76,490,-352.4,False
0.76,495,-356.2,False
0.76,500,-360.0,False
0.77,0,20.0,True
0.77,5,16.15,True
0.77,10,12.3,True
0.77,15,8.45,True
0.77,20,4.6,True
0.77,25,0.75,True
0.77,30,-3.1000000000000014,False
0.77,35,-6.949999999999999,False
0.77,40,-10.8,False
0.77,45,-14.649999999999999,False
0.77,50,-18.5,False
0.77,55,-22.35,False
0.77,60,-26.200000000000003,False
0.77,65,-30.050000000000004,False
0.77,70,-33.9,False
0.77,75,-37.75,False
0.77,80,-41.6,False
0.77,85,-45.45,False
0.77,90,-49.3,False
0.77,95,-53.150000000000006,False
0.77,100,-57.0,False
0.77,105,-60.85000000000001,False
0.77,110,-64.7,False
0.77,115,-68.55,False
0.77,120,-72.4,False
0.77,125,-76.25,False
0.77,130,-80.10000000000001,False
0.77,135,-83.95,False
0.77,140,-87.8,False
0.77,145,-91.65,False
0.77,150,-95.5,False
0.77,155,-99.35000000000001,False
0.77,160,-103.2,False
0.77,165,-107.05,False
0.77,170,-110.9,False
0.77,175,-114.75,False
0.77,180,-118.6,False
0.77,185,-122.45000000000002,False
0.77,190,-126.30000000000001,False
0.77,195,-130.15,False
0.77,200,-134.0,False
0.77,205,-137.85,False
0.77,210,-141.70000000000002,False
0.77,215,-145.55,False
0.77,220,-149.4,False
0.77,225,-153.25,False
0.77,230,-157.1,False
0.77,235,-160.95000000000002,False
0.77,240,-164.8,False
0.77,245,-168.65,False
0.77,250,-172.5,False
0.77,255,-176.35,False
0.77,260,-180.20000000000002,False
0.77,265,-184.05,False
0.77,270,-187.9,False
0.77,275,-191.75,False
0.77,280,-195.6,False
0.77,285,-199.45000000000002,False
0.77,290,-203.3,False
0.77,295,-207.15,False
0.77,300,-211.0,False
0.77,305,-214.85,False
0.77,310,-218.70000000000002,False
0.77,315,-222.55,False
0.77,320,-226.4,False
0.77,325,-230.25,False
0.77,330,-234.1,False
0.77,335,-237.95,False
0.77,340,-241.8,False
0.77,345,-245.65000000000003,False
0.77,350,-249.5,False
0.77,355,-253.35000000000002,False
0.77,360,-257.2,False
0.77,365,-261.05,False
0.77,370,-264.90000000000003,False
0.77,375,-268.75,False
0.77,380,-272.6,False
0.77,385,-276.45,False
0.77,390,-280.3,False
0.77,395,-284.15000000000003,False
0.77,400,-288.0,False
0.77,405,-291.85,False
0.77,410,-295.7,False
0.77,415,-299.55,False
0.77,420,-303.40000000000003,False
0.77,425,-307.25,False
0.77,430,-311.1,False
0.77,435,-314.95,False
0.77,440,-318.8,False
0.77,445,-322.65000000000003,False
0.77,450,-326.5,False
0.77,455,-330.35,False
0.77,460,-334.2,False
0.77,465,-338.05,False
0.77,470,-341.90000000000003,False
0.77,475,-345.75,False
0.77,480,-349.6,False
0.77,485,-353.45,False
0.77,490,-357.3,False
0.77,495,-361.15000000000003,False
0.77,500,-365.0,False
0.78,0,20.0,True
0.78,5,16.1,True
0.78,10,12.2,True
0.78,15,8.299999999999999,True
0.78,20,4.399999999999999,True
0.78,25,0.5,True
0.78,30,-3.400000000000002,False
0.78,35,-7.300000000000001,False
0.78,40,-11.200000000000003,False
0.78,45,-15.100000000000001,False
0.78,50,-19.0,False
0.78,55,-22.9,False
0.78,60,-26.800000000000004,False
0.78,65,-30.700000000000003,False
0.78,70,-34.6,False
0.78,75,-38.5,False
0.78,80,-42.400000000000006,False
0.78,85,-46.3,False
0.78,90,-50.2,False
0.78,95,-54.10000000000001,False
0.78,100,-58.0,False
0.78,105,-61.900000000000006,False
0.78,110,-65.8,False
0.78,115,-69.7,False
0.78,120,-73.60000000000001,False
0.78,125,-77.5,False
0.78,130,-81.4,False
0.78,135,-85.3,False
0.78,140,-89.2,False
0.78,145,-93.10000000000001,False
0.78,150,-97.0,False
0.78,155,-100.9,False
0.78,160,-104.80000000000001,False
0.78,165,-108.70000000000002,False
0.78,170,-112.6,False
0.78,175,-116.5,False
0.78,180,-120.4,False
0.78,185,-124.30000000000001,False
0.78,190,-128.20000000000002,False
0.78,195,-132.1,False
0.78,200,-136.0,False
0.78,205,-139.9,False
0.78,210,-143.8,False
0.78,215,-147.70000000000002,False
0.78,220,-151.6,False
0.78,225,-155.5,False
0.78,230,-159.4,False
0.78,235,-163.3,False
0.78,240,-167.20000000000002,False
0.78,245,-171.1,False
0.78,250,-175.0,False
0.78,255,-178.9,False
0.78,260,-182.8,False
0.78,265,-186.70000000000002,False
0.78,270,-190.6,False
0.78,275,-194.5,False
0.78,280,-198.4,False
0.78,285,-202.3,False
0.78,290,-206.20000000000002,False
0.78,295,-210.1,False
0.78,300,-214.0,False
0.78,305,-217.9,False
0.78,310,-221.8,False
0.78,315,-225.70000000000002,False
0.78,320,-229.60000000000002,False
0.78,325,-233.5,False
0.78,330,-237.40000000000003,False
0.78,335,-241.3,False
0.78,340,-245.2,False
0.78,345,-249.10000000000002,False
0.78,350,-253.0,False
0.78,355,-256.90000000000003,False
0.78,360,-260.8,False
0.78,365,-264.7,False
0.78,370,-268.6,False
0.78,375,-272.5,False
0.78,380,-276.40000000000003,False
0.78,385,-280.3,False
0.78,390,-284.2,False
0.78,395,-288.1,False
0.78,400,-292.0,False
0.78,405,-295.90000000000003,False
0.78,410,-299.8,False
0.78,415,-303.7,False
0.78,420,-307.6,False
0.78,425,-311.5,False
0.78,430,-315.40000000000003,False
0.78,435,-319.3,False
0.78,440,-323.2,False
0.78,445,-327.1,False
0.78,450,-331.0,False
0.78,455,-334.90000000000003,False
0.78,460,-338.8,False
0.78,465,-342.7,False
0.78,470,-346.6,False
0.78,475,-350.5,False
0.78,480,-354.40000000000003,False
0.78,485,-358.3,False
0.78,490,-362.2,False
0.78,495,-366.1,False
0.78,500,-370.0,False
0.79,0,20.0,True
0.79,5,16.05,True
0.79,10,12.1,True
0.79,15,8.149999999999999,True
0.79,20,4.199999999999999,True
0.79,25,0.25,True
0.79,30,-3.700000000000003,False
0.79,35,-7.650000000000002,False
0.79,40,-11.600000000000001,False
0.79,45,-15.550000000000004,False
0.79,50,-19.5,False
0.79,55,-23.450000000000003,False
0.79,60,-27.400000000000006,False
0.79,65,-31.35,False
0.79,70,-35.300000000000004,False
0.79,75,-39.25,False
0.79,80,-43.2,False
0.79,85,-47.150000000000006,False
0.79,90,-51.10000000000001,False
0.79,95,-55.05,False
0.79,100,-59.0,False
0.79,105,-62.95,False
0.79,110,-66.9,False
0.79,115,-70.85000000000001,False
0.79,120,-74.80000000000001,False
0.79,125,-78.75,False
0.79,130,-82.7,False
0.79,135,-86.65,False
0.79,140,-90.60000000000001,False
0.79,145,-94.55000000000001,False
0.79,150,-98.5,False
0.79,155,-102.45,False
0.79,160,-106.4,False
0.79,165,-110.35,False
0.79,170,-114.30000000000001,False
0.79,175,-118.25,False
0.79,180,-122.20000000000002,False
0.79,185,-126.15,False
0.79,190,-130.1,False
0.79,195,-134.05,False
0.79,200,-138.0,False
0.79,205,-141.95000000000002,False
0.79,210,-145.9,False
0.79,215,-149.85,False
0.79,220,-153.8,False
0.79,225,-157.75,False
0.79,230,-161.70000000000002,False
0.79,235,-165.65,False
0.79,240,-169.60000000000002,False
0.79,245,-173.55,False
0.79,250,-177.5,False
0.79,255,-181.45000000000002,False
0.79,260,-185.4,False
0.79,265,-189.35000000000002,False
0.79,270,-193.3,False
0.79,275,-197.25,False
0.79,280,-201.20000000000002,False
0.79,285,-205.15,False
0.79,290,-209.10000000000002,False
0.79,295,-213.05,False
0.79,300,-217.0,False
0.79,305,-220.95000000000002,False
0.79,310,-224.9,False
0.79,315,-228.85000000000002,False
0.79,320,-232.8,False
0.79,325,-236.75,False
0.79,330,-240.7,False
0.79,335,-244.65000000000003,False
0.79,340,-248.60000000000002,False
0.79,345,-252.55,False
0.79,350,-256.5,False
0.79,355,-260.45,False
0.79,360,-264.40000000000003,False
0.79,365,-268.35,False
0.79,370,-272.3,False
0.79,375,-276.25,False
0.79,380,-280.2,False
0.79,385,-284.15000000000003,False
0.79,390,-288.1,False
0.79,395,-292.05,False
0.79,400,-296.0,False
0.79,405,-299.95,False
0.79,410,-303.90000000000003,False
0.79,415,-307.85,False
0.79,420,-311.8,False
0.79,425,-315.75,False
0.79,430,-319.7,False
0.79,435,-323.65000000000003,False
0.79,440,-327.6,False
0.79,445,-331.55,False
0.79,450,-335.5,False
0.79,455,-339.45,False
0.79,460,-343.40000000000003,False
0.79,465,-347.35,False
0.79,470,-351.3,False
0.79,475,-355.25,False
0.79,480,-359.20000000000005,False
0.79,485,-363.15000000000003,False
0.79,490,-367.1,False
0.79,495,-371.05,False
0.79,500,-375.0,False
0.8,0,20.0,True
0.8,5,16.0,True
0.8,10,12.0,True
0.8,15,8.0,True
0.8,20,4.0,True
0.8,25,0.0,False
0.8,30,-4.0,False
0.8,35,-8.0,False
0.8,40,-12.0,False
0.8,45,-16.0,False
0.8,50,-20.0,False
0.8,55,-24.0,False
0.8,60,-28.0,False
0.8,65,-32.0,False
0.8,70,-36.0,False
0.8,75,-40.0,False
0.8,80,-44.0,False
0.8,85,-48.0,False
0.8,90,-52.0,False
0.8,95,-56.0,False
0.8,100,-60.0,False
0.8,105,-64.0,False
0.8,110,-68.0,False
0.8,115,-72.0,False
0.8,120,-76.0,False
0.8,125,-80.0,False
0.8,130,-84.0,False
0.8,135,-88.0,False
0.8,140,-92.0,False
0.8,145,-96.0,False
0.8,150,-100.0,False
0.8,155,-104.0,False
0.8,160,-108.0,False
0.8,165,-112.0,False
0.8,170,-116.0,False
0.8,175,-120.0,False
0.8,180,-124.0,False
0.8,185,-128.0,False
0.8,190,-132.0,False
0.8,195,-136.0,False
0.8,200,-140.0,False
0.8,205,-144.0,False
0.8,210,-148.0,False
0.8,215,-152.0,False
0.8,220,-156.0,False
0.8,225,-160.0,False
0.8,230,-164.0,False
0.8,235,-168.0,False
0.8,240,-172.0,False
0.8,245,-176.0,False
0.8,250,-180.0,False
0.8,255,-184.0,False
0.8,260,-188.0,False
0.8,265,-192.0,False
0.8,270,-196.0,False
0.8,275,-200.0,False
0.8,280,-204.0,False
0.8,285,-208.0,False
0.8,290,-212.0,False
0.8,295,-216.0,False
0.8,300,-220.0,False
0.8,305,-224.0,False
0.8,310,-228.0,False
0.8,315,-232.0,False
0.8,320,-236.0,False
0.8,325,-240.0,False
0.8,330,-244.0,False
0.8,335,-248.0,False
0.8,340,-252.0,False
0.8,345,-256.0,False
0.8,350,-260.0,False
0.8,355,-264.0,False
0.8,360,-268.0,False
0.8,365,-272.0,False
0.8,370,-276.0,False
0.8,375,-280.0,False
0.8,380,-284.0,False
0.8,385,-288.0,False
0.8,390,-292.0,False
0.8,395,-296.0,False
0.8,400,-300.0,False
0.8,405,-304.0,False
0.8,410,-308.0,False
0.8,415,-312.0,False
0.8,420,-316.0,False
0.8,425,-320.0,False
0.8,430,-324.0,False
0.8,435,-328.0,False
0.8,440,-332.0,False
0.8,445,-336.0,False
0.8,450,-340.0,False
0.8,455,-344.0,False
0.8,460,-348.0,False
0.8,465,-352.0,False
0.8,470,-356.0,False
0.8,475,-360.0,False
0.8,480,-364.0,False
0.8,485,-368.0,False
0.8,490,-372.0,False
0.8,495,-376.0,False
0.8,500,-380.0,False
0.81,0,20.0,True
0.81,5,15.95,True
0.81,10,11.899999999999999,True
0.81,15,7.85,True
0.81,20,3.799999999999997,True
0.81,25,-0.25,False
0.81,30,-4.300000000000001,False
0.81,35,-8.350000000000001,False
0.81,40,-12.400000000000006,False
0.81,45,-16.450000000000003,False
0.81,50,-20.5,False
0.81,55,-24.550000000000004,False
0.81,60,-28.6,False
0.81,65,-32.650000000000006,False
0.81,70,-36.7,False
0.81,75,-40.75000000000001,False
0.81,80,-44.80000000000001,False
0.81,85,-48.85000000000001,False
0.81,90,-52.900000000000006,False
0.81,95,-56.95,False
0.81,100,-61.0,False
0.81,105,-65.05000000000001,False
0.81,110,-69.10000000000001,False
0.81,115,-73.15,False
0.81,120,-77.2,False
0.81,125,-81.25,False
0.81,130,-85.30000000000001,False
0.81,135,-89.35000000000001,False
0.81,140,-93.4,False
0.81,145,-97.45,False
0.81,150,-101.50000000000001,False
0.81,155,-105.55000000000001,False
0.81,160,-109.60000000000002,False
0.81,165,-113.65,False
0.81,170,-117.70000000000002,False
0.81,175,-121.75,False
0.81,180,-125.80000000000001,False
0.81,185,-129.85000000000002,False
0.81,190,-133.9,False
0.81,195,-137.95000000000002,False
0.81,200,-142.0,False
0.81,205,-146.05,False
0.81,210,-150.10000000000002,False
0.81,215,-154.15,False
0.81,220,-158.20000000000002,False
0.81,225,-162.25,False
0.81,230,-166.3,False
0.81,235,-170.35000000000002,False
0.81,240,-174.4,False
0.81,245,-178.45000000000002,False
0.81,250,-182.5,False
0.81,255,-186.55,False
0.81,260,-190.60000000000002,False
0.81,265,-194.65,False
0.81,270,-198.70000000000002,False
0.81,275,-202.75000000000003,False
0.81,280,-206.8,False
0.81,285,-210.85000000000002,False
0.81,290,-214.9,False
0.81,295,-218.95000000000002,False
0.81,300,-223.00000000000003,False
0.81,305,-227.05,False
0.81,310,-231.10000000000002,False
0.81,315,-235.15,False
0.81,320,-239.20000000000005,False
0.81,325,-243.25,False
0.81,330,-247.3,False
0.81,335,-251.35000000000002,False
0.81,340,-255.40000000000003,False
0.81,345,-259.45000000000005,False
0.81,350,-263.5,False
0.81,355,-267.55,False
0.81,360,-271.6,False
0.81,365,-275.65000000000003,False
0.81,370,-279.70000000000005,False
0.81,375,-283.75,False
0.81,380,-287.8,False
0.81,385,-291.85,False
0.81,390,-295.90000000000003,False
0.81,395,-299.95000000000005,False
0.81,400,-304.0,False
0.81,405,-308.05,False
0.81,410,-312.1,False
0.81,415,-316.15000000000003,False
0.81,420,-320.20000000000005,False
0.81,425,-324.25,False
0.81,430,-328.3,False
0.81,435,-332.35,False
0.81,440,-336.40000000000003,False
0.81,445,-340.45000000000005,False
0.81,450,-344.5,False
0.81,455,-348.55,False
0.81,460,-352.6,False
0.81,465,-356.65000000000003,False
0.81,470,-360.70000000000005,False
0.81,475,-364.75,False
0.81,480,-368.8,False
0.81,485,-372.85,False
0.81,490,-376.90000000000003,False
0.81,495,-380.95000000000005,False
0.81,500,-385.0,False
0.8200000000000001,0,20.0,True
0.8200000000000001,5,15.899999999999999,True
0.8200000000000001,10,11.799999999999999,True
0.8200000000000001,15,7.699999999999999,True
0.8200000000000001,20,3.599999999999998,True
0.8200000000000001,25,-0.5,False
0.8200000000000001,30,-4.600000000000001,False
0.8200000000000001,35,-8.700000000000003,False
0.8200000000000001,40,-12.800000000000004,False
0.8200000000000001,45,-16.900000000000006,False
0.8200000000000001,50,-21.0,False
0.8200000000000001,55,-25.1,False
0.8200000000000001,60,-29.200000000000003,False
0.8200000000000001,65,-33.300000000000004,False
0.8200000000000001,70,-37.400000000000006,False
0.8200000000000001,75,-41.50000000000001,False
0.8200000000000001,80,-45.60000000000001,False
0.8200000000000001,85,-49.7,False
0.8200000000000001,90,-53.80000000000001,False
0.8200000000000001,95,-57.900000000000006,False
0.8200000000000001,100,-62.0,False
0.8200000000000001,105,-66.10000000000001,False
0.8200000000000001,110,-70.2,False
0.8200000000000001,115,-74.30000000000001,False
0.8200000000000001,120,-78.4,False
0.8200000000000001,125,-82.50000000000001,False
0.8200000000000001,130,-86.60000000000001,False
0.8200000000000001,135,-90.7,False
0.8200000000000001,140,-94.80000000000001,False
0.8200000000000001,145,-98.9,False
0.8200000000000001,150,-103.00000000000001,False
0.8200000000000001,155,-107.10000000000001,False
0.8200000000000001,160,-111.20000000000002,False
0.8200000000000001,165,-115.30000000000001,False
0.8200000000000001,170,-119.4,False
0.8200000000000001,175,-123.5,False
0.8200000000000001,180,-127.60000000000002,False
0.8200000000000001,185,-131.70000000000002,False
0.8200000000000001,190,-135.8,False
0.8200000000000001,195,-139.9,False
0.8200000000000001,200,-144.0,False
0.8200000000000001,205,-148.10000000000002,False
0.8200000000000001,210,-152.20000000000002,False
0.8200000000000001,215,-156.3,False
0.8200000000000001,220,-160.4,False
0.8200000000000001,225,-164.5,False
0.8200000000000001,230,-168.60000000000002,False
0.8200000000000001,235,-172.70000000000002,False
0.8200000000000001,240,-176.8,False
0.8200000000000001,245,-180.9,False
0.8200000000000001,250,-185.00000000000003,False
0.8200000000000001,255,-189.10000000000002,False
0.8200000000000001,260,-193.20000000000002,False
0.8200000000000001,265,-197.3,False
0.8200000000000001,270,-201.4,False
0.8200000000000001,275,-205.50000000000003,False
0.8200000000000001,280,-209.60000000000002,False
0.8200000000000001,285,-213.70000000000002,False
0.8200000000000001,290,-217.8,False
0.8200000000000001,295,-221.9,False
0.8200000000000001,300,-226.00000000000003,False
0.8200000000000001,305,-230.10000000000002,False
0.8200000000000001,310,-234.20000000000002,False
0.8200000000000001,315,-238.3,False
0.8200000000000001,320,-242.40000000000003,False
0.8200000000000001,325,-246.5,False
0.8200000000000001,330,-250.60000000000002,False
0.8200000000000001,335,-254.70000000000005,False
0.8200000000000001,340,-258.8,False
0.8200000000000001,345,-262.90000000000003,False
0.8200000000000001,350,-267.0,False
0.8200000000000001,355,-271.1,False
0.8200000000000001,360,-275.20000000000005,False
0.8200000000000001,365,-279.3,False
0.8200000000000001,370,-283.40000000000003,False
0.8200000000000001,375,-287.5,False
0.8200000000000001,380,-291.6,False
0.8200000000000001,385,-295.70000000000005,False
0.8200000000000001,390,-299.8,False
0.8200000000000001,395,-303.90000000000003,False
0.8200000000000001,400,-308.0,False
0.8200000000000001,405,-312.1,False
0.8200000000000001,410,-316.20000000000005,False
0.8200000000000001,415,-320.3,False
0.8200000000000001,420,-324.40000000000003,False
0.8200000000000001,425,-328.5,False
0.8200000000000001,430,-332.6,False
0.8200000000000001,435,-336.70000000000005,False
0.8200000000000001,440,-340.8,False
0.8200000000000001,445,-344.90000000000003,False
0.8200000000000001,450,-349.0,False
0.8200000000000001,455,-353.1,False
0.8200000000000001,460,-357.20000000000005,False
0.8200000000000001,465,-361.3,False
0.8200000000000001,470,-365.40000000000003,False
0.8200000000000001,475,-369.50000000000006,False
0.8200000000000001,480,-373.6,False
0.8200000000000001,485,-377.70000000000005,False
0.8200000000000001,490,-381.8,False
0.8200000000000001,495,-385.90000000000003,False
0.8200000000000001,500,-390.00000000000006,False
0.8300000000000001,0,20.0,True
0.8300000000000001,5,15.85,True
0.8300000000000001,10,11.7,True
0.8300000000000001,15,7.549999999999999,True
0.8300000000000001,20,3.3999999999999986,True
0.8300000000000001,25,-0.75,False
0.8300000000000001,30,-4.900000000000002,False
0.8300000000000001,35,-9.050000000000004,False
0.8300000000000001,40,-13.200000000000003,False
0.8300000000000001,45,-17.35,False
0.8300000000000001,50,-21.5,False
0.8300000000000001,55,-25.650000000000006,False
0.8300000000000001,60,-29.800000000000004,False
0.8300000000000001,65,-33.95,False
0.8300000000000001,70,-38.10000000000001,False
0.8300000000000001,75,-42.25000000000001,False
0.8300000000000001,80,-46.400000000000006,False
0.8300000000000001,85,-50.55000000000001,False
0.8300000000000001,90,-54.7,False
0.8300000000000001,95,-58.85000000000001,False
0.8300000000000001,100,-63.0,False
0.8300000000000001,105,-67.15,False
0.8300000000000001,110,-71.30000000000001,False
0.8300000000000001,115,-75.45,False
0.8300000000000001,120,-79.60000000000001,False
0.8300000000000001,125,-83.75000000000001,False
0.8300000000000001,130,-87.9,False
0.8300000000000001,135,-92.05000000000001,False
0.8300000000000001,140,-96.20000000000002,False
0.8300000000000001,145,-100.35000000000001,False
0.8300000000000001,150,-104.50000000000001,False
0.8300000000000001,155,-108.65,False
0.8300000000000001,160,-112.80000000000001,False
0.8300000000000001,165,-116.95000000000002,False
0.8300000000000001,170,-121.10000000000002,False
0.8300000000000001,175,-125.25,False
0.8300000000000001,180,-129.4,False
0.8300000000000001,185,-133.55,False
0.8300000000000001,190,-137.70000000000002,False
0.8300000000000001,195,-141.85000000000002,False
0.8300000000000001,200,-146.0,False
0.8300000000000001,205,-150.15,False
0.8300000000000001,210,-154.3,False
0.8300000000000001,215,-158.45000000000002,False
0.8300000000000001,220,-162.60000000000002,False
0.8300000000000001,225,-166.75000000000003,False
0.8300000000000001,230,-170.9,False
0.8300000000000001,235,-175.05,False
0.8300000000000001,240,-179.20000000000002,False
0.8300000000000001,245,-183.35000000000002,False
0.8300000000000001,250,-187.50000000000003,False
0.8300000000000001,255,-191.65,False
0.8300000000000001,260,-195.8,False
0.8300000000000001,265,-199.95000000000002,False
0.8300000000000001,270,-204.10000000000002,False
0.8300000000000001,275,-208.25000000000003,False
0.8300000000000001,280,-212.40000000000003,False
0.8300000000000001,285,-216.55,False
0.8300000000000001,290,-220.70000000000002,False
0.8300000000000001,295,-224.85000000000002,False
0.8300000000000001,300,-229.00000000000003,False
0.8300000000000001,305,-233.15000000000003,False
0.8300000000000001,310,-237.3,False
0.8300000000000001,315,-241.45000000000005,False
0.8300000000000001,320,-245.60000000000002,False
0.8300000000000001,325,-249.75,False
0.8300000000000001,330,-253.90000000000003,False
0.8300000000000001,335,-258.05,False
0.8300000000000001,340,-262.20000000000005,False
0.8300000000000001,345,-266.35,False
0.8300000000000001,350,-270.5,False
0.8300000000000001,355,-274.65000000000003,False
0.8300000000000001,360,-278.8,False
0.8300000000000001,365,-282.95000000000005,False
0.8300000000000001,370,-287.1,False
0.8300000000000001,375,-291.25,False
0.8300000000000001,380,-295.40000000000003,False
0.8300000000000001,385,-299.55,False
0.8300000000000001,390,-303.70000000000005,False
0.8300000000000001,395,-307.85,False
0.8300000000000001,400,-312.0,False
0.8300000000000001,405,-316.15000000000003,False
0.8300000000000001,410,-320.3,False
0.8300000000000001,415,-324.45000000000005,False
0.8300000000000001,420,-328.6,False
0.8300000000000001,425,-332.75000000000006,False
0.8300000000000001,430,-336.90000000000003,False
0.8300000000000001,435,-341.05,False
0.8300000000000001,440,-345.20000000000005,False
0.8300000000000001,445,-349.35,False
0.8300000000000001,450,-353.50000000000006,False
0.8300000000000001,455,-357.65000000000003,False
0.8300000000000001,460,-361.8,False
0.8300000000000001,465,-365.95000000000005,False
0.8300000000000001,470,-370.1,False
0.8300000000000001,475,-374.25000000000006,False
0.8300000000000001,480,-378.40000000000003,False
0.8300000000000001,485,-382.55,False
0.8300000000000001,490,-386.70000000000005,False
0.8300000000000001,495,-390.85,False
0.8300000000000001,500,-395.00000000000006,False
0.84,0,20.0,True
0.84,5,15.8,True
0.84,10,11.6,True
0.84,15,7.4,True
0.84,20,3.1999999999999993,True
0.84,25,-1.0,False
0.84,30,-5.199999999999999,False
0.84,35,-9.399999999999999,False
0.84,40,-13.600000000000001,False
0.84,45,-17.799999999999997,False
0.84,50,-22.0,False
0.84,55,-26.199999999999996,False
0.84,60,-30.4,False
0.84,65,-34.6,False
0.84,70,-38.8,False
0.84,75,-43.0,False
0.84,80,-47.2,False
0.84,85,-51.39999999999999,False
0.84,90,-55.599999999999994,False
0.84,95,-59.8,False
0.84,100,-64.0,False
0.84,105,-68.2,False
0.84,110,-72.39999999999999,False
0.84,115,-76.6,False
0.84,120,-80.8,False
0.84,125,-85.0,False
0.84,130,-89.2,False
0.84,135,-93.39999999999999,False
0.84,140,-97.6,False
0.84,145,-101.8,False
0.84,150,-106.0,False
0.84,155,-110.19999999999999,False
0.84,160,-114.4,False
0.84,165,-118.6,False
0.84,170,-122.79999999999998,False
0.84,175,-127.0,False
0.84,180,-131.2,False
0.84,185,-135.4,False
0.84,190,-139.6,False
0.84,195,-143.79999999999998,False
0.84,200,-148.0,False
0.84,205,-152.2,False
0.84,210,-156.4,False
0.84,215,-160.6,False
0.84,220,-164.79999999999998,False
0.84,225,-169.0,False
0.84,230,-173.2,False
0.84,235,-177.4,False
0.84,240,-181.6,False
0.84,245,-185.79999999999998,False
0.84,250,-190.0,False
0.84,255,-194.2,False
0.84,260,-198.4,False
0.84,265,-202.6,False
0.84,270,-206.79999999999998,False
0.84,275,-211.0,False
0.84,280,-215.2,False
0.84,285,-219.39999999999998,False
0.84,290,-223.6,False
0.84,295,-227.79999999999998,False
0.84,300,-232.0,False
0.84,305,-236.2,False
0.84,310,-240.39999999999998,False
0.84,315,-244.59999999999997,False
0.84,320,-248.8,False
0.84,325,-253.0,False
0.84,330,-257.2,False
0.84,335,-261.4,False
0.84,340,-265.59999999999997,False
0.84,345,-269.8,False
0.84,350,-274.0,False
0.84,355,-278.2,False
0.84,360,-282.4,False
0.84,365,-286.59999999999997,False
0.84,370,-290.8,False
0.84,375,-295.0,False
0.84,380,-299.2,False
0.84,385,-303.4,False
0.84,390,-307.59999999999997,False
0.84,395,-311.8,False
0.84,400,-316.0,False
0.84,405,-320.2,False
0.84,410,-324.4,False
0.84,415,-328.59999999999997,False
0.84,420,-332.8,False
0.84,425,-337.0,False
0.84,430,-341.2,False
0.84,435,-345.4,False
0.84,440,-349.59999999999997,False
0.84,445,-353.8,False
0.84,450,-358.0,False
0.84,455,-362.2,False
0.84,460,-366.4,False
0.84,465,-370.59999999999997,False
0.84,470,-374.8,False
0.84,475,-379.0,False
0.84,480,-383.2,False
0.84,485,-387.4,False
0.84,490,-391.59999999999997,False
0.84,495,-395.8,False
0.84,500,-400.0,False
0.85,0,20.0,True
0.85,5,15.75,True
0.85,10,11.5,True
0.85,15,7.25,True
0.85,20,3.0,True
0.85,25,-1.25,False
0.85,30,-5.5,False
0.85,35,-9.75,False
0.85,40,-14.0,False
0.85,45,-18.25,False
0.85,50,-22.5,False
0.85,55,-26.75,False
0.85,60,-31.0,False
0.85,65,-35.25,False
0.85,70,-39.5,False
0.85,75,-43.75,False
0.85,80,-48.0,False
0.85,85,-52.25,False
0.85,90,-56.5,False
0.85,95,-60.75,False
0.85,100,-65.0,False
0.85,105,-69.25,False
0.85,110,-73.5,False
0.85,115,-77.75,False
0.85,120,-82.0,False
0.85,125,-86.25,False
0.85,130,-90.5,False
0.85,135,-94.75,False
0.85,140,-99.0,False
0.85,145,-103.25,False
0.85,150,-107.5,False
0.85,155,-111.75,False
0.85,160,-116.0,False
0.85,165,-120.25,False
0.85,170,-124.5,False
0.85,175,-128.75,False
0.85,180,-133.0,False
0.85,185,-137.25,False
0.85,190,-141.5,False
0.85,195,-145.75,False
0.85,200,-150.0,False
0.85,205,-154.25,False
0.85,210,-158.5,False
0.85,215,-162.75,False
0.85,220,-167.0,False
0.85,225,-171.25,False
0.85,230,-175.5,False
0.85,235,-179.75,False
0.85,240,-184.0,False
0.85,245,-188.25,False
0.85,250,-192.5,False
0.85,255,-196.75,False
0.85,260,-201.0,False
0.85,265,-205.25,False
0.85,270,-209.5,False
0.85,275,-213.75,False
0.85,280,-218.0,False
0.85,285,-222.25,False
0.85,290,-226.5,False
0.85,295,-230.75,False
0.85,300,-235.0,False
0.85,305,-239.25,False
0.85,310,-243.5,False
0.85,315,-247.75,False
0.85,320,-252.0,False
0.85,325,-256.25,False
0.85,330,-260.5,False
0.85,335,-264.75,False
0.85,340,-269.0,False
0.85,345,-273.25,False
0.85,350,-277.5,False
0.85,355,-281.75,False
0.85,360,-286.0,False
0.85,365,-290.25,False
0.85,370,-294.5,False
0.85,375,-298.75,False
0.85,380,-303.0,False
0.85,385,-307.25,False
0.85,390,-311.5,False
0.85,395,-315.75,False
0.85,400,-320.0,False
0.85,405,-324.25,False
0.85,410,-328.5,False
0.85,415,-332.75,False
0.85,420,-337.0,False
0.85,425,-341.25,False
0.85,430,-345.5,False
0.85,435,-349.75,False
0.85,440,-354.0,False
0.85,445,-358.25,False
0.85,450,-362.5,False
0.85,455,-366.75,False
0.85,460,-371.0,False
0.85,465,-375.25,False
0.85,470,-379.5,False
0.85,475,-383.75,False
0.85,480,-388.0,False
0.85,485,-392.25,False
0.85,490,-396.5,False
0.85,495,-400.75,False
0.85,500,-405.0,False
0.86,0,20.0,True
0.86,5,15.7,True
0.86,10,11.4,True
0.86,15,7.1,True
0.86,20,2.8000000000000007,True
0.86,25,-1.5,False
0.86,30,-5.800000000000001,False
0.86,35,-10.099999999999998,False
0.86,40,-14.399999999999999,False
0.86,45,-18.700000000000003,False
0.86,50,-23.0,False
0.86,55,-27.299999999999997,False
0.86,60,-31.6,False
0.86,65,-35.9,False
0.86,70,-40.199999999999996,False
0.86,75,-44.5,False
0.86,80,-48.8,False
0.86,85,-53.099999999999994,False
0.86,90,-57.400000000000006,False
0.86,95,-61.7,False
0.86,100,-66.0,False
0.86,105,-70.3,False
0.86,110,-74.6,False
0.86,115,-78.89999999999999,False
0.86,120,-83.2,False
0.86,125,-87.5,False
0.86,130,-91.8,False
0.86,135,-96.1,False
0.86,140,-100.39999999999999,False
0.86,145,-104.7,False
0.86,150,-109.0,False
0.86,155,-113.30000000000001,False
0.86,160,-117.6,False
0.86,165,-121.9,False
0.86,170,-126.19999999999999,False
0.86,175,-130.5,False
0.86,180,-134.8,False
0.86,185,-139.1,False
0.86,190,-143.4,False
0.86,195,-147.7,False
0.86,200,-152.0,False
0.86,205,-156.3,False
0.86,210,-160.6,False
0.86,215,-164.9,False
0.86,220,-169.2,False
0.86,225,-173.5,False
0.86,230,-177.79999999999998,False
0.86,235,-182.1,False
0.86,240,-186.4,False
0.86,245,-190.7,False
0.86,250,-195.0,False
0.86,255,-199.29999999999998,False
0.86,260,-203.6,False
0.86,265,-207.9,False
0.86,270,-212.2,False
0.86,275,-216.5,False
0.86,280,-220.79999999999998,False
0.86,285,-225.1,False
0.86,290,-229.4,False
0.86,295,-233.7,False
0.86,300,-238.0,False
0.86,305,-242.3,False
0.86,310,-246.60000000000002,False
0.86,315,-250.89999999999998,False
0.86,320,-255.2,False
0.86,325,-259.5,False
0.86,330,-263.8,False
0.86,335,-268.1,False
0.86,340,-272.4,False
0.86,345,-276.7,False
0.86,350,-281.0,False
0.86,355,-285.3,False
0.86,360,-289.6,False
0.86,365,-293.9,False
0.86,370,-298.2,False
0.86,375,-302.5,False
0.86,380,-306.8,False
0.86,385,-311.1,False
0.86,390,-315.4,False
0.86,395,-319.7,False
0.86,400,-324.0,False
0.86,405,-328.3,False
0.86,410,-332.6,False
0.86,415,-336.9,False
0.86,420,-341.2,False
0.86,425,-345.5,False
0.86,430,-349.8,False
0.86,435,-354.09999999999997,False
0.86,440,-358.4,False
0.86,445,-362.7,False
0.86,450,-367.0,False
0.86,455,-371.3,False
0.86,460,-375.59999999999997,False
0.86,465,-379.9,False
0.86,470,-384.2,False
0.86,475,-388.5,False
0.86,480,-392.8,False
0.86,485,-397.09999999999997,False
0.86,490,-401.4,False
0.86,495,-405.7,False
0.86,500,-410.0,False
0.87,0,20.0,True
0.87,5,15.65,True
0.87,10,11.3,True
0.87,15,6.949999999999999,True
0.87,20,2.6000000000000014,True
0.87,25,-1.75,False
0.87,30,-6.100000000000001,False
0.87,35,-10.45,False
0.87,40,-14.799999999999997,False
0.87,45,-19.15,False
0.87,50,-23.5,False
0.87,55,-27.85,False
0.87,60,-32.2,False
0.87,65,-36.55,False
0.87,70,-40.9,False
0.87,75,-45.25,False
0.87,80,-49.599999999999994,False
0.87,85,-53.95,False
0.87,90,-58.3,False
0.87,95,-62.650000000000006,False
0.87,100,-67.0,False
0.87,105,-71.35,False
0.87,110,-75.7,False
0.87,115,-80.05,False
0.87,120,-84.4,False
0.87,125,-88.75,False
0.87,130,-93.1,False
0.87,135,-97.45,False
0.87,140,-101.8,False
0.87,145,-106.15,False
0.87,150,-110.5,False
0.87,155,-114.85,False
0.87,160,-119.19999999999999,False
0.87,165,-123.55000000000001,False
0.87,170,-127.9,False
0.87,175,-132.25,False
0.87,180,-136.6,False
0.87,185,-140.95,False
0.87,190,-145.3,False
0.87,195,-149.65,False
0.87,200,-154.0,False
0.87,205,-158.35,False
0.87,210,-162.7,False
0.87,215,-167.05,False
0.87,220,-171.4,False
0.87,225,-175.75,False
0.87,230,-180.1,False
0.87,235,-184.45,False
0.87,240,-188.8,False
0.87,245,-193.15,False
0.87,250,-197.5,False
0.87,255,-201.85,False
0.87,260,-206.2,False
0.87,265,-210.55,False
0.87,270,-214.9,False
0.87,275,-219.25,False
0.87,280,-223.6,False
0.87,285,-227.95,False
0.87,290,-232.3,False
0.87,295,-236.64999999999998,False
0.87,300,-241.0,False
0.87,305,-245.35000000000002,False
0.87,310,-249.7,False
0.87,315,-254.05,False
0.87,320,-258.4,False
0.87,325,-262.75,False
0.87,330,-267.1,False
0.87,335,-271.45,False
0.87,340,-275.8,False
0.87,345,-280.15,False
0.87,350,-284.5,False
0.87,355,-288.85,False
0.87,360,-293.2,False
0.87,365,-297.55,False
0.87,370,-301.9,False
0.87,375,-306.25,False
0.87,380,-310.6,False
0.87,385,-314.95,False
0.87,390,-319.3,False
0.87,395,-323.65,False
0.87,400,-328.0,False
0.87,405,-332.35,False
0.87,410,-336.7,False
0.87,415,-341.05,False
0.87,420,-345.4,False
0.87,425,-349.75,False
0.87,430,-354.1,False
0.87,435,-358.45,False
0.87,440,-362.8,False
0.87,445,-367.15,False
0.87,450,-371.5,False
0.87,455,-375.85,False
0.87,460,-380.2,False
0.87,465,-384.55,False
0.87,470,-388.9,False
0.87,475,-393.25,False
0.87,480,-397.6,False
0.87,485,-401.95,False
0.87,490,-406.3,False
0.87,495,-410.65,False
0.87,500,-415.0,False
0.88,0,20.0,True
0.88,5,15.6,True
0.88,10,11.2,True
0.88,15,6.800000000000001,True
0.88,20,2.3999999999999986,True
0.88,25,-2.0,False
0.88,30,-6.399999999999999,False
0.88,35,-10.8,False
0.88,40,-15.200000000000003,False
0.88,45,-19.6,False
0.88,50,-24.0,False
0.88,55,-28.4,False
0.88,60,-32.8,False
0.88,65,-37.2,False
0.88,70,-41.6,False
0.88,75,-46.0,False
0.88,80,-50.400000000000006,False
0.88,85,-54.8,False
0.88,90,-59.2,False
0.88,95,-63.599999999999994,False
0.88,100,-68.0,False
0.88,105,-72.4,False
0.88,110,-76.8,False
0.88,115,-81.2,False
0.88,120,-85.6,False
0.88,125,-90.0,False
0.88,130,-94.4,False
0.88,135,-98.8,False
0.88,140,-103.2,False
0.88,145,-107.6,False
0.88,150,-112.0,False
0.88,155,-116.4,False
0.88,160,-120.80000000000001,False
0.88,165,-125.19999999999999,False
0.88,170,-129.6,False
0.88,175,-134.0,False
0.88,180,-138.4,False
0.88,185,-142.8,False
0.88,190,-147.2,False
0.88,195,-151.6,False
0.88,200,-156.0,False
0.88,205,-160.4,False
0.88,210,-164.8,False
0.88,215,-169.2,False
0.88,220,-173.6,False
0.88,225,-178.0,False
0.88,230,-182.4,False
0.88,235,-186.8,False
0.88,240,-191.2,False
0.88,245,-195.6,False
0.88,250,-200.0,False
0.88,255,-204.4,False
0.88,260,-208.8,False
0.88,265,-213.2,False
0.88,270,-217.6,False
0.88,275,-222.0,False
0.88,280,-226.4,False
0.88,285,-230.8,False
0.88,290,-235.2,False
0.88,295,-239.60000000000002,False
0.88,300,-244.0,False
0.88,305,-248.39999999999998,False
0.88,310,-252.8,False
0.88,315,-257.2,False
0.88,320,-261.6,False
0.88,325,-266.0,False
0.88,330,-270.4,False
0.88,335,-274.8,False
0.88,340,-279.2,False
0.88,345,-283.6,False
0.88,350,-288.0,False
0.88,355,-292.4,False
0.88,360,-296.8,False
0.88,365,-301.2,False
0.88,370,-305.6,False
0.88,375,-310.0,False
0.88,380,-314.4,False
0.88,385,-318.8,False
0.88,390,-323.2,False
0.88,395,-327.6,False
0.88,400,-332.0,False
0.88,405,-336.4,False
0.88,410,-340.8,False
0.88,415,-345.2,False
0.88,420,-349.6,False
0.88,425,-354.0,False
0.88,430,-358.4,False
0.88,435,-362.8,False
0.88,440,-367.2,False
0.88,445,-371.6,False
0.88,450,-376.0,False
0.88,455,-380.4,False
0.88,460,-384.8,False
0.88,465,-389.2,False
0.88,470,-393.6,False
0.88,475,-398.0,False
0.88,480,-402.4,False
0.88,485,-406.8,False
0.88,490,-411.2,False
0.88,495,-415.6,False
0.88,500,-420.0,False
0.89,0,20.0,True
0.89,5,15.55,True
0.89,10,11.1,True
0.89,15,6.65,True
0.89,20,2.1999999999999993,True
0.89,25,-2.25,False
0.89,30,-6.699999999999999,False
0.89,35,-11.150000000000002,False
0.89,40,-15.600000000000001,False
0.89,45,-20.049999999999997,False
0.89,50,-24.5,False
0.89,55,-28.950000000000003,False
0.89,60,-33.4,False
0.89,65,-37.85,False
0.89,70,-42.300000000000004,False
0.89,75,-46.75,False
0.89,80,-51.2,False
0.89,85,-55.650000000000006,False
0.89,90,-60.099999999999994,False
0.89,95,-64.55,False
0.89,100,-69.0,False
0.89,105,-73.45,False
0.89,110,-77.9,False
0.89,115,-82.35000000000001,False
0.89,120,-86.8,False
0.89,125,-91.25,False
0.89,130,-95.7,False
0.89,135,-100.15,False
0.89,140,-104.60000000000001,False
0.89,145,-109.05000000000001,False
0.89,150,-113.5,False
0.89,155,-117.94999999999999,False
0.89,160,-122.4,False
0.89,165,-126.85,False
0.89,170,-131.3,False
0.89,175,-135.75,False
0.89,180,-140.2,False
0.89,185,-144.65,False
0.89,190,-149.1,False
0.89,195,-153.55,False
0.89,200,-158.0,False
0.89,205,-162.45,False
0.89,210,-166.9,False
0.89,215,-171.35,False
0.89,220,-175.8,False
0.89,225,-180.25,False
0.89,230,-184.70000000000002,False
0.89,235,-189.15,False
0.89,240,-193.6,False
0.89,245,-198.05,False
0.89,250,-202.5,False
0.89,255,-206.95000000000002,False
0.89,260,-211.4,False
0.89,265,-215.85,False
0.89,270,-220.3,False
0.89,275,-224.75,False
0.89,280,-229.20000000000002,False
0.89,285,-233.65,False
0.89,290,-238.10000000000002,False
0.89,295,-242.55,False
0.89,300,-247.0,False
0.89,305,-251.45,False
0.89,310,-255.89999999999998,False
0.89,315,-260.35,False
0.89,320,-264.8,False
0.89,325,-269.25,False
0.89,330,-273.7,False
0.89,335,-278.15,False
0.89,340,-282.6,False
0.89,345,-287.05,False
0.89,350,-291.5,False
0.89,355,-295.95,False
0.89,360,-300.4,False
0.89,365,-304.85,False
0.89,370,-309.3,False
0.89,375,-313.75,False
0.89,380,-318.2,False
0.89,385,-322.65,False
0.89,390,-327.1,False
0.89,395,-331.55,False
0.89,400,-336.0,False
0.89,405,-340.45,False
0.89,410,-344.9,False
0.89,415,-349.35,False
0.89,420,-353.8,False
0.89,425,-358.25,False
0.89,430,-362.7,False
0.89,435,-367.15000000000003,False
0.89,440,-371.6,False
0.89,445,-376.05,False
0.89,450,-380.5,False
0.89,455,-384.95,False
0.89,460,-389.40000000000003,False
0.89,465,-393.85,False
0.89,470,-398.3,False
0.89,475,-402.75,False
0.89,480,-407.2,False
0.89,485,-411.65000000000003,False
0.89,490,-416.1,False
0.89,495,-420.55,False
0.89,500,-425.0,False
0.9,0,20.0,True
0.9,5,15.5,True
0.9,10,11.0,True
0.9,15,6.5,True
0.9,20,2.0,True
0.9,25,-2.5,False
0.9,30,-7.0,False
0.9,35,-11.5,False
0.9,40,-16.0,False
0.9,45,-20.5,False
0.9,50,-25.0,False
0.9,55,-29.5,False
0.9,60,-34.0,False
0.9,65,-38.5,False
0.9,70,-43.0,False
0.9,75,-47.5,False
0.9,80,-52.0,False
0.9,85,-56.5,False
0.9,90,-61.0,False
0.9,95,-65.5,False
0.9,100,-70.0,False
0.9,105,-74.5,False
0.9,110,-79.0,False
0.9,115,-83.5,False
0.9,120,-88.0,False
0.9,125,-92.5,False
0.9,130,-97.0,False
0.9,135,-101.5,False
0.9,140,-106.0,False
0.9,145,-110.5,False
0.9,150,-115.0,False
0.9,155,-119.5,False
0.9,160,-124.0,False
0.9,165,-128.5,False
0.9,170,-133.0,False
0.9,175,-137.5,False
0.9,180,-142.0,False
0.9,185,-146.5,False
0.9,190,-151.0,False
0.9,195,-155.5,False
0.9,200,-160.0,False
0.9,205,-164.5,False
0.9,210,-169.0,False
0.9,215,-173.5,False
0.9,220,-178.0,False
0.9,225,-182.5,False
0.9,230,-187.0,False
0.9,235,-191.5,False
0.9,240,-196.0,False
0.9,245,-200.5,False
0.9,250,-205.0,False
0.9,255,-209.5,False
0.9,260,-214.0,False
0.9,265,-218.5,False
0.9,270,-223.0,False
0.9,275,-227.5,False
0.9,280,-232.0,False
0.9,285,-236.5,False
0.9,290,-241.0,False
0.9,295,-245.5,False
0.9,300,-250.0,False
0.9,305,-254.5,False
0.9,310,-259.0,False
0.9,315,-263.5,False
0.9,320,-268.0,False
0.9,325,-272.5,False
0.9,330,-277.0,False
0.9,335,-281.5,False
0.9,340,-286.0,False
0.9,345,-290.5,False
0.9,350,-295.0,False
0.9,355,-299.5,False
0.9,360,-304.0,False
0.9,365,-308.5,False
0.9,370,-313.0,False
0.9,375,-317.5,False
0.9,380,-322.0,False
0.9,385,-326.5,False
0.9,390,-331.0,False
0.9,395,-335.5,False
0.9,400,-340.0,False
0.9,405,-344.5,False
0.9,410,-349.0,False
0.9,415,-353.5,False
0.9,420,-358.0,False
0.9,425,-362.5,False
0.9,430,-367.0,False
0.9,435,-371.5,False
0.9,440,-376.0,False
0.9,445,-380.5,False
0.9,450,-385.0,False
0.9,455,-389.5,False
0.9,460,-394.0,False
0.9,465,-398.5,False
0.9,470,-403.0,False
0.9,475,-407.5,False
0.9,480,-412.0,False
0.9,485,-416.5,False
0.9,490,-421.0,False
0.9,495,-425.5,False
0.9,500,-430.0,False
0.91,0,20.0,True
0.91,5,15.45,True
0.91,10,10.9,True
0.91,15,6.35,True
0.91,20,1.8000000000000007,True
0.91,25,-2.75,False
0.91,30,-7.300000000000001,False
0.91,35,-11.850000000000001,False
0.91,40,-16.4,False
0.91,45,-20.950000000000003,False
0.91,50,-25.5,False
0.91,55,-30.050000000000004,False
0.91,60,-34.6,False
0.91,65,-39.15,False
0.91,70,-43.7,False
0.91,75,-48.25,False
0.91,80,-52.8,False
0.91,85,-57.35000000000001,False
0.91,90,-61.900000000000006,False
0.91,95,-66.45,False
0.91,100,-71.0,False
0.91,105,-75.55,False
0.91,110,-80.10000000000001,False
0.91,115,-84.65,False
0.91,120,-89.2,False
0.91,125,-93.75,False
0.91,130,-98.3,False
0.91,135,-102.85000000000001,False
0.91,140,-107.4,False
0.91,145,-111.95000000000002,False
0.91,150,-116.5,False
0.91,155,-121.05000000000001,False
0.91,160,-125.6,False
0.91,165,-130.15,False
0.91,170,-134.70000000000002,False
0.91,175,-139.25,False
0.91,180,-143.8,False
0.91,185,-148.35,False
0.91,190,-152.9,False
0.91,195,-157.45000000000002,False
0.91,200,-162.0,False
0.91,205,-166.55,False
0.91,210,-171.1,False
0.91,215,-175.65,False
0.91,220,-180.20000000000002,False
0.91,225,-184.75,False
0.91,230,-189.3,False
0.91,235,-193.85,False
0.91,240,-198.4,False
0.91,245,-202.95000000000002,False
0.91,250,-207.5,False
0.91,255,-212.05,False
0.91,260,-216.6,False
0.91,265,-221.15,False
0.91,270,-225.70000000000002,False
0.91,275,-230.25,False
0.91,280,-234.8,False
0.91,285,-239.35000000000002,False
0.91,290,-243.90000000000003,False
0.91,295,-248.45,False
0.91,300,-253.0,False
0.91,305,-257.55,False
0.91,310,-262.1,False
0.91,315,-266.65000000000003,False
0.91,320,-271.2,False
0.91,325,-275.75,False
0.91,330,-280.3,False
0.91,335,-284.85,False
0.91,340,-289.40000000000003,False
0.91,345,-293.95,False
0.91,350,-298.5,False
0.91,355,-303.05,False
0.91,360,-307.6,False
0.91,365,-312.15000000000003,False
0.91,370,-316.7,False
0.91,375,-321.25,False
0.91,380,-325.8,False
0.91,385,-330.35,False
0.91,390,-334.90000000000003,False
0.91,395,-339.45,False
0.91,400,-344.0,False
0.91,405,-348.55,False
0.91,410,-353.1,False
0.91,415,-357.65000000000003,False
0.91,420,-362.2,False
0.91,425,-366.75,False
0.91,430,-371.3,False
0.91,435,-375.85,False
0.91,440,-380.40000000000003,False
0.91,445,-384.95,False
0.91,450,-389.5,False
0.91,455,-394.05,False
0.91,460,-398.6,False
0.91,465,-403.15000000000003,False
0.91,470,-407.7,False
0.91,475,-412.25,False
0.91,480,-416.8,False
0.91,485,-421.35,False
0.91,490,-425.90000000000003,False
0.91,495,-430.45,False
0.91,500,-435.0,False
0.92,0,20.0,True
0.92,5,15.399999999999999,True
0.92,10,10.799999999999999,True
0.92,15,6.199999999999999,True
0.92,20,1.5999999999999979,True
0.92,25,-3.0,False
0.92,30,-7.600000000000001,False
0.92,35,-12.200000000000003,False
0.92,40,-16.800000000000004,False
0.92,45,-21.4,False
0.92,50,-26.0,False
0.92,55,-30.6,False
0.92,60,-35.2,False
0.92,65,-39.800000000000004,False
0.92,70,-44.400000000000006,False
0.92,75,-49.0,False
0.92,80,-53.60000000000001,False
0.92,85,-58.2,False
0.92,90,-62.8,False
0.92,95,-67.4,False
0.92,100,-72.0,False
0.92,105,-76.60000000000001,False
0.92,110,-81.2,False
0.92,115,-85.80000000000001,False
0.92,120,-90.4,False
0.92,125,-95.0,False
0.92,130,-99.60000000000001,False
0.92,135,-104.2,False
0.92,140,-108.80000000000001,False
0.92,145,-113.4,False
0.92,150,-118.0,False
0.92,155,-122.6,False
0.92,160,-127.20000000000002,False
0.92,165,-131.8,False
0.92,170,-136.4,False
0.92,175,-141.0,False
0.92,180,-145.6,False
0.92,185,-150.20000000000002,False
0.92,190,-154.8,False
0.92,195,-159.4,False
0.92,200,-164.0,False
0.92,205,-168.6,False
0.92,210,-173.20000000000002,False
0.92,215,-177.8,False
0.92,220,-182.4,False
0.92,225,-187.0,False
0.92,230,-191.60000000000002,False
0.92,235,-196.20000000000002,False
0.92,240,-200.8,False
0.92,245,-205.4,False
0.92,250,-210.0,False
0.92,255,-214.60000000000002,False
0.92,260,-219.20000000000002,False
0.92,265,-223.8,False
0.92,270,-228.4,False
0.92,275,-233.0,False
0.92,280,-237.60000000000002,False
0.92,285,-242.2,False
0.92,290,-246.8,False
0.92,295,-251.40000000000003,False
0.92,300,-256.0,False
0.92,305,-260.6,False
0.92,310,-265.2,False
0.92,315,-269.8,False
0.92,320,-274.40000000000003,False
0.92,325,-279.0,False
0.92,330,-283.6,False
0.92,335,-288.2,False
0.92,340,-292.8,False
0.92,345,-297.40000000000003,False
0.92,350,-302.0,False
0.92,355,-306.6,False
0.92,360,-311.2,False
0.92,365,-315.8,False
0.92,370,-320.40000000000003,False
0.92,375,-325.0,False
0.92,380,-329.6,False
0.92,385,-334.2,False
0.92,390,-338.8,False
0.92,395,-343.40000000000003,False
0.92,400,-348.0,False
0.92,405,-352.6,False
0.92,410,-357.2,False
0.92,415,-361.8,False
0.92,420,-366.40000000000003,False
0.92,425,-371.0,False
0.92,430,-375.6,False
0.92,435,-380.20000000000005,False
0.92,440,-384.8,False
0.92,445,-389.40000000000003,False
0.92,450,-394.0,False
0.92,455,-398.6,False
0.92,460,-403.20000000000005,False
0.92,465,-407.8,False
0.92,470,-412.40000000000003,False
0.92,475,-417.0,False
0.92,480,-421.6,False
0.92,485,-426.20000000000005,False
0.92,490,-430.8,False
0.92,495,-435.40000000000003,False
0.92,500,-440.0,False
0.93,0,20.0,True
0.93,5,15.35,True
0.93,10,10.7,True
0.93,15,6.049999999999999,True
0.93,20,1.3999999999999986,True
0.93,25,-3.25,False
0.93,30,-7.900000000000002,False
0.93,35,-12.550000000000004,False
0.93,40,-17.200000000000003,False
0.93,45,-21.85,False
0.93,50,-26.5,False
0.93,55,-31.150000000000006,False
0.93,60,-35.800000000000004,False
0.93,65,-40.45,False
0.93,70,-45.10000000000001,False
0.93,75,-49.75,False
0.93,80,-54.400000000000006,False
0.93,85,-59.05,False
0.93,90,-63.7,False
0.93,95,-68.35000000000001,False
0.93,100,-73.0,False
0.93,105,-77.65,False
0.93,110,-82.30000000000001,False
0.93,115,-86.95,False
0.93,120,-91.60000000000001,False
0.93,125,-96.25,False
0.93,130,-100.9,False
0.93,135,-105.55000000000001,False
0.93,140,-110.20000000000002,False
0.93,145,-114.85,False
0.93,150,-119.5,False
0.93,155,-124.15,False
0.93,160,-128.8,False
0.93,165,-133.45000000000002,False
0.93,170,-138.1,False
0.93,175,-142.75,False
0.93,180,-147.4,False
0.93,185,-152.05,False
0.93,190,-156.70000000000002,False
0.93,195,-161.35000000000002,False
0.93,200,-166.0,False
0.93,205,-170.65,False
0.93,210,-175.3,False
0.93,215,-179.95000000000002,False
0.93,220,-184.60000000000002,False
0.93,225,-189.25,False
0.93,230,-193.9,False
0.93,235,-198.55,False
0.93,240,-203.20000000000002,False
0.93,245,-207.85000000000002,False
0.93,250,-212.5,False
0.93,255,-217.15,False
0.93,260,-221.8,False
0.93,265,-226.45000000000002,False
0.93,270,-231.10000000000002,False
0.93,275,-235.75,False
0.93,280,-240.40000000000003,False
0.93,285,-245.05,False
0.93,290,-249.7,False
0.93,295,-254.35000000000002,False
0.93,300,-259.0,False
0.93,305,-263.65000000000003,False
0.93,310,-268.3,False
0.93,315,-272.95,False
0.93,320,-277.6,False
0.93,325,-282.25,False
0.93,330,-286.90000000000003,False
0.93,335,-291.55,False
0.93,340,-296.2,False
0.93,345,-300.85,False
0.93,350,-305.5,False
0.93,355,-310.15000000000003,False
0.93,360,-314.8,False
0.93,365,-319.45000000000005,False
0.93,370,-324.1,False
0.93,375,-328.75,False
0.93,380,-333.40000000000003,False
0.93,385,-338.05,False
0.93,390,-342.70000000000005,False
0.93,395,-347.35,False
0.93,400,-352.0,False
0.93,405,-356.65000000000003,False
0.93,410,-361.3,False
0.93,415,-365.95000000000005,False
0.93,420,-370.6,False
0.93,425,-375.25,False
0.93,430,-379.90000000000003,False
0.93,435,-384.55,False
0.93,440,-389.20000000000005,False
0.93,445,-393.85,False
0.93,450,-398.5,False
0.93,455,-403.15000000000003,False
0.93,460,-407.8,False
0.93,465,-412.45000000000005,False
0.93,470,-417.1,False
0.93,475,-421.75,False
0.93,480,-426.40000000000003,False
0.93,485,-431.05,False
0.93,490,-435.70000000000005,False
0.93,495,-440.35,False
0.93,500,-445.0,False
0.9400000000000001,0,20.0,True
0.9400000000000001,5,15.3,True
0.9400000000000001,10,10.6,True
0.9400000000000001,15,5.899999999999999,True
0.9400000000000001,20,1.1999999999999993,True
0.9400000000000001,25,-3.5,False
0.9400000000000001,30,-8.200000000000003,False
0.9400000000000001,35,-12.899999999999999,False
0.9400000000000001,40,-17.6,False
0.9400000000000001,45,-22.300000000000004,False
0.9400000000000001,50,-27.0,False
0.9400000000000001,55,-31.700000000000003,False
0.9400000000000001,60,-36.400000000000006,False
0.9400000000000001,65,-41.1,False
0.9400000000000001,70,-45.8,False
0.9400000000000001,75,-50.5,False
0.9400000000000001,80,-55.2,False
0.9400000000000001,85,-59.900000000000006,False
0.9400000000000001,90,-64.60000000000001,False
0.9400000000000001,95,-69.30000000000001,False
0.9400000000000001,100,-74.0,False
0.9400000000000001,105,-78.7,False
0.9400000000000001,110,-83.4,False
0.9400000000000001,115,-88.10000000000001,False
0.9400000000000001,120,-92.80000000000001,False
0.9400000000000001,125,-97.50000000000001,False
0.9400000000000001,130,-102.2,False
0.9400000000000001,135,-106.9,False
0.9400000000000001,140,-111.6,False
0.9400000000000001,145,-116.30000000000001,False
0.9400000000000001,150,-121.0,False
0.9400000000000001,155,-125.70000000000002,False
0.9400000000000001,160,-130.4,False
0.9400000000000001,165,-135.10000000000002,False
0.9400000000000001,170,-139.8,False
0.9400000000000001,175,-144.5,False
0.9400000000000001,180,-149.20000000000002,False
0.9400000000000001,185,-153.9,False
0.9400000000000001,190,-158.60000000000002,False
0.9400000000000001,195,-163.3,False
0.9400000000000001,200,-168.0,False
0.9400000000000001,205,-172.70000000000002,False
0.9400000000000001,210,-177.4,False
0.9400000000000001,215,-182.10000000000002,False
0.9400000000000001,220,-186.8,False
0.9400000000000001,225,-191.5,False
0.9400000000000001,230,-196.20000000000002,False
0.9400000000000001,235,-200.9,False
0.9400000000000001,240,-205.60000000000002,False
0.9400000000000001,245,-210.3,False
0.9400000000000001,250,-215.00000000000003,False
0.9400000000000001,255,-219.70000000000002,False
0.9400000000000001,260,-224.4,False
0.9400000000000001,265,-229.10000000000002,False
0.9400000000000001,270,-233.8,False
0.9400000000000001,275,-238.5,False
0.9400000000000001,280,-243.2,False
0.9400000000000001,285,-247.90000000000003,False
0.9400000000000001,290,-252.60000000000002,False
0.9400000000000001,295,-257.3,False
0.9400000000000001,300,-262.0,False
0.9400000000000001,305,-266.70000000000005,False
0.9400000000000001,310,-271.40000000000003,False
0.9400000000000001,315,-276.1,False
0.9400000000000001,320,-280.8,False
0.9400000000000001,325,-285.5,False
0.9400000000000001,330,-290.20000000000005,False
0.9400000000000001,335,-294.90000000000003,False
0.9400000000000001,340,-299.6,False
0.9400000000000001,345,-304.3,False
0.9400000000000001,350,-309.0,False
0.9400000000000001,355,-313.70000000000005,False
0.9400000000000001,360,-318.40000000000003,False
0.9400000000000001,365,-323.1,False
0.9400000000000001,370,-327.8,False
0.9400000000000001,375,-332.5,False
0.9400000000000001,380,-337.20000000000005,False
0.9400000000000001,385,-341.90000000000003,False
0.9400000000000001,390,-346.6,False
0.9400000000000001,395,-351.3,False
0.9400000000000001,400,-356.0,False
0.9400000000000001,405,-360.70000000000005,False
0.9400000000000001,410,-365.40000000000003,False
0.9400000000000001,415,-370.1,False
0.9400000000000001,420,-374.8,False
0.9400000000000001,425,-379.5,False
0.9400000000000001,430,-384.20000000000005,False
0.9400000000000001,435,-388.90000000000003,False
0.9400000000000001,440,-393.6,False
0.9400000000000001,445,-398.3,False
0.9400000000000001,450,-403.0,False
0.9400000000000001,455,-407.70000000000005,False
0.9400000000000001,460,-412.40000000000003,False
0.9400000000000001,465,-417.1,False
0.9400000000000001,470,-421.8,False
0.9400000000000001,475,-426.5,False
0.9400000000000001,480,-431.20000000000005,False
0.9400000000000001,485,-435.90000000000003,False
0.9400000000000001,490,-440.6,False
0.9400000000000001,495,-445.3,False
0.9400000000000001,500,-450.00000000000006,False
0.9500000000000001,0,20.0,True
0.9500000000000001,5,15.25,True
0.9500000000000001,10,10.5,True
0.9500000000000001,15,5.749999999999998,True
0.9500000000000001,20,1.0,True
0.9500000000000001,25,-3.75,False
0.9500000000000001,30,-8.500000000000004,False
0.9500000000000001,35,-13.25,False
0.9500000000000001,40,-18.0,False
0.9500000000000001,45,-22.75,False
0.9500000000000001,50,-27.5,False
0.9500000000000001,55,-32.25000000000001,False
0.9500000000000001,60,-37.00000000000001,False
0.9500000000000001,65,-41.75000000000001,False
0.9500000000000001,70,-46.5,False
0.9500000000000001,75,-51.25,False
0.9500000000000001,80,-56.0,False
0.9500000000000001,85,-60.75,False
0.9500000000000001,90,-65.5,False
0.9500000000000001,95,-70.25,False
0.9500000000000001,100,-75.0,False
0.9500000000000001,105,-79.75,False
0.9500000000000001,110,-84.50000000000001,False
0.9500000000000001,115,-89.25000000000001,False
0.9500000000000001,120,-94.00000000000001,False
0.9500000000000001,125,-98.75000000000001,False
0.9500000000000001,130,-103.50000000000001,False
0.9500000000000001,135,-108.25,False
0.9500000000000001,140,-113.0,False
0.9500000000000001,145,-117.75,False
0.9500000000000001,150,-122.5,False
0.9500000000000001,155,-127.25,False
0.9500000000000001,160,-132.0,False
0.9500000000000001,165,-136.75,False
0.9500000000000001,170,-141.5,False
0.9500000000000001,175,-146.25,False
0.9500000000000001,180,-151.0,False
0.9500000000000001,185,-155.75,False
0.9500000000000001,190,-160.5,False
0.9500000000000001,195,-165.25,False
0.9500000000000001,200,-170.0,False
0.9500000000000001,205,-174.75,False
0.9500000000000001,210,-179.5,False
0.9500000000000001,215,-184.25000000000003,False
0.9500000000000001,220,-189.00000000000003,False
0.9500000000000001,225,-193.75000000000003,False
0.9500000000000001,230,-198.50000000000003,False
0.9500000000000001,235,-203.25000000000003,False
0.9500000000000001,240,-208.00000000000003,False
0.9500000000000001,245,-212.75000000000003,False
0.9500000000000001,250,-217.50000000000003,False
0.9500000000000001,255,-222.25000000000003,False
0.9500000000000001,260,-227.00000000000003,False
0.9500000000000001,265,-231.75000000000003,False
0.9500000000000001,270,-236.5,False
0.9500000000000001,275,-241.25,False
0.9500000000000001,280,-246.0,False
0.9500000000000001,285,-250.75,False
0.9500000000000001,290,-255.5,False
0.9500000000000001,295,-260.25,False
0.9500000000000001,300,-265.0,False
0.9500000000000001,305,-269.75,False
0.9500000000000001,310,-274.5,False
0.9500000000000001,315,-279.25,False
0.9500000000000001,320,-284.0,False
0.9500000000000001,325,-288.75,False
0.9500000000000001,330,-293.5,False
0.9500000000000001,335,-298.25,False
0.9500000000000001,340,-303.0,False
0.9500000000000001,345,-307.75,False
0.9500000000000001,350,-312.5,False
0.9500000000000001,355,-317.25,False
0.9500000000000001,360,-322.0,False
0.9500000000000001,365,-326.75,False
0.9500000000000001,370,-331.5,False
0.9500000000000001,375,-336.25,False
0.9500000000000001,380,-341.0,False
0.9500000000000001,385,-345.75,False
0.9500000000000001,390,-350.5,False
0.9500000000000001,395,-355.25,False
0.9500000000000001,400,-360.0,False
0.9500000000000001,405,-364.75,False
0.9500000000000001,410,-369.5,False
0.9500000000000001,415,-374.25,False
0.9500000000000001,420,-379.0,False
0.9500000000000001,425,-383.75,False
0.9500000000000001,430,-388.50000000000006,False
0.9500000000000001,435,-393.25000000000006,False
0.9500000000000001,440,-398.00000000000006,False
0.9500000000000001,445,-402.75000000000006,False
0.9500000000000001,450,-407.50000000000006,False
0.9500000000000001,455,-412.25000000000006,False
0.9500000000000001,460,-417.00000000000006,False
0.9500000000000001,465,-421.75000000000006,False
0.9500000000000001,470,-426.50000000000006,False
0.9500000000000001,475,-431.25000000000006,False
0.9500000000000001,480,-436.00000000000006,False
0.9500000000000001,485,-440.75000000000006,False
0.9500000000000001,490,-445.50000000000006,False
0.9500000000000001,495,-450.25000000000006,False
0.9500000000000001,500,-455.00000000000006,False
0.96,0,20.0,True
0.96,5,15.2,True
0.96,10,10.4,True
0.96,15,5.600000000000001,True
0.96,20,0.8000000000000007,True
0.96,25,-4.0,False
0.96,30,-8.799999999999997,False
0.96,35,-13.600000000000001,False
0.96,40,-18.4,False
0.96,45,-23.199999999999996,False
0.96,50,-28.0,False
0.96,55,-32.8,False
0.96,60,-37.599999999999994,False
0.96,65,-42.4,False
0.96,70,-47.2,False
0.96,75,-52.0,False
0.96,80,-56.8,False
0.96,85,-61.599999999999994,False
0.96,90,-66.39999999999999,False
0.96,95,-71.2,False
0.96,100,-76.0,False
0.96,105,-80.8,False
0.96,110,-85.6,False
0.96,115,-90.39999999999999,False
0.96,120,-95.19999999999999,False
0.96,125,-100.0,False
0.96,130,-104.8,False
0.96,135,-109.6,False
0.96,140,-114.4,False
0.96,145,-119.19999999999999,False
0.96,150,-124.0,False
0.96,155,-128.79999999999998,False
0.96,160,-133.6,False
0.96,165,-138.4,False
0.96,170,-143.2,False
0.96,175,-148.0,False
0.96,180,-152.79999999999998,False
0.96,185,-157.6,False
0.96,190,-162.4,False
0.96,195,-167.2,False
0.96,200,-172.0,False
0.96,205,-176.79999999999998,False
0.96,210,-181.6,False
0.96,215,-186.4,False
0.96,220,-191.2,False
0.96,225,-196.0,False
0.96,230,-200.79999999999998,False
0.96,235,-205.6,False
0.96,240,-210.39999999999998,False
0.96,245,-215.2,False
0.96,250,-220.0,False
0.96,255,-224.79999999999998,False
0.96,260,-229.6,False
0.96,265,-234.39999999999998,False
0.96,270,-239.2,False
0.96,275,-244.0,False
0.96,280,-248.8,False
0.96,285,-253.59999999999997,False
0.96,290,-258.4,False
0.96,295,-263.2,False
0.96,300,-268.0,False
0.96,305,-272.8,False
0.96,310,-277.59999999999997,False
0.96,315,-282.4,False
0.96,320,-287.2,False
0.96,325,-292.0,False
0.96,330,-296.8,False
0.96,335,-301.59999999999997,False
0.96,340,-306.4,False
0.96,345,-311.2,False
0.96,350,-316.0,False
0.96,355,-320.8,False
0.96,360,-325.59999999999997,False
0.96,365,-330.4,False
0.96,370,-335.2,False
0.96,375,-340.0,False
0.96,380,-344.8,False
0.96,385,-349.59999999999997,False
0.96,390,-354.4,False
0.96,395,-359.2,False
0.96,400,-364.0,False
0.96,405,-368.8,False
0.96,410,-373.59999999999997,False
0.96,415,-378.4,False
0.96,420,-383.2,False
0.96,425,-388.0,False
0.96,430,-392.8,False
0.96,435,-397.59999999999997,False
0.96,440,-402.4,False
0.96,445,-407.2,False
0.96,450,-412.0,False
0.96,455,-416.8,False
0.96,460,-421.59999999999997,False
0.96,465,-426.4,False
0.96,470,-431.2,False
0.96,475,-436.0,False
0.96,480,-440.79999999999995,False
0.96,485,-445.59999999999997,False
0.96,490,-450.4,False
0.96,495,-455.2,False
0.96,500,-460.0,False
0.97,0,20.0,True
0.97,5,15.15,True
0.97,10,10.3,True
0.97,15,5.450000000000001,True
0.97,20,0.6000000000000014,True
0.97,25,-4.25,False
0.97,30,-9.099999999999998,False
0.97,35,-13.949999999999996,False
0.97,40,-18.799999999999997,False
0.97,45,-23.65,False
0.97,50,-28.5,False
0.97,55,-33.35,False
0.97,60,-38.199999999999996,False
0.97,65,-43.05,False
0.97,70,-47.89999999999999,False
0.97,75,-52.75,False
0.97,80,-57.599999999999994,False
0.97,85,-62.45,False
0.97,90,-67.3,False
0.97,95,-72.14999999999999,False
0.97,100,-77.0,False
0.97,105,-81.85,False
0.97,110,-86.7,False
0.97,115,-91.55,False
0.97,120,-96.39999999999999,False
0.97,125,-101.25,False
0.97,130,-106.1,False
0.97,135,-110.94999999999999,False
0.97,140,-115.79999999999998,False
0.97,145,-120.65,False
0.97,150,-125.5,False
0.97,155,-130.35,False
0.97,160,-135.2,False
0.97,165,-140.04999999999998,False
0.97,170,-144.9,False
0.97,175,-149.75,False
0.97,180,-154.6,False
0.97,185,-159.45,False
0.97,190,-164.29999999999998,False
0.97,195,-169.15,False
0.97,200,-174.0,False
0.97,205,-178.85,False
0.97,210,-183.7,False
0.97,215,-188.54999999999998,False
0.97,220,-193.4,False
0.97,225,-198.25,False
0.97,230,-203.1,False
0.97,235,-207.95,False
0.97,240,-212.79999999999998,False
0.97,245,-217.65,False
0.97,250,-222.5,False
0.97,255,-227.35,False
0.97,260,-232.2,False
0.97,265,-237.05,False
0.97,270,-241.89999999999998,False
0.97,275,-246.75,False
0.97,280,-251.59999999999997,False
0.97,285,-256.45,False
0.97,290,-261.3,False
0.97,295,-266.15,False
0.97,300,-271.0,False
0.97,305,-275.84999999999997,False
0.97,310,-280.7,False
0.97,315,-285.55,False
0.97,320,-290.4,False
0.97,325,-295.25,False
0.97,330,-300.09999999999997,False
0.97,335,-304.95,False
0.97,340,-309.8,False
0.97,345,-314.65,False
0.97,350,-319.5,False
0.97,355,-324.34999999999997,False
0.97,360,-329.2,False
0.97,365,-334.05,False
0.97,370,-338.9,False
0.97,375,-343.75,False
0.97,380,-348.59999999999997,False
0.97,385,-353.45,False
0.97,390,-358.3,False
0.97,395,-363.15,False
0.97,400,-368.0,False
0.97,405,-372.84999999999997,False
0.97,410,-377.7,False
0.97,415,-382.55,False
0.97,420,-387.4,False
0.97,425,-392.25,False
0.97,430,-397.09999999999997,False
0.97,435,-401.95,False
0.97,440,-406.8,False
0.97,445,-411.65,False
0.97,450,-416.5,False
0.97,455,-421.34999999999997,False
0.97,460,-426.2,False
0.97,465,-431.05,False
0.97,470,-435.9,False
0.97,475,-440.75,False
0.97,480,-445.59999999999997,False
0.97,485,-450.45,False
0.97,490,-455.3,False
0.97,495,-460.15,False
0.97,500,-465.0,False
0.98,0,20.0,True
0.98,5,15.1,True
0.98,10,10.2,True
0.98,15,5.300000000000001,True
0.98,20,0.3999999999999986,True
0.98,25,-4.5,False
0.98,30,-9.399999999999999,False
0.98,35,-14.299999999999997,False
0.98,40,-19.200000000000003,False
0.98,45,-24.1,False
0.98,50,-29.0,False
0.98,55,-33.9,False
0.98,60,-38.8,False
0.98,65,-43.699999999999996,False
0.98,70,-48.599999999999994,False
0.98,75,-53.5,False
0.98,80,-58.400000000000006,False
0.98,85,-63.3,False
0.98,90,-68.2,False
0.98,95,-73.1,False
0.98,100,-78.0,False
0.98,105,-82.89999999999999,False
0.98,110,-87.8,False
0.98,115,-92.7,False
0.98,120,-97.6,False
0.98,125,-102.5,False
0.98,130,-107.39999999999999,False
0.98,135,-112.30000000000001,False
0.98,140,-117.19999999999999,False
0.98,145,-122.1,False
0.98,150,-127.0,False
0.98,155,-131.9,False
0.98,160,-136.8,False
0.98,165,-141.7,False
0.98,170,-146.6,False
0.98,175,-151.5,False
0.98,180,-156.4,False
0.98,185,-161.29999999999998,False
0.98,190,-166.2,False
0.98,195,-171.1,False
0.98,200,-176.0,False
0.98,205,-180.9,False
0.98,210,-185.79999999999998,False
0.98,215,-190.7,False
0.98,220,-195.6,False
0.98,225,-200.5,False
0.98,230,-205.4,False
0.98,235,-210.29999999999998,False
0.98,240,-215.2,False
0.98,245,-220.1,False
0.98,250,-225.0,False
0.98,255,-229.9,False
0.98,260,-234.79999999999998,False
0.98,265,-239.7,False
0.98,270,-244.60000000000002,False
0.98,275,-249.5,False
0.98,280,-254.39999999999998,False
0.98,285,-259.3,False
0.98,290,-264.2,False
0.98,295,-269.1,False
0.98,300,-274.0,False
0.98,305,-278.9,False
0.98,310,-283.8,False
0.98,315,-288.7,False
0.98,320,-293.6,False
0.98,325,-298.5,False
0.98,330,-303.4,False
0.98,335,-308.3,False
0.98,340,-313.2,False
0.98,345,-318.09999999999997,False
0.98,350,-323.0,False
0.98,355,-327.9,False
0.98,360,-332.8,False
0.98,365,-337.7,False
0.98,370,-342.59999999999997,False
0.98,375,-347.5,False
0.98,380,-352.4,False
0.98,385,-357.3,False
0.98,390,-362.2,False
0.98,395,-367.09999999999997,False
0.98,400,-372.0,False
0.98,405,-376.9,False
0.98,410,-381.8,False
0.98,415,-386.7,False
0.98,420,-391.59999999999997,False
0.98,425,-396.5,False
0.98,430,-401.4,False
0.98,435,-406.3,False
0.98,440,-411.2,False
0.98,445,-416.09999999999997,False
0.98,450,-421.0,False
0.98,455,-425.9,False
0.98,460,-430.8,False
0.98,465,-435.7,False
0.98,470,-440.59999999999997,False
0.98,475,-445.5,False
0.98,480,-450.4,False
0.98,485,-455.3,False
0.98,490,-460.2,False
0.98,495,-465.09999999999997,False
0.98,500,-470.0,False
0.99,0,20.0,True
0.99,5,15.05,True
0.99,10,10.1,True
0.99,15,5.15,True
0.99,20,0.1999999999999993,True
0.99,25,-4.75,False
0.99,30,-9.7,False
0.99,35,-14.649999999999999,False
0.99,40,-19.6,False
0.99,45,-24.549999999999997,False
0.99,50,-29.5,False
0.99,55,-34.45,False
0.99,60,-39.4,False
0.99,65,-44.349999999999994,False
0.99,70,-49.3,False
0.99,75,-54.25,False
0.99,80,-59.2,False
0.99,85,-64.15,False
0.99,90,-69.1,False
0.99,95,-74.05,False
0.99,100,-79.0,False
0.99,105,-83.95,False
0.99,110,-88.9,False
0.99,115,-93.85,False
0.99,120,-98.8,False
0.99,125,-103.75,False
0.99,130,-108.69999999999999,False
0.99,135,-113.65,False
0.99,140,-118.6,False
0.99,145,-123.55000000000001,False
0.99,150,-128.5,False
0.99,155,-133.45,False
0.99,160,-138.4,False
0.99,165,-143.35,False
0.99,170,-148.3,False
0.99,175,-153.25,False
0.99,180,-158.2,False
0.99,185,-163.15,False
0.99,190,-168.1,False
0.99,195,-173.05,False
0.99,200,-178.0,False
0.99,205,-182.95,False
0.99,210,-187.9,False
0.99,215,-192.85,False
0.99,220,-197.8,False
0.99,225,-202.75,False
0.99,230,-207.7,False
0.99,235,-212.65,False
0.99,240,-217.6,False
0.99,245,-222.55,False
0.99,250,-227.5,False
0.99,255,-232.45,False
0.99,260,-237.39999999999998,False
0.99,265,-242.35000000000002,False
0.99,270,-247.3,False
0.99,275,-252.25,False
0.99,280,-257.2,False
0.99,285,-262.15,False
0.99,290,-267.1,False
0.99,295,-272.05,False
0.99,300,-277.0,False
0.99,305,-281.95,False
0.99,310,-286.9,False
0.99,315,-291.85,False
0.99,320,-296.8,False
0.99,325,-301.75,False
0.99,330,-306.7,False
0.99,335,-311.65,False
0.99,340,-316.6,False
0.99,345,-321.55,False
0.99,350,-326.5,False
0.99,355,-331.45,False
0.99,360,-336.4,False
0.99,365,-341.35,False
0.99,370,-346.3,False
0.99,375,-351.25,False
0.99,380,-356.2,False
0.99,385,-361.15,False
0.99,390,-366.1,False
0.99,395,-371.05,False
0.99,400,-376.0,False
0.99,405,-380.95,False
0.99,410,-385.9,False
0.99,415,-390.85,False
0.99,420,-395.8,False
0.99,425,-400.75,False
0.99,430,-405.7,False
0.99,435,-410.65,False
0.99,440,-415.6,False
0.99,445,-420.55,False
0.99,450,-425.5,False
0.99,455,-430.45,False
0.99,460,-435.4,False
0.99,465,-440.35,False
0.99,470,-445.3,False
0.99,475,-450.25,False
0.99,480,-455.2,False
0.99,485,-460.15,False
0.99,490,-465.1,False
0.99,495,-470.05,False
0.99,500,-475.0,False
1.0,0,20.0,True
1.0,5,15.0,True
1.0,10,10.0,True
1.0,15,5.0,True
1.0,20,0.0,False
1.0,25,-5.0,False
1.0,30,-10.0,False
1.0,35,-15.0,False
1.0,40,-20.0,False
1.0,45,-25.0,False
1.0,50,-30.0,False
1.0,55,-35.0,False
1.0,60,-40.0,False
1.0,65,-45.0,False
1.0,70,-50.0,False
1.0,75,-55.0,False
1.0,80,-60.0,False
1.0,85,-65.0,False
1.0,90,-70.0,False
1.0,95,-75.0,False
1.0,100,-80.0,False
1.0,105,-85.0,False
1.0,110,-90.0,False
1.0,115,-95.0,False
1.0,120,-100.0,False
1.0,125,-105.0,False
1.0,130,-110.0,False
1.0,135,-115.0,False
1.0,140,-120.0,False
1.0,145,-125.0,False
1.0,150,-130.0,False
1.0,155,-135.0,False
1.0,160,-140.0,False
1.0,165,-145.0,False
1.0,170,-150.0,False
1.0,175,-155.0,False
1.0,180,-160.0,False
1.0,185,-165.0,False
1.0,190,-170.0,False
1.0,195,-175.0,False
1.0,200,-180.0,False
1.0,205,-185.0,False
1.0,210,-190.0,False
1.0,215,-195.0,False
1.0,220,-200.0,False
1.0,225,-205.0,False
1.0,230,-210.0,False
1.0,235,-215.0,False
1.0,240,-220.0,False
1.0,245,-225.0,False
1.0,250,-230.0,False
1.0,255,-235.0,False
1.0,260,-240.0,False
1.0,265,-245.0,False
1.0,270,-250.0,False
1.0,275,-255.0,False
1.0,280,-260.0,False
1.0,285,-265.0,False
1.0,290,-270.0,False
1.0,295,-275.0,False
1.0,300,-280.0,False
1.0,305,-285.0,False
1.0,310,-290.0,False
1.0,315,-295.0,False
1.0,320,-300.0,False
1.0,325,-305.0,False
1.0,330,-310.0,False
1.0,335,-315.0,False
1.0,340,-320.0,False
1.0,345,-325.0,False
1.0,350,-330.0,False
1.0,355,-335.0,False
1.0,360,-340.0,False
1.0,365,-345.0,False
1.0,370,-350.0,False
1.0,375,-355.0,False
1.0,380,-360.0,False
1.0,385,-365.0,False
1.0,390,-370.0,False
1.0,395,-375.0,False
1.0,400,-380.0,False
1.0,405,-385.0,False
1.0,410,-390.0,False
1.0,415,-395.0,False
1.0,420,-400.0,False
1.0,425,-405.0,False
1.0,430,-410.0,False
1.0,435,-415.0,False
1.0,440,-420.0,False
1.0,445,-425.0,False
1.0,450,-430.0,False
1.0,455,-435.0,False
1.0,460,-440.0,False
1.0,465,-445.0,False
1.0,470,-450.0,False
1.0,475,-455.0,False
1.0,480,-460.0,False
1.0,485,-465.0,False
1.0,490,-470.0,False
1.0,495,-475.0,False
1.0,500,-480.0,False
