p,sanction,expected_penalty,official_accept_payoff,official_prefers_accept,firms_willing_to_bribe,corruption_attempts,accepted_bribes,distorted_awards,honest_public_value,final_public_value,corruption_loss,loss_percentage
0.0,0,0.0,20.0,True,500,100,100,100,8197.046436923185,5653.878725891113,2543.1677110320725,31.025415442036547
0.0,25,0.0,20.0,True,500,100,100,100,8197.046436923185,5653.878725891113,2543.1677110320725,31.025415442036547
0.0,50,0.0,20.0,True,500,100,100,100,8197.046436923185,5653.878725891113,2543.1677110320725,31.025415442036547
0.0,75,0.0,20.0,True,500,100,100,100,8197.046436923185,5653.878725891113,2543.1677110320725,31.025415442036547
0.0,100,0.0,20.0,True,500,100,100,100,8197.046436923185,5653.878725891113,2543.1677110320725,31.025415442036547
0.0,125,0.0,20.0,True,500,100,100,100,8197.046436923185,5653.878725891113,2543.1677110320725,31.025415442036547
0.0,150,0.0,20.0,True,500,100,100,100,8197.046436923185,5653.878725891113,2543.1677110320725,31.025415442036547
0.0,175,0.0,20.0,True,500,100,100,100,8197.046436923185,5653.878725891113,2543.1677110320725,31.025415442036547
0.0,200,0.0,20.0,True,500,100,100,100,8197.046436923185,5653.878725891113,2543.1677110320725,31.025415442036547
0.0,225,0.0,20.0,True,500,100,100,100,8197.046436923185,5653.878725891113,2543.1677110320725,31.025415442036547
0.0,250,0.0,20.0,True,500,100,100,100,8197.046436923185,5653.878725891113,2543.1677110320725,31.025415442036547
0.0,275,0.0,20.0,True,500,100,100,100,8197.046436923185,5653.878725891113,2543.1677110320725,31.025415442036547
0.0,300,0.0,20.0,True,500,100,100,100,8197.046436923185,5653.878725891113,2543.1677110320725,31.025415442036547
0.0,325,0.0,20.0,True,500,100,100,100,8197.046436923185,5653.878725891113,2543.1677110320725,31.025415442036547
0.0,350,0.0,20.0,True,500,100,100,100,8197.046436923185,5653.878725891113,2543.1677110320725,31.025415442036547
0.0,375,0.0,20.0,True,500,100,100,100,8197.046436923185,5653.878725891113,2543.1677110320725,31.025415442036547
0.0,400,0.0,20.0,True,500,100,100,100,8197.046436923185,5653.878725891113,2543.1677110320725,31.025415442036547
0.0,425,0.0,20.0,True,500,100,100,100,8197.046436923185,5653.878725891113,2543.1677110320725,31.025415442036547
0.0,450,0.0,20.0,True,500,100,100,100,8197.046436923185,5653.878725891113,2543.1677110320725,31.025415442036547
0.0,475,0.0,20.0,True,500,100,100,100,8197.046436923185,5653.878725891113,2543.1677110320725,31.025415442036547
0.0,500,0.0,20.0,True,500,100,100,100,8197.046436923185,5653.878725891113,2543.1677110320725,31.025415442036547
0.0,525,0.0,20.0,True,500,100,100,100,8197.046436923185,5653.878725891113,2543.1677110320725,31.025415442036547
0.0,550,0.0,20.0,True,500,100,100,100,8197.046436923185,5653.878725891113,2543.1677110320725,31.025415442036547
0.0,575,0.0,20.0,True,500,100,100,100,8197.046436923185,5653.878725891113,2543.1677110320725,31.025415442036547
0.0,600,0.0,20.0,True,500,100,100,100,8197.046436923185,5653.878725891113,2543.1677110320725,31.025415442036547
0.0,625,0.0,20.0,True,500,100,100,100,8197.046436923185,5653.878725891113,2543.1677110320725,31.025415442036547
0.0,650,0.0,20.0,True,500,100,100,100,8197.046436923185,5653.878725891113,2543.1677110320725,31.025415442036547
0.0,675,0.0,20.0,True,500,100,100,100,8197.046436923185,5653.878725891113,2543.1677110320725,31.025415442036547
0.0,700,0.0,20.0,True,500,100,100,100,8197.046436923185,5653.878725891113,2543.1677110320725,31.025415442036547
0.0,725,0.0,20.0,True,500,100,100,100,8197.046436923185,5653.878725891113,2543.1677110320725,31.025415442036547
0.0,750,0.0,20.0,True,500,100,100,100,8197.046436923185,5653.878725891113,2543.1677110320725,31.025415442036547
0.0,775,0.0,20.0,True,500,100,100,100,8197.046436923185,5653.878725891113,2543.1677110320725,31.025415442036547
0.0,800,0.0,20.0,True,500,100,100,100,8197.046436923185,5653.878725891113,2543.1677110320725,31.025415442036547
0.0,825,0.0,20.0,True,500,100,100,100,8197.046436923185,5653.878725891113,2543.1677110320725,31.025415442036547
0.0,850,0.0,20.0,True,500,100,100,100,8197.046436923185,5653.878725891113,2543.1677110320725,31.025415442036547
0.0,875,0.0,20.0,True,500,100,100,100,8197.046436923185,5653.878725891113,2543.1677110320725,31.025415442036547
0.0,900,0.0,20.0,True,500,100,100,100,8197.046436923185,5653.878725891113,2543.1677110320725,31.025415442036547
0.0,925,0.0,20.0,True,500,100,100,100,8197.046436923185,5653.878725891113,2543.1677110320725,31.025415442036547
0.0,950,0.0,20.0,True,500,100,100,100,8197.046436923185,5653.878725891113,2543.1677110320725,31.025415442036547
0.0,975,0.0,20.0,True,500,100,100,100,8197.046436923185,5653.878725891113,2543.1677110320725,31.025415442036547
0.0,1000,0.0,20.0,True,500,100,100,100,8197.046436923185,5653.878725891113,2543.1677110320725,31.025415442036547
0.0,1025,0.0,20.0,True,500,100,100,100,8197.046436923185,5653.878725891113,2543.1677110320725,31.025415442036547
0.0,1050,0.0,20.0,True,500,100,100,100,8197.046436923185,5653.878725891113,2543.1677110320725,31.025415442036547
0.0,1075,0.0,20.0,True,500,100,100,100,8197.046436923185,5653.878725891113,2543.1677110320725,31.025415442036547
0.0,1100,0.0,20.0,True,500,100,100,100,8197.046436923185,5653.878725891113,2543.1677110320725,31.025415442036547
0.0,1125,0.0,20.0,True,500,100,100,100,8197.046436923185,5653.878725891113,2543.1677110320725,31.025415442036547
0.0,1150,0.0,20.0,True,500,100,100,100,8197.046436923185,5653.878725891113,2543.1677110320725,31.025415442036547
0.0,1175,0.0,20.0,True,500,100,100,100,8197.046436923185,5653.878725891113,2543.1677110320725,31.025415442036547
0.0,1200,0.0,20.0,True,500,100,100,100,8197.046436923185,5653.878725891113,2543.1677110320725,31.025415442036547
0.0,1225,0.0,20.0,True,500,100,100,100,8197.046436923185,5653.878725891113,2543.1677110320725,31.025415442036547
0.0,1250,0.0,20.0,True,500,100,100,100,8197.046436923185,5653.878725891113,2543.1677110320725,31.025415442036547
0.0,1275,0.0,20.0,True,500,100,100,100,8197.046436923185,5653.878725891113,2543.1677110320725,31.025415442036547
0.0,1300,0.0,20.0,True,500,100,100,100,8197.046436923185,5653.878725891113,2543.1677110320725,31.025415442036547
0.0,1325,0.0,20.0,True,500,100,100,100,8197.046436923185,5653.878725891113,2543.1677110320725,31.025415442036547
0.0,1350,0.0,20.0,True,500,100,100,100,8197.046436923185,5653.878725891113,2543.1677110320725,31.025415442036547
0.0,1375,0.0,20.0,True,500,100,100,100,8197.046436923185,5653.878725891113,2543.1677110320725,31.025415442036547
0.0,1400,0.0,20.0,True,500,100,100,100,8197.046436923185,5653.878725891113,2543.1677110320725,31.025415442036547
0.0,1425,0.0,20.0,True,500,100,100,100,8197.046436923185,5653.878725891113,2543.1677110320725,31.025415442036547
0.0,1450,0.0,20.0,True,500,100,100,100,8197.046436923185,5653.878725891113,2543.1677110320725,31.025415442036547
0.0,1475,0.0,20.0,True,500,100,100,100,8197.046436923185,5653.878725891113,2543.1677110320725,31.025415442036547
0.0,1500,0.0,20.0,True,500,100,100,100,8197.046436923185,5653.878725891113,2543.1677110320725,31.025415442036547
0.0,1525,0.0,20.0,True,500,100,100,100,8197.046436923185,5653.878725891113,2543.1677110320725,31.025415442036547
0.0,1550,0.0,20.0,True,500,100,100,100,8197.046436923185,5653.878725891113,2543.1677110320725,31.025415442036547
0.0,1575,0.0,20.0,True,500,100,100,100,8197.046436923185,5653.878725891113,2543.1677110320725,31.025415442036547
0.0,1600,0.0,20.0,True,500,100,100,100,8197.046436923185,5653.878725891113,2543.1677110320725,31.025415442036547
0.0,1625,0.0,20.0,True,500,100,100,100,8197.046436923185,5653.878725891113,2543.1677110320725,31.025415442036547
0.0,1650,0.0,20.0,True,500,100,100,100,8197.046436923185,5653.878725891113,2543.1677110320725,31.025415442036547
0.0,1675,0.0,20.0,True,500,100,100,100,8197.046436923185,5653.878725891113,2543.1677110320725,31.025415442036547
0.0,1700,0.0,20.0,True,500,100,100,100,8197.046436923185,5653.878725891113,2543.1677110320725,31.025415442036547
0.0,1725,0.0,20.0,True,500,100,100,100,8197.046436923185,5653.878725891113,2543.1677110320725,31.025415442036547
0.0,1750,0.0,20.0,True,500,100,100,100,8197.046436923185,5653.878725891113,2543.1677110320725,31.025415442036547
0.0,1775,0.0,20.0,True,500,100,100,100,8197.046436923185,5653.878725891113,2543.1677110320725,31.025415442036547
0.0,1800,0.0,20.0,True,500,100,100,100,8197.046436923185,5653.878725891113,2543.1677110320725,31.025415442036547
0.0,1825,0.0,20.0,True,500,100,100,100,8197.046436923185,5653.878725891113,2543.1677110320725,31.025415442036547
0.0,1850,0.0,20.0,True,500,100,100,100,8197.046436923185,5653.878725891113,2543.1677110320725,31.025415442036547
0.0,1875,0.0,20.0,True,500,100,100,100,8197.046436923185,5653.878725891113,2543.1677110320725,31.025415442036547
0.0,1900,0.0,20.0,True,500,100,100,100,8197.046436923185,5653.878725891113,2543.1677110320725,31.025415442036547
0.0,1925,0.0,20.0,True,500,100,100,100,8197.046436923185,5653.878725891113,2543.1677110320725,31.025415442036547
0.0,1950,0.0,20.0,True,500,100,100,100,8197.046436923185,5653.878725891113,2543.1677110320725,31.025415442036547
0.0,1975,0.0,20.0,True,500,100,100,100,8197.046436923185,5653.878725891113,2543.1677110320725,31.025415442036547
0.0,2000,0.0,20.0,True,500,100,100,100,8197.046436923185,5653.878725891113,2543.1677110320725,31.025415442036547
0.05,0,0.0,20.0,True,500,100,100,100,8197.046436923185,5653.878725891113,2543.1677110320725,31.025415442036547
0.05,25,1.25,18.75,True,500,100,100,100,8197.046436923185,5653.878725891113,2543.1677110320725,31.025415442036547
0.05,50,2.5,17.5,True,500,100,100,100,8197.046436923185,5653.878725891113,2543.1677110320725,31.025415442036547
0.05,75,3.75,16.25,True,500,100,100,100,8197.046436923185,5653.878725891113,2543.1677110320725,31.025415442036547
0.05,100,5.0,15.0,True,500,100,100,100,8197.046436923185,5653.878725891113,2543.1677110320725,31.025415442036547
0.05,125,6.25,13.75,True,500,100,100,100,8197.046436923185,5653.878725891113,2543.1677110320725,31.025415442036547
0.05,150,7.5,12.5,True,500,100,100,100,8197.046436923185,5653.878725891113,2543.1677110320725,31.025415442036547
0.05,175,8.75,11.25,True,500,100,100,100,8197.046436923185,5653.878725891113,2543.1677110320725,31.025415442036547
0.05,200,10.0,10.0,True,500,100,100,100,8197.046436923185,5653.878725891113,2543.1677110320725,31.025415442036547
0.05,225,11.25,8.75,True,500,100,100,100,8197.046436923185,5653.878725891113,2543.1677110320725,31.025415442036547
0.05,250,12.5,7.5,True,500,100,100,100,8197.046436923185,5653.878725891113,2543.1677110320725,31.025415442036547
0.05,275,13.75,6.25,True,500,100,100,100,8197.046436923185,5653.878725891113,2543.1677110320725,31.025415442036547
0.05,300,15.0,5.0,True,500,100,100,100,8197.046436923185,5653.878725891113,2543.1677110320725,31.025415442036547
0.05,325,16.25,3.75,True,500,100,100,100,8197.046436923185,5653.878725891113,2543.1677110320725,31.025415442036547
0.05,350,17.5,2.5,True,500,100,100,100,8197.046436923185,5653.878725891113,2543.1677110320725,31.025415442036547
0.05,375,18.75,1.25,True,500,100,100,100,8197.046436923185,5653.878725891113,2543.1677110320725,31.025415442036547
0.05,400,20.0,0.0,False,500,100,0,0,8197.046436923185,8197.046436923185,0.0,0.0
0.05,425,21.25,-1.25,False,500,100,0,0,8197.046436923185,8197.046436923185,0.0,0.0
0.05,450,22.5,-2.5,False,500,100,0,0,8197.046436923185,8197.046436923185,0.0,0.0
0.05,475,23.75,-3.75,False,500,100,0,0,8197.046436923185,8197.046436923185,0.0,0.0
0.05,500,25.0,-5.0,False,500,100,0,0,8197.046436923185,8197.046436923185,0.0,0.0
0.05,525,26.25,-6.25,False,500,100,0,0,8197.046436923185,8197.046436923185,0.0,0.0
0.05,550,27.5,-7.5,False,500,100,0,0,8197.046436923185,8197.046436923185,0.0,0.0
0.05,575,28.75,-8.75,False,500,100,0,0,8197.046436923185,8197.046436923185,0.0,0.0
0.05,600,30.0,-10.0,False,500,100,0,0,8197.046436923185,8197.046436923185,0.0,0.0
0.05,625,31.25,-11.25,False,500,100,0,0,8197.046436923185,8197.046436923185,0.0,0.0
0.05,650,32.5,-12.5,False,500,100,0,0,8197.046436923185,8197.046436923185,0.0,0.0
0.05,675,33.75,-13.75,False,500,100,0,0,8197.046436923185,8197.046436923185,0.0,0.0
0.05,700,35.0,-15.0,False,500,100,0,0,8197.046436923185,8197.046436923185,0.0,0.0
0.05,725,36.25,-16.25,False,500,100,0,0,8197.046436923185,8197.046436923185,0.0,0.0
0.05,750,37.5,-17.5,False,500,100,0,0,8197.046436923185,8197.046436923185,0.0,0.0
0.05,775,38.75,-18.75,False,500,100,0,0,8197.046436923185,8197.046436923185,0.0,0.0
0.05,800,40.0,-20.0,False,500,100,0,0,8197.046436923185,8197.046436923185,0.0,0.0
0.05,825,41.25,-21.25,False,500,100,0,0,8197.046436923185,8197.046436923185,0.0,0.0
0.05,850,42.5,-22.5,False,500,100,0,0,8197.046436923185,8197.046436923185,0.0,0.0
0.05,875,43.75,-23.75,False,500,100,0,0,8197.046436923185,8197.046436923185,0.0,0.0
0.05,900,45.0,-25.0,False,500,100,0,0,8197.046436923185,8197.046436923185,0.0,0.0
0.05,925,46.25,-26.25,False,500,100,0,0,8197.046436923185,8197.046436923185,0.0,0.0
0.05,950,47.5,-27.5,False,500,100,0,0,8197.046436923185,8197.046436923185,0.0,0.0
0.05,975,48.75,-28.75,False,500,100,0,0,8197.046436923185,8197.046436923185,0.0,0.0
0.05,1000,50.0,-30.0,False,500,100,0,0,8197.046436923185,8197.046436923185,0.0,0.0
0.05,1025,51.25,-31.25,False,500,100,0,0,8197.046436923185,8197.046436923185,0.0,0.0
0.05,1050,52.5,-32.5,False,500,100,0,0,8197.046436923185,8197.046436923185,0.0,0.0
0.05,1075,53.75,-33.75,False,500,100,0,0,8197.046436923185,8197.046436923185,0.0,0.0
0.05,1100,55.0,-35.0,False,500,100,0,0,8197.046436923185,8197.046436923185,0.0,0.0
0.05,1125,56.25,-36.25,False,500,100,0,0,8197.046436923185,8197.046436923185,0.0,0.0
0.05,1150,57.5,-37.5,False,500,100,0,0,8197.046436923185,8197.046436923185,0.0,0.0
0.05,1175,58.75,-38.75,False,500,100,0,0,8197.046436923185,8197.046436923185,0.0,0.0
0.05,1200,60.0,-40.0,False,500,100,0,0,8197.046436923185,8197.046436923185,0.0,0.0
0.05,1225,61.25,-41.25,False,500,100,0,0,8197.046436923185,8197.046436923185,0.0,0.0
0.05,1250,62.5,-42.5,False,500,100,0,0,8197.046436923185,8197.046436923185,0.0,0.0
0.05,1275,63.75,-43.75,False,500,100,0,0,8197.046436923185,8197.046436923185,0.0,0.0
0.05,1300,65.0,-45.0,False,500,100,0,0,8197.046436923185,8197.046436923185,0.0,0.0
0.05,1325,66.25,-46.25,False,500,100,0,0,8197.046436923185,8197.046436923185,0.0,0.0
0.05,1350,67.5,-47.5,False,500,100,0,0,8197.046436923185,8197.046436923185,0.0,0.0
0.05,1375,68.75,-48.75,False,500,100,0,0,8197.046436923185,8197.046436923185,0.0,0.0
0.05,1400,70.0,-50.0,False,500,100,0,0,8197.046436923185,8197.046436923185,0.0,0.0
0.05,1425,71.25,-51.25,False,500,100,0,0,8197.046436923185,8197.046436923185,0.0,0.0
0.05,1450,72.5,-52.5,False,500,100,0,0,8197.046436923185,8197.046436923185,0.0,0.0
0.05,1475,73.75,-53.75,False,500,100,0,0,8197.046436923185,8197.046436923185,0.0,0.0
0.05,1500,75.0,-55.0,False,500,100,0,0,8197.046436923185,8197.046436923185,0.0,0.0
0.05,1525,76.25,-56.25,False,500,100,0,0,8197.046436923185,8197.046436923185,0.0,0.0
0.05,1550,77.5,-57.5,False,500,100,0,0,8197.046436923185,8197.046436923185,0.0,0.0
0.05,1575,78.75,-58.75,False,500,100,0,0,8197.046436923185,8197.046436923185,0.0,0.0
0.05,1600,80.0,-60.0,False,500,100,0,0,8197.046436923185,8197.046436923185,0.0,0.0
0.05,1625,81.25,-61.25,False,500,100,0,0,8197.046436923185,8197.046436923185,0.0,0.0
0.05,1650,82.5,-62.5,False,500,100,0,0,8197.046436923185,8197.046436923185,0.0,0.0
0.05,1675,83.75,-63.75,False,500,100,0,0,8197.046436923185,8197.046436923185,0.0,0.0
0.05,1700,85.0,-65.0,False,500,100,0,0,8197.046436923185,8197.046436923185,0.0,0.0
0.05,1725,86.25,-66.25,False,500,100,0,0,8197.046436923185,8197.046436923185,0.0,0.0
0.05,1750,87.5,-67.5,False,500,100,0,0,8197.046436923185,8197.046436923185,0.0,0.0
0.05,1775,88.75,-68.75,False,500,100,0,0,8197.046436923185,8197.046436923185,0.0,0.0
0.05,1800,90.0,-70.0,False,500,100,0,0,8197.046436923185,8197.046436923185,0.0,0.0
0.05,1825,91.25,-71.25,False,500,100,0,0,8197.046436923185,8197.046436923185,0.0,0.0
0.05,1850,92.5,-72.5,False,500,100,0,0,8197.046436923185,8197.046436923185,0.0,0.0
0.05,1875,93.75,-73.75,False,500,100,0,0,8197.046436923185,8197.046436923185,0.0,0.0
0.05,1900,95.0,-75.0,False,500,100,0,0,8197.046436923185,8197.046436923185,0.0,0.0
0.05,1925,96.25,-76.25,False,500,100,0,0,8197.046436923185,8197.046436923185,0.0,0.0
0.05,1950,97.5,-77.5,False,500,100,0,0,8197.046436923185,8197.046436923185,0.0,0.0
0.05,1975,98.75,-78.75,False,500,100,0,0,8197.046436923185,8197.046436923185,0.0,0.0
0.05,2000,100.0,-80.0,False,500,100,0,0,8197.046436923185,8197.046436923185,0.0,0.0
0.1,0,0.0,20.0,True,500,100,100,100,8197.046436923185,5653.878725891113,2543.1677110320725,31.025415442036547
0.1,25,2.5,17.5,True,500,100,100,100,8197.046436923185,5653.878725891113,2543.1677110320725,31.025415442036547
0.1,50,5.0,15.0,True,500,100,100,100,8197.046436923185,5653.878725891113,2543.1677110320725,31.025415442036547
0.1,75,7.5,12.5,True,500,100,100,100,8197.046436923185,5653.878725891113,2543.1677110320725,31.025415442036547
0.1,100,10.0,10.0,True,500,100,100,100,8197.046436923185,5653.878725891113,2543.1677110320725,31.025415442036547
0.1,125,12.5,7.5,True,500,100,100,100,8197.046436923185,5653.878725891113,2543.1677110320725,31.025415442036547
0.1,150,15.0,5.0,True,500,100,100,100,8197.046436923185,5653.878725891113,2543.1677110320725,31.025415442036547
0.1,175,17.5,2.5,True,500,100,100,100,8197.046436923185,5653.878725891113,2543.1677110320725,31.025415442036547
0.1,200,20.0,0.0,False,500,100,0,0,8197.046436923185,8197.046436923185,0.0,0.0
0.1,225,22.5,-2.5,False,500,100,0,0,8197.046436923185,8197.046436923185,0.0,0.0
0.1,250,25.0,-5.0,False,500,100,0,0,8197.046436923185,8197.046436923185,0.0,0.0
0.1,275,27.5,-7.5,False,500,100,0,0,8197.046436923185,8197.046436923185,0.0,0.0
0.1,300,30.0,-10.0,False,500,100,0,0,8197.046436923185,8197.046436923185,0.0,0.0
0.1,325,32.5,-12.5,False,500,100,0,0,8197.046436923185,8197.046436923185,0.0,0.0
0.1,350,35.0,-15.0,False,500,100,0,0,8197.046436923185,8197.046436923185,0.0,0.0
0.1,375,37.5,-17.5,False,500,100,0,0,8197.046436923185,8197.046436923185,0.0,0.0
0.1,400,40.0,-20.0,False,500,100,0,0,8197.046436923185,8197.046436923185,0.0,0.0
0.1,425,42.5,-22.5,False,500,100,0,0,8197.046436923185,8197.046436923185,0.0,0.0
0.1,450,45.0,-25.0,False,500,100,0,0,8197.046436923185,8197.046436923185,0.0,0.0
0.1,475,47.5,-27.5,False,500,100,0,0,8197.046436923185,8197.046436923185,0.0,0.0
0.1,500,50.0,-30.0,False,500,100,0,0,8197.046436923185,8197.046436923185,0.0,0.0
0.1,525,52.5,-32.5,False,500,100,0,0,8197.046436923185,8197.046436923185,0.0,0.0
0.1,550,55.0,-35.0,False,500,100,0,0,8197.046436923185,8197.046436923185,0.0,0.0
0.1,575,57.5,-37.5,False,500,100,0,0,8197.046436923185,8197.046436923185,0.0,0.0
0.1,600,60.0,-40.0,False,500,100,0,0,8197.046436923185,8197.046436923185,0.0,0.0
0.1,625,62.5,-42.5,False,500,100,0,0,8197.046436923185,8197.046436923185,0.0,0.0
0.1,650,65.0,-45.0,False,500,100,0,0,8197.046436923185,8197.046436923185,0.0,0.0
0.1,675,67.5,-47.5,False,500,100,0,0,8197.046436923185,8197.046436923185,0.0,0.0
0.1,700,70.0,-50.0,False,500,100,0,0,8197.046436923185,8197.046436923185,0.0,0.0
0.1,725,72.5,-52.5,False,500,100,0,0,8197.046436923185,8197.046436923185,0.0,0.0
0.1,750,75.0,-55.0,False,500,100,0,0,8197.046436923185,8197.046436923185,0.0,0.0
0.1,775,77.5,-57.5,False,500,100,0,0,8197.046436923185,8197.046436923185,0.0,0.0
0.1,800,80.0,-60.0,False,500,100,0,0,8197.046436923185,8197.046436923185,0.0,0.0
0.1,825,82.5,-62.5,False,500,100,0,0,8197.046436923185,8197.046436923185,0.0,0.0
0.1,850,85.0,-65.0,False,500,100,0,0,8197.046436923185,8197.046436923185,0.0,0.0
0.1,875,87.5,-67.5,False,500,100,0,0,8197.046436923185,8197.046436923185,0.0,0.0
0.1,900,90.0,-70.0,False,500,100,0,0,8197.046436923185,8197.046436923185,0.0,0.0
0.1,925,92.5,-72.5,False,500,100,0,0,8197.046436923185,8197.046436923185,0.0,0.0
0.1,950,95.0,-75.0,False,500,100,0,0,8197.046436923185,8197.046436923185,0.0,0.0
0.1,975,97.5,-77.5,False,500,100,0,0,8197.046436923185,8197.046436923185,0.0,0.0
0.1,1000,100.0,-80.0,False,500,100,0,0,8197.046436923185,8197.046436923185,0.0,0.0
0.1,1025,102.5,-82.5,False,500,100,0,0,8197.046436923185,8197.046436923185,0.0,0.0
0.1,1050,105.0,-85.0,False,500,100,0,0,8197.046436923185,8197.046436923185,0.0,0.0
0.1,1075,107.5,-87.5,False,500,100,0,0,8197.046436923185,8197.046436923185,0.0,0.0
0.1,1100,110.0,-90.0,False,500,100,0,0,8197.046436923185,8197.046436923185,0.0,0.0
0.1,1125,112.5,-92.5,False,477,100,0,0,8197.046436923185,8197.046436923185,0.0,0.0
0.1,1150,115.0,-95.0,False,464,100,0,0,8197.046436923185,8197.046436923185,0.0,0.0
0.1,1175,117.5,-97.5,False,430,100,0,0,8197.046436923185,8197.046436923185,0.0,0.0
0.1,1200,120.0,-100.0,False,406,100,0,0,8197.046436923185,8197.046436923185,0.0,0.0
0.1,1225,122.5,-102.5,False,385,100,0,0,8197.046436923185,8197.046436923185,0.0,0.0
0.1,1250,125.0,-105.0,False,362,100,0,0,8197.046436923185,8197.046436923185,0.0,0.0
0.1,1275,127.5,-107.5,False,341,100,0,0,8197.046436923185,8197.046436923185,0.0,0.0
0.1,1300,130.0,-110.0,False,321,100,0,0,8197.046436923185,8197.046436923185,0.0,0.0
0.1,1325,132.5,-112.5,False,306,100,0,0,8197.046436923185,8197.046436923185,0.0,0.0
0.1,1350,135.0,-115.0,False,291,99,0,0,8197.046436923185,8197.046436923185,0.0,0.0
0.1,1375,137.5,-117.5,False,271,99,0,0,8197.046436923185,8197.046436923185,0.0,0.0
0.1,1400,140.0,-120.0,False,244,97,0,0,8197.046436923185,8197.046436923185,0.0,0.0
0.1,1425,142.5,-122.5,False,230,94,0,0,8197.046436923185,8197.046436923185,0.0,0.0
0.1,1450,145.0,-125.0,False,202,90,0,0,8197.046436923185,8197.046436923185,0.0,0.0
0.1,1475,147.5,-127.5,False,186,90,0,0,8197.046436923185,8197.046436923185,0.0,0.0
0.1,1500,150.0,-130.0,False,160,86,0,0,8197.046436923185,8197.046436923185,0.0,0.0
0.1,1525,152.5,-132.5,False,146,84,0,0,8197.046436923185,8197.046436923185,0.0,0.0
0.1,1550,155.0,-135.0,False,123,79,0,0,8197.046436923185,8197.046436923185,0.0,0.0
0.1,1575,157.5,-137.5,False,93,68,0,0,8197.046436923185,8197.046436923185,0.0,0.0
0.1,1600,160.0,-140.0,False,79,60,0,0,8197.046436923185,8197.046436923185,0.0,0.0
0.1,1625,162.5,-142.5,False,60,49,0,0,8197.046436923185,8197.046436923185,0.0,0.0
0.1,1650,165.0,-145.0,False,40,35,0,0,8197.046436923185,8197.046436923185,0.0,0.0
0.1,1675,167.5,-147.5,False,23,22,0,0,8197.046436923185,8197.046436923185,0.0,0.0
0.1,1700,170.0,-150.0,False,0,0,0,0,8197.046436923185,8197.046436923185,0.0,0.0
0.1,1725,172.5,-152.5,False,0,0,0,0,8197.046436923185,8197.046436923185,0.0,0.0
0.1,1750,175.0,-155.0,False,0,0,0,0,8197.046436923185,8197.046436923185,0.0,0.0
0.1,1775,177.5,-157.5,False,0,0,0,0,8197.046436923185,8197.046436923185,0.0,0.0
0.1,1800,180.0,-160.0,False,0,0,0,0,8197.046436923185,8197.046436923185,0.0,0.0
0.1,1825,182.5,-162.5,False,0,0,0,0,8197.046436923185,8197.046436923185,0.0,0.0
0.1,1850,185.0,-165.0,False,0,0,0,0,8197.046436923185,8197.046436923185,0.0,0.0
0.1,1875,187.5,-167.5,False,0,0,0,0,8197.046436923185,8197.046436923185,0.0,0.0
0.1,1900,190.0,-170.0,False,0,0,0,0,8197.046436923185,8197.046436923185,0.0,0.0
0.1,1925,192.5,-172.5,False,0,0,0,0,8197.046436923185,8197.046436923185,0.0,0.0
0.1,1950,195.0,-175.0,False,0,0,0,0,8197.046436923185,8197.046436923185,0.0,0.0
0.1,1975,197.5,-177.5,False,0,0,0,0,8197.046436923185,8197.046436923185,0.0,0.0
0.1,2000,200.0,-180.0,False,0,0,0,0,8197.046436923185,8197.046436923185,0.0,0.0
0.15,0,0.0,20.0,True,500,100,100,100,8197.046436923185,5653.878725891113,2543.1677110320725,31.025415442036547
0.15,25,3.7500000000000004,16.25,True,500,100,100,100,8197.046436923185,5653.878725891113,2543.1677110320725,31.025415442036547
0.15,50,7.500000000000001,12.5,True,500,100,100,100,8197.046436923185,5653.878725891113,2543.1677110320725,31.025415442036547
0.15,75,11.250000000000002,8.749999999999998,True,500,100,100,100,8197.046436923185,5653.878725891113,2543.1677110320725,31.025415442036547
0.15,100,15.000000000000002,4.999999999999998,True,500,100,100,100,8197.046436923185,5653.878725891113,2543.1677110320725,31.025415442036547
0.15,125,18.750000000000004,1.2499999999999964,True,500,100,100,100,8197.046436923185,5653.878725891113,2543.1677110320725,31.025415442036547
0.15,150,22.500000000000004,-2.5000000000000036,False,500,100,0,0,8197.046436923185,8197.046436923185,0.0,0.0
0.15,175,26.250000000000004,-6.2500000000000036,False,500,100,0,0,8197.046436923185,8197.046436923185,0.0,0.0
0.15,200,30.000000000000004,-10.000000000000004,False,500,100,0,0,8197.046436923185,8197.046436923185,0.0,0.0
0.15,225,33.75000000000001,-13.750000000000007,False,500,100,0,0,8197.046436923185,8197.046436923185,0.0,0.0
0.15,250,37.50000000000001,-17.500000000000007,False,500,100,0,0,8197.046436923185,8197.046436923185,0.0,0.0
0.15,275,41.25000000000001,-21.250000000000007,False,500,100,0,0,8197.046436923185,8197.046436923185,0.0,0.0
0.15,300,45.00000000000001,-25.000000000000007,False,500,100,0,0,8197.046436923185,8197.046436923185,0.0,0.0
0.15,325,48.75000000000001,-28.750000000000007,False,500,100,0,0,8197.046436923185,8197.046436923185,0.0,0.0
0.15,350,52.50000000000001,-32.50000000000001,False,500,100,0,0,8197.046436923185,8197.046436923185,0.0,0.0
0.15,375,56.25000000000001,-36.25000000000001,False,500,100,0,0,8197.046436923185,8197.046436923185,0.0,0.0
0.15,400,60.00000000000001,-40.00000000000001,False,500,100,0,0,8197.046436923185,8197.046436923185,0.0,0.0
0.15,425,63.75000000000001,-43.75000000000001,False,500,100,0,0,8197.046436923185,8197.046436923185,0.0,0.0
0.15,450,67.50000000000001,-47.500000000000014,False,500,100,0,0,8197.046436923185,8197.046436923185,0.0,0.0
0.15,475,71.25000000000001,-51.250000000000014,False,500,100,0,0,8197.046436923185,8197.046436923185,0.0,0.0
0.15,500,75.00000000000001,-55.000000000000014,False,500,100,0,0,8197.046436923185,8197.046436923185,0.0,0.0
0.15,525,78.75000000000001,-58.750000000000014,False,500,100,0,0,8197.046436923185,8197.046436923185,0.0,0.0
0.15,550,82.50000000000001,-62.500000000000014,False,500,100,0,0,8197.046436923185,8197.046436923185,0.0,0.0
0.15,575,86.25000000000001,-66.25000000000001,False,500,100,0,0,8197.046436923185,8197.046436923185,0.0,0.0
0.15,600,90.00000000000001,-70.00000000000001,False,500,100,0,0,8197.046436923185,8197.046436923185,0.0,0.0
0.15,625,93.75000000000001,-73.75000000000001,False,500,100,0,0,8197.046436923185,8197.046436923185,0.0,0.0
0.15,650,97.50000000000001,-77.50000000000001,False,500,100,0,0,8197.046436923185,8197.046436923185,0.0,0.0
0.15,675,101.25000000000001,-81.25000000000001,False,500,100,0,0,8197.046436923185,8197.046436923185,0.0,0.0
0.15,700,105.00000000000001,-85.00000000000001,False,500,100,0,0,8197.046436923185,8197.046436923185,0.0,0.0
0.15,725,108.75000000000001,-88.75000000000001,False,500,100,0,0,8197.046436923185,8197.046436923185,0.0,0.0
0.15,750,112.50000000000001,-92.50000000000001,False,477,100,0,0,8197.046436923185,8197.046436923185,0.0,0.0
0.15,775,116.25000000000001,-96.25000000000001,False,449,100,0,0,8197.046436923185,8197.046436923185,0.0,0.0
0.15,800,120.00000000000001,-100.00000000000001,False,406,100,0,0,8197.046436923185,8197.046436923185,0.0,0.0
0.15,825,123.75000000000001,-103.75000000000001,False,374,100,0,0,8197.046436923185,8197.046436923185,0.0,0.0
0.15,850,127.50000000000001,-107.50000000000001,False,341,100,0,0,8197.046436923185,8197.046436923185,0.0,0.0
0.15,875,131.25000000000003,-111.25000000000003,False,313,100,0,0,8197.046436923185,8197.046436923185,0.0,0.0
0.15,900,135.00000000000003,-115.00000000000003,False,291,99,0,0,8197.046436923185,8197.046436923185,0.0,0.0
0.15,925,138.75000000000003,-118.75000000000003,False,254,99,0,0,8197.046436923185,8197.046436923185,0.0,0.0
0.15,950,142.50000000000003,-122.50000000000003,False,230,94,0,0,8197.046436923185,8197.046436923185,0.0,0.0
0.15,975,146.25000000000003,-126.25000000000003,False,196,90,0,0,8197.046436923185,8197.046436923185,0.0,0.0
0.15,1000,150.00000000000003,-130.00000000000003,False,160,86,0,0,8197.046436923185,8197.046436923185,0.0,0.0
0.15,1025,153.75000000000003,-133.75000000000003,False,139,82,0,0,8197.046436923185,8197.046436923185,0.0,0.0
0.15,1050,157.50000000000003,-137.50000000000003,False,93,68,0,0,8197.046436923185,8197.046436923185,0.0,0.0
0.15,1075,161.25000000000003,-141.25000000000003,False,72,57,0,0,8197.046436923185,8197.046436923185,0.0,0.0
0.15,1100,165.00000000000003,-145.00000000000003,False,40,35,0,0,8197.046436923185,8197.046436923185,0.0,0.0
0.15,1125,168.75000000000003,-148.75000000000003,False,15,15,0,0,8197.046436923185,8197.046436923185,0.0,0.0
0.15,1150,172.50000000000003,-152.50000000000003,False,0,0,0,0,8197.046436923185,8197.046436923185,0.0,0.0
0.15,1175,176.25000000000003,-156.25000000000003,False,0,0,0,0,8197.046436923185,8197.046436923185,0.0,0.0
0.15,1200,180.00000000000003,-160.00000000000003,False,0,0,0,0,8197.046436923185,8197.046436923185,0.0,0.0
0.15,1225,183.75000000000003,-163.75000000000003,False,0,0,0,0,8197.046436923185,8197.046436923185,0.0,0.0
0.15,1250,187.50000000000003,-167.50000000000003,False,0,0,0,0,8197.046436923185,8197.046436923185,0.0,0.0
0.15,1275,191.25000000000003,-171.25000000000003,False,0,0,0,0,8197.046436923185,8197.046436923185,0.0,0.0
0.15,1300,195.00000000000003,-175.00000000000003,False,0,0,0,0,8197.046436923185,8197.046436923185,0.0,0.0
0.15,1325,198.75000000000003,-178.75000000000003,False,0,0,0,0,8197.046436923185,8197.046436923185,0.0,0.0
0.15,1350,202.50000000000003,-182.50000000000003,False,0,0,0,0,8197.046436923185,8197.046436923185,0.0,0.0
0.15,1375,206.25000000000003,-186.25000000000003,False,0,0,0,0,8197.046436923185,8197.046436923185,0.0,0.0
0.15,1400,210.00000000000003,-190.00000000000003,False,0,0,0,0,8197.046436923185,8197.046436923185,0.0,0.0
0.15,1425,213.75000000000003,-193.75000000000003,False,0,0,0,0,8197.046436923185,8197.046436923185,0.0,0.0
0.15,1450,217.50000000000003,-197.50000000000003,False,0,0,0,0,8197.046436923185,8197.046436923185,0.0,0.0
0.15,1475,221.25000000000003,-201.25000000000003,False,0,0,0,0,8197.046436923185,8197.046436923185,0.0,0.0
0.15,1500,225.00000000000003,-205.00000000000003,False,0,0,0,0,8197.046436923185,8197.046436923185,0.0,0.0
0.15,1525,228.75000000000003,-208.75000000000003,False,0,0,0,0,8197.046436923185,8197.046436923185,0.0,0.0
0.15,1550,232.50000000000003,-212.50000000000003,False,0,0,0,0,8197.046436923185,8197.046436923185,0.0,0.0
0.15,1575,236.25000000000003,-216.25000000000003,False,0,0,0,0,8197.046436923185,8197.046436923185,0.0,0.0
0.15,1600,240.00000000000003,-220.00000000000003,False,0,0,0,0,8197.046436923185,8197.046436923185,0.0,0.0
0.15,1625,243.75000000000003,-223.75000000000003,False,0,0,0,0,8197.046436923185,8197.046436923185,0.0,0.0
0.15,1650,247.50000000000003,-227.50000000000003,False,0,0,0,0,8197.046436923185,8197.046436923185,0.0,0.0
0.15,1675,251.25000000000003,-231.25000000000003,False,0,0,0,0,8197.046436923185,8197.046436923185,0.0,0.0
0.15,1700,255.00000000000003,-235.00000000000003,False,0,0,0,0,8197.046436923185,8197.046436923185,0.0,0.0
0.15,1725,258.75000000000006,-238.75000000000006,False,0,0,0,0,8197.046436923185,8197.046436923185,0.0,0.0
0.15,1750,262.50000000000006,-242.50000000000006,False,0,0,0,0,8197.046436923185,8197.046436923185,0.0,0.0
0.15,1775,266.25000000000006,-246.25000000000006,False,0,0,0,0,8197.046436923185,8197.046436923185,0.0,0.0
0.15,1800,270.00000000000006,-250.00000000000006,False,0,0,0,0,8197.046436923185,8197.046436923185,0.0,0.0
0.15,1825,273.75000000000006,-253.75000000000006,False,0,0,0,0,8197.046436923185,8197.046436923185,0.0,0.0
0.15,1850,277.50000000000006,-257.50000000000006,False,0,0,0,0,8197.046436923185,8197.046436923185,0.0,0.0
0.15,1875,281.25000000000006,-261.25000000000006,False,0,0,0,0,8197.046436923185,8197.046436923185,0.0,0.0
0.15,1900,285.00000000000006,-265.00000000000006,False,0,0,0,0,8197.046436923185,8197.046436923185,0.0,0.0
0.15,1925,288.75000000000006,-268.75000000000006,False,0,0,0,0,8197.046436923185,8197.046436923185,0.0,0.0
0.15,1950,292.50000000000006,-272.50000000000006,False,0,0,0,0,8197.046436923185,8197.046436923185,0.0,0.0
0.15,1975,296.25000000000006,-276.25000000000006,False,0,0,0,0,8197.046436923185,8197.046436923185,0.0,0.0
0.15,2000,300.00000000000006,-280.00000000000006,False,0,0,0,0,8197.046436923185,8197.046436923185,0.0,0.0
0.2,0,0.0,20.0,True,500,100,100,100,8197.046436923185,5653.878725891113,2543.1677110320725,31.025415442036547
0.2,25,5.0,15.0,True,500,100,100,100,8197.046436923185,5653.878725891113,2543.1677110320725,31.025415442036547
0.2,50,10.0,10.0,True,500,100,100,100,8197.046436923185,5653.878725891113,2543.1677110320725,31.025415442036547
0.2,75,15.0,5.0,True,500,100,100,100,8197.046436923185,5653.878725891113,2543.1677110320725,31.025415442036547
0.2,100,20.0,0.0,False,500,100,0,0,8197.046436923185,8197.046436923185,0.0,0.0
0.2,125,25.0,-5.0,False,500,100,0,0,8197.046436923185,8197.046436923185,0.0,0.0
0.2,150,30.0,-10.0,False,500,100,0,0,8197.046436923185,8197.046436923185,0.0,0.0
0.2,175,35.0,-15.0,False,500,100,0,0,8197.046436923185,8197.046436923185,0.0,0.0
0.2,200,40.0,-20.0,False,500,100,0,0,8197.046436923185,8197.046436923185,0.0,0.0
0.2,225,45.0,-25.0,False,500,100,0,0,8197.046436923185,8197.046436923185,0.0,0.0
0.2,250,50.0,-30.0,False,500,100,0,0,8197.046436923185,8197.046436923185,0.0,0.0
0.2,275,55.0,-35.0,False,500,100,0,0,8197.046436923185,8197.046436923185,0.0,0.0
0.2,300,60.0,-40.0,False,500,100,0,0,8197.046436923185,8197.046436923185,0.0,0.0
0.2,325,65.0,-45.0,False,500,100,0,0,8197.046436923185,8197.046436923185,0.0,0.0
0.2,350,70.0,-50.0,False,500,100,0,0,8197.046436923185,8197.046436923185,0.0,0.0
0.2,375,75.0,-55.0,False,500,100,0,0,8197.046436923185,8197.046436923185,0.0,0.0
0.2,400,80.0,-60.0,False,500,100,0,0,8197.046436923185,8197.046436923185,0.0,0.0
0.2,425,85.0,-65.0,False,500,100,0,0,8197.046436923185,8197.046436923185,0.0,0.0
0.2,450,90.0,-70.0,False,500,100,0,0,8197.046436923185,8197.046436923185,0.0,0.0
0.2,475,95.0,-75.0,False,500,100,0,0,8197.046436923185,8197.046436923185,0.0,0.0
0.2,500,100.0,-80.0,False,500,100,0,0,8197.046436923185,8197.046436923185,0.0,0.0
0.2,525,105.0,-85.0,False,500,100,0,0,8197.046436923185,8197.046436923185,0.0,0.0
0.2,550,110.0,-90.0,False,500,100,0,0,8197.046436923185,8197.046436923185,0.0,0.0
0.2,575,115.0,-95.0,False,464,100,0,0,8197.046436923185,8197.046436923185,0.0,0.0
0.2,600,120.0,-100.0,False,406,100,0,0,8197.046436923185,8197.046436923185,0.0,0.0
0.2,625,125.0,-105.0,False,362,100,0,0,8197.046436923185,8197.046436923185,0.0,0.0
0.2,650,130.0,-110.0,False,321,100,0,0,8197.046436923185,8197.046436923185,0.0,0.0
0.2,675,135.0,-115.0,False,291,99,0,0,8197.046436923185,8197.046436923185,0.0,0.0
0.2,700,140.0,-120.0,False,244,97,0,0,8197.046436923185,8197.046436923185,0.0,0.0
0.2,725,145.0,-125.0,False,202,90,0,0,8197.046436923185,8197.046436923185,0.0,0.0
0.2,750,150.0,-130.0,False,160,86,0,0,8197.046436923185,8197.046436923185,0.0,0.0
0.2,775,155.0,-135.0,False,123,79,0,0,8197.046436923185,8197.046436923185,0.0,0.0
0.2,800,160.0,-140.0,False,79,60,0,0,8197.046436923185,8197.046436923185,0.0,0.0
0.2,825,165.0,-145.0,False,40,35,0,0,8197.046436923185,8197.046436923185,0.0,0.0
0.2,850,170.0,-150.0,False,0,0,0,0,8197.046436923185,8197.046436923185,0.0,0.0
0.2,875,175.0,-155.0,False,0,0,0,0,8197.046436923185,8197.046436923185,0.0,0.0
0.2,900,180.0,-160.0,False,0,0,0,0,8197.046436923185,8197.046436923185,0.0,0.0
0.2,925,185.0,-165.0,False,0,0,0,0,8197.046436923185,8197.046436923185,0.0,0.0
0.2,950,190.0,-170.0,False,0,0,0,0,8197.046436923185,8197.046436923185,0.0,0.0
0.2,975,195.0,-175.0,False,0,0,0,0,8197.046436923185,8197.046436923185,0.0,0.0
0.2,1000,200.0,-180.0,False,0,0,0,0,8197.046436923185,8197.046436923185,0.0,0.0
0.2,1025,205.0,-185.0,False,0,0,0,0,8197.046436923185,8197.046436923185,0.0,0.0
0.2,1050,210.0,-190.0,False,0,0,0,0,8197.046436923185,8197.046436923185,0.0,0.0
0.2,1075,215.0,-195.0,False,0,0,0,0,8197.046436923185,8197.046436923185,0.0,0.0
0.2,1100,220.0,-200.0,False,0,0,0,0,8197.046436923185,8197.046436923185,0.0,0.0
0.2,1125,225.0,-205.0,False,0,0,0,0,8197.046436923185,8197.046436923185,0.0,0.0
0.2,1150,230.0,-210.0,False,0,0,0,0,8197.046436923185,8197.046436923185,0.0,0.0
0.2,1175,235.0,-215.0,False,0,0,0,0,8197.046436923185,8197.046436923185,0.0,0.0
0.2,1200,240.0,-220.0,False,0,0,0,0,8197.046436923185,8197.046436923185,0.0,0.0
0.2,1225,245.0,-225.0,False,0,0,0,0,8197.046436923185,8197.046436923185,0.0,0.0
0.2,1250,250.0,-230.0,False,0,0,0,0,8197.046436923185,8197.046436923185,0.0,0.0
0.2,1275,255.0,-235.0,False,0,0,0,0,8197.046436923185,8197.046436923185,0.0,0.0
0.2,1300,260.0,-240.0,False,0,0,0,0,8197.046436923185,8197.046436923185,0.0,0.0
0.2,1325,265.0,-245.0,False,0,0,0,0,8197.046436923185,8197.046436923185,0.0,0.0
0.2,1350,270.0,-250.0,False,0,0,0,0,8197.046436923185,8197.046436923185,0.0,0.0
0.2,1375,275.0,-255.0,False,0,0,0,0,8197.046436923185,8197.046436923185,0.0,0.0
0.2,1400,280.0,-260.0,False,0,0,0,0,8197.046436923185,8197.046436923185,0.0,0.0
0.2,1425,285.0,-265.0,False,0,0,0,0,8197.046436923185,8197.046436923185,0.0,0.0
0.2,1450,290.0,-270.0,False,0,0,0,0,8197.046436923185,8197.046436923185,0.0,0.0
0.2,1475,295.0,-275.0,False,0,0,0,0,8197.046436923185,8197.046436923185,0.0,0.0
0.2,1500,300.0,-280.0,False,0,0,0,0,8197.046436923185,8197.046436923185,0.0,0.0
0.2,1525,305.0,-285.0,False,0,0,0,0,8197.046436923185,8197.046436923185,0.0,0.0
0.2,1550,310.0,-290.0,False,0,0,0,0,8197.046436923185,8197.046436923185,0.0,0.0
0.2,1575,315.0,-295.0,False,0,0,0,0,8197.046436923185,8197.046436923185,0.0,0.0
0.2,1600,320.0,-300.0,False,0,0,0,0,8197.046436923185,8197.046436923185,0.0,0.0
0.2,1625,325.0,-305.0,False,0,0,0,0,8197.046436923185,8197.046436923185,0.0,0.0
0.2,1650,330.0,-310.0,False,0,0,0,0,8197.046436923185,8197.046436923185,0.0,0.0
0.2,1675,335.0,-315.0,False,0,0,0,0,8197.046436923185,8197.046436923185,0.0,0.0
0.2,1700,340.0,-320.0,False,0,0,0,0,8197.046436923185,8197.046436923185,0.0,0.0
0.2,1725,345.0,-325.0,False,0,0,0,0,8197.046436923185,8197.046436923185,0.0,0.0
0.2,1750,350.0,-330.0,False,0,0,0,0,8197.046436923185,8197.046436923185,0.0,0.0
0.2,1775,355.0,-335.0,False,0,0,0,0,8197.046436923185,8197.046436923185,0.0,0.0
0.2,1800,360.0,-340.0,False,0,0,0,0,8197.046436923185,8197.046436923185,0.0,0.0
0.2,1825,365.0,-345.0,False,0,0,0,0,8197.046436923185,8197.046436923185,0.0,0.0
0.2,1850,370.0,-350.0,False,0,0,0,0,8197.046436923185,8197.046436923185,0.0,0.0
0.2,1875,375.0,-355.0,False,0,0,0,0,8197.046436923185,8197.046436923185,0.0,0.0
0.2,1900,380.0,-360.0,False,0,0,0,0,8197.046436923185,8197.046436923185,0.0,0.0
0.2,1925,385.0,-365.0,False,0,0,0,0,8197.046436923185,8197.046436923185,0.0,0.0
0.2,1950,390.0,-370.0,False,0,0,0,0,8197.046436923185,8197.046436923185,0.0,0.0
0.2,1975,395.0,-375.0,False,0,0,0,0,8197.046436923185,8197.046436923185,0.0,0.0
0.2,2000,400.0,-380.0,False,0,0,0,0,8197.046436923185,8197.046436923185,0.0,0.0
0.25,0,0.0,20.0,True,500,100,100,100,8197.046436923185,5653.878725891113,2543.1677110320725,31.025415442036547
0.25,25,6.25,13.75,True,500,100,100,100,8197.046436923185,5653.878725891113,2543.1677110320725,31.025415442036547
0.25,50,12.5,7.5,True,500,100,100,100,8197.046436923185,5653.878725891113,2543.1677110320725,31.025415442036547
0.25,75,18.75,1.25,True,500,100,100,100,8197.046436923185,5653.878725891113,2543.1677110320725,31.025415442036547
0.25,100,25.0,-5.0,False,500,100,0,0,8197.046436923185,8197.046436923185,0.0,0.0
0.25,125,31.25,-11.25,False,500,100,0,0,8197.046436923185,8197.046436923185,0.0,0.0
0.25,150,37.5,-17.5,False,500,100,0,0,8197.046436923185,8197.046436923185,0.0,0.0
0.25,175,43.75,-23.75,False,500,100,0,0,8197.046436923185,8197.046436923185,0.0,0.0
0.25,200,50.0,-30.0,False,500,100,0,0,8197.046436923185,8197.046436923185,0.0,0.0
0.25,225,56.25,-36.25,False,500,100,0,0,8197.046436923185,8197.046436923185,0.0,0.0
0.25,250,62.5,-42.5,False,500,100,0,0,8197.046436923185,8197.046436923185,0.0,0.0
0.25,275,68.75,-48.75,False,500,100,0,0,8197.046436923185,8197.046436923185,0.0,0.0
0.25,300,75.0,-55.0,False,500,100,0,0,8197.046436923185,8197.046436923185,0.0,0.0
0.25,325,81.25,-61.25,False,500,100,0,0,8197.046436923185,8197.046436923185,0.0,0.0
0.25,350,87.5,-67.5,False,500,100,0,0,8197.046436923185,8197.046436923185,0.0,0.0
0.25,375,93.75,-73.75,False,500,100,0,0,8197.046436923185,8197.046436923185,0.0,0.0
0.25,400,100.0,-80.0,False,500,100,0,0,8197.046436923185,8197.046436923185,0.0,0.0
0.25,425,106.25,-86.25,False,500,100,0,0,8197.046436923185,8197.046436923185,0.0,0.0
0.25,450,112.5,-92.5,False,477,100,0,0,8197.046436923185,8197.046436923185,0.0,0.0
0.25,475,118.75,-98.75,False,417,100,0,0,8197.046436923185,8197.046436923185,0.0,0.0
0.25,500,125.0,-105.0,False,362,100,0,0,8197.046436923185,8197.046436923185,0.0,0.0
0.25,525,131.25,-111.25,False,313,100,0,0,8197.046436923185,8197.046436923185,0.0,0.0
0.25,550,137.5,-117.5,False,271,99,0,0,8197.046436923185,8197.046436923185,0.0,0.0
0.25,575,143.75,-123.75,False,216,93,0,0,8197.046436923185,8197.046436923185,0.0,0.0
0.25,600,150.0,-130.0,False,160,86,0,0,8197.046436923185,8197.046436923185,0.0,0.0
0.25,625,156.25,-136.25,False,110,76,0,0,8197.046436923185,8197.046436923185,0.0,0.0
0.25,650,162.5,-142.5,False,60,49,0,0,8197.046436923185,8197.046436923185,0.0,0.0
0.25,675,168.75,-148.75,False,15,15,0,0,8197.046436923185,8197.046436923185,0.0,0.0
0.25,700,175.0,-155.0,False,0,0,0,0,8197.046436923185,8197.046436923185,0.0,0.0
0.25,725,181.25,-161.25,False,0,0,0,0,8197.046436923185,8197.046436923185,0.0,0.0
0.25,750,187.5,-167.5,False,0,0,0,0,8197.046436923185,8197.046436923185,0.0,0.0
0.25,775,193.75,-173.75,False,0,0,0,0,8197.046436923185,8197.046436923185,0.0,0.0
0.25,800,200.0,-180.0,False,0,0,0,0,8197.046436923185,8197.046436923185,0.0,0.0
0.25,825,206.25,-186.25,False,0,0,0,0,8197.046436923185,8197.046436923185,0.0,0.0
0.25,850,212.5,-192.5,False,0,0,0,0,8197.046436923185,8197.046436923185,0.0,0.0
0.25,875,218.75,-198.75,False,0,0,0,0,8197.046436923185,8197.046436923185,0.0,0.0
0.25,900,225.0,-205.0,False,0,0,0,0,8197.046436923185,8197.046436923185,0.0,0.0
0.25,925,231.25,-211.25,False,0,0,0,0,8197.046436923185,8197.046436923185,0.0,0.0
0.25,950,237.5,-217.5,False,0,0,0,0,8197.046436923185,8197.046436923185,0.0,0.0
0.25,975,243.75,-223.75,False,0,0,0,0,8197.046436923185,8197.046436923185,0.0,0.0
0.25,1000,250.0,-230.0,False,0,0,0,0,8197.046436923185,8197.046436923185,0.0,0.0
0.25,1025,256.25,-236.25,False,0,0,0,0,8197.046436923185,8197.046436923185,0.0,0.0
0.25,1050,262.5,-242.5,False,0,0,0,0,8197.046436923185,8197.046436923185,0.0,0.0
0.25,1075,268.75,-248.75,False,0,0,0,0,8197.046436923185,8197.046436923185,0.0,0.0
0.25,1100,275.0,-255.0,False,0,0,0,0,8197.046436923185,8197.046436923185,0.0,0.0
0.25,1125,281.25,-261.25,False,0,0,0,0,8197.046436923185,8197.046436923185,0.0,0.0
0.25,1150,287.5,-267.5,False,0,0,0,0,8197.046436923185,8197.046436923185,0.0,0.0
0.25,1175,293.75,-273.75,False,0,0,0,0,8197.046436923185,8197.046436923185,0.0,0.0
0.25,1200,300.0,-280.0,False,0,0,0,0,8197.046436923185,8197.046436923185,0.0,0.0
0.25,1225,306.25,-286.25,False,0,0,0,0,8197.046436923185,8197.046436923185,0.0,0.0
0.25,1250,312.5,-292.5,False,0,0,0,0,8197.046436923185,8197.046436923185,0.0,0.0
0.25,1275,318.75,-298.75,False,0,0,0,0,8197.046436923185,8197.046436923185,0.0,0.0
0.25,1300,325.0,-305.0,False,0,0,0,0,8197.046436923185,8197.046436923185,0.0,0.0
0.25,1325,331.25,-311.25,False,0,0,0,0,8197.046436923185,8197.046436923185,0.0,0.0
0.25,1350,337.5,-317.5,False,0,0,0,0,8197.046436923185,8197.046436923185,0.0,0.0
0.25,1375,343.75,-323.75,False,0,0,0,0,8197.046436923185,8197.046436923185,0.0,0.0
0.25,1400,350.0,-330.0,False,0,0,0,0,8197.046436923185,8197.046436923185,0.0,0.0
0.25,1425,356.25,-336.25,False,0,0,0,0,8197.046436923185,8197.046436923185,0.0,0.0
0.25,1450,362.5,-342.5,False,0,0,0,0,8197.046436923185,8197.046436923185,0.0,0.0
0.25,1475,368.75,-348.75,False,0,0,0,0,8197.046436923185,8197.046436923185,0.0,0.0
0.25,1500,375.0,-355.0,False,0,0,0,0,8197.046436923185,8197.046436923185,0.0,0.0
0.25,1525,381.25,-361.25,False,0,0,0,0,8197.046436923185,8197.046436923185,0.0,0.0
0.25,1550,387.5,-367.5,False,0,0,0,0,8197.046436923185,8197.046436923185,0.0,0.0
0.25,1575,393.75,-373.75,False,0,0,0,0,8197.046436923185,8197.046436923185,0.0,0.0
0.25,1600,400.0,-380.0,False,0,0,0,0,8197.046436923185,8197.046436923185,0.0,0.0
0.25,1625,406.25,-386.25,False,0,0,0,0,8197.046436923185,8197.046436923185,0.0,0.0
0.25,1650,412.5,-392.5,False,0,0,0,0,8197.046436923185,8197.046436923185,0.0,0.0
0.25,1675,418.75,-398.75,False,0,0,0,0,8197.046436923185,8197.046436923185,0.0,0.0
0.25,1700,425.0,-405.0,False,0,0,0,0,8197.046436923185,8197.046436923185,0.0,0.0
0.25,1725,431.25,-411.25,False,0,0,0,0,8197.046436923185,8197.046436923185,0.0,0.0
0.25,1750,437.5,-417.5,False,0,0,0,0,8197.046436923185,8197.046436923185,0.0,0.0
0.25,1775,443.75,-423.75,False,0,0,0,0,8197.046436923185,8197.046436923185,0.0,0.0
0.25,1800,450.0,-430.0,False,0,0,0,0,8197.046436923185,8197.046436923185,0.0,0.0
0.25,1825,456.25,-436.25,False,0,0,0,0,8197.046436923185,8197.046436923185,0.0,0.0
0.25,1850,462.5,-442.5,False,0,0,0,0,8197.046436923185,8197.046436923185,0.0,0.0
0.25,1875,468.75,-448.75,False,0,0,0,0,8197.046436923185,8197.046436923185,0.0,0.0
0.25,1900,475.0,-455.0,False,0,0,0,0,8197.046436923185,8197.046436923185,0.0,0.0
0.25,1925,481.25,-461.25,False,0,0,0,0,8197.046436923185,8197.046436923185,0.0,0.0
0.25,1950,487.5,-467.5,False,0,0,0,0,8197.046436923185,8197.046436923185,0.0,0.0
0.25,1975,493.75,-473.75,False,0,0,0,0,8197.046436923185,8197.046436923185,0.0,0.0
0.25,2000,500.0,-480.0,False,0,0,0,0,8197.046436923185,8197.046436923185,0.0,0.0
0.3,0,0.0,20.0,True,500,100,100,100,8197.046436923185,5653.878725891113,2543.1677110320725,31.025415442036547
0.3,25,7.500000000000001,12.5,True,500,100,100,100,8197.046436923185,5653.878725891113,2543.1677110320725,31.025415442036547
0.3,50,15.000000000000002,4.999999999999998,True,500,100,100,100,8197.046436923185,5653.878725891113,2543.1677110320725,31.025415442036547
0.3,75,22.500000000000004,-2.5000000000000036,False,500,100,0,0,8197.046436923185,8197.046436923185,0.0,0.0
0.3,100,30.000000000000004,-10.000000000000004,False,500,100,0,0,8197.046436923185,8197.046436923185,0.0,0.0
0.3,125,37.50000000000001,-17.500000000000007,False,500,100,0,0,8197.046436923185,8197.046436923185,0.0,0.0
0.3,150,45.00000000000001,-25.000000000000007,False,500,100,0,0,8197.046436923185,8197.046436923185,0.0,0.0
0.3,175,52.50000000000001,-32.50000000000001,False,500,100,0,0,8197.046436923185,8197.046436923185,0.0,0.0
0.3,200,60.00000000000001,-40.00000000000001,False,500,100,0,0,8197.046436923185,8197.046436923185,0.0,0.0
0.3,225,67.50000000000001,-47.500000000000014,False,500,100,0,0,8197.046436923185,8197.046436923185,0.0,0.0
0.3,250,75.00000000000001,-55.000000000000014,False,500,100,0,0,8197.046436923185,8197.046436923185,0.0,0.0
0.3,275,82.50000000000001,-62.500000000000014,False,500,100,0,0,8197.046436923185,8197.046436923185,0.0,0.0
0.3,300,90.00000000000001,-70.00000000000001,False,500,100,0,0,8197.046436923185,8197.046436923185,0.0,0.0
0.3,325,97.50000000000001,-77.50000000000001,False,500,100,0,0,8197.046436923185,8197.046436923185,0.0,0.0
0.3,350,105.00000000000001,-85.00000000000001,False,500,100,0,0,8197.046436923185,8197.046436923185,0.0,0.0
0.3,375,112.50000000000001,-92.50000000000001,False,477,100,0,0,8197.046436923185,8197.046436923185,0.0,0.0
0.3,400,120.00000000000001,-100.00000000000001,False,406,100,0,0,8197.046436923185,8197.046436923185,0.0,0.0
0.3,425,127.50000000000001,-107.50000000000001,False,341,100,0,0,8197.046436923185,8197.046436923185,0.0,0.0
0.3,450,135.00000000000003,-115.00000000000003,False,291,99,0,0,8197.046436923185,8197.046436923185,0.0,0.0
0.3,475,142.50000000000003,-122.50000000000003,False,230,94,0,0,8197.046436923185,8197.046436923185,0.0,0.0
0.3,500,150.00000000000003,-130.00000000000003,False,160,86,0,0,8197.046436923185,8197.046436923185,0.0,0.0
0.3,525,157.50000000000003,-137.50000000000003,False,93,68,0,0,8197.046436923185,8197.046436923185,0.0,0.0
0.3,550,165.00000000000003,-145.00000000000003,False,40,35,0,0,8197.046436923185,8197.046436923185,0.0,0.0
0.3,575,172.50000000000003,-152.50000000000003,False,0,0,0,0,8197.046436923185,8197.046436923185,0.0,0.0
0.3,600,180.00000000000003,-160.00000000000003,False,0,0,0,0,8197.046436923185,8197.046436923185,0.0,0.0
0.3,625,187.50000000000003,-167.50000000000003,False,0,0,0,0,8197.046436923185,8197.046436923185,0.0,0.0
0.3,650,195.00000000000003,-175.00000000000003,False,0,0,0,0,8197.046436923185,8197.046436923185,0.0,0.0
0.3,675,202.50000000000003,-182.50000000000003,False,0,0,0,0,8197.046436923185,8197.046436923185,0.0,0.0
0.3,700,210.00000000000003,-190.00000000000003,False,0,0,0,0,8197.046436923185,8197.046436923185,0.0,0.0
0.3,725,217.50000000000003,-197.50000000000003,False,0,0,0,0,8197.046436923185,8197.046436923185,0.0,0.0
0.3,750,225.00000000000003,-205.00000000000003,False,0,0,0,0,8197.046436923185,8197.046436923185,0.0,0.0
0.3,775,232.50000000000003,-212.50000000000003,False,0,0,0,0,8197.046436923185,8197.046436923185,0.0,0.0
0.3,800,240.00000000000003,-220.00000000000003,False,0,0,0,0,8197.046436923185,8197.046436923185,0.0,0.0
0.3,825,247.50000000000003,-227.50000000000003,False,0,0,0,0,8197.046436923185,8197.046436923185,0.0,0.0
0.3,850,255.00000000000003,-235.00000000000003,False,0,0,0,0,8197.046436923185,8197.046436923185,0.0,0.0
0.3,875,262.50000000000006,-242.50000000000006,False,0,0,0,0,8197.046436923185,8197.046436923185,0.0,0.0
0.3,900,270.00000000000006,-250.00000000000006,False,0,0,0,0,8197.046436923185,8197.046436923185,0.0,0.0
0.3,925,277.50000000000006,-257.50000000000006,False,0,0,0,0,8197.046436923185,8197.046436923185,0.0,0.0
0.3,950,285.00000000000006,-265.00000000000006,False,0,0,0,0,8197.046436923185,8197.046436923185,0.0,0.0
0.3,975,292.50000000000006,-272.50000000000006,False,0,0,0,0,8197.046436923185,8197.046436923185,0.0,0.0
0.3,1000,300.00000000000006,-280.00000000000006,False,0,0,0,0,8197.046436923185,8197.046436923185,0.0,0.0
0.3,1025,307.50000000000006,-287.50000000000006,False,0,0,0,0,8197.046436923185,8197.046436923185,0.0,0.0
0.3,1050,315.00000000000006,-295.00000000000006,False,0,0,0,0,8197.046436923185,8197.046436923185,0.0,0.0
0.3,1075,322.50000000000006,-302.50000000000006,False,0,0,0,0,8197.046436923185,8197.046436923185,0.0,0.0
0.3,1100,330.00000000000006,-310.00000000000006,False,0,0,0,0,8197.046436923185,8197.046436923185,0.0,0.0
0.3,1125,337.50000000000006,-317.50000000000006,False,0,0,0,0,8197.046436923185,8197.046436923185,0.0,0.0
0.3,1150,345.00000000000006,-325.00000000000006,False,0,0,0,0,8197.046436923185,8197.046436923185,0.0,0.0
0.3,1175,352.50000000000006,-332.50000000000006,False,0,0,0,0,8197.046436923185,8197.046436923185,0.0,0.0
0.3,1200,360.00000000000006,-340.00000000000006,False,0,0,0,0,8197.046436923185,8197.046436923185,0.0,0.0
0.3,1225,367.50000000000006,-347.50000000000006,False,0,0,0,0,8197.046436923185,8197.046436923185,0.0,0.0
0.3,1250,375.00000000000006,-355.00000000000006,False,0,0,0,0,8197.046436923185,8197.046436923185,0.0,0.0
0.3,1275,382.50000000000006,-362.50000000000006,False,0,0,0,0,8197.046436923185,8197.046436923185,0.0,0.0
0.3,1300,390.00000000000006,-370.00000000000006,False,0,0,0,0,8197.046436923185,8197.046436923185,0.0,0.0
0.3,1325,397.50000000000006,-377.50000000000006,False,0,0,0,0,8197.046436923185,8197.046436923185,0.0,0.0
0.3,1350,405.00000000000006,-385.00000000000006,False,0,0,0,0,8197.046436923185,8197.046436923185,0.0,0.0
0.3,1375,412.50000000000006,-392.50000000000006,False,0,0,0,0,8197.046436923185,8197.046436923185,0.0,0.0
0.3,1400,420.00000000000006,-400.00000000000006,False,0,0,0,0,8197.046436923185,8197.046436923185,0.0,0.0
0.3,1425,427.50000000000006,-407.50000000000006,False,0,0,0,0,8197.046436923185,8197.046436923185,0.0,0.0
0.3,1450,435.00000000000006,-415.00000000000006,False,0,0,0,0,8197.046436923185,8197.046436923185,0.0,0.0
0.3,1475,442.50000000000006,-422.50000000000006,False,0,0,0,0,8197.046436923185,8197.046436923185,0.0,0.0
0.3,1500,450.00000000000006,-430.00000000000006,False,0,0,0,0,8197.046436923185,8197.046436923185,0.0,0.0
0.3,1525,457.50000000000006,-437.50000000000006,False,0,0,0,0,8197.046436923185,8197.046436923185,0.0,0.0
0.3,1550,465.00000000000006,-445.00000000000006,False,0,0,0,0,8197.046436923185,8197.046436923185,0.0,0.0
0.3,1575,472.50000000000006,-452.50000000000006,False,0,0,0,0,8197.046436923185,8197.046436923185,0.0,0.0
0.3,1600,480.00000000000006,-460.00000000000006,False,0,0,0,0,8197.046436923185,8197.046436923185,0.0,0.0
0.3,1625,487.50000000000006,-467.50000000000006,False,0,0,0,0,8197.046436923185,8197.046436923185,0.0,0.0
0.3,1650,495.00000000000006,-475.00000000000006,False,0,0,0,0,8197.046436923185,8197.046436923185,0.0,0.0
0.3,1675,502.50000000000006,-482.50000000000006,False,0,0,0,0,8197.046436923185,8197.046436923185,0.0,0.0
0.3,1700,510.00000000000006,-490.00000000000006,False,0,0,0,0,8197.046436923185,8197.046436923185,0.0,0.0
0.3,1725,517.5000000000001,-497.5000000000001,False,0,0,0,0,8197.046436923185,8197.046436923185,0.0,0.0
0.3,1750,525.0000000000001,-505.0000000000001,False,0,0,0,0,8197.046436923185,8197.046436923185,0.0,0.0
0.3,1775,532.5000000000001,-512.5000000000001,False,0,0,0,0,8197.046436923185,8197.046436923185,0.0,0.0
0.3,1800,540.0000000000001,-520.0000000000001,False,0,0,0,0,8197.046436923185,8197.046436923185,0.0,0.0
0.3,1825,547.5000000000001,-527.5000000000001,False,0,0,0,0,8197.046436923185,8197.046436923185,0.0,0.0
0.3,1850,555.0000000000001,-535.0000000000001,False,0,0,0,0,8197.046436923185,8197.046436923185,0.0,0.0
0.3,1875,562.5000000000001,-542.5000000000001,False,0,0,0,0,8197.046436923185,8197.046436923185,0.0,0.0
0.3,1900,570.0000000000001,-550.0000000000001,False,0,0,0,0,8197.046436923185,8197.046436923185,0.0,0.0
0.3,1925,577.5000000000001,-557.5000000000001,False,0,0,0,0,8197.046436923185,8197.046436923185,0.0,0.0
0.3,1950,585.0000000000001,-565.0000000000001,False,0,0,0,0,8197.046436923185,8197.046436923185,0.0,0.0
0.3,1975,592.5000000000001,-572.5000000000001,False,0,0,0,0,8197.046436923185,8197.046436923185,0.0,0.0
0.3,2000,600.0000000000001,-580.0000000000001,False,0,0,0,0,8197.046436923185,8197.046436923185,0.0,0.0
0.35,0,0.0,20.0,True,500,100,100,100,8197.046436923185,5653.878725891113,2543.1677110320725,31.025415442036547
0.35,25,8.75,11.25,True,500,100,100,100,8197.046436923185,5653.878725891113,2543.1677110320725,31.025415442036547
0.35,50,17.5,2.5,True,500,100,100,100,8197.046436923185,5653.878725891113,2543.1677110320725,31.025415442036547
0.35,75,26.250000000000004,-6.2500000000000036,False,500,100,0,0,8197.046436923185,8197.046436923185,0.0,0.0
0.35,100,35.0,-15.0,False,500,100,0,0,8197.046436923185,8197.046436923185,0.0,0.0
0.35,125,43.75000000000001,-23.750000000000007,False,500,100,0,0,8197.046436923185,8197.046436923185,0.0,0.0
0.35,150,52.50000000000001,-32.50000000000001,False,500,100,0,0,8197.046436923185,8197.046436923185,0.0,0.0
0.35,175,61.25000000000001,-41.25000000000001,False,500,100,0,0,8197.046436923185,8197.046436923185,0.0,0.0
0.35,200,70.0,-50.0,False,500,100,0,0,8197.046436923185,8197.046436923185,0.0,0.0
0.35,225,78.75000000000001,-58.750000000000014,False,500,100,0,0,8197.046436923185,8197.046436923185,0.0,0.0
0.35,250,87.50000000000001,-67.50000000000001,False,500,100,0,0,8197.046436923185,8197.046436923185,0.0,0.0
0.35,275,96.25000000000001,-76.25000000000001,False,500,100,0,0,8197.046436923185,8197.046436923185,0.0,0.0
0.35,300,105.00000000000001,-85.00000000000001,False,500,100,0,0,8197.046436923185,8197.046436923185,0.0,0.0
0.35,325,113.75000000000001,-93.75000000000001,False,466,100,0,0,8197.046436923185,8197.046436923185,0.0,0.0
0.35,350,122.50000000000001,-102.50000000000001,False,385,100,0,0,8197.046436923185,8197.046436923185,0.0,0.0
0.35,375,131.25,-111.25,False,313,100,0,0,8197.046436923185,8197.046436923185,0.0,0.0
0.35,400,140.0,-120.0,False,244,97,0,0,8197.046436923185,8197.046436923185,0.0,0.0
0.35,425,148.75,-128.75,False,173,89,0,0,8197.046436923185,8197.046436923185,0.0,0.0
0.35,450,157.50000000000003,-137.50000000000003,False,93,68,0,0,8197.046436923185,8197.046436923185,0.0,0.0
0.35,475,166.25000000000003,-146.25000000000003,False,27,26,0,0,8197.046436923185,8197.046436923185,0.0,0.0
0.35,500,175.00000000000003,-155.00000000000003,False,0,0,0,0,8197.046436923185,8197.046436923185,0.0,0.0
0.35,525,183.75000000000003,-163.75000000000003,False,0,0,0,0,8197.046436923185,8197.046436923185,0.0,0.0
0.35,550,192.50000000000003,-172.50000000000003,False,0,0,0,0,8197.046436923185,8197.046436923185,0.0,0.0
0.35,575,201.25000000000003,-181.25000000000003,False,0,0,0,0,8197.046436923185,8197.046436923185,0.0,0.0
0.35,600,210.00000000000003,-190.00000000000003,False,0,0,0,0,8197.046436923185,8197.046436923185,0.0,0.0
0.35,625,218.75000000000003,-198.75000000000003,False,0,0,0,0,8197.046436923185,8197.046436923185,0.0,0.0
0.35,650,227.50000000000003,-207.50000000000003,False,0,0,0,0,8197.046436923185,8197.046436923185,0.0,0.0
0.35,675,236.25000000000003,-216.25000000000003,False,0,0,0,0,8197.046436923185,8197.046436923185,0.0,0.0
0.35,700,245.00000000000003,-225.00000000000003,False,0,0,0,0,8197.046436923185,8197.046436923185,0.0,0.0
0.35,725,253.75000000000003,-233.75000000000003,False,0,0,0,0,8197.046436923185,8197.046436923185,0.0,0.0
0.35,750,262.5,-242.5,False,0,0,0,0,8197.046436923185,8197.046436923185,0.0,0.0
0.35,775,271.25,-251.25,False,0,0,0,0,8197.046436923185,8197.046436923185,0.0,0.0
0.35,800,280.0,-260.0,False,0,0,0,0,8197.046436923185,8197.046436923185,0.0,0.0
0.35,825,288.75,-268.75,False,0,0,0,0,8197.046436923185,8197.046436923185,0.0,0.0
0.35,850,297.5,-277.5,False,0,0,0,0,8197.046436923185,8197.046436923185,0.0,0.0
0.35,875,306.25000000000006,-286.25000000000006,False,0,0,0,0,8197.046436923185,8197.046436923185,0.0,0.0
0.35,900,315.00000000000006,-295.00000000000006,False,0,0,0,0,8197.046436923185,8197.046436923185,0.0,0.0
0.35,925,323.75000000000006,-303.75000000000006,False,0,0,0,0,8197.046436923185,8197.046436923185,0.0,0.0
0.35,950,332.50000000000006,-312.50000000000006,False,0,0,0,0,8197.046436923185,8197.046436923185,0.0,0.0
0.35,975,341.25000000000006,-321.25000000000006,False,0,0,0,0,8197.046436923185,8197.046436923185,0.0,0.0
0.35,1000,350.00000000000006,-330.00000000000006,False,0,0,0,0,8197.046436923185,8197.046436923185,0.0,0.0
0.35,1025,358.75000000000006,-338.75000000000006,False,0,0,0,0,8197.046436923185,8197.046436923185,0.0,0.0
0.35,1050,367.50000000000006,-347.50000000000006,False,0,0,0,0,8197.046436923185,8197.046436923185,0.0,0.0
0.35,1075,376.25000000000006,-356.25000000000006,False,0,0,0,0,8197.046436923185,8197.046436923185,0.0,0.0
0.35,1100,385.00000000000006,-365.00000000000006,False,0,0,0,0,8197.046436923185,8197.046436923185,0.0,0.0
0.35,1125,393.75000000000006,-373.75000000000006,False,0,0,0,0,8197.046436923185,8197.046436923185,0.0,0.0
0.35,1150,402.50000000000006,-382.50000000000006,False,0,0,0,0,8197.046436923185,8197.046436923185,0.0,0.0
0.35,1175,411.25000000000006,-391.25000000000006,False,0,0,0,0,8197.046436923185,8197.046436923185,0.0,0.0
0.35,1200,420.00000000000006,-400.00000000000006,False,0,0,0,0,8197.046436923185,8197.046436923185,0.0,0.0
0.35,1225,428.75000000000006,-408.75000000000006,False,0,0,0,0,8197.046436923185,8197.046436923185,0.0,0.0
0.35,1250,437.50000000000006,-417.50000000000006,False,0,0,0,0,8197.046436923185,8197.046436923185,0.0,0.0
0.35,1275,446.25000000000006,-426.25000000000006,False,0,0,0,0,8197.046436923185,8197.046436923185,0.0,0.0
0.35,1300,455.00000000000006,-435.00000000000006,False,0,0,0,0,8197.046436923185,8197.046436923185,0.0,0.0
0.35,1325,463.75000000000006,-443.75000000000006,False,0,0,0,0,8197.046436923185,8197.046436923185,0.0,0.0
0.35,1350,472.50000000000006,-452.50000000000006,False,0,0,0,0,8197.046436923185,8197.046436923185,0.0,0.0
0.35,1375,481.25000000000006,-461.25000000000006,False,0,0,0,0,8197.046436923185,8197.046436923185,0.0,0.0
0.35,1400,490.00000000000006,-470.00000000000006,False,0,0,0,0,8197.046436923185,8197.046436923185,0.0,0.0
0.35,1425,498.75000000000006,-478.75000000000006,False,0,0,0,0,8197.046436923185,8197.046436923185,0.0,0.0
0.35,1450,507.50000000000006,-487.50000000000006,False,0,0,0,0,8197.046436923185,8197.046436923185,0.0,0.0
0.35,1475,516.25,-496.25,False,0,0,0,0,8197.046436923185,8197.046436923185,0.0,0.0
0.35,1500,525.0,-505.0,False,0,0,0,0,8197.046436923185,8197.046436923185,0.0,0.0
0.35,1525,533.75,-513.75,False,0,0,0,0,8197.046436923185,8197.046436923185,0.0,0.0
0.35,1550,542.5,-522.5,False,0,0,0,0,8197.046436923185,8197.046436923185,0.0,0.0
0.35,1575,551.25,-531.25,False,0,0,0,0,8197.046436923185,8197.046436923185,0.0,0.0
0.35,1600,560.0,-540.0,False,0,0,0,0,8197.046436923185,8197.046436923185,0.0,0.0
0.35,1625,568.75,-548.75,False,0,0,0,0,8197.046436923185,8197.046436923185,0.0,0.0
0.35,1650,577.5,-557.5,False,0,0,0,0,8197.046436923185,8197.046436923185,0.0,0.0
0.35,1675,586.25,-566.25,False,0,0,0,0,8197.046436923185,8197.046436923185,0.0,0.0
0.35,1700,595.0,-575.0,False,0,0,0,0,8197.046436923185,8197.046436923185,0.0,0.0
0.35,1725,603.7500000000001,-583.7500000000001,False,0,0,0,0,8197.046436923185,8197.046436923185,0.0,0.0
0.35,1750,612.5000000000001,-592.5000000000001,False,0,0,0,0,8197.046436923185,8197.046436923185,0.0,0.0
0.35,1775,621.2500000000001,-601.2500000000001,False,0,0,0,0,8197.046436923185,8197.046436923185,0.0,0.0
0.35,1800,630.0000000000001,-610.0000000000001,False,0,0,0,0,8197.046436923185,8197.046436923185,0.0,0.0
0.35,1825,638.7500000000001,-618.7500000000001,False,0,0,0,0,8197.046436923185,8197.046436923185,0.0,0.0
0.35,1850,647.5000000000001,-627.5000000000001,False,0,0,0,0,8197.046436923185,8197.046436923185,0.0,0.0
0.35,1875,656.2500000000001,-636.2500000000001,False,0,0,0,0,8197.046436923185,8197.046436923185,0.0,0.0
0.35,1900,665.0000000000001,-645.0000000000001,False,0,0,0,0,8197.046436923185,8197.046436923185,0.0,0.0
0.35,1925,673.7500000000001,-653.7500000000001,False,0,0,0,0,8197.046436923185,8197.046436923185,0.0,0.0
0.35,1950,682.5000000000001,-662.5000000000001,False,0,0,0,0,8197.046436923185,8197.046436923185,0.0,0.0
0.35,1975,691.2500000000001,-671.2500000000001,False,0,0,0,0,8197.046436923185,8197.046436923185,0.0,0.0
0.35,2000,700.0000000000001,-680.0000000000001,False,0,0,0,0,8197.046436923185,8197.046436923185,0.0,0.0
0.4,0,0.0,20.0,True,500,100,100,100,8197.046436923185,5653.878725891113,2543.1677110320725,31.025415442036547
0.4,25,10.0,10.0,True,500,100,100,100,8197.046436923185,5653.878725891113,2543.1677110320725,31.025415442036547
0.4,50,20.0,0.0,False,500,100,0,0,8197.046436923185,8197.046436923185,0.0,0.0
0.4,75,30.0,-10.0,False,500,100,0,0,8197.046436923185,8197.046436923185,0.0,0.0
0.4,100,40.0,-20.0,False,500,100,0,0,8197.046436923185,8197.046436923185,0.0,0.0
0.4,125,50.0,-30.0,False,500,100,0,0,8197.046436923185,8197.046436923185,0.0,0.0
0.4,150,60.0,-40.0,False,500,100,0,0,8197.046436923185,8197.046436923185,0.0,0.0
0.4,175,70.0,-50.0,False,500,100,0,0,8197.046436923185,8197.046436923185,0.0,0.0
0.4,200,80.0,-60.0,False,500,100,0,0,8197.046436923185,8197.046436923185,0.0,0.0
0.4,225,90.0,-70.0,False,500,100,0,0,8197.046436923185,8197.046436923185,0.0,0.0
0.4,250,100.0,-80.0,False,500,100,0,0,8197.046436923185,8197.046436923185,0.0,0.0
0.4,275,110.0,-90.0,False,500,100,0,0,8197.046436923185,8197.046436923185,0.0,0.0
0.4,300,120.0,-100.0,False,406,100,0,0,8197.046436923185,8197.046436923185,0.0,0.0
0.4,325,130.0,-110.0,False,321,100,0,0,8197.046436923185,8197.046436923185,0.0,0.0
0.4,350,140.0,-120.0,False,244,97,0,0,8197.046436923185,8197.046436923185,0.0,0.0
0.4,375,150.0,-130.0,False,160,86,0,0,8197.046436923185,8197.046436923185,0.0,0.0
0.4,400,160.0,-140.0,False,79,60,0,0,8197.046436923185,8197.046436923185,0.0,0.0
0.4,425,170.0,-150.0,False,0,0,0,0,8197.046436923185,8197.046436923185,0.0,0.0
0.4,450,180.0,-160.0,False,0,0,0,0,8197.046436923185,8197.046436923185,0.0,0.0
0.4,475,190.0,-170.0,False,0,0,0,0,8197.046436923185,8197.046436923185,0.0,0.0
0.4,500,200.0,-180.0,False,0,0,0,0,8197.046436923185,8197.046436923185,0.0,0.0
0.4,525,210.0,-190.0,False,0,0,0,0,8197.046436923185,8197.046436923185,0.0,0.0
0.4,550,220.0,-200.0,False,0,0,0,0,8197.046436923185,8197.046436923185,0.0,0.0
0.4,575,230.0,-210.0,False,0,0,0,0,8197.046436923185,8197.046436923185,0.0,0.0
0.4,600,240.0,-220.0,False,0,0,0,0,8197.046436923185,8197.046436923185,0.0,0.0
0.4,625,250.0,-230.0,False,0,0,0,0,8197.046436923185,8197.046436923185,0.0,0.0
0.4,650,260.0,-240.0,False,0,0,0,0,8197.046436923185,8197.046436923185,0.0,0.0
0.4,675,270.0,-250.0,False,0,0,0,0,8197.046436923185,8197.046436923185,0.0,0.0
0.4,700,280.0,-260.0,False,0,0,0,0,8197.046436923185,8197.046436923185,0.0,0.0
0.4,725,290.0,-270.0,False,0,0,0,0,8197.046436923185,8197.046436923185,0.0,0.0
0.4,750,300.0,-280.0,False,0,0,0,0,8197.046436923185,8197.046436923185,0.0,0.0
0.4,775,310.0,-290.0,False,0,0,0,0,8197.046436923185,8197.046436923185,0.0,0.0
0.4,800,320.0,-300.0,False,0,0,0,0,8197.046436923185,8197.046436923185,0.0,0.0
0.4,825,330.0,-310.0,False,0,0,0,0,8197.046436923185,8197.046436923185,0.0,0.0
0.4,850,340.0,-320.0,False,0,0,0,0,8197.046436923185,8197.046436923185,0.0,0.0
0.4,875,350.0,-330.0,False,0,0,0,0,8197.046436923185,8197.046436923185,0.0,0.0
0.4,900,360.0,-340.0,False,0,0,0,0,8197.046436923185,8197.046436923185,0.0,0.0
0.4,925,370.0,-350.0,False,0,0,0,0,8197.046436923185,8197.046436923185,0.0,0.0
0.4,950,380.0,-360.0,False,0,0,0,0,8197.046436923185,8197.046436923185,0.0,0.0
0.4,975,390.0,-370.0,False,0,0,0,0,8197.046436923185,8197.046436923185,0.0,0.0
0.4,1000,400.0,-380.0,False,0,0,0,0,8197.046436923185,8197.046436923185,0.0,0.0
0.4,1025,410.0,-390.0,False,0,0,0,0,8197.046436923185,8197.046436923185,0.0,0.0
0.4,1050,420.0,-400.0,False,0,0,0,0,8197.046436923185,8197.046436923185,0.0,0.0
0.4,1075,430.0,-410.0,False,0,0,0,0,8197.046436923185,8197.046436923185,0.0,0.0
0.4,1100,440.0,-420.0,False,0,0,0,0,8197.046436923185,8197.046436923185,0.0,0.0
0.4,1125,450.0,-430.0,False,0,0,0,0,8197.046436923185,8197.046436923185,0.0,0.0
0.4,1150,460.0,-440.0,False,0,0,0,0,8197.046436923185,8197.046436923185,0.0,0.0
0.4,1175,470.0,-450.0,False,0,0,0,0,8197.046436923185,8197.046436923185,0.0,0.0
0.4,1200,480.0,-460.0,False,0,0,0,0,8197.046436923185,8197.046436923185,0.0,0.0
0.4,1225,490.0,-470.0,False,0,0,0,0,8197.046436923185,8197.046436923185,0.0,0.0
0.4,1250,500.0,-480.0,False,0,0,0,0,8197.046436923185,8197.046436923185,0.0,0.0
0.4,1275,510.0,-490.0,False,0,0,0,0,8197.046436923185,8197.046436923185,0.0,0.0
0.4,1300,520.0,-500.0,False,0,0,0,0,8197.046436923185,8197.046436923185,0.0,0.0
0.4,1325,530.0,-510.0,False,0,0,0,0,8197.046436923185,8197.046436923185,0.0,0.0
0.4,1350,540.0,-520.0,False,0,0,0,0,8197.046436923185,8197.046436923185,0.0,0.0
0.4,1375,550.0,-530.0,False,0,0,0,0,8197.046436923185,8197.046436923185,0.0,0.0
0.4,1400,560.0,-540.0,False,0,0,0,0,8197.046436923185,8197.046436923185,0.0,0.0
0.4,1425,570.0,-550.0,False,0,0,0,0,8197.046436923185,8197.046436923185,0.0,0.0
0.4,1450,580.0,-560.0,False,0,0,0,0,8197.046436923185,8197.046436923185,0.0,0.0
0.4,1475,590.0,-570.0,False,0,0,0,0,8197.046436923185,8197.046436923185,0.0,0.0
0.4,1500,600.0,-580.0,False,0,0,0,0,8197.046436923185,8197.046436923185,0.0,0.0
0.4,1525,610.0,-590.0,False,0,0,0,0,8197.046436923185,8197.046436923185,0.0,0.0
0.4,1550,620.0,-600.0,False,0,0,0,0,8197.046436923185,8197.046436923185,0.0,0.0
0.4,1575,630.0,-610.0,False,0,0,0,0,8197.046436923185,8197.046436923185,0.0,0.0
0.4,1600,640.0,-620.0,False,0,0,0,0,8197.046436923185,8197.046436923185,0.0,0.0
0.4,1625,650.0,-630.0,False,0,0,0,0,8197.046436923185,8197.046436923185,0.0,0.0
0.4,1650,660.0,-640.0,False,0,0,0,0,8197.046436923185,8197.046436923185,0.0,0.0
0.4,1675,670.0,-650.0,False,0,0,0,0,8197.046436923185,8197.046436923185,0.0,0.0
0.4,1700,680.0,-660.0,False,0,0,0,0,8197.046436923185,8197.046436923185,0.0,0.0
0.4,1725,690.0,-670.0,False,0,0,0,0,8197.046436923185,8197.046436923185,0.0,0.0
0.4,1750,700.0,-680.0,False,0,0,0,0,8197.046436923185,8197.046436923185,0.0,0.0
0.4,1775,710.0,-690.0,False,0,0,0,0,8197.046436923185,8197.046436923185,0.0,0.0
0.4,1800,720.0,-700.0,False,0,0,0,0,8197.046436923185,8197.046436923185,0.0,0.0
0.4,1825,730.0,-710.0,False,0,0,0,0,8197.046436923185,8197.046436923185,0.0,0.0
0.4,1850,740.0,-720.0,False,0,0,0,0,8197.046436923185,8197.046436923185,0.0,0.0
0.4,1875,750.0,-730.0,False,0,0,0,0,8197.046436923185,8197.046436923185,0.0,0.0
0.4,1900,760.0,-740.0,False,0,0,0,0,8197.046436923185,8197.046436923185,0.0,0.0
0.4,1925,770.0,-750.0,False,0,0,0,0,8197.046436923185,8197.046436923185,0.0,0.0
0.4,1950,780.0,-760.0,False,0,0,0,0,8197.046436923185,8197.046436923185,0.0,0.0
0.4,1975,790.0,-770.0,False,0,0,0,0,8197.046436923185,8197.046436923185,0.0,0.0
0.4,2000,800.0,-780.0,False,0,0,0,0,8197.046436923185,8197.046436923185,0.0,0.0
0.45,0,0.0,20.0,True,500,100,100,100,8197.046436923185,5653.878725891113,2543.1677110320725,31.025415442036547
0.45,25,11.25,8.75,True,500,100,100,100,8197.046436923185,5653.878725891113,2543.1677110320725,31.025415442036547
0.45,50,22.5,-2.5,False,500,100,0,0,8197.046436923185,8197.046436923185,0.0,0.0
0.45,75,33.75,-13.75,False,500,100,0,0,8197.046436923185,8197.046436923185,0.0,0.0
0.45,100,45.0,-25.0,False,500,100,0,0,8197.046436923185,8197.046436923185,0.0,0.0
0.45,125,56.25,-36.25,False,500,100,0,0,8197.046436923185,8197.046436923185,0.0,0.0
0.45,150,67.5,-47.5,False,500,100,0,0,8197.046436923185,8197.046436923185,0.0,0.0
0.45,175,78.75,-58.75,False,500,100,0,0,8197.046436923185,8197.046436923185,0.0,0.0
0.45,200,90.0,-70.0,False,500,100,0,0,8197.046436923185,8197.046436923185,0.0,0.0
0.45,225,101.25,-81.25,False,500,100,0,0,8197.046436923185,8197.046436923185,0.0,0.0
0.45,250,112.5,-92.5,False,477,100,0,0,8197.046436923185,8197.046436923185,0.0,0.0
0.45,275,123.75,-103.75,False,374,100,0,0,8197.046436923185,8197.046436923185,0.0,0.0
0.45,300,135.0,-115.0,False,291,99,0,0,8197.046436923185,8197.046436923185,0.0,0.0
0.45,325,146.25,-126.25,False,196,90,0,0,8197.046436923185,8197.046436923185,0.0,0.0
0.45,350,157.5,-137.5,False,93,68,0,0,8197.046436923185,8197.046436923185,0.0,0.0
0.45,375,168.75,-148.75,False,15,15,0,0,8197.046436923185,8197.046436923185,0.0,0.0
0.45,400,180.0,-160.0,False,0,0,0,0,8197.046436923185,8197.046436923185,0.0,0.0
0.45,425,191.25,-171.25,False,0,0,0,0,8197.046436923185,8197.046436923185,0.0,0.0
0.45,450,202.5,-182.5,False,0,0,0,0,8197.046436923185,8197.046436923185,0.0,0.0
0.45,475,213.75,-193.75,False,0,0,0,0,8197.046436923185,8197.046436923185,0.0,0.0
0.45,500,225.0,-205.0,False,0,0,0,0,8197.046436923185,8197.046436923185,0.0,0.0
0.45,525,236.25,-216.25,False,0,0,0,0,8197.046436923185,8197.046436923185,0.0,0.0
0.45,550,247.5,-227.5,False,0,0,0,0,8197.046436923185,8197.046436923185,0.0,0.0
0.45,575,258.75,-238.75,False,0,0,0,0,8197.046436923185,8197.046436923185,0.0,0.0
0.45,600,270.0,-250.0,False,0,0,0,0,8197.046436923185,8197.046436923185,0.0,0.0
0.45,625,281.25,-261.25,False,0,0,0,0,8197.046436923185,8197.046436923185,0.0,0.0
0.45,650,292.5,-272.5,False,0,0,0,0,8197.046436923185,8197.046436923185,0.0,0.0
0.45,675,303.75,-283.75,False,0,0,0,0,8197.046436923185,8197.046436923185,0.0,0.0
0.45,700,315.0,-295.0,False,0,0,0,0,8197.046436923185,8197.046436923185,0.0,0.0
0.45,725,326.25,-306.25,False,0,0,0,0,8197.046436923185,8197.046436923185,0.0,0.0
0.45,750,337.5,-317.5,False,0,0,0,0,8197.046436923185,8197.046436923185,0.0,0.0
0.45,775,348.75,-328.75,False,0,0,0,0,8197.046436923185,8197.046436923185,0.0,0.0
0.45,800,360.0,-340.0,False,0,0,0,0,8197.046436923185,8197.046436923185,0.0,0.0
0.45,825,371.25,-351.25,False,0,0,0,0,8197.046436923185,8197.046436923185,0.0,0.0
0.45,850,382.5,-362.5,False,0,0,0,0,8197.046436923185,8197.046436923185,0.0,0.0
0.45,875,393.75,-373.75,False,0,0,0,0,8197.046436923185,8197.046436923185,0.0,0.0
0.45,900,405.0,-385.0,False,0,0,0,0,8197.046436923185,8197.046436923185,0.0,0.0
0.45,925,416.25,-396.25,False,0,0,0,0,8197.046436923185,8197.046436923185,0.0,0.0
0.45,950,427.5,-407.5,False,0,0,0,0,8197.046436923185,8197.046436923185,0.0,0.0
0.45,975,438.75,-418.75,False,0,0,0,0,8197.046436923185,8197.046436923185,0.0,0.0
0.45,1000,450.0,-430.0,False,0,0,0,0,8197.046436923185,8197.046436923185,0.0,0.0
0.45,1025,461.25,-441.25,False,0,0,0,0,8197.046436923185,8197.046436923185,0.0,0.0
0.45,1050,472.5,-452.5,False,0,0,0,0,8197.046436923185,8197.046436923185,0.0,0.0
0.45,1075,483.75,-463.75,False,0,0,0,0,8197.046436923185,8197.046436923185,0.0,0.0
0.45,1100,495.0,-475.0,False,0,0,0,0,8197.046436923185,8197.046436923185,0.0,0.0
0.45,1125,506.25,-486.25,False,0,0,0,0,8197.046436923185,8197.046436923185,0.0,0.0
0.45,1150,517.5,-497.5,False,0,0,0,0,8197.046436923185,8197.046436923185,0.0,0.0
0.45,1175,528.75,-508.75,False,0,0,0,0,8197.046436923185,8197.046436923185,0.0,0.0
0.45,1200,540.0,-520.0,False,0,0,0,0,8197.046436923185,8197.046436923185,0.0,0.0
0.45,1225,551.25,-531.25,False,0,0,0,0,8197.046436923185,8197.046436923185,0.0,0.0
0.45,1250,562.5,-542.5,False,0,0,0,0,8197.046436923185,8197.046436923185,0.0,0.0
0.45,1275,573.75,-553.75,False,0,0,0,0,8197.046436923185,8197.046436923185,0.0,0.0
0.45,1300,585.0,-565.0,False,0,0,0,0,8197.046436923185,8197.046436923185,0.0,0.0
0.45,1325,596.25,-576.25,False,0,0,0,0,8197.046436923185,8197.046436923185,0.0,0.0
0.45,1350,607.5,-587.5,False,0,0,0,0,8197.046436923185,8197.046436923185,0.0,0.0
0.45,1375,618.75,-598.75,False,0,0,0,0,8197.046436923185,8197.046436923185,0.0,0.0
0.45,1400,630.0,-610.0,False,0,0,0,0,8197.046436923185,8197.046436923185,0.0,0.0
0.45,1425,641.25,-621.25,False,0,0,0,0,8197.046436923185,8197.046436923185,0.0,0.0
0.45,1450,652.5,-632.5,False,0,0,0,0,8197.046436923185,8197.046436923185,0.0,0.0
0.45,1475,663.75,-643.75,False,0,0,0,0,8197.046436923185,8197.046436923185,0.0,0.0
0.45,1500,675.0,-655.0,False,0,0,0,0,8197.046436923185,8197.046436923185,0.0,0.0
0.45,1525,686.25,-666.25,False,0,0,0,0,8197.046436923185,8197.046436923185,0.0,0.0
0.45,1550,697.5,-677.5,False,0,0,0,0,8197.046436923185,8197.046436923185,0.0,0.0
0.45,1575,708.75,-688.75,False,0,0,0,0,8197.046436923185,8197.046436923185,0.0,0.0
0.45,1600,720.0,-700.0,False,0,0,0,0,8197.046436923185,8197.046436923185,0.0,0.0
0.45,1625,731.25,-711.25,False,0,0,0,0,8197.046436923185,8197.046436923185,0.0,0.0
0.45,1650,742.5,-722.5,False,0,0,0,0,8197.046436923185,8197.046436923185,0.0,0.0
0.45,1675,753.75,-733.75,False,0,0,0,0,8197.046436923185,8197.046436923185,0.0,0.0
0.45,1700,765.0,-745.0,False,0,0,0,0,8197.046436923185,8197.046436923185,0.0,0.0
0.45,1725,776.25,-756.25,False,0,0,0,0,8197.046436923185,8197.046436923185,0.0,0.0
0.45,1750,787.5,-767.5,False,0,0,0,0,8197.046436923185,8197.046436923185,0.0,0.0
0.45,1775,798.75,-778.75,False,0,0,0,0,8197.046436923185,8197.046436923185,0.0,0.0
0.45,1800,810.0,-790.0,False,0,0,0,0,8197.046436923185,8197.046436923185,0.0,0.0
0.45,1825,821.25,-801.25,False,0,0,0,0,8197.046436923185,8197.046436923185,0.0,0.0
0.45,1850,832.5,-812.5,False,0,0,0,0,8197.046436923185,8197.046436923185,0.0,0.0
0.45,1875,843.75,-823.75,False,0,0,0,0,8197.046436923185,8197.046436923185,0.0,0.0
0.45,1900,855.0,-835.0,False,0,0,0,0,8197.046436923185,8197.046436923185,0.0,0.0
0.45,1925,866.25,-846.25,False,0,0,0,0,8197.046436923185,8197.046436923185,0.0,0.0
0.45,1950,877.5,-857.5,False,0,0,0,0,8197.046436923185,8197.046436923185,0.0,0.0
0.45,1975,888.75,-868.75,False,0,0,0,0,8197.046436923185,8197.046436923185,0.0,0.0
0.45,2000,900.0,-880.0,False,0,0,0,0,8197.046436923185,8197.046436923185,0.0,0.0
0.5,0,0.0,20.0,True,500,100,100,100,8197.046436923185,5653.878725891113,2543.1677110320725,31.025415442036547
0.5,25,12.5,7.5,True,500,100,100,100,8197.046436923185,5653.878725891113,2543.1677110320725,31.025415442036547
0.5,50,25.0,-5.0,False,500,100,0,0,8197.046436923185,8197.046436923185,0.0,0.0
0.5,75,37.5,-17.5,False,500,100,0,0,8197.046436923185,8197.046436923185,0.0,0.0
0.5,100,50.0,-30.0,False,500,100,0,0,8197.046436923185,8197.046436923185,0.0,0.0
0.5,125,62.5,-42.5,False,500,100,0,0,8197.046436923185,8197.046436923185,0.0,0.0
0.5,150,75.0,-55.0,False,500,100,0,0,8197.046436923185,8197.046436923185,0.0,0.0
0.5,175,87.5,-67.5,False,500,100,0,0,8197.046436923185,8197.046436923185,0.0,0.0
0.5,200,100.0,-80.0,False,500,100,0,0,8197.046436923185,8197.046436923185,0.0,0.0
0.5,225,112.5,-92.5,False,477,100,0,0,8197.046436923185,8197.046436923185,0.0,0.0
0.5,250,125.0,-105.0,False,362,100,0,0,8197.046436923185,8197.046436923185,0.0,0.0
0.5,275,137.5,-117.5,False,271,99,0,0,8197.046436923185,8197.046436923185,0.0,0.0
0.5,300,150.0,-130.0,False,160,86,0,0,8197.046436923185,8197.046436923185,0.0,0.0
0.5,325,162.5,-142.5,False,60,49,0,0,8197.046436923185,8197.046436923185,0.0,0.0
0.5,350,175.0,-155.0,False,0,0,0,0,8197.046436923185,8197.046436923185,0.0,0.0
0.5,375,187.5,-167.5,False,0,0,0,0,8197.046436923185,8197.046436923185,0.0,0.0
0.5,400,200.0,-180.0,False,0,0,0,0,8197.046436923185,8197.046436923185,0.0,0.0
0.5,425,212.5,-192.5,False,0,0,0,0,8197.046436923185,8197.046436923185,0.0,0.0
0.5,450,225.0,-205.0,False,0,0,0,0,8197.046436923185,8197.046436923185,0.0,0.0
0.5,475,237.5,-217.5,False,0,0,0,0,8197.046436923185,8197.046436923185,0.0,0.0
0.5,500,250.0,-230.0,False,0,0,0,0,8197.046436923185,8197.046436923185,0.0,0.0
0.5,525,262.5,-242.5,False,0,0,0,0,8197.046436923185,8197.046436923185,0.0,0.0
0.5,550,275.0,-255.0,False,0,0,0,0,8197.046436923185,8197.046436923185,0.0,0.0
0.5,575,287.5,-267.5,False,0,0,0,0,8197.046436923185,8197.046436923185,0.0,0.0
0.5,600,300.0,-280.0,False,0,0,0,0,8197.046436923185,8197.046436923185,0.0,0.0
0.5,625,312.5,-292.5,False,0,0,0,0,8197.046436923185,8197.046436923185,0.0,0.0
0.5,650,325.0,-305.0,False,0,0,0,0,8197.046436923185,8197.046436923185,0.0,0.0
0.5,675,337.5,-317.5,False,0,0,0,0,8197.046436923185,8197.046436923185,0.0,0.0
0.5,700,350.0,-330.0,False,0,0,0,0,8197.046436923185,8197.046436923185,0.0,0.0
0.5,725,362.5,-342.5,False,0,0,0,0,8197.046436923185,8197.046436923185,0.0,0.0
0.5,750,375.0,-355.0,False,0,0,0,0,8197.046436923185,8197.046436923185,0.0,0.0
0.5,775,387.5,-367.5,False,0,0,0,0,8197.046436923185,8197.046436923185,0.0,0.0
0.5,800,400.0,-380.0,False,0,0,0,0,8197.046436923185,8197.046436923185,0.0,0.0
0.5,825,412.5,-392.5,False,0,0,0,0,8197.046436923185,8197.046436923185,0.0,0.0
0.5,850,425.0,-405.0,False,0,0,0,0,8197.046436923185,8197.046436923185,0.0,0.0
0.5,875,437.5,-417.5,False,0,0,0,0,8197.046436923185,8197.046436923185,0.0,0.0
0.5,900,450.0,-430.0,False,0,0,0,0,8197.046436923185,8197.046436923185,0.0,0.0
0.5,925,462.5,-442.5,False,0,0,0,0,8197.046436923185,8197.046436923185,0.0,0.0
0.5,950,475.0,-455.0,False,0,0,0,0,8197.046436923185,8197.046436923185,0.0,0.0
0.5,975,487.5,-467.5,False,0,0,0,0,8197.046436923185,8197.046436923185,0.0,0.0
0.5,1000,500.0,-480.0,False,0,0,0,0,8197.046436923185,8197.046436923185,0.0,0.0
0.5,1025,512.5,-492.5,False,0,0,0,0,8197.046436923185,8197.046436923185,0.0,0.0
0.5,1050,525.0,-505.0,False,0,0,0,0,8197.046436923185,8197.046436923185,0.0,0.0
0.5,1075,537.5,-517.5,False,0,0,0,0,8197.046436923185,8197.046436923185,0.0,0.0
0.5,1100,550.0,-530.0,False,0,0,0,0,8197.046436923185,8197.046436923185,0.0,0.0
0.5,1125,562.5,-542.5,False,0,0,0,0,8197.046436923185,8197.046436923185,0.0,0.0
0.5,1150,575.0,-555.0,False,0,0,0,0,8197.046436923185,8197.046436923185,0.0,0.0
0.5,1175,587.5,-567.5,False,0,0,0,0,8197.046436923185,8197.046436923185,0.0,0.0
0.5,1200,600.0,-580.0,False,0,0,0,0,8197.046436923185,8197.046436923185,0.0,0.0
0.5,1225,612.5,-592.5,False,0,0,0,0,8197.046436923185,8197.046436923185,0.0,0.0
0.5,1250,625.0,-605.0,False,0,0,0,0,8197.046436923185,8197.046436923185,0.0,0.0
0.5,1275,637.5,-617.5,False,0,0,0,0,8197.046436923185,8197.046436923185,0.0,0.0
0.5,1300,650.0,-630.0,False,0,0,0,0,8197.046436923185,8197.046436923185,0.0,0.0
0.5,1325,662.5,-642.5,False,0,0,0,0,8197.046436923185,8197.046436923185,0.0,0.0
0.5,1350,675.0,-655.0,False,0,0,0,0,8197.046436923185,8197.046436923185,0.0,0.0
0.5,1375,687.5,-667.5,False,0,0,0,0,8197.046436923185,8197.046436923185,0.0,0.0
0.5,1400,700.0,-680.0,False,0,0,0,0,8197.046436923185,8197.046436923185,0.0,0.0
0.5,1425,712.5,-692.5,False,0,0,0,0,8197.046436923185,8197.046436923185,0.0,0.0
0.5,1450,725.0,-705.0,False,0,0,0,0,8197.046436923185,8197.046436923185,0.0,0.0
0.5,1475,737.5,-717.5,False,0,0,0,0,8197.046436923185,8197.046436923185,0.0,0.0
0.5,1500,750.0,-730.0,False,0,0,0,0,8197.046436923185,8197.046436923185,0.0,0.0
0.5,1525,762.5,-742.5,False,0,0,0,0,8197.046436923185,8197.046436923185,0.0,0.0
0.5,1550,775.0,-755.0,False,0,0,0,0,8197.046436923185,8197.046436923185,0.0,0.0
0.5,1575,787.5,-767.5,False,0,0,0,0,8197.046436923185,8197.046436923185,0.0,0.0
0.5,1600,800.0,-780.0,False,0,0,0,0,8197.046436923185,8197.046436923185,0.0,0.0
0.5,1625,812.5,-792.5,False,0,0,0,0,8197.046436923185,8197.046436923185,0.0,0.0
0.5,1650,825.0,-805.0,False,0,0,0,0,8197.046436923185,8197.046436923185,0.0,0.0
0.5,1675,837.5,-817.5,False,0,0,0,0,8197.046436923185,8197.046436923185,0.0,0.0
0.5,1700,850.0,-830.0,False,0,0,0,0,8197.046436923185,8197.046436923185,0.0,0.0
0.5,1725,862.5,-842.5,False,0,0,0,0,8197.046436923185,8197.046436923185,0.0,0.0
0.5,1750,875.0,-855.0,False,0,0,0,0,8197.046436923185,8197.046436923185,0.0,0.0
0.5,1775,887.5,-867.5,False,0,0,0,0,8197.046436923185,8197.046436923185,0.0,0.0
0.5,1800,900.0,-880.0,False,0,0,0,0,8197.046436923185,8197.046436923185,0.0,0.0
0.5,1825,912.5,-892.5,False,0,0,0,0,8197.046436923185,8197.046436923185,0.0,0.0
0.5,1850,925.0,-905.0,False,0,0,0,0,8197.046436923185,8197.046436923185,0.0,0.0
0.5,1875,937.5,-917.5,False,0,0,0,0,8197.046436923185,8197.046436923185,0.0,0.0
0.5,1900,950.0,-930.0,False,0,0,0,0,8197.046436923185,8197.046436923185,0.0,0.0
0.5,1925,962.5,-942.5,False,0,0,0,0,8197.046436923185,8197.046436923185,0.0,0.0
0.5,1950,975.0,-955.0,False,0,0,0,0,8197.046436923185,8197.046436923185,0.0,0.0
0.5,1975,987.5,-967.5,False,0,0,0,0,8197.046436923185,8197.046436923185,0.0,0.0
0.5,2000,1000.0,-980.0,False,0,0,0,0,8197.046436923185,8197.046436923185,0.0,0.0
0.55,0,0.0,20.0,True,500,100,100,100,8197.046436923185,5653.878725891113,2543.1677110320725,31.025415442036547
0.55,25,13.750000000000002,6.249999999999998,True,500,100,100,100,8197.046436923185,5653.878725891113,2543.1677110320725,31.025415442036547
0.55,50,27.500000000000004,-7.5000000000000036,False,500,100,0,0,8197.046436923185,8197.046436923185,0.0,0.0
0.55,75,41.25,-21.25,False,500,100,0,0,8197.046436923185,8197.046436923185,0.0,0.0
0.55,100,55.00000000000001,-35.00000000000001,False,500,100,0,0,8197.046436923185,8197.046436923185,0.0,0.0
0.55,125,68.75,-48.75,False,500,100,0,0,8197.046436923185,8197.046436923185,0.0,0.0
0.55,150,82.5,-62.5,False,500,100,0,0,8197.046436923185,8197.046436923185,0.0,0.0
0.55,175,96.25000000000001,-76.25000000000001,False,500,100,0,0,8197.046436923185,8197.046436923185,0.0,0.0
0.55,200,110.00000000000001,-90.00000000000001,False,500,100,0,0,8197.046436923185,8197.046436923185,0.0,0.0
0.55,225,123.75000000000001,-103.75000000000001,False,374,100,0,0,8197.046436923185,8197.046436923185,0.0,0.0
0.55,250,137.5,-117.5,False,271,99,0,0,8197.046436923185,8197.046436923185,0.0,0.0
0.55,275,151.25,-131.25,False,151,85,0,0,8197.046436923185,8197.046436923185,0.0,0.0
0.55,300,165.0,-145.0,False,40,35,0,0,8197.046436923185,8197.046436923185,0.0,0.0
0.55,325,178.75000000000003,-158.75000000000003,False,0,0,0,0,8197.046436923185,8197.046436923185,0.0,0.0
0.55,350,192.50000000000003,-172.50000000000003,False,0,0,0,0,8197.046436923185,8197.046436923185,0.0,0.0
0.55,375,206.25000000000003,-186.25000000000003,False,0,0,0,0,8197.046436923185,8197.046436923185,0.0,0.0
0.55,400,220.00000000000003,-200.00000000000003,False,0,0,0,0,8197.046436923185,8197.046436923185,0.0,0.0
0.55,425,233.75000000000003,-213.75000000000003,False,0,0,0,0,8197.046436923185,8197.046436923185,0.0,0.0
0.55,450,247.50000000000003,-227.50000000000003,False,0,0,0,0,8197.046436923185,8197.046436923185,0.0,0.0
0.55,475,261.25,-241.25,False,0,0,0,0,8197.046436923185,8197.046436923185,0.0,0.0
0.55,500,275.0,-255.0,False,0,0,0,0,8197.046436923185,8197.046436923185,0.0,0.0
0.55,525,288.75,-268.75,False,0,0,0,0,8197.046436923185,8197.046436923185,0.0,0.0
0.55,550,302.5,-282.5,False,0,0,0,0,8197.046436923185,8197.046436923185,0.0,0.0
0.55,575,316.25,-296.25,False,0,0,0,0,8197.046436923185,8197.046436923185,0.0,0.0
0.55,600,330.0,-310.0,False,0,0,0,0,8197.046436923185,8197.046436923185,0.0,0.0
0.55,625,343.75,-323.75,False,0,0,0,0,8197.046436923185,8197.046436923185,0.0,0.0
0.55,650,357.50000000000006,-337.50000000000006,False,0,0,0,0,8197.046436923185,8197.046436923185,0.0,0.0
0.55,675,371.25000000000006,-351.25000000000006,False,0,0,0,0,8197.046436923185,8197.046436923185,0.0,0.0
0.55,700,385.00000000000006,-365.00000000000006,False,0,0,0,0,8197.046436923185,8197.046436923185,0.0,0.0
0.55,725,398.75000000000006,-378.75000000000006,False,0,0,0,0,8197.046436923185,8197.046436923185,0.0,0.0
0.55,750,412.50000000000006,-392.50000000000006,False,0,0,0,0,8197.046436923185,8197.046436923185,0.0,0.0
0.55,775,426.25000000000006,-406.25000000000006,False,0,0,0,0,8197.046436923185,8197.046436923185,0.0,0.0
0.55,800,440.00000000000006,-420.00000000000006,False,0,0,0,0,8197.046436923185,8197.046436923185,0.0,0.0
0.55,825,453.75000000000006,-433.75000000000006,False,0,0,0,0,8197.046436923185,8197.046436923185,0.0,0.0
0.55,850,467.50000000000006,-447.50000000000006,False,0,0,0,0,8197.046436923185,8197.046436923185,0.0,0.0
0.55,875,481.25000000000006,-461.25000000000006,False,0,0,0,0,8197.046436923185,8197.046436923185,0.0,0.0
0.55,900,495.00000000000006,-475.00000000000006,False,0,0,0,0,8197.046436923185,8197.046436923185,0.0,0.0
0.55,925,508.75000000000006,-488.75000000000006,False,0,0,0,0,8197.046436923185,8197.046436923185,0.0,0.0
0.55,950,522.5,-502.5,False,0,0,0,0,8197.046436923185,8197.046436923185,0.0,0.0
0.55,975,536.25,-516.25,False,0,0,0,0,8197.046436923185,8197.046436923185,0.0,0.0
0.55,1000,550.0,-530.0,False,0,0,0,0,8197.046436923185,8197.046436923185,0.0,0.0
0.55,1025,563.75,-543.75,False,0,0,0,0,8197.046436923185,8197.046436923185,0.0,0.0
0.55,1050,577.5,-557.5,False,0,0,0,0,8197.046436923185,8197.046436923185,0.0,0.0
0.55,1075,591.25,-571.25,False,0,0,0,0,8197.046436923185,8197.046436923185,0.0,0.0
0.55,1100,605.0,-585.0,False,0,0,0,0,8197.046436923185,8197.046436923185,0.0,0.0
0.55,1125,618.75,-598.75,False,0,0,0,0,8197.046436923185,8197.046436923185,0.0,0.0
0.55,1150,632.5,-612.5,False,0,0,0,0,8197.046436923185,8197.046436923185,0.0,0.0
0.55,1175,646.25,-626.25,False,0,0,0,0,8197.046436923185,8197.046436923185,0.0,0.0
0.55,1200,660.0,-640.0,False,0,0,0,0,8197.046436923185,8197.046436923185,0.0,0.0
0.55,1225,673.75,-653.75,False,0,0,0,0,8197.046436923185,8197.046436923185,0.0,0.0
0.55,1250,687.5,-667.5,False,0,0,0,0,8197.046436923185,8197.046436923185,0.0,0.0
0.55,1275,701.25,-681.25,False,0,0,0,0,8197.046436923185,8197.046436923185,0.0,0.0
0.55,1300,715.0000000000001,-695.0000000000001,False,0,0,0,0,8197.046436923185,8197.046436923185,0.0,0.0
0.55,1325,728.7500000000001,-708.7500000000001,False,0,0,0,0,8197.046436923185,8197.046436923185,0.0,0.0
0.55,1350,742.5000000000001,-722.5000000000001,False,0,0,0,0,8197.046436923185,8197.046436923185,0.0,0.0
0.55,1375,756.2500000000001,-736.2500000000001,False,0,0,0,0,8197.046436923185,8197.046436923185,0.0,0.0
0.55,1400,770.0000000000001,-750.0000000000001,False,0,0,0,0,8197.046436923185,8197.046436923185,0.0,0.0
0.55,1425,783.7500000000001,-763.7500000000001,False,0,0,0,0,8197.046436923185,8197.046436923185,0.0,0.0
0.55,1450,797.5000000000001,-777.5000000000001,False,0,0,0,0,8197.046436923185,8197.046436923185,0.0,0.0
0.55,1475,811.2500000000001,-791.2500000000001,False,0,0,0,0,8197.046436923185,8197.046436923185,0.0,0.0
0.55,1500,825.0000000000001,-805.0000000000001,False,0,0,0,0,8197.046436923185,8197.046436923185,0.0,0.0
0.55,1525,838.7500000000001,-818.7500000000001,False,0,0,0,0,8197.046436923185,8197.046436923185,0.0,0.0
0.55,1550,852.5000000000001,-832.5000000000001,False,0,0,0,0,8197.046436923185,8197.046436923185,0.0,0.0
0.55,1575,866.2500000000001,-846.2500000000001,False,0,0,0,0,8197.046436923185,8197.046436923185,0.0,0.0
0.55,1600,880.0000000000001,-860.0000000000001,False,0,0,0,0,8197.046436923185,8197.046436923185,0.0,0.0
0.55,1625,893.7500000000001,-873.7500000000001,False,0,0,0,0,8197.046436923185,8197.046436923185,0.0,0.0
0.55,1650,907.5000000000001,-887.5000000000001,False,0,0,0,0,8197.046436923185,8197.046436923185,0.0,0.0
0.55,1675,921.2500000000001,-901.2500000000001,False,0,0,0,0,8197.046436923185,8197.046436923185,0.0,0.0
0.55,1700,935.0000000000001,-915.0000000000001,False,0,0,0,0,8197.046436923185,8197.046436923185,0.0,0.0
0.55,1725,948.7500000000001,-928.7500000000001,False,0,0,0,0,8197.046436923185,8197.046436923185,0.0,0.0
0.55,1750,962.5000000000001,-942.5000000000001,False,0,0,0,0,8197.046436923185,8197.046436923185,0.0,0.0
0.55,1775,976.2500000000001,-956.2500000000001,False,0,0,0,0,8197.046436923185,8197.046436923185,0.0,0.0
0.55,1800,990.0000000000001,-970.0000000000001,False,0,0,0,0,8197.046436923185,8197.046436923185,0.0,0.0
0.55,1825,1003.7500000000001,-983.7500000000001,False,0,0,0,0,8197.046436923185,8197.046436923185,0.0,0.0
0.55,1850,1017.5000000000001,-997.5000000000001,False,0,0,0,0,8197.046436923185,8197.046436923185,0.0,0.0
0.55,1875,1031.25,-1011.25,False,0,0,0,0,8197.046436923185,8197.046436923185,0.0,0.0
0.55,1900,1045.0,-1025.0,False,0,0,0,0,8197.046436923185,8197.046436923185,0.0,0.0
0.55,1925,1058.75,-1038.75,False,0,0,0,0,8197.046436923185,8197.046436923185,0.0,0.0
0.55,1950,1072.5,-1052.5,False,0,0,0,0,8197.046436923185,8197.046436923185,0.0,0.0
0.55,1975,1086.25,-1066.25,False,0,0,0,0,8197.046436923185,8197.046436923185,0.0,0.0
0.55,2000,1100.0,-1080.0,False,0,0,0,0,8197.046436923185,8197.046436923185,0.0,0.0
0.6,0,0.0,20.0,True,500,100,100,100,8197.046436923185,5653.878725891113,2543.1677110320725,31.025415442036547
0.6,25,15.000000000000002,4.999999999999998,True,500,100,100,100,8197.046436923185,5653.878725891113,2543.1677110320725,31.025415442036547
0.6,50,30.000000000000004,-10.000000000000004,False,500,100,0,0,8197.046436923185,8197.046436923185,0.0,0.0
0.6,75,45.00000000000001,-25.000000000000007,False,500,100,0,0,8197.046436923185,8197.046436923185,0.0,0.0
0.6,100,60.00000000000001,-40.00000000000001,False,500,100,0,0,8197.046436923185,8197.046436923185,0.0,0.0
0.6,125,75.00000000000001,-55.000000000000014,False,500,100,0,0,8197.046436923185,8197.046436923185,0.0,0.0
0.6,150,90.00000000000001,-70.00000000000001,False,500,100,0,0,8197.046436923185,8197.046436923185,0.0,0.0
0.6,175,105.00000000000001,-85.00000000000001,False,500,100,0,0,8197.046436923185,8197.046436923185,0.0,0.0
0.6,200,120.00000000000001,-100.00000000000001,False,406,100,0,0,8197.046436923185,8197.046436923185,0.0,0.0
0.6,225,135.00000000000003,-115.00000000000003,False,291,99,0,0,8197.046436923185,8197.046436923185,0.0,0.0
0.6,250,150.00000000000003,-130.00000000000003,False,160,86,0,0,8197.046436923185,8197.046436923185,0.0,0.0
0.6,275,165.00000000000003,-145.00000000000003,False,40,35,0,0,8197.046436923185,8197.046436923185,0.0,0.0
0.6,300,180.00000000000003,-160.00000000000003,False,0,0,0,0,8197.046436923185,8197.046436923185,0.0,0.0
0.6,325,195.00000000000003,-175.00000000000003,False,0,0,0,0,8197.046436923185,8197.046436923185,0.0,0.0
0.6,350,210.00000000000003,-190.00000000000003,False,0,0,0,0,8197.046436923185,8197.046436923185,0.0,0.0
0.6,375,225.00000000000003,-205.00000000000003,False,0,0,0,0,8197.046436923185,8197.046436923185,0.0,0.0
0.6,400,240.00000000000003,-220.00000000000003,False,0,0,0,0,8197.046436923185,8197.046436923185,0.0,0.0
0.6,425,255.00000000000003,-235.00000000000003,False,0,0,0,0,8197.046436923185,8197.046436923185,0.0,0.0
0.6,450,270.00000000000006,-250.00000000000006,False,0,0,0,0,8197.046436923185,8197.046436923185,0.0,0.0
0.6,475,285.00000000000006,-265.00000000000006,False,0,0,0,0,8197.046436923185,8197.046436923185,0.0,0.0
0.6,500,300.00000000000006,-280.00000000000006,False,0,0,0,0,8197.046436923185,8197.046436923185,0.0,0.0
0.6,525,315.00000000000006,-295.00000000000006,False,0,0,0,0,8197.046436923185,8197.046436923185,0.0,0.0
0.6,550,330.00000000000006,-310.00000000000006,False,0,0,0,0,8197.046436923185,8197.046436923185,0.0,0.0
0.6,575,345.00000000000006,-325.00000000000006,False,0,0,0,0,8197.046436923185,8197.046436923185,0.0,0.0
0.6,600,360.00000000000006,-340.00000000000006,False,0,0,0,0,8197.046436923185,8197.046436923185,0.0,0.0
0.6,625,375.00000000000006,-355.00000000000006,False,0,0,0,0,8197.046436923185,8197.046436923185,0.0,0.0
0.6,650,390.00000000000006,-370.00000000000006,False,0,0,0,0,8197.046436923185,8197.046436923185,0.0,0.0
0.6,675,405.00000000000006,-385.00000000000006,False,0,0,0,0,8197.046436923185,8197.046436923185,0.0,0.0
0.6,700,420.00000000000006,-400.00000000000006,False,0,0,0,0,8197.046436923185,8197.046436923185,0.0,0.0
0.6,725,435.00000000000006,-415.00000000000006,False,0,0,0,0,8197.046436923185,8197.046436923185,0.0,0.0
0.6,750,450.00000000000006,-430.00000000000006,False,0,0,0,0,8197.046436923185,8197.046436923185,0.0,0.0
0.6,775,465.00000000000006,-445.00000000000006,False,0,0,0,0,8197.046436923185,8197.046436923185,0.0,0.0
0.6,800,480.00000000000006,-460.00000000000006,False,0,0,0,0,8197.046436923185,8197.046436923185,0.0,0.0
0.6,825,495.00000000000006,-475.00000000000006,False,0,0,0,0,8197.046436923185,8197.046436923185,0.0,0.0
0.6,850,510.00000000000006,-490.00000000000006,False,0,0,0,0,8197.046436923185,8197.046436923185,0.0,0.0
0.6,875,525.0000000000001,-505.0000000000001,False,0,0,0,0,8197.046436923185,8197.046436923185,0.0,0.0
0.6,900,540.0000000000001,-520.0000000000001,False,0,0,0,0,8197.046436923185,8197.046436923185,0.0,0.0
0.6,925,555.0000000000001,-535.0000000000001,False,0,0,0,0,8197.046436923185,8197.046436923185,0.0,0.0
0.6,950,570.0000000000001,-550.0000000000001,False,0,0,0,0,8197.046436923185,8197.046436923185,0.0,0.0
0.6,975,585.0000000000001,-565.0000000000001,False,0,0,0,0,8197.046436923185,8197.046436923185,0.0,0.0
0.6,1000,600.0000000000001,-580.0000000000001,False,0,0,0,0,8197.046436923185,8197.046436923185,0.0,0.0
0.6,1025,615.0000000000001,-595.0000000000001,False,0,0,0,0,8197.046436923185,8197.046436923185,0.0,0.0
0.6,1050,630.0000000000001,-610.0000000000001,False,0,0,0,0,8197.046436923185,8197.046436923185,0.0,0.0
0.6,1075,645.0000000000001,-625.0000000000001,False,0,0,0,0,8197.046436923185,8197.046436923185,0.0,0.0
0.6,1100,660.0000000000001,-640.0000000000001,False,0,0,0,0,8197.046436923185,8197.046436923185,0.0,0.0
0.6,1125,675.0000000000001,-655.0000000000001,False,0,0,0,0,8197.046436923185,8197.046436923185,0.0,0.0
0.6,1150,690.0000000000001,-670.0000000000001,False,0,0,0,0,8197.046436923185,8197.046436923185,0.0,0.0
0.6,1175,705.0000000000001,-685.0000000000001,False,0,0,0,0,8197.046436923185,8197.046436923185,0.0,0.0
0.6,1200,720.0000000000001,-700.0000000000001,False,0,0,0,0,8197.046436923185,8197.046436923185,0.0,0.0
0.6,1225,735.0000000000001,-715.0000000000001,False,0,0,0,0,8197.046436923185,8197.046436923185,0.0,0.0
0.6,1250,750.0000000000001,-730.0000000000001,False,0,0,0,0,8197.046436923185,8197.046436923185,0.0,0.0
0.6,1275,765.0000000000001,-745.0000000000001,False,0,0,0,0,8197.046436923185,8197.046436923185,0.0,0.0
0.6,1300,780.0000000000001,-760.0000000000001,False,0,0,0,0,8197.046436923185,8197.046436923185,0.0,0.0
0.6,1325,795.0000000000001,-775.0000000000001,False,0,0,0,0,8197.046436923185,8197.046436923185,0.0,0.0
0.6,1350,810.0000000000001,-790.0000000000001,False,0,0,0,0,8197.046436923185,8197.046436923185,0.0,0.0
0.6,1375,825.0000000000001,-805.0000000000001,False,0,0,0,0,8197.046436923185,8197.046436923185,0.0,0.0
0.6,1400,840.0000000000001,-820.0000000000001,False,0,0,0,0,8197.046436923185,8197.046436923185,0.0,0.0
0.6,1425,855.0000000000001,-835.0000000000001,False,0,0,0,0,8197.046436923185,8197.046436923185,0.0,0.0
0.6,1450,870.0000000000001,-850.0000000000001,False,0,0,0,0,8197.046436923185,8197.046436923185,0.0,0.0
0.6,1475,885.0000000000001,-865.0000000000001,False,0,0,0,0,8197.046436923185,8197.046436923185,0.0,0.0
0.6,1500,900.0000000000001,-880.0000000000001,False,0,0,0,0,8197.046436923185,8197.046436923185,0.0,0.0
0.6,1525,915.0000000000001,-895.0000000000001,False,0,0,0,0,8197.046436923185,8197.046436923185,0.0,0.0
0.6,1550,930.0000000000001,-910.0000000000001,False,0,0,0,0,8197.046436923185,8197.046436923185,0.0,0.0
0.6,1575,945.0000000000001,-925.0000000000001,False,0,0,0,0,8197.046436923185,8197.046436923185,0.0,0.0
0.6,1600,960.0000000000001,-940.0000000000001,False,0,0,0,0,8197.046436923185,8197.046436923185,0.0,0.0
0.6,1625,975.0000000000001,-955.0000000000001,False,0,0,0,0,8197.046436923185,8197.046436923185,0.0,0.0
0.6,1650,990.0000000000001,-970.0000000000001,False,0,0,0,0,8197.046436923185,8197.046436923185,0.0,0.0
0.6,1675,1005.0000000000001,-985.0000000000001,False,0,0,0,0,8197.046436923185,8197.046436923185,0.0,0.0
0.6,1700,1020.0000000000001,-1000.0000000000001,False,0,0,0,0,8197.046436923185,8197.046436923185,0.0,0.0
0.6,1725,1035.0000000000002,-1015.0000000000002,False,0,0,0,0,8197.046436923185,8197.046436923185,0.0,0.0
0.6,1750,1050.0000000000002,-1030.0000000000002,False,0,0,0,0,8197.046436923185,8197.046436923185,0.0,0.0
0.6,1775,1065.0000000000002,-1045.0000000000002,False,0,0,0,0,8197.046436923185,8197.046436923185,0.0,0.0
0.6,1800,1080.0000000000002,-1060.0000000000002,False,0,0,0,0,8197.046436923185,8197.046436923185,0.0,0.0
0.6,1825,1095.0000000000002,-1075.0000000000002,False,0,0,0,0,8197.046436923185,8197.046436923185,0.0,0.0
0.6,1850,1110.0000000000002,-1090.0000000000002,False,0,0,0,0,8197.046436923185,8197.046436923185,0.0,0.0
0.6,1875,1125.0000000000002,-1105.0000000000002,False,0,0,0,0,8197.046436923185,8197.046436923185,0.0,0.0
0.6,1900,1140.0000000000002,-1120.0000000000002,False,0,0,0,0,8197.046436923185,8197.046436923185,0.0,0.0
0.6,1925,1155.0000000000002,-1135.0000000000002,False,0,0,0,0,8197.046436923185,8197.046436923185,0.0,0.0
0.6,1950,1170.0000000000002,-1150.0000000000002,False,0,0,0,0,8197.046436923185,8197.046436923185,0.0,0.0
0.6,1975,1185.0000000000002,-1165.0000000000002,False,0,0,0,0,8197.046436923185,8197.046436923185,0.0,0.0
0.6,2000,1200.0000000000002,-1180.0000000000002,False,0,0,0,0,8197.046436923185,8197.046436923185,0.0,0.0
0.65,0,0.0,20.0,True,500,100,100,100,8197.046436923185,5653.878725891113,2543.1677110320725,31.025415442036547
0.65,25,16.25,3.75,True,500,100,100,100,8197.046436923185,5653.878725891113,2543.1677110320725,31.025415442036547
0.65,50,32.5,-12.5,False,500,100,0,0,8197.046436923185,8197.046436923185,0.0,0.0
0.65,75,48.75,-28.75,False,500,100,0,0,8197.046436923185,8197.046436923185,0.0,0.0
0.65,100,65.0,-45.0,False,500,100,0,0,8197.046436923185,8197.046436923185,0.0,0.0
0.65,125,81.25,-61.25,False,500,100,0,0,8197.046436923185,8197.046436923185,0.0,0.0
0.65,150,97.5,-77.5,False,500,100,0,0,8197.046436923185,8197.046436923185,0.0,0.0
0.65,175,113.75,-93.75,False,466,100,0,0,8197.046436923185,8197.046436923185,0.0,0.0
0.65,200,130.0,-110.0,False,321,100,0,0,8197.046436923185,8197.046436923185,0.0,0.0
0.65,225,146.25,-126.25,False,196,90,0,0,8197.046436923185,8197.046436923185,0.0,0.0
0.65,250,162.5,-142.5,False,60,49,0,0,8197.046436923185,8197.046436923185,0.0,0.0
0.65,275,178.75,-158.75,False,0,0,0,0,8197.046436923185,8197.046436923185,0.0,0.0
0.65,300,195.0,-175.0,False,0,0,0,0,8197.046436923185,8197.046436923185,0.0,0.0
0.65,325,211.25,-191.25,False,0,0,0,0,8197.046436923185,8197.046436923185,0.0,0.0
0.65,350,227.5,-207.5,False,0,0,0,0,8197.046436923185,8197.046436923185,0.0,0.0
0.65,375,243.75,-223.75,False,0,0,0,0,8197.046436923185,8197.046436923185,0.0,0.0
0.65,400,260.0,-240.0,False,0,0,0,0,8197.046436923185,8197.046436923185,0.0,0.0
0.65,425,276.25,-256.25,False,0,0,0,0,8197.046436923185,8197.046436923185,0.0,0.0
0.65,450,292.5,-272.5,False,0,0,0,0,8197.046436923185,8197.046436923185,0.0,0.0
0.65,475,308.75,-288.75,False,0,0,0,0,8197.046436923185,8197.046436923185,0.0,0.0
0.65,500,325.0,-305.0,False,0,0,0,0,8197.046436923185,8197.046436923185,0.0,0.0
0.65,525,341.25,-321.25,False,0,0,0,0,8197.046436923185,8197.046436923185,0.0,0.0
0.65,550,357.5,-337.5,False,0,0,0,0,8197.046436923185,8197.046436923185,0.0,0.0
0.65,575,373.75,-353.75,False,0,0,0,0,8197.046436923185,8197.046436923185,0.0,0.0
0.65,600,390.0,-370.0,False,0,0,0,0,8197.046436923185,8197.046436923185,0.0,0.0
0.65,625,406.25,-386.25,False,0,0,0,0,8197.046436923185,8197.046436923185,0.0,0.0
0.65,650,422.5,-402.5,False,0,0,0,0,8197.046436923185,8197.046436923185,0.0,0.0
0.65,675,438.75,-418.75,False,0,0,0,0,8197.046436923185,8197.046436923185,0.0,0.0
0.65,700,455.0,-435.0,False,0,0,0,0,8197.046436923185,8197.046436923185,0.0,0.0
0.65,725,471.25,-451.25,False,0,0,0,0,8197.046436923185,8197.046436923185,0.0,0.0
0.65,750,487.5,-467.5,False,0,0,0,0,8197.046436923185,8197.046436923185,0.0,0.0
0.65,775,503.75,-483.75,False,0,0,0,0,8197.046436923185,8197.046436923185,0.0,0.0
0.65,800,520.0,-500.0,False,0,0,0,0,8197.046436923185,8197.046436923185,0.0,0.0
0.65,825,536.25,-516.25,False,0,0,0,0,8197.046436923185,8197.046436923185,0.0,0.0
0.65,850,552.5,-532.5,False,0,0,0,0,8197.046436923185,8197.046436923185,0.0,0.0
0.65,875,568.75,-548.75,False,0,0,0,0,8197.046436923185,8197.046436923185,0.0,0.0
0.65,900,585.0,-565.0,False,0,0,0,0,8197.046436923185,8197.046436923185,0.0,0.0
0.65,925,601.25,-581.25,False,0,0,0,0,8197.046436923185,8197.046436923185,0.0,0.0
0.65,950,617.5,-597.5,False,0,0,0,0,8197.046436923185,8197.046436923185,0.0,0.0
0.65,975,633.75,-613.75,False,0,0,0,0,8197.046436923185,8197.046436923185,0.0,0.0
0.65,1000,650.0,-630.0,False,0,0,0,0,8197.046436923185,8197.046436923185,0.0,0.0
0.65,1025,666.25,-646.25,False,0,0,0,0,8197.046436923185,8197.046436923185,0.0,0.0
0.65,1050,682.5,-662.5,False,0,0,0,0,8197.046436923185,8197.046436923185,0.0,0.0
0.65,1075,698.75,-678.75,False,0,0,0,0,8197.046436923185,8197.046436923185,0.0,0.0
0.65,1100,715.0,-695.0,False,0,0,0,0,8197.046436923185,8197.046436923185,0.0,0.0
0.65,1125,731.25,-711.25,False,0,0,0,0,8197.046436923185,8197.046436923185,0.0,0.0
0.65,1150,747.5,-727.5,False,0,0,0,0,8197.046436923185,8197.046436923185,0.0,0.0
0.65,1175,763.75,-743.75,False,0,0,0,0,8197.046436923185,8197.046436923185,0.0,0.0
0.65,1200,780.0,-760.0,False,0,0,0,0,8197.046436923185,8197.046436923185,0.0,0.0
0.65,1225,796.25,-776.25,False,0,0,0,0,8197.046436923185,8197.046436923185,0.0,0.0
0.65,1250,812.5,-792.5,False,0,0,0,0,8197.046436923185,8197.046436923185,0.0,0.0
0.65,1275,828.75,-808.75,False,0,0,0,0,8197.046436923185,8197.046436923185,0.0,0.0
0.65,1300,845.0,-825.0,False,0,0,0,0,8197.046436923185,8197.046436923185,0.0,0.0
0.65,1325,861.25,-841.25,False,0,0,0,0,8197.046436923185,8197.046436923185,0.0,0.0
0.65,1350,877.5,-857.5,False,0,0,0,0,8197.046436923185,8197.046436923185,0.0,0.0
0.65,1375,893.75,-873.75,False,0,0,0,0,8197.046436923185,8197.046436923185,0.0,0.0
0.65,1400,910.0,-890.0,False,0,0,0,0,8197.046436923185,8197.046436923185,0.0,0.0
0.65,1425,926.25,-906.25,False,0,0,0,0,8197.046436923185,8197.046436923185,0.0,0.0
0.65,1450,942.5,-922.5,False,0,0,0,0,8197.046436923185,8197.046436923185,0.0,0.0
0.65,1475,958.75,-938.75,False,0,0,0,0,8197.046436923185,8197.046436923185,0.0,0.0
0.65,1500,975.0,-955.0,False,0,0,0,0,8197.046436923185,8197.046436923185,0.0,0.0
0.65,1525,991.25,-971.25,False,0,0,0,0,8197.046436923185,8197.046436923185,0.0,0.0
0.65,1550,1007.5,-987.5,False,0,0,0,0,8197.046436923185,8197.046436923185,0.0,0.0
0.65,1575,1023.75,-1003.75,False,0,0,0,0,8197.046436923185,8197.046436923185,0.0,0.0
0.65,1600,1040.0,-1020.0,False,0,0,0,0,8197.046436923185,8197.046436923185,0.0,0.0
0.65,1625,1056.25,-1036.25,False,0,0,0,0,8197.046436923185,8197.046436923185,0.0,0.0
0.65,1650,1072.5,-1052.5,False,0,0,0,0,8197.046436923185,8197.046436923185,0.0,0.0
0.65,1675,1088.75,-1068.75,False,0,0,0,0,8197.046436923185,8197.046436923185,0.0,0.0
0.65,1700,1105.0,-1085.0,False,0,0,0,0,8197.046436923185,8197.046436923185,0.0,0.0
0.65,1725,1121.25,-1101.25,False,0,0,0,0,8197.046436923185,8197.046436923185,0.0,0.0
0.65,1750,1137.5,-1117.5,False,0,0,0,0,8197.046436923185,8197.046436923185,0.0,0.0
0.65,1775,1153.75,-1133.75,False,0,0,0,0,8197.046436923185,8197.046436923185,0.0,0.0
0.65,1800,1170.0,-1150.0,False,0,0,0,0,8197.046436923185,8197.046436923185,0.0,0.0
0.65,1825,1186.25,-1166.25,False,0,0,0,0,8197.046436923185,8197.046436923185,0.0,0.0
0.65,1850,1202.5,-1182.5,False,0,0,0,0,8197.046436923185,8197.046436923185,0.0,0.0
0.65,1875,1218.75,-1198.75,False,0,0,0,0,8197.046436923185,8197.046436923185,0.0,0.0
0.65,1900,1235.0,-1215.0,False,0,0,0,0,8197.046436923185,8197.046436923185,0.0,0.0
0.65,1925,1251.25,-1231.25,False,0,0,0,0,8197.046436923185,8197.046436923185,0.0,0.0
0.65,1950,1267.5,-1247.5,False,0,0,0,0,8197.046436923185,8197.046436923185,0.0,0.0
0.65,1975,1283.75,-1263.75,False,0,0,0,0,8197.046436923185,8197.046436923185,0.0,0.0
0.65,2000,1300.0,-1280.0,False,0,0,0,0,8197.046436923185,8197.046436923185,0.0,0.0
0.7,0,0.0,20.0,True,500,100,100,100,8197.046436923185,5653.878725891113,2543.1677110320725,31.025415442036547
0.7,25,17.5,2.5,True,500,100,100,100,8197.046436923185,5653.878725891113,2543.1677110320725,31.025415442036547
0.7,50,35.0,-15.0,False,500,100,0,0,8197.046436923185,8197.046436923185,0.0,0.0
0.7,75,52.50000000000001,-32.50000000000001,False,500,100,0,0,8197.046436923185,8197.046436923185,0.0,0.0
0.7,100,70.0,-50.0,False,500,100,0,0,8197.046436923185,8197.046436923185,0.0,0.0
0.7,125,87.50000000000001,-67.50000000000001,False,500,100,0,0,8197.046436923185,8197.046436923185,0.0,0.0
0.7,150,105.00000000000001,-85.00000000000001,False,500,100,0,0,8197.046436923185,8197.046436923185,0.0,0.0
0.7,175,122.50000000000001,-102.50000000000001,False,385,100,0,0,8197.046436923185,8197.046436923185,0.0,0.0
0.7,200,140.0,-120.0,False,244,97,0,0,8197.046436923185,8197.046436923185,0.0,0.0
0.7,225,157.50000000000003,-137.50000000000003,False,93,68,0,0,8197.046436923185,8197.046436923185,0.0,0.0
0.7,250,175.00000000000003,-155.00000000000003,False,0,0,0,0,8197.046436923185,8197.046436923185,0.0,0.0
0.7,275,192.50000000000003,-172.50000000000003,False,0,0,0,0,8197.046436923185,8197.046436923185,0.0,0.0
0.7,300,210.00000000000003,-190.00000000000003,False,0,0,0,0,8197.046436923185,8197.046436923185,0.0,0.0
0.7,325,227.50000000000003,-207.50000000000003,False,0,0,0,0,8197.046436923185,8197.046436923185,0.0,0.0
0.7,350,245.00000000000003,-225.00000000000003,False,0,0,0,0,8197.046436923185,8197.046436923185,0.0,0.0
0.7,375,262.5,-242.5,False,0,0,0,0,8197.046436923185,8197.046436923185,0.0,0.0
0.7,400,280.0,-260.0,False,0,0,0,0,8197.046436923185,8197.046436923185,0.0,0.0
0.7,425,297.5,-277.5,False,0,0,0,0,8197.046436923185,8197.046436923185,0.0,0.0
0.7,450,315.00000000000006,-295.00000000000006,False,0,0,0,0,8197.046436923185,8197.046436923185,0.0,0.0
0.7,475,332.50000000000006,-312.50000000000006,False,0,0,0,0,8197.046436923185,8197.046436923185,0.0,0.0
0.7,500,350.00000000000006,-330.00000000000006,False,0,0,0,0,8197.046436923185,8197.046436923185,0.0,0.0
0.7,525,367.50000000000006,-347.50000000000006,False,0,0,0,0,8197.046436923185,8197.046436923185,0.0,0.0
0.7,550,385.00000000000006,-365.00000000000006,False,0,0,0,0,8197.046436923185,8197.046436923185,0.0,0.0
0.7,575,402.50000000000006,-382.50000000000006,False,0,0,0,0,8197.046436923185,8197.046436923185,0.0,0.0
0.7,600,420.00000000000006,-400.00000000000006,False,0,0,0,0,8197.046436923185,8197.046436923185,0.0,0.0
0.7,625,437.50000000000006,-417.50000000000006,False,0,0,0,0,8197.046436923185,8197.046436923185,0.0,0.0
0.7,650,455.00000000000006,-435.00000000000006,False,0,0,0,0,8197.046436923185,8197.046436923185,0.0,0.0
0.7,675,472.50000000000006,-452.50000000000006,False,0,0,0,0,8197.046436923185,8197.046436923185,0.0,0.0
0.7,700,490.00000000000006,-470.00000000000006,False,0,0,0,0,8197.046436923185,8197.046436923185,0.0,0.0
0.7,725,507.50000000000006,-487.50000000000006,False,0,0,0,0,8197.046436923185,8197.046436923185,0.0,0.0
0.7,750,525.0,-505.0,False,0,0,0,0,8197.046436923185,8197.046436923185,0.0,0.0
0.7,775,542.5,-522.5,False,0,0,0,0,8197.046436923185,8197.046436923185,0.0,0.0
0.7,800,560.0,-540.0,False,0,0,0,0,8197.046436923185,8197.046436923185,0.0,0.0
0.7,825,577.5,-557.5,False,0,0,0,0,8197.046436923185,8197.046436923185,0.0,0.0
0.7,850,595.0,-575.0,False,0,0,0,0,8197.046436923185,8197.046436923185,0.0,0.0
0.7,875,612.5000000000001,-592.5000000000001,False,0,0,0,0,8197.046436923185,8197.046436923185,0.0,0.0
0.7,900,630.0000000000001,-610.0000000000001,False,0,0,0,0,8197.046436923185,8197.046436923185,0.0,0.0
0.7,925,647.5000000000001,-627.5000000000001,False,0,0,0,0,8197.046436923185,8197.046436923185,0.0,0.0
0.7,950,665.0000000000001,-645.0000000000001,False,0,0,0,0,8197.046436923185,8197.046436923185,0.0,0.0
0.7,975,682.5000000000001,-662.5000000000001,False,0,0,0,0,8197.046436923185,8197.046436923185,0.0,0.0
0.7,1000,700.0000000000001,-680.0000000000001,False,0,0,0,0,8197.046436923185,8197.046436923185,0.0,0.0
0.7,1025,717.5000000000001,-697.5000000000001,False,0,0,0,0,8197.046436923185,8197.046436923185,0.0,0.0
0.7,1050,735.0000000000001,-715.0000000000001,False,0,0,0,0,8197.046436923185,8197.046436923185,0.0,0.0
0.7,1075,752.5000000000001,-732.5000000000001,False,0,0,0,0,8197.046436923185,8197.046436923185,0.0,0.0
0.7,1100,770.0000000000001,-750.0000000000001,False,0,0,0,0,8197.046436923185,8197.046436923185,0.0,0.0
0.7,1125,787.5000000000001,-767.5000000000001,False,0,0,0,0,8197.046436923185,8197.046436923185,0.0,0.0
0.7,1150,805.0000000000001,-785.0000000000001,False,0,0,0,0,8197.046436923185,8197.046436923185,0.0,0.0
0.7,1175,822.5000000000001,-802.5000000000001,False,0,0,0,0,8197.046436923185,8197.046436923185,0.0,0.0
0.7,1200,840.0000000000001,-820.0000000000001,False,0,0,0,0,8197.046436923185,8197.046436923185,0.0,0.0
0.7,1225,857.5000000000001,-837.5000000000001,False,0,0,0,0,8197.046436923185,8197.046436923185,0.0,0.0
0.7,1250,875.0000000000001,-855.0000000000001,False,0,0,0,0,8197.046436923185,8197.046436923185,0.0,0.0
0.7,1275,892.5000000000001,-872.5000000000001,False,0,0,0,0,8197.046436923185,8197.046436923185,0.0,0.0
0.7,1300,910.0000000000001,-890.0000000000001,False,0,0,0,0,8197.046436923185,8197.046436923185,0.0,0.0
0.7,1325,927.5000000000001,-907.5000000000001,False,0,0,0,0,8197.046436923185,8197.046436923185,0.0,0.0
0.7,1350,945.0000000000001,-925.0000000000001,False,0,0,0,0,8197.046436923185,8197.046436923185,0.0,0.0
0.7,1375,962.5000000000001,-942.5000000000001,False,0,0,0,0,8197.046436923185,8197.046436923185,0.0,0.0
0.7,1400,980.0000000000001,-960.0000000000001,False,0,0,0,0,8197.046436923185,8197.046436923185,0.0,0.0
0.7,1425,997.5000000000001,-977.5000000000001,False,0,0,0,0,8197.046436923185,8197.046436923185,0.0,0.0
0.7,1450,1015.0000000000001,-995.0000000000001,False,0,0,0,0,8197.046436923185,8197.046436923185,0.0,0.0
0.7,1475,1032.5,-1012.5,False,0,0,0,0,8197.046436923185,8197.046436923185,0.0,0.0
0.7,1500,1050.0,-1030.0,False,0,0,0,0,8197.046436923185,8197.046436923185,0.0,0.0
0.7,1525,1067.5,-1047.5,False,0,0,0,0,8197.046436923185,8197.046436923185,0.0,0.0
0.7,1550,1085.0,-1065.0,False,0,0,0,0,8197.046436923185,8197.046436923185,0.0,0.0
0.7,1575,1102.5,-1082.5,False,0,0,0,0,8197.046436923185,8197.046436923185,0.0,0.0
0.7,1600,1120.0,-1100.0,False,0,0,0,0,8197.046436923185,8197.046436923185,0.0,0.0
0.7,1625,1137.5,-1117.5,False,0,0,0,0,8197.046436923185,8197.046436923185,0.0,0.0
0.7,1650,1155.0,-1135.0,False,0,0,0,0,8197.046436923185,8197.046436923185,0.0,0.0
0.7,1675,1172.5,-1152.5,False,0,0,0,0,8197.046436923185,8197.046436923185,0.0,0.0
0.7,1700,1190.0,-1170.0,False,0,0,0,0,8197.046436923185,8197.046436923185,0.0,0.0
0.7,1725,1207.5000000000002,-1187.5000000000002,False,0,0,0,0,8197.046436923185,8197.046436923185,0.0,0.0
0.7,1750,1225.0000000000002,-1205.0000000000002,False,0,0,0,0,8197.046436923185,8197.046436923185,0.0,0.0
0.7,1775,1242.5000000000002,-1222.5000000000002,False,0,0,0,0,8197.046436923185,8197.046436923185,0.0,0.0
0.7,1800,1260.0000000000002,-1240.0000000000002,False,0,0,0,0,8197.046436923185,8197.046436923185,0.0,0.0
0.7,1825,1277.5000000000002,-1257.5000000000002,False,0,0,0,0,8197.046436923185,8197.046436923185,0.0,0.0
0.7,1850,1295.0000000000002,-1275.0000000000002,False,0,0,0,0,8197.046436923185,8197.046436923185,0.0,0.0
0.7,1875,1312.5000000000002,-1292.5000000000002,False,0,0,0,0,8197.046436923185,8197.046436923185,0.0,0.0
0.7,1900,1330.0000000000002,-1310.0000000000002,False,0,0,0,0,8197.046436923185,8197.046436923185,0.0,0.0
0.7,1925,1347.5000000000002,-1327.5000000000002,False,0,0,0,0,8197.046436923185,8197.046436923185,0.0,0.0
0.7,1950,1365.0000000000002,-1345.0000000000002,False,0,0,0,0,8197.046436923185,8197.046436923185,0.0,0.0
0.7,1975,1382.5000000000002,-1362.5000000000002,False,0,0,0,0,8197.046436923185,8197.046436923185,0.0,0.0
0.7,2000,1400.0000000000002,-1380.0000000000002,False,0,0,0,0,8197.046436923185,8197.046436923185,0.0,0.0
0.75,0,0.0,20.0,True,500,100,100,100,8197.046436923185,5653.878725891113,2543.1677110320725,31.025415442036547
0.75,25,18.75,1.25,True,500,100,100,100,8197.046436923185,5653.878725891113,2543.1677110320725,31.025415442036547
0.75,50,37.5,-17.5,False,500,100,0,0,8197.046436923185,8197.046436923185,0.0,0.0
0.75,75,56.25,-36.25,False,500,100,0,0,8197.046436923185,8197.046436923185,0.0,0.0
0.75,100,75.0,-55.0,False,500,100,0,0,8197.046436923185,8197.046436923185,0.0,0.0
0.75,125,93.75,-73.75,False,500,100,0,0,8197.046436923185,8197.046436923185,0.0,0.0
0.75,150,112.5,-92.5,False,477,100,0,0,8197.046436923185,8197.046436923185,0.0,0.0
0.75,175,131.25,-111.25,False,313,100,0,0,8197.046436923185,8197.046436923185,0.0,0.0
0.75,200,150.0,-130.0,False,160,86,0,0,8197.046436923185,8197.046436923185,0.0,0.0
0.75,225,168.75,-148.75,False,15,15,0,0,8197.046436923185,8197.046436923185,0.0,0.0
0.75,250,187.5,-167.5,False,0,0,0,0,8197.046436923185,8197.046436923185,0.0,0.0
0.75,275,206.25,-186.25,False,0,0,0,0,8197.046436923185,8197.046436923185,0.0,0.0
0.75,300,225.0,-205.0,False,0,0,0,0,8197.046436923185,8197.046436923185,0.0,0.0
0.75,325,243.75,-223.75,False,0,0,0,0,8197.046436923185,8197.046436923185,0.0,0.0
0.75,350,262.5,-242.5,False,0,0,0,0,8197.046436923185,8197.046436923185,0.0,0.0
0.75,375,281.25,-261.25,False,0,0,0,0,8197.046436923185,8197.046436923185,0.0,0.0
0.75,400,300.0,-280.0,False,0,0,0,0,8197.046436923185,8197.046436923185,0.0,0.0
0.75,425,318.75,-298.75,False,0,0,0,0,8197.046436923185,8197.046436923185,0.0,0.0
0.75,450,337.5,-317.5,False,0,0,0,0,8197.046436923185,8197.046436923185,0.0,0.0
0.75,475,356.25,-336.25,False,0,0,0,0,8197.046436923185,8197.046436923185,0.0,0.0
0.75,500,375.0,-355.0,False,0,0,0,0,8197.046436923185,8197.046436923185,0.0,0.0
0.75,525,393.75,-373.75,False,0,0,0,0,8197.046436923185,8197.046436923185,0.0,0.0
0.75,550,412.5,-392.5,False,0,0,0,0,8197.046436923185,8197.046436923185,0.0,0.0
0.75,575,431.25,-411.25,False,0,0,0,0,8197.046436923185,8197.046436923185,0.0,0.0
0.75,600,450.0,-430.0,False,0,0,0,0,8197.046436923185,8197.046436923185,0.0,0.0
0.75,625,468.75,-448.75,False,0,0,0,0,8197.046436923185,8197.046436923185,0.0,0.0
0.75,650,487.5,-467.5,False,0,0,0,0,8197.046436923185,8197.046436923185,0.0,0.0
0.75,675,506.25,-486.25,False,0,0,0,0,8197.046436923185,8197.046436923185,0.0,0.0
0.75,700,525.0,-505.0,False,0,0,0,0,8197.046436923185,8197.046436923185,0.0,0.0
0.75,725,543.75,-523.75,False,0,0,0,0,8197.046436923185,8197.046436923185,0.0,0.0
0.75,750,562.5,-542.5,False,0,0,0,0,8197.046436923185,8197.046436923185,0.0,0.0
0.75,775,581.25,-561.25,False,0,0,0,0,8197.046436923185,8197.046436923185,0.0,0.0
0.75,800,600.0,-580.0,False,0,0,0,0,8197.046436923185,8197.046436923185,0.0,0.0
0.75,825,618.75,-598.75,False,0,0,0,0,8197.046436923185,8197.046436923185,0.0,0.0
0.75,850,637.5,-617.5,False,0,0,0,0,8197.046436923185,8197.046436923185,0.0,0.0
0.75,875,656.25,-636.25,False,0,0,0,0,8197.046436923185,8197.046436923185,0.0,0.0
0.75,900,675.0,-655.0,False,0,0,0,0,8197.046436923185,8197.046436923185,0.0,0.0
0.75,925,693.75,-673.75,False,0,0,0,0,8197.046436923185,8197.046436923185,0.0,0.0
0.75,950,712.5,-692.5,False,0,0,0,0,8197.046436923185,8197.046436923185,0.0,0.0
0.75,975,731.25,-711.25,False,0,0,0,0,8197.046436923185,8197.046436923185,0.0,0.0
0.75,1000,750.0,-730.0,False,0,0,0,0,8197.046436923185,8197.046436923185,0.0,0.0
0.75,1025,768.75,-748.75,False,0,0,0,0,8197.046436923185,8197.046436923185,0.0,0.0
0.75,1050,787.5,-767.5,False,0,0,0,0,8197.046436923185,8197.046436923185,0.0,0.0
0.75,1075,806.25,-786.25,False,0,0,0,0,8197.046436923185,8197.046436923185,0.0,0.0
0.75,1100,825.0,-805.0,False,0,0,0,0,8197.046436923185,8197.046436923185,0.0,0.0
0.75,1125,843.75,-823.75,False,0,0,0,0,8197.046436923185,8197.046436923185,0.0,0.0
0.75,1150,862.5,-842.5,False,0,0,0,0,8197.046436923185,8197.046436923185,0.0,0.0
0.75,1175,881.25,-861.25,False,0,0,0,0,8197.046436923185,8197.046436923185,0.0,0.0
0.75,1200,900.0,-880.0,False,0,0,0,0,8197.046436923185,8197.046436923185,0.0,0.0
0.75,1225,918.75,-898.75,False,0,0,0,0,8197.046436923185,8197.046436923185,0.0,0.0
0.75,1250,937.5,-917.5,False,0,0,0,0,8197.046436923185,8197.046436923185,0.0,0.0
0.75,1275,956.25,-936.25,False,0,0,0,0,8197.046436923185,8197.046436923185,0.0,0.0
0.75,1300,975.0,-955.0,False,0,0,0,0,8197.046436923185,8197.046436923185,0.0,0.0
0.75,1325,993.75,-973.75,False,0,0,0,0,8197.046436923185,8197.046436923185,0.0,0.0
0.75,1350,1012.5,-992.5,False,0,0,0,0,8197.046436923185,8197.046436923185,0.0,0.0
0.75,1375,1031.25,-1011.25,False,0,0,0,0,8197.046436923185,8197.046436923185,0.0,0.0
0.75,1400,1050.0,-1030.0,False,0,0,0,0,8197.046436923185,8197.046436923185,0.0,0.0
0.75,1425,1068.75,-1048.75,False,0,0,0,0,8197.046436923185,8197.046436923185,0.0,0.0
0.75,1450,1087.5,-1067.5,False,0,0,0,0,8197.046436923185,8197.046436923185,0.0,0.0
0.75,1475,1106.25,-1086.25,False,0,0,0,0,8197.046436923185,8197.046436923185,0.0,0.0
0.75,1500,1125.0,-1105.0,False,0,0,0,0,8197.046436923185,8197.046436923185,0.0,0.0
0.75,1525,1143.75,-1123.75,False,0,0,0,0,8197.046436923185,8197.046436923185,0.0,0.0
0.75,1550,1162.5,-1142.5,False,0,0,0,0,8197.046436923185,8197.046436923185,0.0,0.0
0.75,1575,1181.25,-1161.25,False,0,0,0,0,8197.046436923185,8197.046436923185,0.0,0.0
0.75,1600,1200.0,-1180.0,False,0,0,0,0,8197.046436923185,8197.046436923185,0.0,0.0
0.75,1625,1218.75,-1198.75,False,0,0,0,0,8197.046436923185,8197.046436923185,0.0,0.0
0.75,1650,1237.5,-1217.5,False,0,0,0,0,8197.046436923185,8197.046436923185,0.0,0.0
0.75,1675,1256.25,-1236.25,False,0,0,0,0,8197.046436923185,8197.046436923185,0.0,0.0
0.75,1700,1275.0,-1255.0,False,0,0,0,0,8197.046436923185,8197.046436923185,0.0,0.0
0.75,1725,1293.75,-1273.75,False,0,0,0,0,8197.046436923185,8197.046436923185,0.0,0.0
0.75,1750,1312.5,-1292.5,False,0,0,0,0,8197.046436923185,8197.046436923185,0.0,0.0
0.75,1775,1331.25,-1311.25,False,0,0,0,0,8197.046436923185,8197.046436923185,0.0,0.0
0.75,1800,1350.0,-1330.0,False,0,0,0,0,8197.046436923185,8197.046436923185,0.0,0.0
0.75,1825,1368.75,-1348.75,False,0,0,0,0,8197.046436923185,8197.046436923185,0.0,0.0
0.75,1850,1387.5,-1367.5,False,0,0,0,0,8197.046436923185,8197.046436923185,0.0,0.0
0.75,1875,1406.25,-1386.25,False,0,0,0,0,8197.046436923185,8197.046436923185,0.0,0.0
0.75,1900,1425.0,-1405.0,False,0,0,0,0,8197.046436923185,8197.046436923185,0.0,0.0
0.75,1925,1443.75,-1423.75,False,0,0,0,0,8197.046436923185,8197.046436923185,0.0,0.0
0.75,1950,1462.5,-1442.5,False,0,0,0,0,8197.046436923185,8197.046436923185,0.0,0.0
0.75,1975,1481.25,-1461.25,False,0,0,0,0,8197.046436923185,8197.046436923185,0.0,0.0
0.75,2000,1500.0,-1480.0,False,0,0,0,0,8197.046436923185,8197.046436923185,0.0,0.0
0.8,0,0.0,20.0,True,500,100,100,100,8197.046436923185,5653.878725891113,2543.1677110320725,31.025415442036547
0.8,25,20.0,0.0,False,500,100,0,0,8197.046436923185,8197.046436923185,0.0,0.0
0.8,50,40.0,-20.0,False,500,100,0,0,8197.046436923185,8197.046436923185,0.0,0.0
0.8,75,60.0,-40.0,False,500,100,0,0,8197.046436923185,8197.046436923185,0.0,0.0
0.8,100,80.0,-60.0,False,500,100,0,0,8197.046436923185,8197.046436923185,0.0,0.0
0.8,125,100.0,-80.0,False,500,100,0,0,8197.046436923185,8197.046436923185,0.0,0.0
0.8,150,120.0,-100.0,False,406,100,0,0,8197.046436923185,8197.046436923185,0.0,0.0
0.8,175,140.0,-120.0,False,244,97,0,0,8197.046436923185,8197.046436923185,0.0,0.0
0.8,200,160.0,-140.0,False,79,60,0,0,8197.046436923185,8197.046436923185,0.0,0.0
0.8,225,180.0,-160.0,False,0,0,0,0,8197.046436923185,8197.046436923185,0.0,0.0
0.8,250,200.0,-180.0,False,0,0,0,0,8197.046436923185,8197.046436923185,0.0,0.0
0.8,275,220.0,-200.0,False,0,0,0,0,8197.046436923185,8197.046436923185,0.0,0.0
0.8,300,240.0,-220.0,False,0,0,0,0,8197.046436923185,8197.046436923185,0.0,0.0
0.8,325,260.0,-240.0,False,0,0,0,0,8197.046436923185,8197.046436923185,0.0,0.0
0.8,350,280.0,-260.0,False,0,0,0,0,8197.046436923185,8197.046436923185,0.0,0.0
0.8,375,300.0,-280.0,False,0,0,0,0,8197.046436923185,8197.046436923185,0.0,0.0
0.8,400,320.0,-300.0,False,0,0,0,0,8197.046436923185,8197.046436923185,0.0,0.0
0.8,425,340.0,-320.0,False,0,0,0,0,8197.046436923185,8197.046436923185,0.0,0.0
0.8,450,360.0,-340.0,False,0,0,0,0,8197.046436923185,8197.046436923185,0.0,0.0
0.8,475,380.0,-360.0,False,0,0,0,0,8197.046436923185,8197.046436923185,0.0,0.0
0.8,500,400.0,-380.0,False,0,0,0,0,8197.046436923185,8197.046436923185,0.0,0.0
0.8,525,420.0,-400.0,False,0,0,0,0,8197.046436923185,8197.046436923185,0.0,0.0
0.8,550,440.0,-420.0,False,0,0,0,0,8197.046436923185,8197.046436923185,0.0,0.0
0.8,575,460.0,-440.0,False,0,0,0,0,8197.046436923185,8197.046436923185,0.0,0.0
0.8,600,480.0,-460.0,False,0,0,0,0,8197.046436923185,8197.046436923185,0.0,0.0
0.8,625,500.0,-480.0,False,0,0,0,0,8197.046436923185,8197.046436923185,0.0,0.0
0.8,650,520.0,-500.0,False,0,0,0,0,8197.046436923185,8197.046436923185,0.0,0.0
0.8,675,540.0,-520.0,False,0,0,0,0,8197.046436923185,8197.046436923185,0.0,0.0
0.8,700,560.0,-540.0,False,0,0,0,0,8197.046436923185,8197.046436923185,0.0,0.0
0.8,725,580.0,-560.0,False,0,0,0,0,8197.046436923185,8197.046436923185,0.0,0.0
0.8,750,600.0,-580.0,False,0,0,0,0,8197.046436923185,8197.046436923185,0.0,0.0
0.8,775,620.0,-600.0,False,0,0,0,0,8197.046436923185,8197.046436923185,0.0,0.0
0.8,800,640.0,-620.0,False,0,0,0,0,8197.046436923185,8197.046436923185,0.0,0.0
0.8,825,660.0,-640.0,False,0,0,0,0,8197.046436923185,8197.046436923185,0.0,0.0
0.8,850,680.0,-660.0,False,0,0,0,0,8197.046436923185,8197.046436923185,0.0,0.0
0.8,875,700.0,-680.0,False,0,0,0,0,8197.046436923185,8197.046436923185,0.0,0.0
0.8,900,720.0,-700.0,False,0,0,0,0,8197.046436923185,8197.046436923185,0.0,0.0
0.8,925,740.0,-720.0,False,0,0,0,0,8197.046436923185,8197.046436923185,0.0,0.0
0.8,950,760.0,-740.0,False,0,0,0,0,8197.046436923185,8197.046436923185,0.0,0.0
0.8,975,780.0,-760.0,False,0,0,0,0,8197.046436923185,8197.046436923185,0.0,0.0
0.8,1000,800.0,-780.0,False,0,0,0,0,8197.046436923185,8197.046436923185,0.0,0.0
0.8,1025,820.0,-800.0,False,0,0,0,0,8197.046436923185,8197.046436923185,0.0,0.0
0.8,1050,840.0,-820.0,False,0,0,0,0,8197.046436923185,8197.046436923185,0.0,0.0
0.8,1075,860.0,-840.0,False,0,0,0,0,8197.046436923185,8197.046436923185,0.0,0.0
0.8,1100,880.0,-860.0,False,0,0,0,0,8197.046436923185,8197.046436923185,0.0,0.0
0.8,1125,900.0,-880.0,False,0,0,0,0,8197.046436923185,8197.046436923185,0.0,0.0
0.8,1150,920.0,-900.0,False,0,0,0,0,8197.046436923185,8197.046436923185,0.0,0.0
0.8,1175,940.0,-920.0,False,0,0,0,0,8197.046436923185,8197.046436923185,0.0,0.0
0.8,1200,960.0,-940.0,False,0,0,0,0,8197.046436923185,8197.046436923185,0.0,0.0
0.8,1225,980.0,-960.0,False,0,0,0,0,8197.046436923185,8197.046436923185,0.0,0.0
0.8,1250,1000.0,-980.0,False,0,0,0,0,8197.046436923185,8197.046436923185,0.0,0.0
0.8,1275,1020.0,-1000.0,False,0,0,0,0,8197.046436923185,8197.046436923185,0.0,0.0
0.8,1300,1040.0,-1020.0,False,0,0,0,0,8197.046436923185,8197.046436923185,0.0,0.0
0.8,1325,1060.0,-1040.0,False,0,0,0,0,8197.046436923185,8197.046436923185,0.0,0.0
0.8,1350,1080.0,-1060.0,False,0,0,0,0,8197.046436923185,8197.046436923185,0.0,0.0
0.8,1375,1100.0,-1080.0,False,0,0,0,0,8197.046436923185,8197.046436923185,0.0,0.0
0.8,1400,1120.0,-1100.0,False,0,0,0,0,8197.046436923185,8197.046436923185,0.0,0.0
0.8,1425,1140.0,-1120.0,False,0,0,0,0,8197.046436923185,8197.046436923185,0.0,0.0
0.8,1450,1160.0,-1140.0,False,0,0,0,0,8197.046436923185,8197.046436923185,0.0,0.0
0.8,1475,1180.0,-1160.0,False,0,0,0,0,8197.046436923185,8197.046436923185,0.0,0.0
0.8,1500,1200.0,-1180.0,False,0,0,0,0,8197.046436923185,8197.046436923185,0.0,0.0
0.8,1525,1220.0,-1200.0,False,0,0,0,0,8197.046436923185,8197.046436923185,0.0,0.0
0.8,1550,1240.0,-1220.0,False,0,0,0,0,8197.046436923185,8197.046436923185,0.0,0.0
0.8,1575,1260.0,-1240.0,False,0,0,0,0,8197.046436923185,8197.046436923185,0.0,0.0
0.8,1600,1280.0,-1260.0,False,0,0,0,0,8197.046436923185,8197.046436923185,0.0,0.0
0.8,1625,1300.0,-1280.0,False,0,0,0,0,8197.046436923185,8197.046436923185,0.0,0.0
0.8,1650,1320.0,-1300.0,False,0,0,0,0,8197.046436923185,8197.046436923185,0.0,0.0
0.8,1675,1340.0,-1320.0,False,0,0,0,0,8197.046436923185,8197.046436923185,0.0,0.0
0.8,1700,1360.0,-1340.0,False,0,0,0,0,8197.046436923185,8197.046436923185,0.0,0.0
0.8,1725,1380.0,-1360.0,False,0,0,0,0,8197.046436923185,8197.046436923185,0.0,0.0
0.8,1750,1400.0,-1380.0,False,0,0,0,0,8197.046436923185,8197.046436923185,0.0,0.0
0.8,1775,1420.0,-1400.0,False,0,0,0,0,8197.046436923185,8197.046436923185,0.0,0.0
0.8,1800,1440.0,-1420.0,False,0,0,0,0,8197.046436923185,8197.046436923185,0.0,0.0
0.8,1825,1460.0,-1440.0,False,0,0,0,0,8197.046436923185,8197.046436923185,0.0,0.0
0.8,1850,1480.0,-1460.0,False,0,0,0,0,8197.046436923185,8197.046436923185,0.0,0.0
0.8,1875,1500.0,-1480.0,False,0,0,0,0,8197.046436923185,8197.046436923185,0.0,0.0
0.8,1900,1520.0,-1500.0,False,0,0,0,0,8197.046436923185,8197.046436923185,0.0,0.0
0.8,1925,1540.0,-1520.0,False,0,0,0,0,8197.046436923185,8197.046436923185,0.0,0.0
0.8,1950,1560.0,-1540.0,False,0,0,0,0,8197.046436923185,8197.046436923185,0.0,0.0
0.8,1975,1580.0,-1560.0,False,0,0,0,0,8197.046436923185,8197.046436923185,0.0,0.0
0.8,2000,1600.0,-1580.0,False,0,0,0,0,8197.046436923185,8197.046436923185,0.0,0.0
0.85,0,0.0,20.0,True,500,100,100,100,8197.046436923185,5653.878725891113,2543.1677110320725,31.025415442036547
0.85,25,21.250000000000004,-1.2500000000000036,False,500,100,0,0,8197.046436923185,8197.046436923185,0.0,0.0
0.85,50,42.50000000000001,-22.500000000000007,False,500,100,0,0,8197.046436923185,8197.046436923185,0.0,0.0
0.85,75,63.75000000000001,-43.75000000000001,False,500,100,0,0,8197.046436923185,8197.046436923185,0.0,0.0
0.85,100,85.00000000000001,-65.00000000000001,False,500,100,0,0,8197.046436923185,8197.046436923185,0.0,0.0
0.85,125,106.25000000000001,-86.25000000000001,False,500,100,0,0,8197.046436923185,8197.046436923185,0.0,0.0
0.85,150,127.50000000000001,-107.50000000000001,False,341,100,0,0,8197.046436923185,8197.046436923185,0.0,0.0
0.85,175,148.75000000000003,-128.75000000000003,False,173,89,0,0,8197.046436923185,8197.046436923185,0.0,0.0
0.85,200,170.00000000000003,-150.00000000000003,False,0,0,0,0,8197.046436923185,8197.046436923185,0.0,0.0
0.85,225,191.25000000000003,-171.25000000000003,False,0,0,0,0,8197.046436923185,8197.046436923185,0.0,0.0
0.85,250,212.50000000000003,-192.50000000000003,False,0,0,0,0,8197.046436923185,8197.046436923185,0.0,0.0
0.85,275,233.75000000000003,-213.75000000000003,False,0,0,0,0,8197.046436923185,8197.046436923185,0.0,0.0
0.85,300,255.00000000000003,-235.00000000000003,False,0,0,0,0,8197.046436923185,8197.046436923185,0.0,0.0
0.85,325,276.25000000000006,-256.25000000000006,False,0,0,0,0,8197.046436923185,8197.046436923185,0.0,0.0
0.85,350,297.50000000000006,-277.50000000000006,False,0,0,0,0,8197.046436923185,8197.046436923185,0.0,0.0
0.85,375,318.75000000000006,-298.75000000000006,False,0,0,0,0,8197.046436923185,8197.046436923185,0.0,0.0
0.85,400,340.00000000000006,-320.00000000000006,False,0,0,0,0,8197.046436923185,8197.046436923185,0.0,0.0
0.85,425,361.25000000000006,-341.25000000000006,False,0,0,0,0,8197.046436923185,8197.046436923185,0.0,0.0
0.85,450,382.50000000000006,-362.50000000000006,False,0,0,0,0,8197.046436923185,8197.046436923185,0.0,0.0
0.85,475,403.75000000000006,-383.75000000000006,False,0,0,0,0,8197.046436923185,8197.046436923185,0.0,0.0
0.85,500,425.00000000000006,-405.00000000000006,False,0,0,0,0,8197.046436923185,8197.046436923185,0.0,0.0
0.85,525,446.25000000000006,-426.25000000000006,False,0,0,0,0,8197.046436923185,8197.046436923185,0.0,0.0
0.85,550,467.50000000000006,-447.50000000000006,False,0,0,0,0,8197.046436923185,8197.046436923185,0.0,0.0
0.85,575,488.75000000000006,-468.75000000000006,False,0,0,0,0,8197.046436923185,8197.046436923185,0.0,0.0
0.85,600,510.00000000000006,-490.00000000000006,False,0,0,0,0,8197.046436923185,8197.046436923185,0.0,0.0
0.85,625,531.25,-511.25,False,0,0,0,0,8197.046436923185,8197.046436923185,0.0,0.0
0.85,650,552.5000000000001,-532.5000000000001,False,0,0,0,0,8197.046436923185,8197.046436923185,0.0,0.0
0.85,675,573.7500000000001,-553.7500000000001,False,0,0,0,0,8197.046436923185,8197.046436923185,0.0,0.0
0.85,700,595.0000000000001,-575.0000000000001,False,0,0,0,0,8197.046436923185,8197.046436923185,0.0,0.0
0.85,725,616.2500000000001,-596.2500000000001,False,0,0,0,0,8197.046436923185,8197.046436923185,0.0,0.0
0.85,750,637.5000000000001,-617.5000000000001,False,0,0,0,0,8197.046436923185,8197.046436923185,0.0,0.0
0.85,775,658.7500000000001,-638.7500000000001,False,0,0,0,0,8197.046436923185,8197.046436923185,0.0,0.0
0.85,800,680.0000000000001,-660.0000000000001,False,0,0,0,0,8197.046436923185,8197.046436923185,0.0,0.0
0.85,825,701.2500000000001,-681.2500000000001,False,0,0,0,0,8197.046436923185,8197.046436923185,0.0,0.0
0.85,850,722.5000000000001,-702.5000000000001,False,0,0,0,0,8197.046436923185,8197.046436923185,0.0,0.0
0.85,875,743.7500000000001,-723.7500000000001,False,0,0,0,0,8197.046436923185,8197.046436923185,0.0,0.0
0.85,900,765.0000000000001,-745.0000000000001,False,0,0,0,0,8197.046436923185,8197.046436923185,0.0,0.0
0.85,925,786.2500000000001,-766.2500000000001,False,0,0,0,0,8197.046436923185,8197.046436923185,0.0,0.0
0.85,950,807.5000000000001,-787.5000000000001,False,0,0,0,0,8197.046436923185,8197.046436923185,0.0,0.0
0.85,975,828.7500000000001,-808.7500000000001,False,0,0,0,0,8197.046436923185,8197.046436923185,0.0,0.0
0.85,1000,850.0000000000001,-830.0000000000001,False,0,0,0,0,8197.046436923185,8197.046436923185,0.0,0.0
0.85,1025,871.2500000000001,-851.2500000000001,False,0,0,0,0,8197.046436923185,8197.046436923185,0.0,0.0
0.85,1050,892.5000000000001,-872.5000000000001,False,0,0,0,0,8197.046436923185,8197.046436923185,0.0,0.0
0.85,1075,913.7500000000001,-893.7500000000001,False,0,0,0,0,8197.046436923185,8197.046436923185,0.0,0.0
0.85,1100,935.0000000000001,-915.0000000000001,False,0,0,0,0,8197.046436923185,8197.046436923185,0.0,0.0
0.85,1125,956.2500000000001,-936.2500000000001,False,0,0,0,0,8197.046436923185,8197.046436923185,0.0,0.0
0.85,1150,977.5000000000001,-957.5000000000001,False,0,0,0,0,8197.046436923185,8197.046436923185,0.0,0.0
0.85,1175,998.7500000000001,-978.7500000000001,False,0,0,0,0,8197.046436923185,8197.046436923185,0.0,0.0
0.85,1200,1020.0000000000001,-1000.0000000000001,False,0,0,0,0,8197.046436923185,8197.046436923185,0.0,0.0
0.85,1225,1041.25,-1021.25,False,0,0,0,0,8197.046436923185,8197.046436923185,0.0,0.0
0.85,1250,1062.5,-1042.5,False,0,0,0,0,8197.046436923185,8197.046436923185,0.0,0.0
0.85,1275,1083.75,-1063.75,False,0,0,0,0,8197.046436923185,8197.046436923185,0.0,0.0
0.85,1300,1105.0000000000002,-1085.0000000000002,False,0,0,0,0,8197.046436923185,8197.046436923185,0.0,0.0
0.85,1325,1126.2500000000002,-1106.2500000000002,False,0,0,0,0,8197.046436923185,8197.046436923185,0.0,0.0
0.85,1350,1147.5000000000002,-1127.5000000000002,False,0,0,0,0,8197.046436923185,8197.046436923185,0.0,0.0
0.85,1375,1168.7500000000002,-1148.7500000000002,False,0,0,0,0,8197.046436923185,8197.046436923185,0.0,0.0
0.85,1400,1190.0000000000002,-1170.0000000000002,False,0,0,0,0,8197.046436923185,8197.046436923185,0.0,0.0
0.85,1425,1211.2500000000002,-1191.2500000000002,False,0,0,0,0,8197.046436923185,8197.046436923185,0.0,0.0
0.85,1450,1232.5000000000002,-1212.5000000000002,False,0,0,0,0,8197.046436923185,8197.046436923185,0.0,0.0
0.85,1475,1253.7500000000002,-1233.7500000000002,False,0,0,0,0,8197.046436923185,8197.046436923185,0.0,0.0
0.85,1500,1275.0000000000002,-1255.0000000000002,False,0,0,0,0,8197.046436923185,8197.046436923185,0.0,0.0
0.85,1525,1296.2500000000002,-1276.2500000000002,False,0,0,0,0,8197.046436923185,8197.046436923185,0.0,0.0
0.85,1550,1317.5000000000002,-1297.5000000000002,False,0,0,0,0,8197.046436923185,8197.046436923185,0.0,0.0
0.85,1575,1338.7500000000002,-1318.7500000000002,False,0,0,0,0,8197.046436923185,8197.046436923185,0.0,0.0
0.85,1600,1360.0000000000002,-1340.0000000000002,False,0,0,0,0,8197.046436923185,8197.046436923185,0.0,0.0
0.85,1625,1381.2500000000002,-1361.2500000000002,False,0,0,0,0,8197.046436923185,8197.046436923185,0.0,0.0
0.85,1650,1402.5000000000002,-1382.5000000000002,False,0,0,0,0,8197.046436923185,8197.046436923185,0.0,0.0
0.85,1675,1423.7500000000002,-1403.7500000000002,False,0,0,0,0,8197.046436923185,8197.046436923185,0.0,0.0
0.85,1700,1445.0000000000002,-1425.0000000000002,False,0,0,0,0,8197.046436923185,8197.046436923185,0.0,0.0
0.85,1725,1466.2500000000002,-1446.2500000000002,False,0,0,0,0,8197.046436923185,8197.046436923185,0.0,0.0
0.85,1750,1487.5000000000002,-1467.5000000000002,False,0,0,0,0,8197.046436923185,8197.046436923185,0.0,0.0
0.85,1775,1508.7500000000002,-1488.7500000000002,False,0,0,0,0,8197.046436923185,8197.046436923185,0.0,0.0
0.85,1800,1530.0000000000002,-1510.0000000000002,False,0,0,0,0,8197.046436923185,8197.046436923185,0.0,0.0
0.85,1825,1551.2500000000002,-1531.2500000000002,False,0,0,0,0,8197.046436923185,8197.046436923185,0.0,0.0
0.85,1850,1572.5000000000002,-1552.5000000000002,False,0,0,0,0,8197.046436923185,8197.046436923185,0.0,0.0
0.85,1875,1593.7500000000002,-1573.7500000000002,False,0,0,0,0,8197.046436923185,8197.046436923185,0.0,0.0
0.85,1900,1615.0000000000002,-1595.0000000000002,False,0,0,0,0,8197.046436923185,8197.046436923185,0.0,0.0
0.85,1925,1636.2500000000002,-1616.2500000000002,False,0,0,0,0,8197.046436923185,8197.046436923185,0.0,0.0
0.85,1950,1657.5000000000002,-1637.5000000000002,False,0,0,0,0,8197.046436923185,8197.046436923185,0.0,0.0
0.85,1975,1678.7500000000002,-1658.7500000000002,False,0,0,0,0,8197.046436923185,8197.046436923185,0.0,0.0
0.85,2000,1700.0000000000002,-1680.0000000000002,False,0,0,0,0,8197.046436923185,8197.046436923185,0.0,0.0
0.9,0,0.0,20.0,True,500,100,100,100,8197.046436923185,5653.878725891113,2543.1677110320725,31.025415442036547
0.9,25,22.5,-2.5,False,500,100,0,0,8197.046436923185,8197.046436923185,0.0,0.0
0.9,50,45.0,-25.0,False,500,100,0,0,8197.046436923185,8197.046436923185,0.0,0.0
0.9,75,67.5,-47.5,False,500,100,0,0,8197.046436923185,8197.046436923185,0.0,0.0
0.9,100,90.0,-70.0,False,500,100,0,0,8197.046436923185,8197.046436923185,0.0,0.0
0.9,125,112.5,-92.5,False,477,100,0,0,8197.046436923185,8197.046436923185,0.0,0.0
0.9,150,135.0,-115.0,False,291,99,0,0,8197.046436923185,8197.046436923185,0.0,0.0
0.9,175,157.5,-137.5,False,93,68,0,0,8197.046436923185,8197.046436923185,0.0,0.0
0.9,200,180.0,-160.0,False,0,0,0,0,8197.046436923185,8197.046436923185,0.0,0.0
0.9,225,202.5,-182.5,False,0,0,0,0,8197.046436923185,8197.046436923185,0.0,0.0
0.9,250,225.0,-205.0,False,0,0,0,0,8197.046436923185,8197.046436923185,0.0,0.0
0.9,275,247.5,-227.5,False,0,0,0,0,8197.046436923185,8197.046436923185,0.0,0.0
0.9,300,270.0,-250.0,False,0,0,0,0,8197.046436923185,8197.046436923185,0.0,0.0
0.9,325,292.5,-272.5,False,0,0,0,0,8197.046436923185,8197.046436923185,0.0,0.0
0.9,350,315.0,-295.0,False,0,0,0,0,8197.046436923185,8197.046436923185,0.0,0.0
0.9,375,337.5,-317.5,False,0,0,0,0,8197.046436923185,8197.046436923185,0.0,0.0
0.9,400,360.0,-340.0,False,0,0,0,0,8197.046436923185,8197.046436923185,0.0,0.0
0.9,425,382.5,-362.5,False,0,0,0,0,8197.046436923185,8197.046436923185,0.0,0.0
0.9,450,405.0,-385.0,False,0,0,0,0,8197.046436923185,8197.046436923185,0.0,0.0
0.9,475,427.5,-407.5,False,0,0,0,0,8197.046436923185,8197.046436923185,0.0,0.0
0.9,500,450.0,-430.0,False,0,0,0,0,8197.046436923185,8197.046436923185,0.0,0.0
0.9,525,472.5,-452.5,False,0,0,0,0,8197.046436923185,8197.046436923185,0.0,0.0
0.9,550,495.0,-475.0,False,0,0,0,0,8197.046436923185,8197.046436923185,0.0,0.0
0.9,575,517.5,-497.5,False,0,0,0,0,8197.046436923185,8197.046436923185,0.0,0.0
0.9,600,540.0,-520.0,False,0,0,0,0,8197.046436923185,8197.046436923185,0.0,0.0
0.9,625,562.5,-542.5,False,0,0,0,0,8197.046436923185,8197.046436923185,0.0,0.0
0.9,650,585.0,-565.0,False,0,0,0,0,8197.046436923185,8197.046436923185,0.0,0.0
0.9,675,607.5,-587.5,False,0,0,0,0,8197.046436923185,8197.046436923185,0.0,0.0
0.9,700,630.0,-610.0,False,0,0,0,0,8197.046436923185,8197.046436923185,0.0,0.0
0.9,725,652.5,-632.5,False,0,0,0,0,8197.046436923185,8197.046436923185,0.0,0.0
0.9,750,675.0,-655.0,False,0,0,0,0,8197.046436923185,8197.046436923185,0.0,0.0
0.9,775,697.5,-677.5,False,0,0,0,0,8197.046436923185,8197.046436923185,0.0,0.0
0.9,800,720.0,-700.0,False,0,0,0,0,8197.046436923185,8197.046436923185,0.0,0.0
0.9,825,742.5,-722.5,False,0,0,0,0,8197.046436923185,8197.046436923185,0.0,0.0
0.9,850,765.0,-745.0,False,0,0,0,0,8197.046436923185,8197.046436923185,0.0,0.0
0.9,875,787.5,-767.5,False,0,0,0,0,8197.046436923185,8197.046436923185,0.0,0.0
0.9,900,810.0,-790.0,False,0,0,0,0,8197.046436923185,8197.046436923185,0.0,0.0
0.9,925,832.5,-812.5,False,0,0,0,0,8197.046436923185,8197.046436923185,0.0,0.0
0.9,950,855.0,-835.0,False,0,0,0,0,8197.046436923185,8197.046436923185,0.0,0.0
0.9,975,877.5,-857.5,False,0,0,0,0,8197.046436923185,8197.046436923185,0.0,0.0
0.9,1000,900.0,-880.0,False,0,0,0,0,8197.046436923185,8197.046436923185,0.0,0.0
0.9,1025,922.5,-902.5,False,0,0,0,0,8197.046436923185,8197.046436923185,0.0,0.0
0.9,1050,945.0,-925.0,False,0,0,0,0,8197.046436923185,8197.046436923185,0.0,0.0
0.9,1075,967.5,-947.5,False,0,0,0,0,8197.046436923185,8197.046436923185,0.0,0.0
0.9,1100,990.0,-970.0,False,0,0,0,0,8197.046436923185,8197.046436923185,0.0,0.0
0.9,1125,1012.5,-992.5,False,0,0,0,0,8197.046436923185,8197.046436923185,0.0,0.0
0.9,1150,1035.0,-1015.0,False,0,0,0,0,8197.046436923185,8197.046436923185,0.0,0.0
0.9,1175,1057.5,-1037.5,False,0,0,0,0,8197.046436923185,8197.046436923185,0.0,0.0
0.9,1200,1080.0,-1060.0,False,0,0,0,0,8197.046436923185,8197.046436923185,0.0,0.0
0.9,1225,1102.5,-1082.5,False,0,0,0,0,8197.046436923185,8197.046436923185,0.0,0.0
0.9,1250,1125.0,-1105.0,False,0,0,0,0,8197.046436923185,8197.046436923185,0.0,0.0
0.9,1275,1147.5,-1127.5,False,0,0,0,0,8197.046436923185,8197.046436923185,0.0,0.0
0.9,1300,1170.0,-1150.0,False,0,0,0,0,8197.046436923185,8197.046436923185,0.0,0.0
0.9,1325,1192.5,-1172.5,False,0,0,0,0,8197.046436923185,8197.046436923185,0.0,0.0
0.9,1350,1215.0,-1195.0,False,0,0,0,0,8197.046436923185,8197.046436923185,0.0,0.0
0.9,1375,1237.5,-1217.5,False,0,0,0,0,8197.046436923185,8197.046436923185,0.0,0.0
0.9,1400,1260.0,-1240.0,False,0,0,0,0,8197.046436923185,8197.046436923185,0.0,0.0
0.9,1425,1282.5,-1262.5,False,0,0,0,0,8197.046436923185,8197.046436923185,0.0,0.0
0.9,1450,1305.0,-1285.0,False,0,0,0,0,8197.046436923185,8197.046436923185,0.0,0.0
0.9,1475,1327.5,-1307.5,False,0,0,0,0,8197.046436923185,8197.046436923185,0.0,0.0
0.9,1500,1350.0,-1330.0,False,0,0,0,0,8197.046436923185,8197.046436923185,0.0,0.0
0.9,1525,1372.5,-1352.5,False,0,0,0,0,8197.046436923185,8197.046436923185,0.0,0.0
0.9,1550,1395.0,-1375.0,False,0,0,0,0,8197.046436923185,8197.046436923185,0.0,0.0
0.9,1575,1417.5,-1397.5,False,0,0,0,0,8197.046436923185,8197.046436923185,0.0,0.0
0.9,1600,1440.0,-1420.0,False,0,0,0,0,8197.046436923185,8197.046436923185,0.0,0.0
0.9,1625,1462.5,-1442.5,False,0,0,0,0,8197.046436923185,8197.046436923185,0.0,0.0
0.9,1650,1485.0,-1465.0,False,0,0,0,0,8197.046436923185,8197.046436923185,0.0,0.0
0.9,1675,1507.5,-1487.5,False,0,0,0,0,8197.046436923185,8197.046436923185,0.0,0.0
0.9,1700,1530.0,-1510.0,False,0,0,0,0,8197.046436923185,8197.046436923185,0.0,0.0
0.9,1725,1552.5,-1532.5,False,0,0,0,0,8197.046436923185,8197.046436923185,0.0,0.0
0.9,1750,1575.0,-1555.0,False,0,0,0,0,8197.046436923185,8197.046436923185,0.0,0.0
0.9,1775,1597.5,-1577.5,False,0,0,0,0,8197.046436923185,8197.046436923185,0.0,0.0
0.9,1800,1620.0,-1600.0,False,0,0,0,0,8197.046436923185,8197.046436923185,0.0,0.0
0.9,1825,1642.5,-1622.5,False,0,0,0,0,8197.046436923185,8197.046436923185,0.0,0.0
0.9,1850,1665.0,-1645.0,False,0,0,0,0,8197.046436923185,8197.046436923185,0.0,0.0
0.9,1875,1687.5,-1667.5,False,0,0,0,0,8197.046436923185,8197.046436923185,0.0,0.0
0.9,1900,1710.0,-1690.0,False,0,0,0,0,8197.046436923185,8197.046436923185,0.0,0.0
0.9,1925,1732.5,-1712.5,False,0,0,0,0,8197.046436923185,8197.046436923185,0.0,0.0
0.9,1950,1755.0,-1735.0,False,0,0,0,0,8197.046436923185,8197.046436923185,0.0,0.0
0.9,1975,1777.5,-1757.5,False,0,0,0,0,8197.046436923185,8197.046436923185,0.0,0.0
0.9,2000,1800.0,-1780.0,False,0,0,0,0,8197.046436923185,8197.046436923185,0.0,0.0
0.95,0,0.0,20.0,True,500,100,100,100,8197.046436923185,5653.878725891113,2543.1677110320725,31.025415442036547
0.95,25,23.75,-3.75,False,500,100,0,0,8197.046436923185,8197.046436923185,0.0,0.0
0.95,50,47.5,-27.5,False,500,100,0,0,8197.046436923185,8197.046436923185,0.0,0.0
0.95,75,71.25,-51.25,False,500,100,0,0,8197.046436923185,8197.046436923185,0.0,0.0
0.95,100,95.0,-75.0,False,500,100,0,0,8197.046436923185,8197.046436923185,0.0,0.0
0.95,125,118.75000000000001,-98.75000000000001,False,417,100,0,0,8197.046436923185,8197.046436923185,0.0,0.0
0.95,150,142.5,-122.5,False,230,94,0,0,8197.046436923185,8197.046436923185,0.0,0.0
0.95,175,166.25,-146.25,False,27,26,0,0,8197.046436923185,8197.046436923185,0.0,0.0
0.95,200,190.0,-170.0,False,0,0,0,0,8197.046436923185,8197.046436923185,0.0,0.0
0.95,225,213.75000000000003,-193.75000000000003,False,0,0,0,0,8197.046436923185,8197.046436923185,0.0,0.0
0.95,250,237.50000000000003,-217.50000000000003,False,0,0,0,0,8197.046436923185,8197.046436923185,0.0,0.0
0.95,275,261.25,-241.25,False,0,0,0,0,8197.046436923185,8197.046436923185,0.0,0.0
0.95,300,285.0,-265.0,False,0,0,0,0,8197.046436923185,8197.046436923185,0.0,0.0
0.95,325,308.75,-288.75,False,0,0,0,0,8197.046436923185,8197.046436923185,0.0,0.0
0.95,350,332.5,-312.5,False,0,0,0,0,8197.046436923185,8197.046436923185,0.0,0.0
0.95,375,356.25,-336.25,False,0,0,0,0,8197.046436923185,8197.046436923185,0.0,0.0
0.95,400,380.0,-360.0,False,0,0,0,0,8197.046436923185,8197.046436923185,0.0,0.0
0.95,425,403.75,-383.75,False,0,0,0,0,8197.046436923185,8197.046436923185,0.0,0.0
0.95,450,427.50000000000006,-407.50000000000006,False,0,0,0,0,8197.046436923185,8197.046436923185,0.0,0.0
0.95,475,451.25000000000006,-431.25000000000006,False,0,0,0,0,8197.046436923185,8197.046436923185,0.0,0.0
0.95,500,475.00000000000006,-455.00000000000006,False,0,0,0,0,8197.046436923185,8197.046436923185,0.0,0.0
0.95,525,498.75000000000006,-478.75000000000006,False,0,0,0,0,8197.046436923185,8197.046436923185,0.0,0.0
0.95,550,522.5,-502.5,False,0,0,0,0,8197.046436923185,8197.046436923185,0.0,0.0
0.95,575,546.25,-526.25,False,0,0,0,0,8197.046436923185,8197.046436923185,0.0,0.0
0.95,600,570.0,-550.0,False,0,0,0,0,8197.046436923185,8197.046436923185,0.0,0.0
0.95,625,593.75,-573.75,False,0,0,0,0,8197.046436923185,8197.046436923185,0.0,0.0
0.95,650,617.5,-597.5,False,0,0,0,0,8197.046436923185,8197.046436923185,0.0,0.0
0.95,675,641.25,-621.25,False,0,0,0,0,8197.046436923185,8197.046436923185,0.0,0.0
0.95,700,665.0,-645.0,False,0,0,0,0,8197.046436923185,8197.046436923185,0.0,0.0
0.95,725,688.75,-668.75,False,0,0,0,0,8197.046436923185,8197.046436923185,0.0,0.0
0.95,750,712.5,-692.5,False,0,0,0,0,8197.046436923185,8197.046436923185,0.0,0.0
0.95,775,736.25,-716.25,False,0,0,0,0,8197.046436923185,8197.046436923185,0.0,0.0
0.95,800,760.0,-740.0,False,0,0,0,0,8197.046436923185,8197.046436923185,0.0,0.0
0.95,825,783.75,-763.75,False,0,0,0,0,8197.046436923185,8197.046436923185,0.0,0.0
0.95,850,807.5,-787.5,False,0,0,0,0,8197.046436923185,8197.046436923185,0.0,0.0
0.95,875,831.2500000000001,-811.2500000000001,False,0,0,0,0,8197.046436923185,8197.046436923185,0.0,0.0
0.95,900,855.0000000000001,-835.0000000000001,False,0,0,0,0,8197.046436923185,8197.046436923185,0.0,0.0
0.95,925,878.7500000000001,-858.7500000000001,False,0,0,0,0,8197.046436923185,8197.046436923185,0.0,0.0
0.95,950,902.5000000000001,-882.5000000000001,False,0,0,0,0,8197.046436923185,8197.046436923185,0.0,0.0
0.95,975,926.2500000000001,-906.2500000000001,False,0,0,0,0,8197.046436923185,8197.046436923185,0.0,0.0
0.95,1000,950.0000000000001,-930.0000000000001,False,0,0,0,0,8197.046436923185,8197.046436923185,0.0,0.0
0.95,1025,973.7500000000001,-953.7500000000001,False,0,0,0,0,8197.046436923185,8197.046436923185,0.0,0.0
0.95,1050,997.5000000000001,-977.5000000000001,False,0,0,0,0,8197.046436923185,8197.046436923185,0.0,0.0
0.95,1075,1021.2500000000001,-1001.2500000000001,False,0,0,0,0,8197.046436923185,8197.046436923185,0.0,0.0
0.95,1100,1045.0,-1025.0,False,0,0,0,0,8197.046436923185,8197.046436923185,0.0,0.0
0.95,1125,1068.75,-1048.75,False,0,0,0,0,8197.046436923185,8197.046436923185,0.0,0.0
0.95,1150,1092.5,-1072.5,False,0,0,0,0,8197.046436923185,8197.046436923185,0.0,0.0
0.95,1175,1116.25,-1096.25,False,0,0,0,0,8197.046436923185,8197.046436923185,0.0,0.0
0.95,1200,1140.0,-1120.0,False,0,0,0,0,8197.046436923185,8197.046436923185,0.0,0.0
0.95,1225,1163.75,-1143.75,False,0,0,0,0,8197.046436923185,8197.046436923185,0.0,0.0
0.95,1250,1187.5,-1167.5,False,0,0,0,0,8197.046436923185,8197.046436923185,0.0,0.0
0.95,1275,1211.25,-1191.25,False,0,0,0,0,8197.046436923185,8197.046436923185,0.0,0.0
0.95,1300,1235.0,-1215.0,False,0,0,0,0,8197.046436923185,8197.046436923185,0.0,0.0
0.95,1325,1258.75,-1238.75,False,0,0,0,0,8197.046436923185,8197.046436923185,0.0,0.0
0.95,1350,1282.5,-1262.5,False,0,0,0,0,8197.046436923185,8197.046436923185,0.0,0.0
0.95,1375,1306.25,-1286.25,False,0,0,0,0,8197.046436923185,8197.046436923185,0.0,0.0
0.95,1400,1330.0,-1310.0,False,0,0,0,0,8197.046436923185,8197.046436923185,0.0,0.0
0.95,1425,1353.75,-1333.75,False,0,0,0,0,8197.046436923185,8197.046436923185,0.0,0.0
0.95,1450,1377.5,-1357.5,False,0,0,0,0,8197.046436923185,8197.046436923185,0.0,0.0
0.95,1475,1401.25,-1381.25,False,0,0,0,0,8197.046436923185,8197.046436923185,0.0,0.0
0.95,1500,1425.0,-1405.0,False,0,0,0,0,8197.046436923185,8197.046436923185,0.0,0.0
0.95,1525,1448.75,-1428.75,False,0,0,0,0,8197.046436923185,8197.046436923185,0.0,0.0
0.95,1550,1472.5,-1452.5,False,0,0,0,0,8197.046436923185,8197.046436923185,0.0,0.0
0.95,1575,1496.25,-1476.25,False,0,0,0,0,8197.046436923185,8197.046436923185,0.0,0.0
0.95,1600,1520.0,-1500.0,False,0,0,0,0,8197.046436923185,8197.046436923185,0.0,0.0
0.95,1625,1543.75,-1523.75,False,0,0,0,0,8197.046436923185,8197.046436923185,0.0,0.0
0.95,1650,1567.5,-1547.5,False,0,0,0,0,8197.046436923185,8197.046436923185,0.0,0.0
0.95,1675,1591.25,-1571.25,False,0,0,0,0,8197.046436923185,8197.046436923185,0.0,0.0
0.95,1700,1615.0,-1595.0,False,0,0,0,0,8197.046436923185,8197.046436923185,0.0,0.0
0.95,1725,1638.7500000000002,-1618.7500000000002,False,0,0,0,0,8197.046436923185,8197.046436923185,0.0,0.0
0.95,1750,1662.5000000000002,-1642.5000000000002,False,0,0,0,0,8197.046436923185,8197.046436923185,0.0,0.0
0.95,1775,1686.2500000000002,-1666.2500000000002,False,0,0,0,0,8197.046436923185,8197.046436923185,0.0,0.0
0.95,1800,1710.0000000000002,-1690.0000000000002,False,0,0,0,0,8197.046436923185,8197.046436923185,0.0,0.0
0.95,1825,1733.7500000000002,-1713.7500000000002,False,0,0,0,0,8197.046436923185,8197.046436923185,0.0,0.0
0.95,1850,1757.5000000000002,-1737.5000000000002,False,0,0,0,0,8197.046436923185,8197.046436923185,0.0,0.0
0.95,1875,1781.2500000000002,-1761.2500000000002,False,0,0,0,0,8197.046436923185,8197.046436923185,0.0,0.0
0.95,1900,1805.0000000000002,-1785.0000000000002,False,0,0,0,0,8197.046436923185,8197.046436923185,0.0,0.0
0.95,1925,1828.7500000000002,-1808.7500000000002,False,0,0,0,0,8197.046436923185,8197.046436923185,0.0,0.0
0.95,1950,1852.5000000000002,-1832.5000000000002,False,0,0,0,0,8197.046436923185,8197.046436923185,0.0,0.0
0.95,1975,1876.2500000000002,-1856.2500000000002,False,0,0,0,0,8197.046436923185,8197.046436923185,0.0,0.0
0.95,2000,1900.0000000000002,-1880.0000000000002,False,0,0,0,0,8197.046436923185,8197.046436923185,0.0,0.0
1.0,0,0.0,20.0,True,500,100,100,100,8197.046436923185,5653.878725891113,2543.1677110320725,31.025415442036547
1.0,25,25.0,-5.0,False,500,100,0,0,8197.046436923185,8197.046436923185,0.0,0.0
1.0,50,50.0,-30.0,False,500,100,0,0,8197.046436923185,8197.046436923185,0.0,0.0
1.0,75,75.0,-55.0,False,500,100,0,0,8197.046436923185,8197.046436923185,0.0,0.0
1.0,100,100.0,-80.0,False,500,100,0,0,8197.046436923185,8197.046436923185,0.0,0.0
1.0,125,125.0,-105.0,False,362,100,0,0,8197.046436923185,8197.046436923185,0.0,0.0
1.0,150,150.0,-130.0,False,160,86,0,0,8197.046436923185,8197.046436923185,0.0,0.0
1.0,175,175.0,-155.0,False,0,0,0,0,8197.046436923185,8197.046436923185,0.0,0.0
1.0,200,200.0,-180.0,False,0,0,0,0,8197.046436923185,8197.046436923185,0.0,0.0
1.0,225,225.0,-205.0,False,0,0,0,0,8197.046436923185,8197.046436923185,0.0,0.0
1.0,250,250.0,-230.0,False,0,0,0,0,8197.046436923185,8197.046436923185,0.0,0.0
1.0,275,275.0,-255.0,False,0,0,0,0,8197.046436923185,8197.046436923185,0.0,0.0
1.0,300,300.0,-280.0,False,0,0,0,0,8197.046436923185,8197.046436923185,0.0,0.0
1.0,325,325.0,-305.0,False,0,0,0,0,8197.046436923185,8197.046436923185,0.0,0.0
1.0,350,350.0,-330.0,False,0,0,0,0,8197.046436923185,8197.046436923185,0.0,0.0
1.0,375,375.0,-355.0,False,0,0,0,0,8197.046436923185,8197.046436923185,0.0,0.0
1.0,400,400.0,-380.0,False,0,0,0,0,8197.046436923185,8197.046436923185,0.0,0.0
1.0,425,425.0,-405.0,False,0,0,0,0,8197.046436923185,8197.046436923185,0.0,0.0
1.0,450,450.0,-430.0,False,0,0,0,0,8197.046436923185,8197.046436923185,0.0,0.0
1.0,475,475.0,-455.0,False,0,0,0,0,8197.046436923185,8197.046436923185,0.0,0.0
1.0,500,500.0,-480.0,False,0,0,0,0,8197.046436923185,8197.046436923185,0.0,0.0
1.0,525,525.0,-505.0,False,0,0,0,0,8197.046436923185,8197.046436923185,0.0,0.0
1.0,550,550.0,-530.0,False,0,0,0,0,8197.046436923185,8197.046436923185,0.0,0.0
1.0,575,575.0,-555.0,False,0,0,0,0,8197.046436923185,8197.046436923185,0.0,0.0
1.0,600,600.0,-580.0,False,0,0,0,0,8197.046436923185,8197.046436923185,0.0,0.0
1.0,625,625.0,-605.0,False,0,0,0,0,8197.046436923185,8197.046436923185,0.0,0.0
1.0,650,650.0,-630.0,False,0,0,0,0,8197.046436923185,8197.046436923185,0.0,0.0
1.0,675,675.0,-655.0,False,0,0,0,0,8197.046436923185,8197.046436923185,0.0,0.0
1.0,700,700.0,-680.0,False,0,0,0,0,8197.046436923185,8197.046436923185,0.0,0.0
1.0,725,725.0,-705.0,False,0,0,0,0,8197.046436923185,8197.046436923185,0.0,0.0
1.0,750,750.0,-730.0,False,0,0,0,0,8197.046436923185,8197.046436923185,0.0,0.0
1.0,775,775.0,-755.0,False,0,0,0,0,8197.046436923185,8197.046436923185,0.0,0.0
1.0,800,800.0,-780.0,False,0,0,0,0,8197.046436923185,8197.046436923185,0.0,0.0
1.0,825,825.0,-805.0,False,0,0,0,0,8197.046436923185,8197.046436923185,0.0,0.0
1.0,850,850.0,-830.0,False,0,0,0,0,8197.046436923185,8197.046436923185,0.0,0.0
1.0,875,875.0,-855.0,False,0,0,0,0,8197.046436923185,8197.046436923185,0.0,0.0
1.0,900,900.0,-880.0,False,0,0,0,0,8197.046436923185,8197.046436923185,0.0,0.0
1.0,925,925.0,-905.0,False,0,0,0,0,8197.046436923185,8197.046436923185,0.0,0.0
1.0,950,950.0,-930.0,False,0,0,0,0,8197.046436923185,8197.046436923185,0.0,0.0
1.0,975,975.0,-955.0,False,0,0,0,0,8197.046436923185,8197.046436923185,0.0,0.0
1.0,1000,1000.0,-980.0,False,0,0,0,0,8197.046436923185,8197.046436923185,0.0,0.0
1.0,1025,1025.0,-1005.0,False,0,0,0,0,8197.046436923185,8197.046436923185,0.0,0.0
1.0,1050,1050.0,-1030.0,False,0,0,0,0,8197.046436923185,8197.046436923185,0.0,0.0
1.0,1075,1075.0,-1055.0,False,0,0,0,0,8197.046436923185,8197.046436923185,0.0,0.0
1.0,1100,1100.0,-1080.0,False,0,0,0,0,8197.046436923185,8197.046436923185,0.0,0.0
1.0,1125,1125.0,-1105.0,False,0,0,0,0,8197.046436923185,8197.046436923185,0.0,0.0
1.0,1150,1150.0,-1130.0,False,0,0,0,0,8197.046436923185,8197.046436923185,0.0,0.0
1.0,1175,1175.0,-1155.0,False,0,0,0,0,8197.046436923185,8197.046436923185,0.0,0.0
1.0,1200,1200.0,-1180.0,False,0,0,0,0,8197.046436923185,8197.046436923185,0.0,0.0
1.0,1225,1225.0,-1205.0,False,0,0,0,0,8197.046436923185,8197.046436923185,0.0,0.0
1.0,1250,1250.0,-1230.0,False,0,0,0,0,8197.046436923185,8197.046436923185,0.0,0.0
1.0,1275,1275.0,-1255.0,False,0,0,0,0,8197.046436923185,8197.046436923185,0.0,0.0
1.0,1300,1300.0,-1280.0,False,0,0,0,0,8197.046436923185,8197.046436923185,0.0,0.0
1.0,1325,1325.0,-1305.0,False,0,0,0,0,8197.046436923185,8197.046436923185,0.0,0.0
1.0,1350,1350.0,-1330.0,False,0,0,0,0,8197.046436923185,8197.046436923185,0.0,0.0
1.0,1375,1375.0,-1355.0,False,0,0,0,0,8197.046436923185,8197.046436923185,0.0,0.0
1.0,1400,1400.0,-1380.0,False,0,0,0,0,8197.046436923185,8197.046436923185,0.0,0.0
1.0,1425,1425.0,-1405.0,False,0,0,0,0,8197.046436923185,8197.046436923185,0.0,0.0
1.0,1450,1450.0,-1430.0,False,0,0,0,0,8197.046436923185,8197.046436923185,0.0,0.0
1.0,1475,1475.0,-1455.0,False,0,0,0,0,8197.046436923185,8197.046436923185,0.0,0.0
1.0,1500,1500.0,-1480.0,False,0,0,0,0,8197.046436923185,8197.046436923185,0.0,0.0
1.0,1525,1525.0,-1505.0,False,0,0,0,0,8197.046436923185,8197.046436923185,0.0,0.0
1.0,1550,1550.0,-1530.0,False,0,0,0,0,8197.046436923185,8197.046436923185,0.0,0.0
1.0,1575,1575.0,-1555.0,False,0,0,0,0,8197.046436923185,8197.046436923185,0.0,0.0
1.0,1600,1600.0,-1580.0,False,0,0,0,0,8197.046436923185,8197.046436923185,0.0,0.0
1.0,1625,1625.0,-1605.0,False,0,0,0,0,8197.046436923185,8197.046436923185,0.0,0.0
1.0,1650,1650.0,-1630.0,False,0,0,0,0,8197.046436923185,8197.046436923185,0.0,0.0
1.0,1675,1675.0,-1655.0,False,0,0,0,0,8197.046436923185,8197.046436923185,0.0,0.0
1.0,1700,1700.0,-1680.0,False,0,0,0,0,8197.046436923185,8197.046436923185,0.0,0.0
1.0,1725,1725.0,-1705.0,False,0,0,0,0,8197.046436923185,8197.046436923185,0.0,0.0
1.0,1750,1750.0,-1730.0,False,0,0,0,0,8197.046436923185,8197.046436923185,0.0,0.0
1.0,1775,1775.0,-1755.0,False,0,0,0,0,8197.046436923185,8197.046436923185,0.0,0.0
1.0,1800,1800.0,-1780.0,False,0,0,0,0,8197.046436923185,8197.046436923185,0.0,0.0
1.0,1825,1825.0,-1805.0,False,0,0,0,0,8197.046436923185,8197.046436923185,0.0,0.0
1.0,1850,1850.0,-1830.0,False,0,0,0,0,8197.046436923185,8197.046436923185,0.0,0.0
1.0,1875,1875.0,-1855.0,False,0,0,0,0,8197.046436923185,8197.046436923185,0.0,0.0
1.0,1900,1900.0,-1880.0,False,0,0,0,0,8197.046436923185,8197.046436923185,0.0,0.0
1.0,1925,1925.0,-1905.0,False,0,0,0,0,8197.046436923185,8197.046436923185,0.0,0.0
1.0,1950,1950.0,-1930.0,False,0,0,0,0,8197.046436923185,8197.046436923185,0.0,0.0
1.0,1975,1975.0,-1955.0,False,0,0,0,0,8197.046436923185,8197.046436923185,0.0,0.0
1.0,2000,2000.0,-1980.0,False,0,0,0,0,8197.046436923185,8197.046436923185,0.0,0.0
