p,sanction,expected_penalty,official_accept_payoff,official_prefers_accept,firms_willing_to_bribe,corruption_attempts,accepted_bribes,distorted_awards,honest_public_value,final_public_value,corruption_loss,loss_percentage,detection_cost,sanction_cost,institutional_cost,net_public_value
0.0,0,0.0,20.0,True,500,100,100,100,8197.046436923185,5653.878725891113,2543.1677110320725,31.025415442036547,0.0,0.0,0.0,5653.878725891113
0.0,25,0.0,20.0,True,500,100,100,100,8197.046436923185,5653.878725891113,2543.1677110320725,31.025415442036547,0.0,12.5,12.5,5641.378725891113
0.0,50,0.0,20.0,True,500,100,100,100,8197.046436923185,5653.878725891113,2543.1677110320725,31.025415442036547,0.0,25.0,25.0,5628.878725891113
0.0,75,0.0,20.0,True,500,100,100,100,8197.046436923185,5653.878725891113,2543.1677110320725,31.025415442036547,0.0,37.5,37.5,5616.378725891113
0.0,100,0.0,20.0,True,500,100,100,100,8197.046436923185,5653.878725891113,2543.1677110320725,31.025415442036547,0.0,50.0,50.0,5603.878725891113
0.0,125,0.0,20.0,True,500,100,100,100,8197.046436923185,5653.878725891113,2543.1677110320725,31.025415442036547,0.0,62.5,62.5,5591.378725891113
0.0,150,0.0,20.0,True,500,100,100,100,8197.046436923185,5653.878725891113,2543.1677110320725,31.025415442036547,0.0,75.0,75.0,5578.878725891113
0.0,175,0.0,20.0,True,500,100,100,100,8197.046436923185,5653.878725891113,2543.1677110320725,31.025415442036547,0.0,87.5,87.5,5566.378725891113
0.0,200,0.0,20.0,True,500,100,100,100,8197.046436923185,5653.878725891113,2543.1677110320725,31.025415442036547,0.0,100.0,100.0,5553.878725891113
0.0,225,0.0,20.0,True,500,100,100,100,8197.046436923185,5653.878725891113,2543.1677110320725,31.025415442036547,0.0,112.5,112.5,5541.378725891113
0.0,250,0.0,20.0,True,500,100,100,100,8197.046436923185,5653.878725891113,2543.1677110320725,31.025415442036547,0.0,125.0,125.0,5528.878725891113
0.0,275,0.0,20.0,True,500,100,100,100,8197.046436923185,5653.878725891113,2543.1677110320725,31.025415442036547,0.0,137.5,137.5,5516.378725891113
0.0,300,0.0,20.0,True,500,100,100,100,8197.046436923185,5653.878725891113,2543.1677110320725,31.025415442036547,0.0,150.0,150.0,5503.878725891113
0.0,325,0.0,20.0,True,500,100,100,100,8197.046436923185,5653.878725891113,2543.1677110320725,31.025415442036547,0.0,162.5,162.5,5491.378725891113
0.0,350,0.0,20.0,True,500,100,100,100,8197.046436923185,5653.878725891113,2543.1677110320725,31.025415442036547,0.0,175.0,175.0,5478.878725891113
0.0,375,0.0,20.0,True,500,100,100,100,8197.046436923185,5653.878725891113,2543.1677110320725,31.025415442036547,0.0,187.5,187.5,5466.378725891113
0.0,400,0.0,20.0,True,500,100,100,100,8197.046436923185,5653.878725891113,2543.1677110320725,31.025415442036547,0.0,200.0,200.0,5453.878725891113
0.0,425,0.0,20.0,True,500,100,100,100,8197.046436923185,5653.878725891113,2543.1677110320725,31.025415442036547,0.0,212.5,212.5,5441.378725891113
0.0,450,0.0,20.0,True,500,100,100,100,8197.046436923185,5653.878725891113,2543.1677110320725,31.025415442036547,0.0,225.0,225.0,5428.878725891113
0.0,475,0.0,20.0,True,500,100,100,100,8197.046436923185,5653.878725891113,2543.1677110320725,31.025415442036547,0.0,237.5,237.5,5416.378725891113
0.0,500,0.0,20.0,True,500,100,100,100,8197.046436923185,5653.878725891113,2543.1677110320725,31.025415442036547,0.0,250.0,250.0,5403.878725891113
0.0,525,0.0,20.0,True,500,100,100,100,8197.046436923185,5653.878725891113,2543.1677110320725,31.025415442036547,0.0,262.5,262.5,5391.378725891113
0.0,550,0.0,20.0,True,500,100,100,100,8197.046436923185,5653.878725891113,2543.1677110320725,31.025415442036547,0.0,275.0,275.0,5378.878725891113
0.0,575,0.0,20.0,True,500,100,100,100,8197.046436923185,5653.878725891113,2543.1677110320725,31.025415442036547,0.0,287.5,287.5,5366.378725891113
0.0,600,0.0,20.0,True,500,100,100,100,8197.046436923185,5653.878725891113,2543.1677110320725,31.025415442036547,0.0,300.0,300.0,5353.878725891113
0.0,625,0.0,20.0,True,500,100,100,100,8197.046436923185,5653.878725891113,2543.1677110320725,31.025415442036547,0.0,312.5,312.5,5341.378725891113
0.0,650,0.0,20.0,True,500,100,100,100,8197.046436923185,5653.878725891113,2543.1677110320725,31.025415442036547,0.0,325.0,325.0,5328.878725891113
0.0,675,0.0,20.0,True,500,100,100,100,8197.046436923185,5653.878725891113,2543.1677110320725,31.025415442036547,0.0,337.5,337.5,5316.378725891113
0.0,700,0.0,20.0,True,500,100,100,100,8197.046436923185,5653.878725891113,2543.1677110320725,31.025415442036547,0.0,350.0,350.0,5303.878725891113
0.0,725,0.0,20.0,True,500,100,100,100,8197.046436923185,5653.878725891113,2543.1677110320725,31.025415442036547,0.0,362.5,362.5,5291.378725891113
0.0,750,0.0,20.0,True,500,100,100,100,8197.046436923185,5653.878725891113,2543.1677110320725,31.025415442036547,0.0,375.0,375.0,5278.878725891113
0.0,775,0.0,20.0,True,500,100,100,100,8197.046436923185,5653.878725891113,2543.1677110320725,31.025415442036547,0.0,387.5,387.5,5266.378725891113
0.0,800,0.0,20.0,True,500,100,100,100,8197.046436923185,5653.878725891113,2543.1677110320725,31.025415442036547,0.0,400.0,400.0,5253.878725891113
0.0,825,0.0,20.0,True,500,100,100,100,8197.046436923185,5653.878725891113,2543.1677110320725,31.025415442036547,0.0,412.5,412.5,5241.378725891113
0.0,850,0.0,20.0,True,500,100,100,100,8197.046436923185,5653.878725891113,2543.1677110320725,31.025415442036547,0.0,425.0,425.0,5228.878725891113
0.0,875,0.0,20.0,True,500,100,100,100,8197.046436923185,5653.878725891113,2543.1677110320725,31.025415442036547,0.0,437.5,437.5,5216.378725891113
0.0,900,0.0,20.0,True,500,100,100,100,8197.046436923185,5653.878725891113,2543.1677110320725,31.025415442036547,0.0,450.0,450.0,5203.878725891113
0.0,925,0.0,20.0,True,500,100,100,100,8197.046436923185,5653.878725891113,2543.1677110320725,31.025415442036547,0.0,462.5,462.5,5191.378725891113
0.0,950,0.0,20.0,True,500,100,100,100,8197.046436923185,5653.878725891113,2543.1677110320725,31.025415442036547,0.0,475.0,475.0,5178.878725891113
0.0,975,0.0,20.0,True,500,100,100,100,8197.046436923185,5653.878725891113,2543.1677110320725,31.025415442036547,0.0,487.5,487.5,5166.378725891113
0.0,1000,0.0,20.0,True,500,100,100,100,8197.046436923185,5653.878725891113,2543.1677110320725,31.025415442036547,0.0,500.0,500.0,5153.878725891113
0.0,1025,0.0,20.0,True,500,100,100,100,8197.046436923185,5653.878725891113,2543.1677110320725,31.025415442036547,0.0,512.5,512.5,5141.378725891113
0.0,1050,0.0,20.0,True,500,100,100,100,8197.046436923185,5653.878725891113,2543.1677110320725,31.025415442036547,0.0,525.0,525.0,5128.878725891113
0.0,1075,0.0,20.0,True,500,100,100,100,8197.046436923185,5653.878725891113,2543.1677110320725,31.025415442036547,0.0,537.5,537.5,5116.378725891113
0.0,1100,0.0,20.0,True,500,100,100,100,8197.046436923185,5653.878725891113,2543.1677110320725,31.025415442036547,0.0,550.0,550.0,5103.878725891113
0.0,1125,0.0,20.0,True,500,100,100,100,8197.046436923185,5653.878725891113,2543.1677110320725,31.025415442036547,0.0,562.5,562.5,5091.378725891113
0.0,1150,0.0,20.0,True,500,100,100,100,8197.046436923185,5653.878725891113,2543.1677110320725,31.025415442036547,0.0,575.0,575.0,5078.878725891113
0.0,1175,0.0,20.0,True,500,100,100,100,8197.046436923185,5653.878725891113,2543.1677110320725,31.025415442036547,0.0,587.5,587.5,5066.378725891113
0.0,1200,0.0,20.0,True,500,100,100,100,8197.046436923185,5653.878725891113,2543.1677110320725,31.025415442036547,0.0,600.0,600.0,5053.878725891113
0.0,1225,0.0,20.0,True,500,100,100,100,8197.046436923185,5653.878725891113,2543.1677110320725,31.025415442036547,0.0,612.5,612.5,5041.378725891113
0.0,1250,0.0,20.0,True,500,100,100,100,8197.046436923185,5653.878725891113,2543.1677110320725,31.025415442036547,0.0,625.0,625.0,5028.878725891113
0.0,1275,0.0,20.0,True,500,100,100,100,8197.046436923185,5653.878725891113,2543.1677110320725,31.025415442036547,0.0,637.5,637.5,5016.378725891113
0.0,1300,0.0,20.0,True,500,100,100,100,8197.046436923185,5653.878725891113,2543.1677110320725,31.025415442036547,0.0,650.0,650.0,5003.878725891113
0.0,1325,0.0,20.0,True,500,100,100,100,8197.046436923185,5653.878725891113,2543.1677110320725,31.025415442036547,0.0,662.5,662.5,4991.378725891113
0.0,1350,0.0,20.0,True,500,100,100,100,8197.046436923185,5653.878725891113,2543.1677110320725,31.025415442036547,0.0,675.0,675.0,4978.878725891113
0.0,1375,0.0,20.0,True,500,100,100,100,8197.046436923185,5653.878725891113,2543.1677110320725,31.025415442036547,0.0,687.5,687.5,4966.378725891113
0.0,1400,0.0,20.0,True,500,100,100,100,8197.046436923185,5653.878725891113,2543.1677110320725,31.025415442036547,0.0,700.0,700.0,4953.878725891113
0.0,1425,0.0,20.0,True,500,100,100,100,8197.046436923185,5653.878725891113,2543.1677110320725,31.025415442036547,0.0,712.5,712.5,4941.378725891113
0.0,1450,0.0,20.0,True,500,100,100,100,8197.046436923185,5653.878725891113,2543.1677110320725,31.025415442036547,0.0,725.0,725.0,4928.878725891113
0.0,1475,0.0,20.0,True,500,100,100,100,8197.046436923185,5653.878725891113,2543.1677110320725,31.025415442036547,0.0,737.5,737.5,4916.378725891113
0.0,1500,0.0,20.0,True,500,100,100,100,8197.046436923185,5653.878725891113,2543.1677110320725,31.025415442036547,0.0,750.0,750.0,4903.878725891113
0.0,1525,0.0,20.0,True,500,100,100,100,8197.046436923185,5653.878725891113,2543.1677110320725,31.025415442036547,0.0,762.5,762.5,4891.378725891113
0.0,1550,0.0,20.0,True,500,100,100,100,8197.046436923185,5653.878725891113,2543.1677110320725,31.025415442036547,0.0,775.0,775.0,4878.878725891113
0.0,1575,0.0,20.0,True,500,100,100,100,8197.046436923185,5653.878725891113,2543.1677110320725,31.025415442036547,0.0,787.5,787.5,4866.378725891113
0.0,1600,0.0,20.0,True,500,100,100,100,8197.046436923185,5653.878725891113,2543.1677110320725,31.025415442036547,0.0,800.0,800.0,4853.878725891113
0.0,1625,0.0,20.0,True,500,100,100,100,8197.046436923185,5653.878725891113,2543.1677110320725,31.025415442036547,0.0,812.5,812.5,4841.378725891113
0.0,1650,0.0,20.0,True,500,100,100,100,8197.046436923185,5653.878725891113,2543.1677110320725,31.025415442036547,0.0,825.0,825.0,4828.878725891113
0.0,1675,0.0,20.0,True,500,100,100,100,8197.046436923185,5653.878725891113,2543.1677110320725,31.025415442036547,0.0,837.5,837.5,4816.378725891113
0.0,1700,0.0,20.0,True,500,100,100,100,8197.046436923185,5653.878725891113,2543.1677110320725,31.025415442036547,0.0,850.0,850.0,4803.878725891113
0.0,1725,0.0,20.0,True,500,100,100,100,8197.046436923185,5653.878725891113,2543.1677110320725,31.025415442036547,0.0,862.5,862.5,4791.378725891113
0.0,1750,0.0,20.0,True,500,100,100,100,8197.046436923185,5653.878725891113,2543.1677110320725,31.025415442036547,0.0,875.0,875.0,4778.878725891113
0.0,1775,0.0,20.0,True,500,100,100,100,8197.046436923185,5653.878725891113,2543.1677110320725,31.025415442036547,0.0,887.5,887.5,4766.378725891113
0.0,1800,0.0,20.0,True,500,100,100,100,8197.046436923185,5653.878725891113,2543.1677110320725,31.025415442036547,0.0,900.0,900.0,4753.878725891113
0.0,1825,0.0,20.0,True,500,100,100,100,8197.046436923185,5653.878725891113,2543.1677110320725,31.025415442036547,0.0,912.5,912.5,4741.378725891113
0.0,1850,0.0,20.0,True,500,100,100,100,8197.046436923185,5653.878725891113,2543.1677110320725,31.025415442036547,0.0,925.0,925.0,4728.878725891113
0.0,1875,0.0,20.0,True,500,100,100,100,8197.046436923185,5653.878725891113,2543.1677110320725,31.025415442036547,0.0,937.5,937.5,4716.378725891113
0.0,1900,0.0,20.0,True,500,100,100,100,8197.046436923185,5653.878725891113,2543.1677110320725,31.025415442036547,0.0,950.0,950.0,4703.878725891113
0.0,1925,0.0,20.0,True,500,100,100,100,8197.046436923185,5653.878725891113,2543.1677110320725,31.025415442036547,0.0,962.5,962.5,4691.378725891113
0.0,1950,0.0,20.0,True,500,100,100,100,8197.046436923185,5653.878725891113,2543.1677110320725,31.025415442036547,0.0,975.0,975.0,4678.878725891113
0.0,1975,0.0,20.0,True,500,100,100,100,8197.046436923185,5653.878725891113,2543.1677110320725,31.025415442036547,0.0,987.5,987.5,4666.378725891113
0.0,2000,0.0,20.0,True,500,100,100,100,8197.046436923185,5653.878725891113,2543.1677110320725,31.025415442036547,0.0,1000.0,1000.0,4653.878725891113
0.05,0,0.0,20.0,True,500,100,100,100,8197.046436923185,5653.878725891113,2543.1677110320725,31.025415442036547,2.5000000000000004,0.0,2.5000000000000004,5651.378725891113
0.05,25,1.25,18.75,True,500,100,100,100,8197.046436923185,5653.878725891113,2543.1677110320725,31.025415442036547,2.5000000000000004,12.5,15.0,5638.878725891113
0.05,50,2.5,17.5,True,500,100,100,100,8197.046436923185,5653.878725891113,2543.1677110320725,31.025415442036547,2.5000000000000004,25.0,27.5,5626.378725891113
0.05,75,3.75,16.25,True,500,100,100,100,8197.046436923185,5653.878725891113,2543.1677110320725,31.025415442036547,2.5000000000000004,37.5,40.0,5613.878725891113
0.05,100,5.0,15.0,True,500,100,100,100,8197.046436923185,5653.878725891113,2543.1677110320725,31.025415442036547,2.5000000000000004,50.0,52.5,5601.378725891113
0.05,125,6.25,13.75,True,500,100,100,100,8197.046436923185,5653.878725891113,2543.1677110320725,31.025415442036547,2.5000000000000004,62.5,65.0,5588.878725891113
0.05,150,7.5,12.5,True,500,100,100,100,8197.046436923185,5653.878725891113,2543.1677110320725,31.025415442036547,2.5000000000000004,75.0,77.5,5576.378725891113
0.05,175,8.75,11.25,True,500,100,100,100,8197.046436923185,5653.878725891113,2543.1677110320725,31.025415442036547,2.5000000000000004,87.5,90.0,5563.878725891113
0.05,200,10.0,10.0,True,500,100,100,100,8197.046436923185,5653.878725891113,2543.1677110320725,31.025415442036547,2.5000000000000004,100.0,102.5,5551.378725891113
0.05,225,11.25,8.75,True,500,100,100,100,8197.046436923185,5653.878725891113,2543.1677110320725,31.025415442036547,2.5000000000000004,112.5,115.0,5538.878725891113
0.05,250,12.5,7.5,True,500,100,100,100,8197.046436923185,5653.878725891113,2543.1677110320725,31.025415442036547,2.5000000000000004,125.0,127.5,5526.378725891113
0.05,275,13.75,6.25,True,500,100,100,100,8197.046436923185,5653.878725891113,2543.1677110320725,31.025415442036547,2.5000000000000004,137.5,140.0,5513.878725891113
0.05,300,15.0,5.0,True,500,100,100,100,8197.046436923185,5653.878725891113,2543.1677110320725,31.025415442036547,2.5000000000000004,150.0,152.5,5501.378725891113
0.05,325,16.25,3.75,True,500,100,100,100,8197.046436923185,5653.878725891113,2543.1677110320725,31.025415442036547,2.5000000000000004,162.5,165.0,5488.878725891113
0.05,350,17.5,2.5,True,500,100,100,100,8197.046436923185,5653.878725891113,2543.1677110320725,31.025415442036547,2.5000000000000004,175.0,177.5,5476.378725891113
0.05,375,18.75,1.25,True,500,100,100,100,8197.046436923185,5653.878725891113,2543.1677110320725,31.025415442036547,2.5000000000000004,187.5,190.0,5463.878725891113
0.05,400,20.0,0.0,False,500,100,0,0,8197.046436923185,8197.046436923185,0.0,0.0,2.5000000000000004,200.0,202.5,7994.546436923185
0.05,425,21.25,-1.25,False,500,100,0,0,8197.046436923185,8197.046436923185,0.0,0.0,2.5000000000000004,212.5,215.0,7982.046436923185
0.05,450,22.5,-2.5,False,500,100,0,0,8197.046436923185,8197.046436923185,0.0,0.0,2.5000000000000004,225.0,227.5,7969.546436923185
0.05,475,23.75,-3.75,False,500,100,0,0,8197.046436923185,8197.046436923185,0.0,0.0,2.5000000000000004,237.5,240.0,7957.046436923185
0.05,500,25.0,-5.0,False,500,100,0,0,8197.046436923185,8197.046436923185,0.0,0.0,2.5000000000000004,250.0,252.5,7944.546436923185
0.05,525,26.25,-6.25,False,500,100,0,0,8197.046436923185,8197.046436923185,0.0,0.0,2.5000000000000004,262.5,265.0,7932.046436923185
0.05,550,27.5,-7.5,False,500,100,0,0,8197.046436923185,8197.046436923185,0.0,0.0,2.5000000000000004,275.0,277.5,7919.546436923185
0.05,575,28.75,-8.75,False,500,100,0,0,8197.046436923185,8197.046436923185,0.0,0.0,2.5000000000000004,287.5,290.0,7907.046436923185
0.05,600,30.0,-10.0,False,500,100,0,0,8197.046436923185,8197.046436923185,0.0,0.0,2.5000000000000004,300.0,302.5,7894.546436923185
0.05,625,31.25,-11.25,False,500,100,0,0,8197.046436923185,8197.046436923185,0.0,0.0,2.5000000000000004,312.5,315.0,7882.046436923185
0.05,650,32.5,-12.5,False,500,100,0,0,8197.046436923185,8197.046436923185,0.0,0.0,2.5000000000000004,325.0,327.5,7869.546436923185
0.05,675,33.75,-13.75,False,500,100,0,0,8197.046436923185,8197.046436923185,0.0,0.0,2.5000000000000004,337.5,340.0,7857.046436923185
0.05,700,35.0,-15.0,False,500,100,0,0,8197.046436923185,8197.046436923185,0.0,0.0,2.5000000000000004,350.0,352.5,7844.546436923185
0.05,725,36.25,-16.25,False,500,100,0,0,8197.046436923185,8197.046436923185,0.0,0.0,2.5000000000000004,362.5,365.0,7832.046436923185
0.05,750,37.5,-17.5,False,500,100,0,0,8197.046436923185,8197.046436923185,0.0,0.0,2.5000000000000004,375.0,377.5,7819.546436923185
0.05,775,38.75,-18.75,False,500,100,0,0,8197.046436923185,8197.046436923185,0.0,0.0,2.5000000000000004,387.5,390.0,7807.046436923185
0.05,800,40.0,-20.0,False,500,100,0,0,8197.046436923185,8197.046436923185,0.0,0.0,2.5000000000000004,400.0,402.5,7794.546436923185
0.05,825,41.25,-21.25,False,500,100,0,0,8197.046436923185,8197.046436923185,0.0,0.0,2.5000000000000004,412.5,415.0,7782.046436923185
0.05,850,42.5,-22.5,False,500,100,0,0,8197.046436923185,8197.046436923185,0.0,0.0,2.5000000000000004,425.0,427.5,7769.546436923185
0.05,875,43.75,-23.75,False,500,100,0,0,8197.046436923185,8197.046436923185,0.0,0.0,2.5000000000000004,437.5,440.0,7757.046436923185
0.05,900,45.0,-25.0,False,500,100,0,0,8197.046436923185,8197.046436923185,0.0,0.0,2.5000000000000004,450.0,452.5,7744.546436923185
0.05,925,46.25,-26.25,False,500,100,0,0,8197.046436923185,8197.046436923185,0.0,0.0,2.5000000000000004,462.5,465.0,7732.046436923185
0.05,950,47.5,-27.5,False,500,100,0,0,8197.046436923185,8197.046436923185,0.0,0.0,2.5000000000000004,475.0,477.5,7719.546436923185
0.05,975,48.75,-28.75,False,500,100,0,0,8197.046436923185,8197.046436923185,0.0,0.0,2.5000000000000004,487.5,490.0,7707.046436923185
0.05,1000,50.0,-30.0,False,500,100,0,0,8197.046436923185,8197.046436923185,0.0,0.0,2.5000000000000004,500.0,502.5,7694.546436923185
0.05,1025,51.25,-31.25,False,500,100,0,0,8197.046436923185,8197.046436923185,0.0,0.0,2.5000000000000004,512.5,515.0,7682.046436923185
0.05,1050,52.5,-32.5,False,500,100,0,0,8197.046436923185,8197.046436923185,0.0,0.0,2.5000000000000004,525.0,527.5,7669.546436923185
0.05,1075,53.75,-33.75,False,500,100,0,0,8197.046436923185,8197.046436923185,0.0,0.0,2.5000000000000004,537.5,540.0,7657.046436923185
0.05,1100,55.0,-35.0,False,500,100,0,0,8197.046436923185,8197.046436923185,0.0,0.0,2.5000000000000004,550.0,552.5,7644.546436923185
0.05,1125,56.25,-36.25,False,500,100,0,0,8197.046436923185,8197.046436923185,0.0,0.0,2.5000000000000004,562.5,565.0,7632.046436923185
0.05,1150,57.5,-37.5,False,500,100,0,0,8197.046436923185,8197.046436923185,0.0,0.0,2.5000000000000004,575.0,577.5,7619.546436923185
0.05,1175,58.75,-38.75,False,500,100,0,0,8197.046436923185,8197.046436923185,0.0,0.0,2.5000000000000004,587.5,590.0,7607.046436923185
0.05,1200,60.0,-40.0,False,500,100,0,0,8197.046436923185,8197.046436923185,0.0,0.0,2.5000000000000004,600.0,602.5,7594.546436923185
0.05,1225,61.25,-41.25,False,500,100,0,0,8197.046436923185,8197.046436923185,0.0,0.0,2.5000000000000004,612.5,615.0,7582.046436923185
0.05,1250,62.5,-42.5,False,500,100,0,0,8197.046436923185,8197.046436923185,0.0,0.0,2.5000000000000004,625.0,627.5,7569.546436923185
0.05,1275,63.75,-43.75,False,500,100,0,0,8197.046436923185,8197.046436923185,0.0,0.0,2.5000000000000004,637.5,640.0,7557.046436923185
0.05,1300,65.0,-45.0,False,500,100,0,0,8197.046436923185,8197.046436923185,0.0,0.0,2.5000000000000004,650.0,652.5,7544.546436923185
0.05,1325,66.25,-46.25,False,500,100,0,0,8197.046436923185,8197.046436923185,0.0,0.0,2.5000000000000004,662.5,665.0,7532.046436923185
0.05,1350,67.5,-47.5,False,500,100,0,0,8197.046436923185,8197.046436923185,0.0,0.0,2.5000000000000004,675.0,677.5,7519.546436923185
0.05,1375,68.75,-48.75,False,500,100,0,0,8197.046436923185,8197.046436923185,0.0,0.0,2.5000000000000004,687.5,690.0,7507.046436923185
0.05,1400,70.0,-50.0,False,500,100,0,0,8197.046436923185,8197.046436923185,0.0,0.0,2.5000000000000004,700.0,702.5,7494.546436923185
0.05,1425,71.25,-51.25,False,500,100,0,0,8197.046436923185,8197.046436923185,0.0,0.0,2.5000000000000004,712.5,715.0,7482.046436923185
0.05,1450,72.5,-52.5,False,500,100,0,0,8197.046436923185,8197.046436923185,0.0,0.0,2.5000000000000004,725.0,727.5,7469.546436923185
0.05,1475,73.75,-53.75,False,500,100,0,0,8197.046436923185,8197.046436923185,0.0,0.0,2.5000000000000004,737.5,740.0,7457.046436923185
0.05,1500,75.0,-55.0,False,500,100,0,0,8197.046436923185,8197.046436923185,0.0,0.0,2.5000000000000004,750.0,752.5,7444.546436923185
0.05,1525,76.25,-56.25,False,500,100,0,0,8197.046436923185,8197.046436923185,0.0,0.0,2.5000000000000004,762.5,765.0,7432.046436923185
0.05,1550,77.5,-57.5,False,500,100,0,0,8197.046436923185,8197.046436923185,0.0,0.0,2.5000000000000004,775.0,777.5,7419.546436923185
0.05,1575,78.75,-58.75,False,500,100,0,0,8197.046436923185,8197.046436923185,0.0,0.0,2.5000000000000004,787.5,790.0,7407.046436923185
0.05,1600,80.0,-60.0,False,500,100,0,0,8197.046436923185,8197.046436923185,0.0,0.0,2.5000000000000004,800.0,802.5,7394.546436923185
0.05,1625,81.25,-61.25,False,500,100,0,0,8197.046436923185,8197.046436923185,0.0,0.0,2.5000000000000004,812.5,815.0,7382.046436923185
0.05,1650,82.5,-62.5,False,500,100,0,0,8197.046436923185,8197.046436923185,0.0,0.0,2.5000000000000004,825.0,827.5,7369.546436923185
0.05,1675,83.75,-63.75,False,500,100,0,0,8197.046436923185,8197.046436923185,0.0,0.0,2.5000000000000004,837.5,840.0,7357.046436923185
0.05,1700,85.0,-65.0,False,500,100,0,0,8197.046436923185,8197.046436923185,0.0,0.0,2.5000000000000004,850.0,852.5,7344.546436923185
0.05,1725,86.25,-66.25,False,500,100,0,0,8197.046436923185,8197.046436923185,0.0,0.0,2.5000000000000004,862.5,865.0,7332.046436923185
0.05,1750,87.5,-67.5,False,500,100,0,0,8197.046436923185,8197.046436923185,0.0,0.0,2.5000000000000004,875.0,877.5,7319.546436923185
0.05,1775,88.75,-68.75,False,500,100,0,0,8197.046436923185,8197.046436923185,0.0,0.0,2.5000000000000004,887.5,890.0,7307.046436923185
0.05,1800,90.0,-70.0,False,500,100,0,0,8197.046436923185,8197.046436923185,0.0,0.0,2.5000000000000004,900.0,902.5,7294.546436923185
0.05,1825,91.25,-71.25,False,500,100,0,0,8197.046436923185,8197.046436923185,0.0,0.0,2.5000000000000004,912.5,915.0,7282.046436923185
0.05,1850,92.5,-72.5,False,500,100,0,0,8197.046436923185,8197.046436923185,0.0,0.0,2.5000000000000004,925.0,927.5,7269.546436923185
0.05,1875,93.75,-73.75,False,500,100,0,0,8197.046436923185,8197.046436923185,0.0,0.0,2.5000000000000004,937.5,940.0,7257.046436923185
0.05,1900,95.0,-75.0,False,500,100,0,0,8197.046436923185,8197.046436923185,0.0,0.0,2.5000000000000004,950.0,952.5,7244.546436923185
0.05,1925,96.25,-76.25,False,500,100,0,0,8197.046436923185,8197.046436923185,0.0,0.0,2.5000000000000004,962.5,965.0,7232.046436923185
0.05,1950,97.5,-77.5,False,500,100,0,0,8197.046436923185,8197.046436923185,0.0,0.0,2.5000000000000004,975.0,977.5,7219.546436923185
0.05,1975,98.75,-78.75,False,500,100,0,0,8197.046436923185,8197.046436923185,0.0,0.0,2.5000000000000004,987.5,990.0,7207.046436923185
0.05,2000,100.0,-80.0,False,500,100,0,0,8197.046436923185,8197.046436923185,0.0,0.0,2.5000000000000004,1000.0,1002.5,7194.546436923185
0.1,0,0.0,20.0,True,500,100,100,100,8197.046436923185,5653.878725891113,2543.1677110320725,31.025415442036547,10.000000000000002,0.0,10.000000000000002,5643.878725891113
0.1,25,2.5,17.5,True,500,100,100,100,8197.046436923185,5653.878725891113,2543.1677110320725,31.025415442036547,10.000000000000002,12.5,22.5,5631.378725891113
0.1,50,5.0,15.0,True,500,100,100,100,8197.046436923185,5653.878725891113,2543.1677110320725,31.025415442036547,10.000000000000002,25.0,35.0,5618.878725891113
0.1,75,7.5,12.5,True,500,100,100,100,8197.046436923185,5653.878725891113,2543.1677110320725,31.025415442036547,10.000000000000002,37.5,47.5,5606.378725891113
0.1,100,10.0,10.0,True,500,100,100,100,8197.046436923185,5653.878725891113,2543.1677110320725,31.025415442036547,10.000000000000002,50.0,60.0,5593.878725891113
0.1,125,12.5,7.5,True,500,100,100,100,8197.046436923185,5653.878725891113,2543.1677110320725,31.025415442036547,10.000000000000002,62.5,72.5,5581.378725891113
0.1,150,15.0,5.0,True,500,100,100,100,8197.046436923185,5653.878725891113,2543.1677110320725,31.025415442036547,10.000000000000002,75.0,85.0,5568.878725891113
0.1,175,17.5,2.5,True,500,100,100,100,8197.046436923185,5653.878725891113,2543.1677110320725,31.025415442036547,10.000000000000002,87.5,97.5,5556.378725891113
0.1,200,20.0,0.0,False,500,100,0,0,8197.046436923185,8197.046436923185,0.0,0.0,10.000000000000002,100.0,110.0,8087.046436923185
0.1,225,22.5,-2.5,False,500,100,0,0,8197.046436923185,8197.046436923185,0.0,0.0,10.000000000000002,112.5,122.5,8074.546436923185
0.1,250,25.0,-5.0,False,500,100,0,0,8197.046436923185,8197.046436923185,0.0,0.0,10.000000000000002,125.0,135.0,8062.046436923185
0.1,275,27.5,-7.5,False,500,100,0,0,8197.046436923185,8197.046436923185,0.0,0.0,10.000000000000002,137.5,147.5,8049.546436923185
0.1,300,30.0,-10.0,False,500,100,0,0,8197.046436923185,8197.046436923185,0.0,0.0,10.000000000000002,150.0,160.0,8037.046436923185
0.1,325,32.5,-12.5,False,500,100,0,0,8197.046436923185,8197.046436923185,0.0,0.0,10.000000000000002,162.5,172.5,8024.546436923185
0.1,350,35.0,-15.0,False,500,100,0,0,8197.046436923185,8197.046436923185,0.0,0.0,10.000000000000002,175.0,185.0,8012.046436923185
0.1,375,37.5,-17.5,False,500,100,0,0,8197.046436923185,8197.046436923185,0.0,0.0,10.000000000000002,187.5,197.5,7999.546436923185
0.1,400,40.0,-20.0,False,500,100,0,0,8197.046436923185,8197.046436923185,0.0,0.0,10.000000000000002,200.0,210.0,7987.046436923185
0.1,425,42.5,-22.5,False,500,100,0,0,8197.046436923185,8197.046436923185,0.0,0.0,10.000000000000002,212.5,222.5,7974.546436923185
0.1,450,45.0,-25.0,False,500,100,0,0,8197.046436923185,8197.046436923185,0.0,0.0,10.000000000000002,225.0,235.0,7962.046436923185
0.1,475,47.5,-27.5,False,500,100,0,0,8197.046436923185,8197.046436923185,0.0,0.0,10.000000000000002,237.5,247.5,7949.546436923185
0.1,500,50.0,-30.0,False,500,100,0,0,8197.046436923185,8197.046436923185,0.0,0.0,10.000000000000002,250.0,260.0,7937.046436923185
0.1,525,52.5,-32.5,False,500,100,0,0,8197.046436923185,8197.046436923185,0.0,0.0,10.000000000000002,262.5,272.5,7924.546436923185
0.1,550,55.0,-35.0,False,500,100,0,0,8197.046436923185,8197.046436923185,0.0,0.0,10.000000000000002,275.0,285.0,7912.046436923185
0.1,575,57.5,-37.5,False,500,100,0,0,8197.046436923185,8197.046436923185,0.0,0.0,10.000000000000002,287.5,297.5,7899.546436923185
0.1,600,60.0,-40.0,False,500,100,0,0,8197.046436923185,8197.046436923185,0.0,0.0,10.000000000000002,300.0,310.0,7887.046436923185
0.1,625,62.5,-42.5,False,500,100,0,0,8197.046436923185,8197.046436923185,0.0,0.0,10.000000000000002,312.5,322.5,7874.546436923185
0.1,650,65.0,-45.0,False,500,100,0,0,8197.046436923185,8197.046436923185,0.0,0.0,10.000000000000002,325.0,335.0,7862.046436923185
0.1,675,67.5,-47.5,False,500,100,0,0,8197.046436923185,8197.046436923185,0.0,0.0,10.000000000000002,337.5,347.5,7849.546436923185
0.1,700,70.0,-50.0,False,500,100,0,0,8197.046436923185,8197.046436923185,0.0,0.0,10.000000000000002,350.0,360.0,7837.046436923185
0.1,725,72.5,-52.5,False,500,100,0,0,8197.046436923185,8197.046436923185,0.0,0.0,10.000000000000002,362.5,372.5,7824.546436923185
0.1,750,75.0,-55.0,False,500,100,0,0,8197.046436923185,8197.046436923185,0.0,0.0,10.000000000000002,375.0,385.0,7812.046436923185
0.1,775,77.5,-57.5,False,500,100,0,0,8197.046436923185,8197.046436923185,0.0,0.0,10.000000000000002,387.5,397.5,7799.546436923185
0.1,800,80.0,-60.0,False,500,100,0,0,8197.046436923185,8197.046436923185,0.0,0.0,10.000000000000002,400.0,410.0,7787.046436923185
0.1,825,82.5,-62.5,False,500,100,0,0,8197.046436923185,8197.046436923185,0.0,0.0,10.000000000000002,412.5,422.5,7774.546436923185
0.1,850,85.0,-65.0,False,500,100,0,0,8197.046436923185,8197.046436923185,0.0,0.0,10.000000000000002,425.0,435.0,7762.046436923185
0.1,875,87.5,-67.5,False,500,100,0,0,8197.046436923185,8197.046436923185,0.0,0.0,10.000000000000002,437.5,447.5,7749.546436923185
0.1,900,90.0,-70.0,False,500,100,0,0,8197.046436923185,8197.046436923185,0.0,0.0,10.000000000000002,450.0,460.0,7737.046436923185
0.1,925,92.5,-72.5,False,500,100,0,0,8197.046436923185,8197.046436923185,0.0,0.0,10.000000000000002,462.5,472.5,7724.546436923185
0.1,950,95.0,-75.0,False,500,100,0,0,8197.046436923185,8197.046436923185,0.0,0.0,10.000000000000002,475.0,485.0,7712.046436923185
0.1,975,97.5,-77.5,False,500,100,0,0,8197.046436923185,8197.046436923185,0.0,0.0,10.000000000000002,487.5,497.5,7699.546436923185
0.1,1000,100.0,-80.0,False,500,100,0,0,8197.046436923185,8197.046436923185,0.0,0.0,10.000000000000002,500.0,510.0,7687.046436923185
0.1,1025,102.5,-82.5,False,500,100,0,0,8197.046436923185,8197.046436923185,0.0,0.0,10.000000000000002,512.5,522.5,7674.546436923185
0.1,1050,105.0,-85.0,False,500,100,0,0,8197.046436923185,8197.046436923185,0.0,0.0,10.000000000000002,525.0,535.0,7662.046436923185
0.1,1075,107.5,-87.5,False,500,100,0,0,8197.046436923185,8197.046436923185,0.0,0.0,10.000000000000002,537.5,547.5,7649.546436923185
0.1,1100,110.0,-90.0,False,500,100,0,0,8197.046436923185,8197.046436923185,0.0,0.0,10.000000000000002,550.0,560.0,7637.046436923185
0.1,1125,112.5,-92.5,False,477,100,0,0,8197.046436923185,8197.046436923185,0.0,0.0,10.000000000000002,562.5,572.5,7624.546436923185
0.1,1150,115.0,-95.0,False,464,100,0,0,8197.046436923185,8197.046436923185,0.0,0.0,10.000000000000002,575.0,585.0,7612.046436923185
0.1,1175,117.5,-97.5,False,430,100,0,0,8197.046436923185,8197.046436923185,0.0,0.0,10.000000000000002,587.5,597.5,7599.546436923185
0.1,1200,120.0,-100.0,False,406,100,0,0,8197.046436923185,8197.046436923185,0.0,0.0,10.000000000000002,600.0,610.0,7587.046436923185
0.1,1225,122.5,-102.5,False,385,100,0,0,8197.046436923185,8197.046436923185,0.0,0.0,10.000000000000002,612.5,622.5,7574.546436923185
0.1,1250,125.0,-105.0,False,362,100,0,0,8197.046436923185,8197.046436923185,0.0,0.0,10.000000000000002,625.0,635.0,7562.046436923185
0.1,1275,127.5,-107.5,False,341,100,0,0,8197.046436923185,8197.046436923185,0.0,0.0,10.000000000000002,637.5,647.5,7549.546436923185
0.1,1300,130.0,-110.0,False,321,100,0,0,8197.046436923185,8197.046436923185,0.0,0.0,10.000000000000002,650.0,660.0,7537.046436923185
0.1,1325,132.5,-112.5,False,306,100,0,0,8197.046436923185,8197.046436923185,0.0,0.0,10.000000000000002,662.5,672.5,7524.546436923185
0.1,1350,135.0,-115.0,False,291,99,0,0,8197.046436923185,8197.046436923185,0.0,0.0,10.000000000000002,675.0,685.0,7512.046436923185
0.1,1375,137.5,-117.5,False,271,99,0,0,8197.046436923185,8197.046436923185,0.0,0.0,10.000000000000002,687.5,697.5,7499.546436923185
0.1,1400,140.0,-120.0,False,244,97,0,0,8197.046436923185,8197.046436923185,0.0,0.0,10.000000000000002,700.0,710.0,7487.046436923185
0.1,1425,142.5,-122.5,False,230,94,0,0,8197.046436923185,8197.046436923185,0.0,0.0,10.000000000000002,712.5,722.5,7474.546436923185
0.1,1450,145.0,-125.0,False,202,90,0,0,8197.046436923185,8197.046436923185,0.0,0.0,10.000000000000002,725.0,735.0,7462.046436923185
0.1,1475,147.5,-127.5,False,186,90,0,0,8197.046436923185,8197.046436923185,0.0,0.0,10.000000000000002,737.5,747.5,7449.546436923185
0.1,1500,150.0,-130.0,False,160,86,0,0,8197.046436923185,8197.046436923185,0.0,0.0,10.000000000000002,750.0,760.0,7437.046436923185
0.1,1525,152.5,-132.5,False,146,84,0,0,8197.046436923185,8197.046436923185,0.0,0.0,10.000000000000002,762.5,772.5,7424.546436923185
0.1,1550,155.0,-135.0,False,123,79,0,0,8197.046436923185,8197.046436923185,0.0,0.0,10.000000000000002,775.0,785.0,7412.046436923185
0.1,1575,157.5,-137.5,False,93,68,0,0,8197.046436923185,8197.046436923185,0.0,0.0,10.000000000000002,787.5,797.5,7399.546436923185
0.1,1600,160.0,-140.0,False,79,60,0,0,8197.046436923185,8197.046436923185,0.0,0.0,10.000000000000002,800.0,810.0,7387.046436923185
0.1,1625,162.5,-142.5,False,60,49,0,0,8197.046436923185,8197.046436923185,0.0,0.0,10.000000000000002,812.5,822.5,7374.546436923185
0.1,1650,165.0,-145.0,False,40,35,0,0,8197.046436923185,8197.046436923185,0.0,0.0,10.000000000000002,825.0,835.0,7362.046436923185
0.1,1675,167.5,-147.5,False,23,22,0,0,8197.046436923185,8197.046436923185,0.0,0.0,10.000000000000002,837.5,847.5,7349.546436923185
0.1,1700,170.0,-150.0,False,0,0,0,0,8197.046436923185,8197.046436923185,0.0,0.0,10.000000000000002,850.0,860.0,7337.046436923185
0.1,1725,172.5,-152.5,False,0,0,0,0,8197.046436923185,8197.046436923185,0.0,0.0,10.000000000000002,862.5,872.5,7324.546436923185
0.1,1750,175.0,-155.0,False,0,0,0,0,8197.046436923185,8197.046436923185,0.0,0.0,10.000000000000002,875.0,885.0,7312.046436923185
0.1,1775,177.5,-157.5,False,0,0,0,0,8197.046436923185,8197.046436923185,0.0,0.0,10.000000000000002,887.5,897.5,7299.546436923185
0.1,1800,180.0,-160.0,False,0,0,0,0,8197.046436923185,8197.046436923185,0.0,0.0,10.000000000000002,900.0,910.0,7287.046436923185
0.1,1825,182.5,-162.5,False,0,0,0,0,8197.046436923185,8197.046436923185,0.0,0.0,10.000000000000002,912.5,922.5,7274.546436923185
0.1,1850,185.0,-165.0,False,0,0,0,0,8197.046436923185,8197.046436923185,0.0,0.0,10.000000000000002,925.0,935.0,7262.046436923185
0.1,1875,187.5,-167.5,False,0,0,0,0,8197.046436923185,8197.046436923185,0.0,0.0,10.000000000000002,937.5,947.5,7249.546436923185
0.1,1900,190.0,-170.0,False,0,0,0,0,8197.046436923185,8197.046436923185,0.0,0.0,10.000000000000002,950.0,960.0,7237.046436923185
0.1,1925,192.5,-172.5,False,0,0,0,0,8197.046436923185,8197.046436923185,0.0,0.0,10.000000000000002,962.5,972.5,7224.546436923185
0.1,1950,195.0,-175.0,False,0,0,0,0,8197.046436923185,8197.046436923185,0.0,0.0,10.000000000000002,975.0,985.0,7212.046436923185
0.1,1975,197.5,-177.5,False,0,0,0,0,8197.046436923185,8197.046436923185,0.0,0.0,10.000000000000002,987.5,997.5,7199.546436923185
0.1,2000,200.0,-180.0,False,0,0,0,0,8197.046436923185,8197.046436923185,0.0,0.0,10.000000000000002,1000.0,1010.0,7187.046436923185
0.15,0,0.0,20.0,True,500,100,100,100,8197.046436923185,5653.878725891113,2543.1677110320725,31.025415442036547,22.5,0.0,22.5,5631.378725891113
0.15,25,3.75,16.25,True,500,100,100,100,8197.046436923185,5653.878725891113,2543.1677110320725,31.025415442036547,22.5,12.5,35.0,5618.878725891113
0.15,50,7.500000000000001,12.5,True,500,100,100,100,8197.046436923185,5653.878725891113,2543.1677110320725,31.025415442036547,22.5,25.0,47.5,5606.378725891113
0.15,75,11.250000000000002,8.749999999999998,True,500,100,100,100,8197.046436923185,5653.878725891113,2543.1677110320725,31.025415442036547,22.5,37.5,60.0,5593.878725891113
0.15,100,15.000000000000002,4.999999999999998,True,500,100,100,100,8197.046436923185,5653.878725891113,2543.1677110320725,31.025415442036547,22.5,50.0,72.5,5581.378725891113
0.15,125,18.750000000000004,1.2499999999999964,True,500,100,100,100,8197.046436923185,5653.878725891113,2543.1677110320725,31.025415442036547,22.5,62.5,85.0,5568.878725891113
0.15,150,22.500000000000004,-2.5000000000000036,False,500,100,0,0,8197.046436923185,8197.046436923185,0.0,0.0,22.5,75.0,97.5,8099.546436923185
0.15,175,26.250000000000004,-6.2500000000000036,False,500,100,0,0,8197.046436923185,8197.046436923185,0.0,0.0,22.5,87.5,110.0,8087.046436923185
0.15,200,30.000000000000004,-10.000000000000004,False,500,100,0,0,8197.046436923185,8197.046436923185,0.0,0.0,22.5,100.0,122.5,8074.546436923185
0.15,225,33.75000000000001,-13.750000000000009,False,500,100,0,0,8197.046436923185,8197.046436923185,0.0,0.0,22.5,112.5,135.0,8062.046436923185
0.15,250,37.50000000000001,-17.500000000000007,False,500,100,0,0,8197.046436923185,8197.046436923185,0.0,0.0,22.5,125.0,147.5,8049.546436923185
0.15,275,41.25000000000001,-21.250000000000007,False,500,100,0,0,8197.046436923185,8197.046436923185,0.0,0.0,22.5,137.5,160.0,8037.046436923185
0.15,300,45.00000000000001,-25.000000000000007,False,500,100,0,0,8197.046436923185,8197.046436923185,0.0,0.0,22.5,150.0,172.5,8024.546436923185
0.15,325,48.75000000000001,-28.750000000000007,False,500,100,0,0,8197.046436923185,8197.046436923185,0.0,0.0,22.5,162.5,185.0,8012.046436923185
0.15,350,52.50000000000001,-32.50000000000001,False,500,100,0,0,8197.046436923185,8197.046436923185,0.0,0.0,22.5,175.0,197.5,7999.546436923185
0.15,375,56.25000000000001,-36.25000000000001,False,500,100,0,0,8197.046436923185,8197.046436923185,0.0,0.0,22.5,187.5,210.0,7987.046436923185
0.15,400,60.00000000000001,-40.00000000000001,False,500,100,0,0,8197.046436923185,8197.046436923185,0.0,0.0,22.5,200.0,222.5,7974.546436923185
0.15,425,63.75000000000001,-43.75000000000001,False,500,100,0,0,8197.046436923185,8197.046436923185,0.0,0.0,22.5,212.5,235.0,7962.046436923185
0.15,450,67.50000000000001,-47.500000000000014,False,500,100,0,0,8197.046436923185,8197.046436923185,0.0,0.0,22.5,225.0,247.5,7949.546436923185
0.15,475,71.25000000000001,-51.250000000000014,False,500,100,0,0,8197.046436923185,8197.046436923185,0.0,0.0,22.5,237.5,260.0,7937.046436923185
0.15,500,75.00000000000001,-55.000000000000014,False,500,100,0,0,8197.046436923185,8197.046436923185,0.0,0.0,22.5,250.0,272.5,7924.546436923185
0.15,525,78.75000000000001,-58.750000000000014,False,500,100,0,0,8197.046436923185,8197.046436923185,0.0,0.0,22.5,262.5,285.0,7912.046436923185
0.15,550,82.50000000000001,-62.500000000000014,False,500,100,0,0,8197.046436923185,8197.046436923185,0.0,0.0,22.5,275.0,297.5,7899.546436923185
0.15,575,86.25000000000001,-66.25000000000001,False,500,100,0,0,8197.046436923185,8197.046436923185,0.0,0.0,22.5,287.5,310.0,7887.046436923185
0.15,600,90.00000000000001,-70.00000000000001,False,500,100,0,0,8197.046436923185,8197.046436923185,0.0,0.0,22.5,300.0,322.5,7874.546436923185
0.15,625,93.75,-73.75000000000001,False,500,100,0,0,8197.046436923185,8197.046436923185,0.0,0.0,22.5,312.5,335.0,7862.046436923185
0.15,650,97.5,-77.50000000000001,False,500,100,0,0,8197.046436923185,8197.046436923185,0.0,0.0,22.5,325.0,347.5,7849.546436923185
0.15,675,101.25,-81.25000000000001,False,500,100,0,0,8197.046436923185,8197.046436923185,0.0,0.0,22.5,337.5,360.0,7837.046436923185
0.15,700,105.0,-85.00000000000001,False,500,100,0,0,8197.046436923185,8197.046436923185,0.0,0.0,22.5,350.0,372.5,7824.546436923185
0.15,725,108.75,-88.75000000000001,False,500,100,0,0,8197.046436923185,8197.046436923185,0.0,0.0,22.5,362.5,385.0,7812.046436923185
0.15,750,112.5,-92.5,False,477,100,0,0,8197.046436923185,8197.046436923185,0.0,0.0,22.5,375.0,397.5,7799.546436923185
0.15,775,116.25,-96.25,False,449,100,0,0,8197.046436923185,8197.046436923185,0.0,0.0,22.5,387.5,410.0,7787.046436923185
0.15,800,120.0,-100.0,False,406,100,0,0,8197.046436923185,8197.046436923185,0.0,0.0,22.5,400.0,422.5,7774.546436923185
0.15,825,123.75,-103.75,False,374,100,0,0,8197.046436923185,8197.046436923185,0.0,0.0,22.5,412.5,435.0,7762.046436923185
0.15,850,127.5,-107.5,False,341,100,0,0,8197.046436923185,8197.046436923185,0.0,0.0,22.5,425.0,447.5,7749.546436923185
0.15,875,131.25000000000003,-111.25000000000004,False,313,100,0,0,8197.046436923185,8197.046436923185,0.0,0.0,22.5,437.5,460.0,7737.046436923185
0.15,900,135.00000000000003,-115.00000000000004,False,291,99,0,0,8197.046436923185,8197.046436923185,0.0,0.0,22.5,450.0,472.5,7724.546436923185
0.15,925,138.75000000000003,-118.75000000000004,False,254,99,0,0,8197.046436923185,8197.046436923185,0.0,0.0,22.5,462.5,485.0,7712.046436923185
0.15,950,142.50000000000003,-122.50000000000004,False,230,94,0,0,8197.046436923185,8197.046436923185,0.0,0.0,22.5,475.0,497.5,7699.546436923185
0.15,975,146.25000000000003,-126.25000000000004,False,196,90,0,0,8197.046436923185,8197.046436923185,0.0,0.0,22.5,487.5,510.0,7687.046436923185
0.15,1000,150.00000000000003,-130.00000000000003,False,160,86,0,0,8197.046436923185,8197.046436923185,0.0,0.0,22.5,500.0,522.5,7674.546436923185
0.15,1025,153.75000000000003,-133.75000000000003,False,139,82,0,0,8197.046436923185,8197.046436923185,0.0,0.0,22.5,512.5,535.0,7662.046436923185
0.15,1050,157.50000000000003,-137.50000000000003,False,93,68,0,0,8197.046436923185,8197.046436923185,0.0,0.0,22.5,525.0,547.5,7649.546436923185
0.15,1075,161.25000000000003,-141.25000000000003,False,72,57,0,0,8197.046436923185,8197.046436923185,0.0,0.0,22.5,537.5,560.0,7637.046436923185
0.15,1100,165.00000000000003,-145.00000000000003,False,40,35,0,0,8197.046436923185,8197.046436923185,0.0,0.0,22.5,550.0,572.5,7624.546436923185
0.15,1125,168.75000000000003,-148.75000000000003,False,15,15,0,0,8197.046436923185,8197.046436923185,0.0,0.0,22.5,562.5,585.0,7612.046436923185
0.15,1150,172.50000000000003,-152.50000000000003,False,0,0,0,0,8197.046436923185,8197.046436923185,0.0,0.0,22.5,575.0,597.5,7599.546436923185
0.15,1175,176.25000000000003,-156.25000000000003,False,0,0,0,0,8197.046436923185,8197.046436923185,0.0,0.0,22.5,587.5,610.0,7587.046436923185
0.15,1200,180.00000000000003,-160.00000000000003,False,0,0,0,0,8197.046436923185,8197.046436923185,0.0,0.0,22.5,600.0,622.5,7574.546436923185
0.15,1225,183.75000000000003,-163.75000000000003,False,0,0,0,0,8197.046436923185,8197.046436923185,0.0,0.0,22.5,612.5,635.0,7562.046436923185
0.15,1250,187.50000000000003,-167.50000000000003,False,0,0,0,0,8197.046436923185,8197.046436923185,0.0,0.0,22.5,625.0,647.5,7549.546436923185
0.15,1275,191.25000000000003,-171.25000000000003,False,0,0,0,0,8197.046436923185,8197.046436923185,0.0,0.0,22.5,637.5,660.0,7537.046436923185
0.15,1300,195.00000000000003,-175.00000000000003,False,0,0,0,0,8197.046436923185,8197.046436923185,0.0,0.0,22.5,650.0,672.5,7524.546436923185
0.15,1325,198.75000000000003,-178.75000000000003,False,0,0,0,0,8197.046436923185,8197.046436923185,0.0,0.0,22.5,662.5,685.0,7512.046436923185
0.15,1350,202.50000000000003,-182.50000000000003,False,0,0,0,0,8197.046436923185,8197.046436923185,0.0,0.0,22.5,675.0,697.5,7499.546436923185
0.15,1375,206.25000000000003,-186.25000000000003,False,0,0,0,0,8197.046436923185,8197.046436923185,0.0,0.0,22.5,687.5,710.0,7487.046436923185
0.15,1400,210.00000000000003,-190.00000000000003,False,0,0,0,0,8197.046436923185,8197.046436923185,0.0,0.0,22.5,700.0,722.5,7474.546436923185
0.15,1425,213.75000000000003,-193.75000000000003,False,0,0,0,0,8197.046436923185,8197.046436923185,0.0,0.0,22.5,712.5,735.0,7462.046436923185
0.15,1450,217.50000000000003,-197.50000000000003,False,0,0,0,0,8197.046436923185,8197.046436923185,0.0,0.0,22.5,725.0,747.5,7449.546436923185
0.15,1475,221.25000000000003,-201.25000000000003,False,0,0,0,0,8197.046436923185,8197.046436923185,0.0,0.0,22.5,737.5,760.0,7437.046436923185
0.15,1500,225.00000000000003,-205.00000000000003,False,0,0,0,0,8197.046436923185,8197.046436923185,0.0,0.0,22.5,750.0,772.5,7424.546436923185
0.15,1525,228.75000000000003,-208.75000000000003,False,0,0,0,0,8197.046436923185,8197.046436923185,0.0,0.0,22.5,762.5,785.0,7412.046436923185
0.15,1550,232.50000000000003,-212.50000000000003,False,0,0,0,0,8197.046436923185,8197.046436923185,0.0,0.0,22.5,775.0,797.5,7399.546436923185
0.15,1575,236.25000000000003,-216.25000000000003,False,0,0,0,0,8197.046436923185,8197.046436923185,0.0,0.0,22.5,787.5,810.0,7387.046436923185
0.15,1600,240.00000000000003,-220.00000000000003,False,0,0,0,0,8197.046436923185,8197.046436923185,0.0,0.0,22.5,800.0,822.5,7374.546436923185
0.15,1625,243.75000000000003,-223.75000000000003,False,0,0,0,0,8197.046436923185,8197.046436923185,0.0,0.0,22.5,812.5,835.0,7362.046436923185
0.15,1650,247.50000000000003,-227.50000000000003,False,0,0,0,0,8197.046436923185,8197.046436923185,0.0,0.0,22.5,825.0,847.5,7349.546436923185
0.15,1675,251.25000000000003,-231.25000000000003,False,0,0,0,0,8197.046436923185,8197.046436923185,0.0,0.0,22.5,837.5,860.0,7337.046436923185
0.15,1700,255.00000000000003,-235.00000000000003,False,0,0,0,0,8197.046436923185,8197.046436923185,0.0,0.0,22.5,850.0,872.5,7324.546436923185
0.15,1725,258.75000000000006,-238.75000000000009,False,0,0,0,0,8197.046436923185,8197.046436923185,0.0,0.0,22.5,862.5,885.0,7312.046436923185
0.15,1750,262.50000000000006,-242.50000000000009,False,0,0,0,0,8197.046436923185,8197.046436923185,0.0,0.0,22.5,875.0,897.5,7299.546436923185
0.15,1775,266.25000000000006,-246.25000000000009,False,0,0,0,0,8197.046436923185,8197.046436923185,0.0,0.0,22.5,887.5,910.0,7287.046436923185
0.15,1800,270.00000000000006,-250.00000000000009,False,0,0,0,0,8197.046436923185,8197.046436923185,0.0,0.0,22.5,900.0,922.5,7274.546436923185
0.15,1825,273.75000000000006,-253.75000000000009,False,0,0,0,0,8197.046436923185,8197.046436923185,0.0,0.0,22.5,912.5,935.0,7262.046436923185
0.15,1850,277.50000000000006,-257.50000000000006,False,0,0,0,0,8197.046436923185,8197.046436923185,0.0,0.0,22.5,925.0,947.5,7249.546436923185
0.15,1875,281.25000000000006,-261.25000000000006,False,0,0,0,0,8197.046436923185,8197.046436923185,0.0,0.0,22.5,937.5,960.0,7237.046436923185
0.15,1900,285.00000000000006,-265.00000000000006,False,0,0,0,0,8197.046436923185,8197.046436923185,0.0,0.0,22.5,950.0,972.5,7224.546436923185
0.15,1925,288.75000000000006,-268.75000000000006,False,0,0,0,0,8197.046436923185,8197.046436923185,0.0,0.0,22.5,962.5,985.0,7212.046436923185
0.15,1950,292.50000000000006,-272.50000000000006,False,0,0,0,0,8197.046436923185,8197.046436923185,0.0,0.0,22.5,975.0,997.5,7199.546436923185
0.15,1975,296.25000000000006,-276.25000000000006,False,0,0,0,0,8197.046436923185,8197.046436923185,0.0,0.0,22.5,987.5,1010.0,7187.046436923185
0.15,2000,300.00000000000006,-280.00000000000006,False,0,0,0,0,8197.046436923185,8197.046436923185,0.0,0.0,22.5,1000.0,1022.5,7174.546436923185
0.2,0,0.0,20.0,True,500,100,100,100,8197.046436923185,5653.878725891113,2543.1677110320725,31.025415442036547,40.00000000000001,0.0,40.00000000000001,5613.878725891113
0.2,25,5.0,15.0,True,500,100,100,100,8197.046436923185,5653.878725891113,2543.1677110320725,31.025415442036547,40.00000000000001,12.5,52.50000000000001,5601.378725891113
0.2,50,10.0,10.0,True,500,100,100,100,8197.046436923185,5653.878725891113,2543.1677110320725,31.025415442036547,40.00000000000001,25.0,65.0,5588.878725891113
0.2,75,15.0,5.0,True,500,100,100,100,8197.046436923185,5653.878725891113,2543.1677110320725,31.025415442036547,40.00000000000001,37.5,77.5,5576.378725891113
0.2,100,20.0,0.0,False,500,100,0,0,8197.046436923185,8197.046436923185,0.0,0.0,40.00000000000001,50.0,90.0,8107.046436923185
0.2,125,25.0,-5.0,False,500,100,0,0,8197.046436923185,8197.046436923185,0.0,0.0,40.00000000000001,62.5,102.5,8094.546436923185
0.2,150,30.0,-10.0,False,500,100,0,0,8197.046436923185,8197.046436923185,0.0,0.0,40.00000000000001,75.0,115.0,8082.046436923185
0.2,175,35.0,-15.0,False,500,100,0,0,8197.046436923185,8197.046436923185,0.0,0.0,40.00000000000001,87.5,127.5,8069.546436923185
0.2,200,40.0,-20.0,False,500,100,0,0,8197.046436923185,8197.046436923185,0.0,0.0,40.00000000000001,100.0,140.0,8057.046436923185
0.2,225,45.0,-25.0,False,500,100,0,0,8197.046436923185,8197.046436923185,0.0,0.0,40.00000000000001,112.5,152.5,8044.546436923185
0.2,250,50.0,-30.0,False,500,100,0,0,8197.046436923185,8197.046436923185,0.0,0.0,40.00000000000001,125.0,165.0,8032.046436923185
0.2,275,55.0,-35.0,False,500,100,0,0,8197.046436923185,8197.046436923185,0.0,0.0,40.00000000000001,137.5,177.5,8019.546436923185
0.2,300,60.0,-40.0,False,500,100,0,0,8197.046436923185,8197.046436923185,0.0,0.0,40.00000000000001,150.0,190.0,8007.046436923185
0.2,325,65.0,-45.0,False,500,100,0,0,8197.046436923185,8197.046436923185,0.0,0.0,40.00000000000001,162.5,202.5,7994.546436923185
0.2,350,70.0,-50.0,False,500,100,0,0,8197.046436923185,8197.046436923185,0.0,0.0,40.00000000000001,175.0,215.0,7982.046436923185
0.2,375,75.0,-55.0,False,500,100,0,0,8197.046436923185,8197.046436923185,0.0,0.0,40.00000000000001,187.5,227.5,7969.546436923185
0.2,400,80.0,-60.0,False,500,100,0,0,8197.046436923185,8197.046436923185,0.0,0.0,40.00000000000001,200.0,240.0,7957.046436923185
0.2,425,85.0,-65.0,False,500,100,0,0,8197.046436923185,8197.046436923185,0.0,0.0,40.00000000000001,212.5,252.5,7944.546436923185
0.2,450,90.0,-70.0,False,500,100,0,0,8197.046436923185,8197.046436923185,0.0,0.0,40.00000000000001,225.0,265.0,7932.046436923185
0.2,475,95.0,-75.0,False,500,100,0,0,8197.046436923185,8197.046436923185,0.0,0.0,40.00000000000001,237.5,277.5,7919.546436923185
0.2,500,100.0,-80.0,False,500,100,0,0,8197.046436923185,8197.046436923185,0.0,0.0,40.00000000000001,250.0,290.0,7907.046436923185
0.2,525,105.0,-85.0,False,500,100,0,0,8197.046436923185,8197.046436923185,0.0,0.0,40.00000000000001,262.5,302.5,7894.546436923185
0.2,550,110.0,-90.0,False,500,100,0,0,8197.046436923185,8197.046436923185,0.0,0.0,40.00000000000001,275.0,315.0,7882.046436923185
0.2,575,115.0,-95.0,False,464,100,0,0,8197.046436923185,8197.046436923185,0.0,0.0,40.00000000000001,287.5,327.5,7869.546436923185
0.2,600,120.0,-100.0,False,406,100,0,0,8197.046436923185,8197.046436923185,0.0,0.0,40.00000000000001,300.0,340.0,7857.046436923185
0.2,625,125.0,-105.0,False,362,100,0,0,8197.046436923185,8197.046436923185,0.0,0.0,40.00000000000001,312.5,352.5,7844.546436923185
0.2,650,130.0,-110.0,False,321,100,0,0,8197.046436923185,8197.046436923185,0.0,0.0,40.00000000000001,325.0,365.0,7832.046436923185
0.2,675,135.0,-115.0,False,291,99,0,0,8197.046436923185,8197.046436923185,0.0,0.0,40.00000000000001,337.5,377.5,7819.546436923185
0.2,700,140.0,-120.0,False,244,97,0,0,8197.046436923185,8197.046436923185,0.0,0.0,40.00000000000001,350.0,390.0,7807.046436923185
0.2,725,145.0,-125.0,False,202,90,0,0,8197.046436923185,8197.046436923185,0.0,0.0,40.00000000000001,362.5,402.5,7794.546436923185
0.2,750,150.0,-130.0,False,160,86,0,0,8197.046436923185,8197.046436923185,0.0,0.0,40.00000000000001,375.0,415.0,7782.046436923185
0.2,775,155.0,-135.0,False,123,79,0,0,8197.046436923185,8197.046436923185,0.0,0.0,40.00000000000001,387.5,427.5,7769.546436923185
0.2,800,160.0,-140.0,False,79,60,0,0,8197.046436923185,8197.046436923185,0.0,0.0,40.00000000000001,400.0,440.0,7757.046436923185
0.2,825,165.0,-145.0,False,40,35,0,0,8197.046436923185,8197.046436923185,0.0,0.0,40.00000000000001,412.5,452.5,7744.546436923185
0.2,850,170.0,-150.0,False,0,0,0,0,8197.046436923185,8197.046436923185,0.0,0.0,40.00000000000001,425.0,465.0,7732.046436923185
0.2,875,175.0,-155.0,False,0,0,0,0,8197.046436923185,8197.046436923185,0.0,0.0,40.00000000000001,437.5,477.5,7719.546436923185
0.2,900,180.0,-160.0,False,0,0,0,0,8197.046436923185,8197.046436923185,0.0,0.0,40.00000000000001,450.0,490.0,7707.046436923185
0.2,925,185.0,-165.0,False,0,0,0,0,8197.046436923185,8197.046436923185,0.0,0.0,40.00000000000001,462.5,502.5,7694.546436923185
0.2,950,190.0,-170.0,False,0,0,0,0,8197.046436923185,8197.046436923185,0.0,0.0,40.00000000000001,475.0,515.0,7682.046436923185
0.2,975,195.0,-175.0,False,0,0,0,0,8197.046436923185,8197.046436923185,0.0,0.0,40.00000000000001,487.5,527.5,7669.546436923185
0.2,1000,200.0,-180.0,False,0,0,0,0,8197.046436923185,8197.046436923185,0.0,0.0,40.00000000000001,500.0,540.0,7657.046436923185
0.2,1025,205.0,-185.0,False,0,0,0,0,8197.046436923185,8197.046436923185,0.0,0.0,40.00000000000001,512.5,552.5,7644.546436923185
0.2,1050,210.0,-190.0,False,0,0,0,0,8197.046436923185,8197.046436923185,0.0,0.0,40.00000000000001,525.0,565.0,7632.046436923185
0.2,1075,215.0,-195.0,False,0,0,0,0,8197.046436923185,8197.046436923185,0.0,0.0,40.00000000000001,537.5,577.5,7619.546436923185
0.2,1100,220.0,-200.0,False,0,0,0,0,8197.046436923185,8197.046436923185,0.0,0.0,40.00000000000001,550.0,590.0,7607.046436923185
0.2,1125,225.0,-205.0,False,0,0,0,0,8197.046436923185,8197.046436923185,0.0,0.0,40.00000000000001,562.5,602.5,7594.546436923185
0.2,1150,230.0,-210.0,False,0,0,0,0,8197.046436923185,8197.046436923185,0.0,0.0,40.00000000000001,575.0,615.0,7582.046436923185
0.2,1175,235.0,-215.0,False,0,0,0,0,8197.046436923185,8197.046436923185,0.0,0.0,40.00000000000001,587.5,627.5,7569.546436923185
0.2,1200,240.0,-220.0,False,0,0,0,0,8197.046436923185,8197.046436923185,0.0,0.0,40.00000000000001,600.0,640.0,7557.046436923185
0.2,1225,245.0,-225.0,False,0,0,0,0,8197.046436923185,8197.046436923185,0.0,0.0,40.00000000000001,612.5,652.5,7544.546436923185
0.2,1250,250.0,-230.0,False,0,0,0,0,8197.046436923185,8197.046436923185,0.0,0.0,40.00000000000001,625.0,665.0,7532.046436923185
0.2,1275,255.0,-235.0,False,0,0,0,0,8197.046436923185,8197.046436923185,0.0,0.0,40.00000000000001,637.5,677.5,7519.546436923185
0.2,1300,260.0,-240.0,False,0,0,0,0,8197.046436923185,8197.046436923185,0.0,0.0,40.00000000000001,650.0,690.0,7507.046436923185
0.2,1325,265.0,-245.0,False,0,0,0,0,8197.046436923185,8197.046436923185,0.0,0.0,40.00000000000001,662.5,702.5,7494.546436923185
0.2,1350,270.0,-250.0,False,0,0,0,0,8197.046436923185,8197.046436923185,0.0,0.0,40.00000000000001,675.0,715.0,7482.046436923185
0.2,1375,275.0,-255.0,False,0,0,0,0,8197.046436923185,8197.046436923185,0.0,0.0,40.00000000000001,687.5,727.5,7469.546436923185
0.2,1400,280.0,-260.0,False,0,0,0,0,8197.046436923185,8197.046436923185,0.0,0.0,40.00000000000001,700.0,740.0,7457.046436923185
0.2,1425,285.0,-265.0,False,0,0,0,0,8197.046436923185,8197.046436923185,0.0,0.0,40.00000000000001,712.5,752.5,7444.546436923185
0.2,1450,290.0,-270.0,False,0,0,0,0,8197.046436923185,8197.046436923185,0.0,0.0,40.00000000000001,725.0,765.0,7432.046436923185
0.2,1475,295.0,-275.0,False,0,0,0,0,8197.046436923185,8197.046436923185,0.0,0.0,40.00000000000001,737.5,777.5,7419.546436923185
0.2,1500,300.0,-280.0,False,0,0,0,0,8197.046436923185,8197.046436923185,0.0,0.0,40.00000000000001,750.0,790.0,7407.046436923185
0.2,1525,305.0,-285.0,False,0,0,0,0,8197.046436923185,8197.046436923185,0.0,0.0,40.00000000000001,762.5,802.5,7394.546436923185
0.2,1550,310.0,-290.0,False,0,0,0,0,8197.046436923185,8197.046436923185,0.0,0.0,40.00000000000001,775.0,815.0,7382.046436923185
0.2,1575,315.0,-295.0,False,0,0,0,0,8197.046436923185,8197.046436923185,0.0,0.0,40.00000000000001,787.5,827.5,7369.546436923185
0.2,1600,320.0,-300.0,False,0,0,0,0,8197.046436923185,8197.046436923185,0.0,0.0,40.00000000000001,800.0,840.0,7357.046436923185
0.2,1625,325.0,-305.0,False,0,0,0,0,8197.046436923185,8197.046436923185,0.0,0.0,40.00000000000001,812.5,852.5,7344.546436923185
0.2,1650,330.0,-310.0,False,0,0,0,0,8197.046436923185,8197.046436923185,0.0,0.0,40.00000000000001,825.0,865.0,7332.046436923185
0.2,1675,335.0,-315.0,False,0,0,0,0,8197.046436923185,8197.046436923185,0.0,0.0,40.00000000000001,837.5,877.5,7319.546436923185
0.2,1700,340.0,-320.0,False,0,0,0,0,8197.046436923185,8197.046436923185,0.0,0.0,40.00000000000001,850.0,890.0,7307.046436923185
0.2,1725,345.0,-325.0,False,0,0,0,0,8197.046436923185,8197.046436923185,0.0,0.0,40.00000000000001,862.5,902.5,7294.546436923185
0.2,1750,350.0,-330.0,False,0,0,0,0,8197.046436923185,8197.046436923185,0.0,0.0,40.00000000000001,875.0,915.0,7282.046436923185
0.2,1775,355.0,-335.0,False,0,0,0,0,8197.046436923185,8197.046436923185,0.0,0.0,40.00000000000001,887.5,927.5,7269.546436923185
0.2,1800,360.0,-340.0,False,0,0,0,0,8197.046436923185,8197.046436923185,0.0,0.0,40.00000000000001,900.0,940.0,7257.046436923185
0.2,1825,365.0,-345.0,False,0,0,0,0,8197.046436923185,8197.046436923185,0.0,0.0,40.00000000000001,912.5,952.5,7244.546436923185
0.2,1850,370.0,-350.0,False,0,0,0,0,8197.046436923185,8197.046436923185,0.0,0.0,40.00000000000001,925.0,965.0,7232.046436923185
0.2,1875,375.0,-355.0,False,0,0,0,0,8197.046436923185,8197.046436923185,0.0,0.0,40.00000000000001,937.5,977.5,7219.546436923185
0.2,1900,380.0,-360.0,False,0,0,0,0,8197.046436923185,8197.046436923185,0.0,0.0,40.00000000000001,950.0,990.0,7207.046436923185
0.2,1925,385.0,-365.0,False,0,0,0,0,8197.046436923185,8197.046436923185,0.0,0.0,40.00000000000001,962.5,1002.5,7194.546436923185
0.2,1950,390.0,-370.0,False,0,0,0,0,8197.046436923185,8197.046436923185,0.0,0.0,40.00000000000001,975.0,1015.0,7182.046436923185
0.2,1975,395.0,-375.0,False,0,0,0,0,8197.046436923185,8197.046436923185,0.0,0.0,40.00000000000001,987.5,1027.5,7169.546436923185
0.2,2000,400.0,-380.0,False,0,0,0,0,8197.046436923185,8197.046436923185,0.0,0.0,40.00000000000001,1000.0,1040.0,7157.046436923185
0.25,0,0.0,20.0,True,500,100,100,100,8197.046436923185,5653.878725891113,2543.1677110320725,31.025415442036547,62.5,0.0,62.5,5591.378725891113
0.25,25,6.25,13.75,True,500,100,100,100,8197.046436923185,5653.878725891113,2543.1677110320725,31.025415442036547,62.5,12.5,75.0,5578.878725891113
0.25,50,12.5,7.5,True,500,100,100,100,8197.046436923185,5653.878725891113,2543.1677110320725,31.025415442036547,62.5,25.0,87.5,5566.378725891113
0.25,75,18.75,1.25,True,500,100,100,100,8197.046436923185,5653.878725891113,2543.1677110320725,31.025415442036547,62.5,37.5,100.0,5553.878725891113
0.25,100,25.0,-5.0,False,500,100,0,0,8197.046436923185,8197.046436923185,0.0,0.0,62.5,50.0,112.5,8084.546436923185
0.25,125,31.25,-11.25,False,500,100,0,0,8197.046436923185,8197.046436923185,0.0,0.0,62.5,62.5,125.0,8072.046436923185
0.25,150,37.5,-17.5,False,500,100,0,0,8197.046436923185,8197.046436923185,0.0,0.0,62.5,75.0,137.5,8059.546436923185
0.25,175,43.75,-23.75,False,500,100,0,0,8197.046436923185,8197.046436923185,0.0,0.0,62.5,87.5,150.0,8047.046436923185
0.25,200,50.0,-30.0,False,500,100,0,0,8197.046436923185,8197.046436923185,0.0,0.0,62.5,100.0,162.5,8034.546436923185
0.25,225,56.25,-36.25,False,500,100,0,0,8197.046436923185,8197.046436923185,0.0,0.0,62.5,112.5,175.0,8022.046436923185
0.25,250,62.5,-42.5,False,500,100,0,0,8197.046436923185,8197.046436923185,0.0,0.0,62.5,125.0,187.5,8009.546436923185
0.25,275,68.75,-48.75,False,500,100,0,0,8197.046436923185,8197.046436923185,0.0,0.0,62.5,137.5,200.0,7997.046436923185
0.25,300,75.0,-55.0,False,500,100,0,0,8197.046436923185,8197.046436923185,0.0,0.0,62.5,150.0,212.5,7984.546436923185
0.25,325,81.25,-61.25,False,500,100,0,0,8197.046436923185,8197.046436923185,0.0,0.0,62.5,162.5,225.0,7972.046436923185
0.25,350,87.5,-67.5,False,500,100,0,0,8197.046436923185,8197.046436923185,0.0,0.0,62.5,175.0,237.5,7959.546436923185
0.25,375,93.75,-73.75,False,500,100,0,0,8197.046436923185,8197.046436923185,0.0,0.0,62.5,187.5,250.0,7947.046436923185
0.25,400,100.0,-80.0,False,500,100,0,0,8197.046436923185,8197.046436923185,0.0,0.0,62.5,200.0,262.5,7934.546436923185
0.25,425,106.25,-86.25,False,500,100,0,0,8197.046436923185,8197.046436923185,0.0,0.0,62.5,212.5,275.0,7922.046436923185
0.25,450,112.5,-92.5,False,477,100,0,0,8197.046436923185,8197.046436923185,0.0,0.0,62.5,225.0,287.5,7909.546436923185
0.25,475,118.75,-98.75,False,417,100,0,0,8197.046436923185,8197.046436923185,0.0,0.0,62.5,237.5,300.0,7897.046436923185
0.25,500,125.0,-105.0,False,362,100,0,0,8197.046436923185,8197.046436923185,0.0,0.0,62.5,250.0,312.5,7884.546436923185
0.25,525,131.25,-111.25,False,313,100,0,0,8197.046436923185,8197.046436923185,0.0,0.0,62.5,262.5,325.0,7872.046436923185
0.25,550,137.5,-117.5,False,271,99,0,0,8197.046436923185,8197.046436923185,0.0,0.0,62.5,275.0,337.5,7859.546436923185
0.25,575,143.75,-123.75,False,216,93,0,0,8197.046436923185,8197.046436923185,0.0,0.0,62.5,287.5,350.0,7847.046436923185
0.25,600,150.0,-130.0,False,160,86,0,0,8197.046436923185,8197.046436923185,0.0,0.0,62.5,300.0,362.5,7834.546436923185
0.25,625,156.25,-136.25,False,110,76,0,0,8197.046436923185,8197.046436923185,0.0,0.0,62.5,312.5,375.0,7822.046436923185
0.25,650,162.5,-142.5,False,60,49,0,0,8197.046436923185,8197.046436923185,0.0,0.0,62.5,325.0,387.5,7809.546436923185
0.25,675,168.75,-148.75,False,15,15,0,0,8197.046436923185,8197.046436923185,0.0,0.0,62.5,337.5,400.0,7797.046436923185
0.25,700,175.0,-155.0,False,0,0,0,0,8197.046436923185,8197.046436923185,0.0,0.0,62.5,350.0,412.5,7784.546436923185
0.25,725,181.25,-161.25,False,0,0,0,0,8197.046436923185,8197.046436923185,0.0,0.0,62.5,362.5,425.0,7772.046436923185
0.25,750,187.5,-167.5,False,0,0,0,0,8197.046436923185,8197.046436923185,0.0,0.0,62.5,375.0,437.5,7759.546436923185
0.25,775,193.75,-173.75,False,0,0,0,0,8197.046436923185,8197.046436923185,0.0,0.0,62.5,387.5,450.0,7747.046436923185
0.25,800,200.0,-180.0,False,0,0,0,0,8197.046436923185,8197.046436923185,0.0,0.0,62.5,400.0,462.5,7734.546436923185
0.25,825,206.25,-186.25,False,0,0,0,0,8197.046436923185,8197.046436923185,0.0,0.0,62.5,412.5,475.0,7722.046436923185
0.25,850,212.5,-192.5,False,0,0,0,0,8197.046436923185,8197.046436923185,0.0,0.0,62.5,425.0,487.5,7709.546436923185
0.25,875,218.75,-198.75,False,0,0,0,0,8197.046436923185,8197.046436923185,0.0,0.0,62.5,437.5,500.0,7697.046436923185
0.25,900,225.0,-205.0,False,0,0,0,0,8197.046436923185,8197.046436923185,0.0,0.0,62.5,450.0,512.5,7684.546436923185
0.25,925,231.25,-211.25,False,0,0,0,0,8197.046436923185,8197.046436923185,0.0,0.0,62.5,462.5,525.0,7672.046436923185
0.25,950,237.5,-217.5,False,0,0,0,0,8197.046436923185,8197.046436923185,0.0,0.0,62.5,475.0,537.5,7659.546436923185
0.25,975,243.75,-223.75,False,0,0,0,0,8197.046436923185,8197.046436923185,0.0,0.0,62.5,487.5,550.0,7647.046436923185
0.25,1000,250.0,-230.0,False,0,0,0,0,8197.046436923185,8197.046436923185,0.0,0.0,62.5,500.0,562.5,7634.546436923185
0.25,1025,256.25,-236.25,False,0,0,0,0,8197.046436923185,8197.046436923185,0.0,0.0,62.5,512.5,575.0,7622.046436923185
0.25,1050,262.5,-242.5,False,0,0,0,0,8197.046436923185,8197.046436923185,0.0,0.0,62.5,525.0,587.5,7609.546436923185
0.25,1075,268.75,-248.75,False,0,0,0,0,8197.046436923185,8197.046436923185,0.0,0.0,62.5,537.5,600.0,7597.046436923185
0.25,1100,275.0,-255.0,False,0,0,0,0,8197.046436923185,8197.046436923185,0.0,0.0,62.5,550.0,612.5,7584.546436923185
0.25,1125,281.25,-261.25,False,0,0,0,0,8197.046436923185,8197.046436923185,0.0,0.0,62.5,562.5,625.0,7572.046436923185
0.25,1150,287.5,-267.5,False,0,0,0,0,8197.046436923185,8197.046436923185,0.0,0.0,62.5,575.0,637.5,7559.546436923185
0.25,1175,293.75,-273.75,False,0,0,0,0,8197.046436923185,8197.046436923185,0.0,0.0,62.5,587.5,650.0,7547.046436923185
0.25,1200,300.0,-280.0,False,0,0,0,0,8197.046436923185,8197.046436923185,0.0,0.0,62.5,600.0,662.5,7534.546436923185
0.25,1225,306.25,-286.25,False,0,0,0,0,8197.046436923185,8197.046436923185,0.0,0.0,62.5,612.5,675.0,7522.046436923185
0.25,1250,312.5,-292.5,False,0,0,0,0,8197.046436923185,8197.046436923185,0.0,0.0,62.5,625.0,687.5,7509.546436923185
0.25,1275,318.75,-298.75,False,0,0,0,0,8197.046436923185,8197.046436923185,0.0,0.0,62.5,637.5,700.0,7497.046436923185
0.25,1300,325.0,-305.0,False,0,0,0,0,8197.046436923185,8197.046436923185,0.0,0.0,62.5,650.0,712.5,7484.546436923185
0.25,1325,331.25,-311.25,False,0,0,0,0,8197.046436923185,8197.046436923185,0.0,0.0,62.5,662.5,725.0,7472.046436923185
0.25,1350,337.5,-317.5,False,0,0,0,0,8197.046436923185,8197.046436923185,0.0,0.0,62.5,675.0,737.5,7459.546436923185
0.25,1375,343.75,-323.75,False,0,0,0,0,8197.046436923185,8197.046436923185,0.0,0.0,62.5,687.5,750.0,7447.046436923185
0.25,1400,350.0,-330.0,False,0,0,0,0,8197.046436923185,8197.046436923185,0.0,0.0,62.5,700.0,762.5,7434.546436923185
0.25,1425,356.25,-336.25,False,0,0,0,0,8197.046436923185,8197.046436923185,0.0,0.0,62.5,712.5,775.0,7422.046436923185
0.25,1450,362.5,-342.5,False,0,0,0,0,8197.046436923185,8197.046436923185,0.0,0.0,62.5,725.0,787.5,7409.546436923185
0.25,1475,368.75,-348.75,False,0,0,0,0,8197.046436923185,8197.046436923185,0.0,0.0,62.5,737.5,800.0,7397.046436923185
0.25,1500,375.0,-355.0,False,0,0,0,0,8197.046436923185,8197.046436923185,0.0,0.0,62.5,750.0,812.5,7384.546436923185
0.25,1525,381.25,-361.25,False,0,0,0,0,8197.046436923185,8197.046436923185,0.0,0.0,62.5,762.5,825.0,7372.046436923185
0.25,1550,387.5,-367.5,False,0,0,0,0,8197.046436923185,8197.046436923185,0.0,0.0,62.5,775.0,837.5,7359.546436923185
0.25,1575,393.75,-373.75,False,0,0,0,0,8197.046436923185,8197.046436923185,0.0,0.0,62.5,787.5,850.0,7347.046436923185
0.25,1600,400.0,-380.0,False,0,0,0,0,8197.046436923185,8197.046436923185,0.0,0.0,62.5,800.0,862.5,7334.546436923185
0.25,1625,406.25,-386.25,False,0,0,0,0,8197.046436923185,8197.046436923185,0.0,0.0,62.5,812.5,875.0,7322.046436923185
0.25,1650,412.5,-392.5,False,0,0,0,0,8197.046436923185,8197.046436923185,0.0,0.0,62.5,825.0,887.5,7309.546436923185
0.25,1675,418.75,-398.75,False,0,0,0,0,8197.046436923185,8197.046436923185,0.0,0.0,62.5,837.5,900.0,7297.046436923185
0.25,1700,425.0,-405.0,False,0,0,0,0,8197.046436923185,8197.046436923185,0.0,0.0,62.5,850.0,912.5,7284.546436923185
0.25,1725,431.25,-411.25,False,0,0,0,0,8197.046436923185,8197.046436923185,0.0,0.0,62.5,862.5,925.0,7272.046436923185
0.25,1750,437.5,-417.5,False,0,0,0,0,8197.046436923185,8197.046436923185,0.0,0.0,62.5,875.0,937.5,7259.546436923185
0.25,1775,443.75,-423.75,False,0,0,0,0,8197.046436923185,8197.046436923185,0.0,0.0,62.5,887.5,950.0,7247.046436923185
0.25,1800,450.0,-430.0,False,0,0,0,0,8197.046436923185,8197.046436923185,0.0,0.0,62.5,900.0,962.5,7234.546436923185
0.25,1825,456.25,-436.25,False,0,0,0,0,8197.046436923185,8197.046436923185,0.0,0.0,62.5,912.5,975.0,7222.046436923185
0.25,1850,462.5,-442.5,False,0,0,0,0,8197.046436923185,8197.046436923185,0.0,0.0,62.5,925.0,987.5,7209.546436923185
0.25,1875,468.75,-448.75,False,0,0,0,0,8197.046436923185,8197.046436923185,0.0,0.0,62.5,937.5,1000.0,7197.046436923185
0.25,1900,475.0,-455.0,False,0,0,0,0,8197.046436923185,8197.046436923185,0.0,0.0,62.5,950.0,1012.5,7184.546436923185
0.25,1925,481.25,-461.25,False,0,0,0,0,8197.046436923185,8197.046436923185,0.0,0.0,62.5,962.5,1025.0,7172.046436923185
0.25,1950,487.5,-467.5,False,0,0,0,0,8197.046436923185,8197.046436923185,0.0,0.0,62.5,975.0,1037.5,7159.546436923185
0.25,1975,493.75,-473.75,False,0,0,0,0,8197.046436923185,8197.046436923185,0.0,0.0,62.5,987.5,1050.0,7147.046436923185
0.25,2000,500.0,-480.0,False,0,0,0,0,8197.046436923185,8197.046436923185,0.0,0.0,62.5,1000.0,1062.5,7134.546436923185
0.3,0,0.0,20.0,True,500,100,100,100,8197.046436923185,5653.878725891113,2543.1677110320725,31.025415442036547,90.0,0.0,90.0,5563.878725891113
0.3,25,7.500000000000001,12.5,True,500,100,100,100,8197.046436923185,5653.878725891113,2543.1677110320725,31.025415442036547,90.0,12.5,102.5,5551.378725891113
0.3,50,15.000000000000002,4.999999999999998,True,500,100,100,100,8197.046436923185,5653.878725891113,2543.1677110320725,31.025415442036547,90.0,25.0,115.0,5538.878725891113
0.3,75,22.500000000000004,-2.5000000000000036,False,500,100,0,0,8197.046436923185,8197.046436923185,0.0,0.0,90.0,37.5,127.5,8069.546436923185
0.3,100,30.000000000000004,-10.000000000000004,False,500,100,0,0,8197.046436923185,8197.046436923185,0.0,0.0,90.0,50.0,140.0,8057.046436923185
0.3,125,37.50000000000001,-17.500000000000007,False,500,100,0,0,8197.046436923185,8197.046436923185,0.0,0.0,90.0,62.5,152.5,8044.546436923185
0.3,150,45.00000000000001,-25.000000000000007,False,500,100,0,0,8197.046436923185,8197.046436923185,0.0,0.0,90.0,75.0,165.0,8032.046436923185
0.3,175,52.50000000000001,-32.50000000000001,False,500,100,0,0,8197.046436923185,8197.046436923185,0.0,0.0,90.0,87.5,177.5,8019.546436923185
0.3,200,60.00000000000001,-40.00000000000001,False,500,100,0,0,8197.046436923185,8197.046436923185,0.0,0.0,90.0,100.0,190.0,8007.046436923185
0.3,225,67.50000000000001,-47.500000000000014,False,500,100,0,0,8197.046436923185,8197.046436923185,0.0,0.0,90.0,112.5,202.5,7994.546436923185
0.3,250,75.00000000000001,-55.000000000000014,False,500,100,0,0,8197.046436923185,8197.046436923185,0.0,0.0,90.0,125.0,215.0,7982.046436923185
0.3,275,82.50000000000001,-62.500000000000014,False,500,100,0,0,8197.046436923185,8197.046436923185,0.0,0.0,90.0,137.5,227.5,7969.546436923185
0.3,300,90.00000000000001,-70.00000000000001,False,500,100,0,0,8197.046436923185,8197.046436923185,0.0,0.0,90.0,150.0,240.0,7957.046436923185
0.3,325,97.5,-77.50000000000001,False,500,100,0,0,8197.046436923185,8197.046436923185,0.0,0.0,90.0,162.5,252.5,7944.546436923185
0.3,350,105.0,-85.00000000000001,False,500,100,0,0,8197.046436923185,8197.046436923185,0.0,0.0,90.0,175.0,265.0,7932.046436923185
0.3,375,112.5,-92.5,False,477,100,0,0,8197.046436923185,8197.046436923185,0.0,0.0,90.0,187.5,277.5,7919.546436923185
0.3,400,120.0,-100.0,False,406,100,0,0,8197.046436923185,8197.046436923185,0.0,0.0,90.0,200.0,290.0,7907.046436923185
0.3,425,127.5,-107.5,False,341,100,0,0,8197.046436923185,8197.046436923185,0.0,0.0,90.0,212.5,302.5,7894.546436923185
0.3,450,135.00000000000003,-115.00000000000004,False,291,99,0,0,8197.046436923185,8197.046436923185,0.0,0.0,90.0,225.0,315.0,7882.046436923185
0.3,475,142.50000000000003,-122.50000000000004,False,230,94,0,0,8197.046436923185,8197.046436923185,0.0,0.0,90.0,237.5,327.5,7869.546436923185
0.3,500,150.00000000000003,-130.00000000000003,False,160,86,0,0,8197.046436923185,8197.046436923185,0.0,0.0,90.0,250.0,340.0,7857.046436923185
0.3,525,157.50000000000003,-137.50000000000003,False,93,68,0,0,8197.046436923185,8197.046436923185,0.0,0.0,90.0,262.5,352.5,7844.546436923185
0.3,550,165.00000000000003,-145.00000000000003,False,40,35,0,0,8197.046436923185,8197.046436923185,0.0,0.0,90.0,275.0,365.0,7832.046436923185
0.3,575,172.50000000000003,-152.50000000000003,False,0,0,0,0,8197.046436923185,8197.046436923185,0.0,0.0,90.0,287.5,377.5,7819.546436923185
0.3,600,180.00000000000003,-160.00000000000003,False,0,0,0,0,8197.046436923185,8197.046436923185,0.0,0.0,90.0,300.0,390.0,7807.046436923185
0.3,625,187.50000000000003,-167.50000000000003,False,0,0,0,0,8197.046436923185,8197.046436923185,0.0,0.0,90.0,312.5,402.5,7794.546436923185
0.3,650,195.00000000000003,-175.00000000000003,False,0,0,0,0,8197.046436923185,8197.046436923185,0.0,0.0,90.0,325.0,415.0,7782.046436923185
0.3,675,202.50000000000003,-182.50000000000003,False,0,0,0,0,8197.046436923185,8197.046436923185,0.0,0.0,90.0,337.5,427.5,7769.546436923185
0.3,700,210.00000000000003,-190.00000000000003,False,0,0,0,0,8197.046436923185,8197.046436923185,0.0,0.0,90.0,350.0,440.0,7757.046436923185
0.3,725,217.50000000000003,-197.50000000000003,False,0,0,0,0,8197.046436923185,8197.046436923185,0.0,0.0,90.0,362.5,452.5,7744.546436923185
0.3,750,225.00000000000003,-205.00000000000003,False,0,0,0,0,8197.046436923185,8197.046436923185,0.0,0.0,90.0,375.0,465.0,7732.046436923185
0.3,775,232.50000000000003,-212.50000000000003,False,0,0,0,0,8197.046436923185,8197.046436923185,0.0,0.0,90.0,387.5,477.5,7719.546436923185
0.3,800,240.00000000000003,-220.00000000000003,False,0,0,0,0,8197.046436923185,8197.046436923185,0.0,0.0,90.0,400.0,490.0,7707.046436923185
0.3,825,247.50000000000003,-227.50000000000003,False,0,0,0,0,8197.046436923185,8197.046436923185,0.0,0.0,90.0,412.5,502.5,7694.546436923185
0.3,850,255.00000000000003,-235.00000000000003,False,0,0,0,0,8197.046436923185,8197.046436923185,0.0,0.0,90.0,425.0,515.0,7682.046436923185
0.3,875,262.50000000000006,-242.50000000000009,False,0,0,0,0,8197.046436923185,8197.046436923185,0.0,0.0,90.0,437.5,527.5,7669.546436923185
0.3,900,270.00000000000006,-250.00000000000009,False,0,0,0,0,8197.046436923185,8197.046436923185,0.0,0.0,90.0,450.0,540.0,7657.046436923185
0.3,925,277.50000000000006,-257.50000000000006,False,0,0,0,0,8197.046436923185,8197.046436923185,0.0,0.0,90.0,462.5,552.5,7644.546436923185
0.3,950,285.00000000000006,-265.00000000000006,False,0,0,0,0,8197.046436923185,8197.046436923185,0.0,0.0,90.0,475.0,565.0,7632.046436923185
0.3,975,292.50000000000006,-272.50000000000006,False,0,0,0,0,8197.046436923185,8197.046436923185,0.0,0.0,90.0,487.5,577.5,7619.546436923185
0.3,1000,300.00000000000006,-280.00000000000006,False,0,0,0,0,8197.046436923185,8197.046436923185,0.0,0.0,90.0,500.0,590.0,7607.046436923185
0.3,1025,307.50000000000006,-287.50000000000006,False,0,0,0,0,8197.046436923185,8197.046436923185,0.0,0.0,90.0,512.5,602.5,7594.546436923185
0.3,1050,315.00000000000006,-295.00000000000006,False,0,0,0,0,8197.046436923185,8197.046436923185,0.0,0.0,90.0,525.0,615.0,7582.046436923185
0.3,1075,322.50000000000006,-302.50000000000006,False,0,0,0,0,8197.046436923185,8197.046436923185,0.0,0.0,90.0,537.5,627.5,7569.546436923185
0.3,1100,330.00000000000006,-310.00000000000006,False,0,0,0,0,8197.046436923185,8197.046436923185,0.0,0.0,90.0,550.0,640.0,7557.046436923185
0.3,1125,337.50000000000006,-317.50000000000006,False,0,0,0,0,8197.046436923185,8197.046436923185,0.0,0.0,90.0,562.5,652.5,7544.546436923185
0.3,1150,345.00000000000006,-325.00000000000006,False,0,0,0,0,8197.046436923185,8197.046436923185,0.0,0.0,90.0,575.0,665.0,7532.046436923185
0.3,1175,352.50000000000006,-332.50000000000006,False,0,0,0,0,8197.046436923185,8197.046436923185,0.0,0.0,90.0,587.5,677.5,7519.546436923185
0.3,1200,360.00000000000006,-340.00000000000006,False,0,0,0,0,8197.046436923185,8197.046436923185,0.0,0.0,90.0,600.0,690.0,7507.046436923185
0.3,1225,367.50000000000006,-347.50000000000006,False,0,0,0,0,8197.046436923185,8197.046436923185,0.0,0.0,90.0,612.5,702.5,7494.546436923185
0.3,1250,375.00000000000006,-355.00000000000006,False,0,0,0,0,8197.046436923185,8197.046436923185,0.0,0.0,90.0,625.0,715.0,7482.046436923185
0.3,1275,382.50000000000006,-362.50000000000006,False,0,0,0,0,8197.046436923185,8197.046436923185,0.0,0.0,90.0,637.5,727.5,7469.546436923185
0.3,1300,390.00000000000006,-370.00000000000006,False,0,0,0,0,8197.046436923185,8197.046436923185,0.0,0.0,90.0,650.0,740.0,7457.046436923185
0.3,1325,397.50000000000006,-377.50000000000006,False,0,0,0,0,8197.046436923185,8197.046436923185,0.0,0.0,90.0,662.5,752.5,7444.546436923185
0.3,1350,405.00000000000006,-385.00000000000006,False,0,0,0,0,8197.046436923185,8197.046436923185,0.0,0.0,90.0,675.0,765.0,7432.046436923185
0.3,1375,412.50000000000006,-392.50000000000006,False,0,0,0,0,8197.046436923185,8197.046436923185,0.0,0.0,90.0,687.5,777.5,7419.546436923185
0.3,1400,420.00000000000006,-400.00000000000006,False,0,0,0,0,8197.046436923185,8197.046436923185,0.0,0.0,90.0,700.0,790.0,7407.046436923185
0.3,1425,427.50000000000006,-407.50000000000006,False,0,0,0,0,8197.046436923185,8197.046436923185,0.0,0.0,90.0,712.5,802.5,7394.546436923185
0.3,1450,435.00000000000006,-415.00000000000006,False,0,0,0,0,8197.046436923185,8197.046436923185,0.0,0.0,90.0,725.0,815.0,7382.046436923185
0.3,1475,442.50000000000006,-422.50000000000006,False,0,0,0,0,8197.046436923185,8197.046436923185,0.0,0.0,90.0,737.5,827.5,7369.546436923185
0.3,1500,450.00000000000006,-430.00000000000006,False,0,0,0,0,8197.046436923185,8197.046436923185,0.0,0.0,90.0,750.0,840.0,7357.046436923185
0.3,1525,457.50000000000006,-437.50000000000006,False,0,0,0,0,8197.046436923185,8197.046436923185,0.0,0.0,90.0,762.5,852.5,7344.546436923185
0.3,1550,465.00000000000006,-445.00000000000006,False,0,0,0,0,8197.046436923185,8197.046436923185,0.0,0.0,90.0,775.0,865.0,7332.046436923185
0.3,1575,472.50000000000006,-452.50000000000006,False,0,0,0,0,8197.046436923185,8197.046436923185,0.0,0.0,90.0,787.5,877.5,7319.546436923185
0.3,1600,480.00000000000006,-460.00000000000006,False,0,0,0,0,8197.046436923185,8197.046436923185,0.0,0.0,90.0,800.0,890.0,7307.046436923185
0.3,1625,487.50000000000006,-467.50000000000006,False,0,0,0,0,8197.046436923185,8197.046436923185,0.0,0.0,90.0,812.5,902.5,7294.546436923185
0.3,1650,495.00000000000006,-475.00000000000006,False,0,0,0,0,8197.046436923185,8197.046436923185,0.0,0.0,90.0,825.0,915.0,7282.046436923185
0.3,1675,502.50000000000006,-482.50000000000006,False,0,0,0,0,8197.046436923185,8197.046436923185,0.0,0.0,90.0,837.5,927.5,7269.546436923185
0.3,1700,510.00000000000006,-490.00000000000006,False,0,0,0,0,8197.046436923185,8197.046436923185,0.0,0.0,90.0,850.0,940.0,7257.046436923185
0.3,1725,517.5000000000001,-497.5000000000001,False,0,0,0,0,8197.046436923185,8197.046436923185,0.0,0.0,90.0,862.5,952.5,7244.546436923185
0.3,1750,525.0000000000001,-505.0000000000001,False,0,0,0,0,8197.046436923185,8197.046436923185,0.0,0.0,90.0,875.0,965.0,7232.046436923185
0.3,1775,532.5000000000001,-512.5000000000001,False,0,0,0,0,8197.046436923185,8197.046436923185,0.0,0.0,90.0,887.5,977.5,7219.546436923185
0.3,1800,540.0000000000001,-520.0000000000001,False,0,0,0,0,8197.046436923185,8197.046436923185,0.0,0.0,90.0,900.0,990.0,7207.046436923185
0.3,1825,547.5000000000001,-527.5000000000001,False,0,0,0,0,8197.046436923185,8197.046436923185,0.0,0.0,90.0,912.5,1002.5,7194.546436923185
0.3,1850,555.0000000000001,-535.0000000000001,False,0,0,0,0,8197.046436923185,8197.046436923185,0.0,0.0,90.0,925.0,1015.0,7182.046436923185
0.3,1875,562.5000000000001,-542.5000000000001,False,0,0,0,0,8197.046436923185,8197.046436923185,0.0,0.0,90.0,937.5,1027.5,7169.546436923185
0.3,1900,570.0000000000001,-550.0000000000001,False,0,0,0,0,8197.046436923185,8197.046436923185,0.0,0.0,90.0,950.0,1040.0,7157.046436923185
0.3,1925,577.5000000000001,-557.5000000000001,False,0,0,0,0,8197.046436923185,8197.046436923185,0.0,0.0,90.0,962.5,1052.5,7144.546436923185
0.3,1950,585.0000000000001,-565.0000000000001,False,0,0,0,0,8197.046436923185,8197.046436923185,0.0,0.0,90.0,975.0,1065.0,7132.046436923185
0.3,1975,592.5000000000001,-572.5000000000001,False,0,0,0,0,8197.046436923185,8197.046436923185,0.0,0.0,90.0,987.5,1077.5,7119.546436923185
0.3,2000,600.0000000000001,-580.0000000000001,False,0,0,0,0,8197.046436923185,8197.046436923185,0.0,0.0,90.0,1000.0,1090.0,7107.046436923185
0.35,0,0.0,20.0,True,500,100,100,100,8197.046436923185,5653.878725891113,2543.1677110320725,31.025415442036547,122.49999999999999,0.0,122.49999999999999,5531.378725891113
0.35,25,8.75,11.25,True,500,100,100,100,8197.046436923185,5653.878725891113,2543.1677110320725,31.025415442036547,122.49999999999999,12.5,135.0,5518.878725891113
0.35,50,17.5,2.5,True,500,100,100,100,8197.046436923185,5653.878725891113,2543.1677110320725,31.025415442036547,122.49999999999999,25.0,147.5,5506.378725891113
0.35,75,26.250000000000004,-6.2500000000000036,False,500,100,0,0,8197.046436923185,8197.046436923185,0.0,0.0,122.49999999999999,37.5,160.0,8037.046436923185
0.35,100,35.0,-15.0,False,500,100,0,0,8197.046436923185,8197.046436923185,0.0,0.0,122.49999999999999,50.0,172.5,8024.546436923185
0.35,125,43.75000000000001,-23.750000000000007,False,500,100,0,0,8197.046436923185,8197.046436923185,0.0,0.0,122.49999999999999,62.5,185.0,8012.046436923185
0.35,150,52.50000000000001,-32.50000000000001,False,500,100,0,0,8197.046436923185,8197.046436923185,0.0,0.0,122.49999999999999,75.0,197.5,7999.546436923185
0.35,175,61.25000000000001,-41.25000000000001,False,500,100,0,0,8197.046436923185,8197.046436923185,0.0,0.0,122.49999999999999,87.5,210.0,7987.046436923185
0.35,200,70.0,-50.0,False,500,100,0,0,8197.046436923185,8197.046436923185,0.0,0.0,122.49999999999999,100.0,222.5,7974.546436923185
0.35,225,78.75000000000001,-58.750000000000014,False,500,100,0,0,8197.046436923185,8197.046436923185,0.0,0.0,122.49999999999999,112.5,235.0,7962.046436923185
0.35,250,87.50000000000001,-67.50000000000001,False,500,100,0,0,8197.046436923185,8197.046436923185,0.0,0.0,122.49999999999999,125.0,247.5,7949.546436923185
0.35,275,96.25,-76.25000000000001,False,500,100,0,0,8197.046436923185,8197.046436923185,0.0,0.0,122.49999999999999,137.5,260.0,7937.046436923185
0.35,300,105.0,-85.00000000000001,False,500,100,0,0,8197.046436923185,8197.046436923185,0.0,0.0,122.49999999999999,150.0,272.5,7924.546436923185
0.35,325,113.75,-93.75,False,466,100,0,0,8197.046436923185,8197.046436923185,0.0,0.0,122.49999999999999,162.5,285.0,7912.046436923185
0.35,350,122.5,-102.5,False,385,100,0,0,8197.046436923185,8197.046436923185,0.0,0.0,122.49999999999999,175.0,297.5,7899.546436923185
0.35,375,131.25,-111.25,False,313,100,0,0,8197.046436923185,8197.046436923185,0.0,0.0,122.49999999999999,187.5,310.0,7887.046436923185
0.35,400,140.0,-120.0,False,244,97,0,0,8197.046436923185,8197.046436923185,0.0,0.0,122.49999999999999,200.0,322.5,7874.546436923185
0.35,425,148.75,-128.75,False,173,89,0,0,8197.046436923185,8197.046436923185,0.0,0.0,122.49999999999999,212.5,335.0,7862.046436923185
0.35,450,157.50000000000003,-137.50000000000003,False,93,68,0,0,8197.046436923185,8197.046436923185,0.0,0.0,122.49999999999999,225.0,347.5,7849.546436923185
0.35,475,166.25000000000003,-146.25000000000003,False,27,26,0,0,8197.046436923185,8197.046436923185,0.0,0.0,122.49999999999999,237.5,360.0,7837.046436923185
0.35,500,175.00000000000003,-155.00000000000003,False,0,0,0,0,8197.046436923185,8197.046436923185,0.0,0.0,122.49999999999999,250.0,372.5,7824.546436923185
0.35,525,183.75000000000003,-163.75000000000003,False,0,0,0,0,8197.046436923185,8197.046436923185,0.0,0.0,122.49999999999999,262.5,385.0,7812.046436923185
0.35,550,192.50000000000003,-172.50000000000003,False,0,0,0,0,8197.046436923185,8197.046436923185,0.0,0.0,122.49999999999999,275.0,397.5,7799.546436923185
0.35,575,201.25000000000003,-181.25000000000003,False,0,0,0,0,8197.046436923185,8197.046436923185,0.0,0.0,122.49999999999999,287.5,410.0,7787.046436923185
0.35,600,210.00000000000003,-190.00000000000003,False,0,0,0,0,8197.046436923185,8197.046436923185,0.0,0.0,122.49999999999999,300.0,422.5,7774.546436923185
0.35,625,218.75000000000003,-198.75000000000003,False,0,0,0,0,8197.046436923185,8197.046436923185,0.0,0.0,122.49999999999999,312.5,435.0,7762.046436923185
0.35,650,227.50000000000003,-207.50000000000003,False,0,0,0,0,8197.046436923185,8197.046436923185,0.0,0.0,122.49999999999999,325.0,447.5,7749.546436923185
0.35,675,236.25000000000003,-216.25000000000003,False,0,0,0,0,8197.046436923185,8197.046436923185,0.0,0.0,122.49999999999999,337.5,460.0,7737.046436923185
0.35,700,245.00000000000003,-225.00000000000003,False,0,0,0,0,8197.046436923185,8197.046436923185,0.0,0.0,122.49999999999999,350.0,472.5,7724.546436923185
0.35,725,253.75000000000003,-233.75000000000003,False,0,0,0,0,8197.046436923185,8197.046436923185,0.0,0.0,122.49999999999999,362.5,485.0,7712.046436923185
0.35,750,262.5,-242.5,False,0,0,0,0,8197.046436923185,8197.046436923185,0.0,0.0,122.49999999999999,375.0,497.5,7699.546436923185
0.35,775,271.25,-251.25,False,0,0,0,0,8197.046436923185,8197.046436923185,0.0,0.0,122.49999999999999,387.5,510.0,7687.046436923185
0.35,800,280.0,-260.0,False,0,0,0,0,8197.046436923185,8197.046436923185,0.0,0.0,122.49999999999999,400.0,522.5,7674.546436923185
0.35,825,288.75,-268.75,False,0,0,0,0,8197.046436923185,8197.046436923185,0.0,0.0,122.49999999999999,412.5,535.0,7662.046436923185
0.35,850,297.5,-277.5,False,0,0,0,0,8197.046436923185,8197.046436923185,0.0,0.0,122.49999999999999,425.0,547.5,7649.546436923185
0.35,875,306.25000000000006,-286.25000000000006,False,0,0,0,0,8197.046436923185,8197.046436923185,0.0,0.0,122.49999999999999,437.5,560.0,7637.046436923185
0.35,900,315.00000000000006,-295.00000000000006,False,0,0,0,0,8197.046436923185,8197.046436923185,0.0,0.0,122.49999999999999,450.0,572.5,7624.546436923185
0.35,925,323.75000000000006,-303.75000000000006,False,0,0,0,0,8197.046436923185,8197.046436923185,0.0,0.0,122.49999999999999,462.5,585.0,7612.046436923185
0.35,950,332.50000000000006,-312.50000000000006,False,0,0,0,0,8197.046436923185,8197.046436923185,0.0,0.0,122.49999999999999,475.0,597.5,7599.546436923185
0.35,975,341.25000000000006,-321.25000000000006,False,0,0,0,0,8197.046436923185,8197.046436923185,0.0,0.0,122.49999999999999,487.5,610.0,7587.046436923185
0.35,1000,350.00000000000006,-330.00000000000006,False,0,0,0,0,8197.046436923185,8197.046436923185,0.0,0.0,122.49999999999999,500.0,622.5,7574.546436923185
0.35,1025,358.75000000000006,-338.75000000000006,False,0,0,0,0,8197.046436923185,8197.046436923185,0.0,0.0,122.49999999999999,512.5,635.0,7562.046436923185
0.35,1050,367.50000000000006,-347.50000000000006,False,0,0,0,0,8197.046436923185,8197.046436923185,0.0,0.0,122.49999999999999,525.0,647.5,7549.546436923185
0.35,1075,376.25000000000006,-356.25000000000006,False,0,0,0,0,8197.046436923185,8197.046436923185,0.0,0.0,122.49999999999999,537.5,660.0,7537.046436923185
0.35,1100,385.00000000000006,-365.00000000000006,False,0,0,0,0,8197.046436923185,8197.046436923185,0.0,0.0,122.49999999999999,550.0,672.5,7524.546436923185
0.35,1125,393.75000000000006,-373.75000000000006,False,0,0,0,0,8197.046436923185,8197.046436923185,0.0,0.0,122.49999999999999,562.5,685.0,7512.046436923185
0.35,1150,402.50000000000006,-382.50000000000006,False,0,0,0,0,8197.046436923185,8197.046436923185,0.0,0.0,122.49999999999999,575.0,697.5,7499.546436923185
0.35,1175,411.25000000000006,-391.25000000000006,False,0,0,0,0,8197.046436923185,8197.046436923185,0.0,0.0,122.49999999999999,587.5,710.0,7487.046436923185
0.35,1200,420.00000000000006,-400.00000000000006,False,0,0,0,0,8197.046436923185,8197.046436923185,0.0,0.0,122.49999999999999,600.0,722.5,7474.546436923185
0.35,1225,428.75000000000006,-408.75000000000006,False,0,0,0,0,8197.046436923185,8197.046436923185,0.0,0.0,122.49999999999999,612.5,735.0,7462.046436923185
0.35,1250,437.50000000000006,-417.50000000000006,False,0,0,0,0,8197.046436923185,8197.046436923185,0.0,0.0,122.49999999999999,625.0,747.5,7449.546436923185
0.35,1275,446.25000000000006,-426.25000000000006,False,0,0,0,0,8197.046436923185,8197.046436923185,0.0,0.0,122.49999999999999,637.5,760.0,7437.046436923185
0.35,1300,455.00000000000006,-435.00000000000006,False,0,0,0,0,8197.046436923185,8197.046436923185,0.0,0.0,122.49999999999999,650.0,772.5,7424.546436923185
0.35,1325,463.75000000000006,-443.75000000000006,False,0,0,0,0,8197.046436923185,8197.046436923185,0.0,0.0,122.49999999999999,662.5,785.0,7412.046436923185
0.35,1350,472.50000000000006,-452.50000000000006,False,0,0,0,0,8197.046436923185,8197.046436923185,0.0,0.0,122.49999999999999,675.0,797.5,7399.546436923185
0.35,1375,481.25000000000006,-461.25000000000006,False,0,0,0,0,8197.046436923185,8197.046436923185,0.0,0.0,122.49999999999999,687.5,810.0,7387.046436923185
0.35,1400,490.00000000000006,-470.00000000000006,False,0,0,0,0,8197.046436923185,8197.046436923185,0.0,0.0,122.49999999999999,700.0,822.5,7374.546436923185
0.35,1425,498.75000000000006,-478.75000000000006,False,0,0,0,0,8197.046436923185,8197.046436923185,0.0,0.0,122.49999999999999,712.5,835.0,7362.046436923185
0.35,1450,507.50000000000006,-487.50000000000006,False,0,0,0,0,8197.046436923185,8197.046436923185,0.0,0.0,122.49999999999999,725.0,847.5,7349.546436923185
0.35,1475,516.25,-496.25,False,0,0,0,0,8197.046436923185,8197.046436923185,0.0,0.0,122.49999999999999,737.5,860.0,7337.046436923185
0.35,1500,525.0,-505.0,False,0,0,0,0,8197.046436923185,8197.046436923185,0.0,0.0,122.49999999999999,750.0,872.5,7324.546436923185
0.35,1525,533.75,-513.75,False,0,0,0,0,8197.046436923185,8197.046436923185,0.0,0.0,122.49999999999999,762.5,885.0,7312.046436923185
0.35,1550,542.5,-522.5,False,0,0,0,0,8197.046436923185,8197.046436923185,0.0,0.0,122.49999999999999,775.0,897.5,7299.546436923185
0.35,1575,551.25,-531.25,False,0,0,0,0,8197.046436923185,8197.046436923185,0.0,0.0,122.49999999999999,787.5,910.0,7287.046436923185
0.35,1600,560.0,-540.0,False,0,0,0,0,8197.046436923185,8197.046436923185,0.0,0.0,122.49999999999999,800.0,922.5,7274.546436923185
0.35,1625,568.75,-548.75,False,0,0,0,0,8197.046436923185,8197.046436923185,0.0,0.0,122.49999999999999,812.5,935.0,7262.046436923185
0.35,1650,577.5,-557.5,False,0,0,0,0,8197.046436923185,8197.046436923185,0.0,0.0,122.49999999999999,825.0,947.5,7249.546436923185
0.35,1675,586.25,-566.25,False,0,0,0,0,8197.046436923185,8197.046436923185,0.0,0.0,122.49999999999999,837.5,960.0,7237.046436923185
0.35,1700,595.0,-575.0,False,0,0,0,0,8197.046436923185,8197.046436923185,0.0,0.0,122.49999999999999,850.0,972.5,7224.546436923185
0.35,1725,603.7500000000001,-583.7500000000001,False,0,0,0,0,8197.046436923185,8197.046436923185,0.0,0.0,122.49999999999999,862.5,985.0,7212.046436923185
0.35,1750,612.5000000000001,-592.5000000000001,False,0,0,0,0,8197.046436923185,8197.046436923185,0.0,0.0,122.49999999999999,875.0,997.5,7199.546436923185
0.35,1775,621.2500000000001,-601.2500000000001,False,0,0,0,0,8197.046436923185,8197.046436923185,0.0,0.0,122.49999999999999,887.5,1010.0,7187.046436923185
0.35,1800,630.0000000000001,-610.0000000000001,False,0,0,0,0,8197.046436923185,8197.046436923185,0.0,0.0,122.49999999999999,900.0,1022.5,7174.546436923185
0.35,1825,638.7500000000001,-618.7500000000001,False,0,0,0,0,8197.046436923185,8197.046436923185,0.0,0.0,122.49999999999999,912.5,1035.0,7162.046436923185
0.35,1850,647.5000000000001,-627.5000000000001,False,0,0,0,0,8197.046436923185,8197.046436923185,0.0,0.0,122.49999999999999,925.0,1047.5,7149.546436923185
0.35,1875,656.2500000000001,-636.2500000000001,False,0,0,0,0,8197.046436923185,8197.046436923185,0.0,0.0,122.49999999999999,937.5,1060.0,7137.046436923185
0.35,1900,665.0000000000001,-645.0000000000001,False,0,0,0,0,8197.046436923185,8197.046436923185,0.0,0.0,122.49999999999999,950.0,1072.5,7124.546436923185
0.35,1925,673.7500000000001,-653.7500000000001,False,0,0,0,0,8197.046436923185,8197.046436923185,0.0,0.0,122.49999999999999,962.5,1085.0,7112.046436923185
0.35,1950,682.5000000000001,-662.5000000000001,False,0,0,0,0,8197.046436923185,8197.046436923185,0.0,0.0,122.49999999999999,975.0,1097.5,7099.546436923185
0.35,1975,691.2500000000001,-671.2500000000001,False,0,0,0,0,8197.046436923185,8197.046436923185,0.0,0.0,122.49999999999999,987.5,1110.0,7087.046436923185
0.35,2000,700.0000000000001,-680.0000000000001,False,0,0,0,0,8197.046436923185,8197.046436923185,0.0,0.0,122.49999999999999,1000.0,1122.5,7074.546436923185
0.4,0,0.0,20.0,True,500,100,100,100,8197.046436923185,5653.878725891113,2543.1677110320725,31.025415442036547,160.00000000000003,0.0,160.00000000000003,5493.878725891113
0.4,25,10.0,10.0,True,500,100,100,100,8197.046436923185,5653.878725891113,2543.1677110320725,31.025415442036547,160.00000000000003,12.5,172.50000000000003,5481.378725891113
0.4,50,20.0,0.0,False,500,100,0,0,8197.046436923185,8197.046436923185,0.0,0.0,160.00000000000003,25.0,185.00000000000003,8012.046436923185
0.4,75,30.0,-10.0,False,500,100,0,0,8197.046436923185,8197.046436923185,0.0,0.0,160.00000000000003,37.5,197.50000000000003,7999.546436923185
0.4,100,40.0,-20.0,False,500,100,0,0,8197.046436923185,8197.046436923185,0.0,0.0,160.00000000000003,50.0,210.00000000000003,7987.046436923185
0.4,125,50.0,-30.0,False,500,100,0,0,8197.046436923185,8197.046436923185,0.0,0.0,160.00000000000003,62.5,222.50000000000003,7974.546436923185
0.4,150,60.0,-40.0,False,500,100,0,0,8197.046436923185,8197.046436923185,0.0,0.0,160.00000000000003,75.0,235.00000000000003,7962.046436923185
0.4,175,70.0,-50.0,False,500,100,0,0,8197.046436923185,8197.046436923185,0.0,0.0,160.00000000000003,87.5,247.50000000000003,7949.546436923185
0.4,200,80.0,-60.0,False,500,100,0,0,8197.046436923185,8197.046436923185,0.0,0.0,160.00000000000003,100.0,260.0,7937.046436923185
0.4,225,90.0,-70.0,False,500,100,0,0,8197.046436923185,8197.046436923185,0.0,0.0,160.00000000000003,112.5,272.5,7924.546436923185
0.4,250,100.0,-80.0,False,500,100,0,0,8197.046436923185,8197.046436923185,0.0,0.0,160.00000000000003,125.0,285.0,7912.046436923185
0.4,275,110.0,-90.0,False,500,100,0,0,8197.046436923185,8197.046436923185,0.0,0.0,160.00000000000003,137.5,297.5,7899.546436923185
0.4,300,120.0,-100.0,False,406,100,0,0,8197.046436923185,8197.046436923185,0.0,0.0,160.00000000000003,150.0,310.0,7887.046436923185
0.4,325,130.0,-110.0,False,321,100,0,0,8197.046436923185,8197.046436923185,0.0,0.0,160.00000000000003,162.5,322.5,7874.546436923185
0.4,350,140.0,-120.0,False,244,97,0,0,8197.046436923185,8197.046436923185,0.0,0.0,160.00000000000003,175.0,335.0,7862.046436923185
0.4,375,150.0,-130.0,False,160,86,0,0,8197.046436923185,8197.046436923185,0.0,0.0,160.00000000000003,187.5,347.5,7849.546436923185
0.4,400,160.0,-140.0,False,79,60,0,0,8197.046436923185,8197.046436923185,0.0,0.0,160.00000000000003,200.0,360.0,7837.046436923185
0.4,425,170.0,-150.0,False,0,0,0,0,8197.046436923185,8197.046436923185,0.0,0.0,160.00000000000003,212.5,372.5,7824.546436923185
0.4,450,180.0,-160.0,False,0,0,0,0,8197.046436923185,8197.046436923185,0.0,0.0,160.00000000000003,225.0,385.0,7812.046436923185
0.4,475,190.0,-170.0,False,0,0,0,0,8197.046436923185,8197.046436923185,0.0,0.0,160.00000000000003,237.5,397.5,7799.546436923185
0.4,500,200.0,-180.0,False,0,0,0,0,8197.046436923185,8197.046436923185,0.0,0.0,160.00000000000003,250.0,410.0,7787.046436923185
0.4,525,210.0,-190.0,False,0,0,0,0,8197.046436923185,8197.046436923185,0.0,0.0,160.00000000000003,262.5,422.5,7774.546436923185
0.4,550,220.0,-200.0,False,0,0,0,0,8197.046436923185,8197.046436923185,0.0,0.0,160.00000000000003,275.0,435.0,7762.046436923185
0.4,575,230.0,-210.0,False,0,0,0,0,8197.046436923185,8197.046436923185,0.0,0.0,160.00000000000003,287.5,447.5,7749.546436923185
0.4,600,240.0,-220.0,False,0,0,0,0,8197.046436923185,8197.046436923185,0.0,0.0,160.00000000000003,300.0,460.0,7737.046436923185
0.4,625,250.0,-230.0,False,0,0,0,0,8197.046436923185,8197.046436923185,0.0,0.0,160.00000000000003,312.5,472.5,7724.546436923185
0.4,650,260.0,-240.0,False,0,0,0,0,8197.046436923185,8197.046436923185,0.0,0.0,160.00000000000003,325.0,485.0,7712.046436923185
0.4,675,270.0,-250.0,False,0,0,0,0,8197.046436923185,8197.046436923185,0.0,0.0,160.00000000000003,337.5,497.5,7699.546436923185
0.4,700,280.0,-260.0,False,0,0,0,0,8197.046436923185,8197.046436923185,0.0,0.0,160.00000000000003,350.0,510.0,7687.046436923185
0.4,725,290.0,-270.0,False,0,0,0,0,8197.046436923185,8197.046436923185,0.0,0.0,160.00000000000003,362.5,522.5,7674.546436923185
0.4,750,300.0,-280.0,False,0,0,0,0,8197.046436923185,8197.046436923185,0.0,0.0,160.00000000000003,375.0,535.0,7662.046436923185
0.4,775,310.0,-290.0,False,0,0,0,0,8197.046436923185,8197.046436923185,0.0,0.0,160.00000000000003,387.5,547.5,7649.546436923185
0.4,800,320.0,-300.0,False,0,0,0,0,8197.046436923185,8197.046436923185,0.0,0.0,160.00000000000003,400.0,560.0,7637.046436923185
0.4,825,330.0,-310.0,False,0,0,0,0,8197.046436923185,8197.046436923185,0.0,0.0,160.00000000000003,412.5,572.5,7624.546436923185
0.4,850,340.0,-320.0,False,0,0,0,0,8197.046436923185,8197.046436923185,0.0,0.0,160.00000000000003,425.0,585.0,7612.046436923185
0.4,875,350.0,-330.0,False,0,0,0,0,8197.046436923185,8197.046436923185,0.0,0.0,160.00000000000003,437.5,597.5,7599.546436923185
0.4,900,360.0,-340.0,False,0,0,0,0,8197.046436923185,8197.046436923185,0.0,0.0,160.00000000000003,450.0,610.0,7587.046436923185
0.4,925,370.0,-350.0,False,0,0,0,0,8197.046436923185,8197.046436923185,0.0,0.0,160.00000000000003,462.5,622.5,7574.546436923185
0.4,950,380.0,-360.0,False,0,0,0,0,8197.046436923185,8197.046436923185,0.0,0.0,160.00000000000003,475.0,635.0,7562.046436923185
0.4,975,390.0,-370.0,False,0,0,0,0,8197.046436923185,8197.046436923185,0.0,0.0,160.00000000000003,487.5,647.5,7549.546436923185
0.4,1000,400.0,-380.0,False,0,0,0,0,8197.046436923185,8197.046436923185,0.0,0.0,160.00000000000003,500.0,660.0,7537.046436923185
0.4,1025,410.0,-390.0,False,0,0,0,0,8197.046436923185,8197.046436923185,0.0,0.0,160.00000000000003,512.5,672.5,7524.546436923185
0.4,1050,420.0,-400.0,False,0,0,0,0,8197.046436923185,8197.046436923185,0.0,0.0,160.00000000000003,525.0,685.0,7512.046436923185
0.4,1075,430.0,-410.0,False,0,0,0,0,8197.046436923185,8197.046436923185,0.0,0.0,160.00000000000003,537.5,697.5,7499.546436923185
0.4,1100,440.0,-420.0,False,0,0,0,0,8197.046436923185,8197.046436923185,0.0,0.0,160.00000000000003,550.0,710.0,7487.046436923185
0.4,1125,450.0,-430.0,False,0,0,0,0,8197.046436923185,8197.046436923185,0.0,0.0,160.00000000000003,562.5,722.5,7474.546436923185
0.4,1150,460.0,-440.0,False,0,0,0,0,8197.046436923185,8197.046436923185,0.0,0.0,160.00000000000003,575.0,735.0,7462.046436923185
0.4,1175,470.0,-450.0,False,0,0,0,0,8197.046436923185,8197.046436923185,0.0,0.0,160.00000000000003,587.5,747.5,7449.546436923185
0.4,1200,480.0,-460.0,False,0,0,0,0,8197.046436923185,8197.046436923185,0.0,0.0,160.00000000000003,600.0,760.0,7437.046436923185
0.4,1225,490.0,-470.0,False,0,0,0,0,8197.046436923185,8197.046436923185,0.0,0.0,160.00000000000003,612.5,772.5,7424.546436923185
0.4,1250,500.0,-480.0,False,0,0,0,0,8197.046436923185,8197.046436923185,0.0,0.0,160.00000000000003,625.0,785.0,7412.046436923185
0.4,1275,510.0,-490.0,False,0,0,0,0,8197.046436923185,8197.046436923185,0.0,0.0,160.00000000000003,637.5,797.5,7399.546436923185
0.4,1300,520.0,-500.0,False,0,0,0,0,8197.046436923185,8197.046436923185,0.0,0.0,160.00000000000003,650.0,810.0,7387.046436923185
0.4,1325,530.0,-510.0,False,0,0,0,0,8197.046436923185,8197.046436923185,0.0,0.0,160.00000000000003,662.5,822.5,7374.546436923185
0.4,1350,540.0,-520.0,False,0,0,0,0,8197.046436923185,8197.046436923185,0.0,0.0,160.00000000000003,675.0,835.0,7362.046436923185
0.4,1375,550.0,-530.0,False,0,0,0,0,8197.046436923185,8197.046436923185,0.0,0.0,160.00000000000003,687.5,847.5,7349.546436923185
0.4,1400,560.0,-540.0,False,0,0,0,0,8197.046436923185,8197.046436923185,0.0,0.0,160.00000000000003,700.0,860.0,7337.046436923185
0.4,1425,570.0,-550.0,False,0,0,0,0,8197.046436923185,8197.046436923185,0.0,0.0,160.00000000000003,712.5,872.5,7324.546436923185
0.4,1450,580.0,-560.0,False,0,0,0,0,8197.046436923185,8197.046436923185,0.0,0.0,160.00000000000003,725.0,885.0,7312.046436923185
0.4,1475,590.0,-570.0,False,0,0,0,0,8197.046436923185,8197.046436923185,0.0,0.0,160.00000000000003,737.5,897.5,7299.546436923185
0.4,1500,600.0,-580.0,False,0,0,0,0,8197.046436923185,8197.046436923185,0.0,0.0,160.00000000000003,750.0,910.0,7287.046436923185
0.4,1525,610.0,-590.0,False,0,0,0,0,8197.046436923185,8197.046436923185,0.0,0.0,160.00000000000003,762.5,922.5,7274.546436923185
0.4,1550,620.0,-600.0,False,0,0,0,0,8197.046436923185,8197.046436923185,0.0,0.0,160.00000000000003,775.0,935.0,7262.046436923185
0.4,1575,630.0,-610.0,False,0,0,0,0,8197.046436923185,8197.046436923185,0.0,0.0,160.00000000000003,787.5,947.5,7249.546436923185
0.4,1600,640.0,-620.0,False,0,0,0,0,8197.046436923185,8197.046436923185,0.0,0.0,160.00000000000003,800.0,960.0,7237.046436923185
0.4,1625,650.0,-630.0,False,0,0,0,0,8197.046436923185,8197.046436923185,0.0,0.0,160.00000000000003,812.5,972.5,7224.546436923185
0.4,1650,660.0,-640.0,False,0,0,0,0,8197.046436923185,8197.046436923185,0.0,0.0,160.00000000000003,825.0,985.0,7212.046436923185
0.4,1675,670.0,-650.0,False,0,0,0,0,8197.046436923185,8197.046436923185,0.0,0.0,160.00000000000003,837.5,997.5,7199.546436923185
0.4,1700,680.0,-660.0,False,0,0,0,0,8197.046436923185,8197.046436923185,0.0,0.0,160.00000000000003,850.0,1010.0,7187.046436923185
0.4,1725,690.0,-670.0,False,0,0,0,0,8197.046436923185,8197.046436923185,0.0,0.0,160.00000000000003,862.5,1022.5,7174.546436923185
0.4,1750,700.0,-680.0,False,0,0,0,0,8197.046436923185,8197.046436923185,0.0,0.0,160.00000000000003,875.0,1035.0,7162.046436923185
0.4,1775,710.0,-690.0,False,0,0,0,0,8197.046436923185,8197.046436923185,0.0,0.0,160.00000000000003,887.5,1047.5,7149.546436923185
0.4,1800,720.0,-700.0,False,0,0,0,0,8197.046436923185,8197.046436923185,0.0,0.0,160.00000000000003,900.0,1060.0,7137.046436923185
0.4,1825,730.0,-710.0,False,0,0,0,0,8197.046436923185,8197.046436923185,0.0,0.0,160.00000000000003,912.5,1072.5,7124.546436923185
0.4,1850,740.0,-720.0,False,0,0,0,0,8197.046436923185,8197.046436923185,0.0,0.0,160.00000000000003,925.0,1085.0,7112.046436923185
0.4,1875,750.0,-730.0,False,0,0,0,0,8197.046436923185,8197.046436923185,0.0,0.0,160.00000000000003,937.5,1097.5,7099.546436923185
0.4,1900,760.0,-740.0,False,0,0,0,0,8197.046436923185,8197.046436923185,0.0,0.0,160.00000000000003,950.0,1110.0,7087.046436923185
0.4,1925,770.0,-750.0,False,0,0,0,0,8197.046436923185,8197.046436923185,0.0,0.0,160.00000000000003,962.5,1122.5,7074.546436923185
0.4,1950,780.0,-760.0,False,0,0,0,0,8197.046436923185,8197.046436923185,0.0,0.0,160.00000000000003,975.0,1135.0,7062.046436923185
0.4,1975,790.0,-770.0,False,0,0,0,0,8197.046436923185,8197.046436923185,0.0,0.0,160.00000000000003,987.5,1147.5,7049.546436923185
0.4,2000,800.0,-780.0,False,0,0,0,0,8197.046436923185,8197.046436923185,0.0,0.0,160.00000000000003,1000.0,1160.0,7037.046436923185
0.45,0,0.0,20.0,True,500,100,100,100,8197.046436923185,5653.878725891113,2543.1677110320725,31.025415442036547,202.5,0.0,202.5,5451.378725891113
0.45,25,11.25,8.75,True,500,100,100,100,8197.046436923185,5653.878725891113,2543.1677110320725,31.025415442036547,202.5,12.5,215.0,5438.878725891113
0.45,50,22.5,-2.5,False,500,100,0,0,8197.046436923185,8197.046436923185,0.0,0.0,202.5,25.0,227.5,7969.546436923185
0.45,75,33.75,-13.75,False,500,100,0,0,8197.046436923185,8197.046436923185,0.0,0.0,202.5,37.5,240.0,7957.046436923185
0.45,100,45.0,-25.0,False,500,100,0,0,8197.046436923185,8197.046436923185,0.0,0.0,202.5,50.0,252.5,7944.546436923185
0.45,125,56.25,-36.25,False,500,100,0,0,8197.046436923185,8197.046436923185,0.0,0.0,202.5,62.5,265.0,7932.046436923185
0.45,150,67.5,-47.5,False,500,100,0,0,8197.046436923185,8197.046436923185,0.0,0.0,202.5,75.0,277.5,7919.546436923185
0.45,175,78.75,-58.75,False,500,100,0,0,8197.046436923185,8197.046436923185,0.0,0.0,202.5,87.5,290.0,7907.046436923185
0.45,200,90.0,-70.0,False,500,100,0,0,8197.046436923185,8197.046436923185,0.0,0.0,202.5,100.0,302.5,7894.546436923185
0.45,225,101.25,-81.25,False,500,100,0,0,8197.046436923185,8197.046436923185,0.0,0.0,202.5,112.5,315.0,7882.046436923185
0.45,250,112.5,-92.5,False,477,100,0,0,8197.046436923185,8197.046436923185,0.0,0.0,202.5,125.0,327.5,7869.546436923185
0.45,275,123.75,-103.75,False,374,100,0,0,8197.046436923185,8197.046436923185,0.0,0.0,202.5,137.5,340.0,7857.046436923185
0.45,300,135.0,-115.0,False,291,99,0,0,8197.046436923185,8197.046436923185,0.0,0.0,202.5,150.0,352.5,7844.546436923185
0.45,325,146.25,-126.25,False,196,90,0,0,8197.046436923185,8197.046436923185,0.0,0.0,202.5,162.5,365.0,7832.046436923185
0.45,350,157.5,-137.5,False,93,68,0,0,8197.046436923185,8197.046436923185,0.0,0.0,202.5,175.0,377.5,7819.546436923185
0.45,375,168.75,-148.75,False,15,15,0,0,8197.046436923185,8197.046436923185,0.0,0.0,202.5,187.5,390.0,7807.046436923185
0.45,400,180.0,-160.0,False,0,0,0,0,8197.046436923185,8197.046436923185,0.0,0.0,202.5,200.0,402.5,7794.546436923185
0.45,425,191.25,-171.25,False,0,0,0,0,8197.046436923185,8197.046436923185,0.0,0.0,202.5,212.5,415.0,7782.046436923185
0.45,450,202.5,-182.5,False,0,0,0,0,8197.046436923185,8197.046436923185,0.0,0.0,202.5,225.0,427.5,7769.546436923185
0.45,475,213.75,-193.75,False,0,0,0,0,8197.046436923185,8197.046436923185,0.0,0.0,202.5,237.5,440.0,7757.046436923185
0.45,500,225.0,-205.0,False,0,0,0,0,8197.046436923185,8197.046436923185,0.0,0.0,202.5,250.0,452.5,7744.546436923185
0.45,525,236.25,-216.25,False,0,0,0,0,8197.046436923185,8197.046436923185,0.0,0.0,202.5,262.5,465.0,7732.046436923185
0.45,550,247.5,-227.5,False,0,0,0,0,8197.046436923185,8197.046436923185,0.0,0.0,202.5,275.0,477.5,7719.546436923185
0.45,575,258.75,-238.75,False,0,0,0,0,8197.046436923185,8197.046436923185,0.0,0.0,202.5,287.5,490.0,7707.046436923185
0.45,600,270.0,-250.0,False,0,0,0,0,8197.046436923185,8197.046436923185,0.0,0.0,202.5,300.0,502.5,7694.546436923185
0.45,625,281.25,-261.25,False,0,0,0,0,8197.046436923185,8197.046436923185,0.0,0.0,202.5,312.5,515.0,7682.046436923185
0.45,650,292.5,-272.5,False,0,0,0,0,8197.046436923185,8197.046436923185,0.0,0.0,202.5,325.0,527.5,7669.546436923185
0.45,675,303.75,-283.75,False,0,0,0,0,8197.046436923185,8197.046436923185,0.0,0.0,202.5,337.5,540.0,7657.046436923185
0.45,700,315.0,-295.0,False,0,0,0,0,8197.046436923185,8197.046436923185,0.0,0.0,202.5,350.0,552.5,7644.546436923185
0.45,725,326.25,-306.25,False,0,0,0,0,8197.046436923185,8197.046436923185,0.0,0.0,202.5,362.5,565.0,7632.046436923185
0.45,750,337.5,-317.5,False,0,0,0,0,8197.046436923185,8197.046436923185,0.0,0.0,202.5,375.0,577.5,7619.546436923185
0.45,775,348.75,-328.75,False,0,0,0,0,8197.046436923185,8197.046436923185,0.0,0.0,202.5,387.5,590.0,7607.046436923185
0.45,800,360.0,-340.0,False,0,0,0,0,8197.046436923185,8197.046436923185,0.0,0.0,202.5,400.0,602.5,7594.546436923185
0.45,825,371.25,-351.25,False,0,0,0,0,8197.046436923185,8197.046436923185,0.0,0.0,202.5,412.5,615.0,7582.046436923185
0.45,850,382.5,-362.5,False,0,0,0,0,8197.046436923185,8197.046436923185,0.0,0.0,202.5,425.0,627.5,7569.546436923185
0.45,875,393.75,-373.75,False,0,0,0,0,8197.046436923185,8197.046436923185,0.0,0.0,202.5,437.5,640.0,7557.046436923185
0.45,900,405.0,-385.0,False,0,0,0,0,8197.046436923185,8197.046436923185,0.0,0.0,202.5,450.0,652.5,7544.546436923185
0.45,925,416.25,-396.25,False,0,0,0,0,8197.046436923185,8197.046436923185,0.0,0.0,202.5,462.5,665.0,7532.046436923185
0.45,950,427.5,-407.5,False,0,0,0,0,8197.046436923185,8197.046436923185,0.0,0.0,202.5,475.0,677.5,7519.546436923185
0.45,975,438.75,-418.75,False,0,0,0,0,8197.046436923185,8197.046436923185,0.0,0.0,202.5,487.5,690.0,7507.046436923185
0.45,1000,450.0,-430.0,False,0,0,0,0,8197.046436923185,8197.046436923185,0.0,0.0,202.5,500.0,702.5,7494.546436923185
0.45,1025,461.25,-441.25,False,0,0,0,0,8197.046436923185,8197.046436923185,0.0,0.0,202.5,512.5,715.0,7482.046436923185
0.45,1050,472.5,-452.5,False,0,0,0,0,8197.046436923185,8197.046436923185,0.0,0.0,202.5,525.0,727.5,7469.546436923185
0.45,1075,483.75,-463.75,False,0,0,0,0,8197.046436923185,8197.046436923185,0.0,0.0,202.5,537.5,740.0,7457.046436923185
0.45,1100,495.0,-475.0,False,0,0,0,0,8197.046436923185,8197.046436923185,0.0,0.0,202.5,550.0,752.5,7444.546436923185
0.45,1125,506.25,-486.25,False,0,0,0,0,8197.046436923185,8197.046436923185,0.0,0.0,202.5,562.5,765.0,7432.046436923185
0.45,1150,517.5,-497.5,False,0,0,0,0,8197.046436923185,8197.046436923185,0.0,0.0,202.5,575.0,777.5,7419.546436923185
0.45,1175,528.75,-508.75,False,0,0,0,0,8197.046436923185,8197.046436923185,0.0,0.0,202.5,587.5,790.0,7407.046436923185
0.45,1200,540.0,-520.0,False,0,0,0,0,8197.046436923185,8197.046436923185,0.0,0.0,202.5,600.0,802.5,7394.546436923185
0.45,1225,551.25,-531.25,False,0,0,0,0,8197.046436923185,8197.046436923185,0.0,0.0,202.5,612.5,815.0,7382.046436923185
0.45,1250,562.5,-542.5,False,0,0,0,0,8197.046436923185,8197.046436923185,0.0,0.0,202.5,625.0,827.5,7369.546436923185
0.45,1275,573.75,-553.75,False,0,0,0,0,8197.046436923185,8197.046436923185,0.0,0.0,202.5,637.5,840.0,7357.046436923185
0.45,1300,585.0,-565.0,False,0,0,0,0,8197.046436923185,8197.046436923185,0.0,0.0,202.5,650.0,852.5,7344.546436923185
0.45,1325,596.25,-576.25,False,0,0,0,0,8197.046436923185,8197.046436923185,0.0,0.0,202.5,662.5,865.0,7332.046436923185
0.45,1350,607.5,-587.5,False,0,0,0,0,8197.046436923185,8197.046436923185,0.0,0.0,202.5,675.0,877.5,7319.546436923185
0.45,1375,618.75,-598.75,False,0,0,0,0,8197.046436923185,8197.046436923185,0.0,0.0,202.5,687.5,890.0,7307.046436923185
0.45,1400,630.0,-610.0,False,0,0,0,0,8197.046436923185,8197.046436923185,0.0,0.0,202.5,700.0,902.5,7294.546436923185
0.45,1425,641.25,-621.25,False,0,0,0,0,8197.046436923185,8197.046436923185,0.0,0.0,202.5,712.5,915.0,7282.046436923185
0.45,1450,652.5,-632.5,False,0,0,0,0,8197.046436923185,8197.046436923185,0.0,0.0,202.5,725.0,927.5,7269.546436923185
0.45,1475,663.75,-643.75,False,0,0,0,0,8197.046436923185,8197.046436923185,0.0,0.0,202.5,737.5,940.0,7257.046436923185
0.45,1500,675.0,-655.0,False,0,0,0,0,8197.046436923185,8197.046436923185,0.0,0.0,202.5,750.0,952.5,7244.546436923185
0.45,1525,686.25,-666.25,False,0,0,0,0,8197.046436923185,8197.046436923185,0.0,0.0,202.5,762.5,965.0,7232.046436923185
0.45,1550,697.5,-677.5,False,0,0,0,0,8197.046436923185,8197.046436923185,0.0,0.0,202.5,775.0,977.5,7219.546436923185
0.45,1575,708.75,-688.75,False,0,0,0,0,8197.046436923185,8197.046436923185,0.0,0.0,202.5,787.5,990.0,7207.046436923185
0.45,1600,720.0,-700.0,False,0,0,0,0,8197.046436923185,8197.046436923185,0.0,0.0,202.5,800.0,1002.5,7194.546436923185
0.45,1625,731.25,-711.25,False,0,0,0,0,8197.046436923185,8197.046436923185,0.0,0.0,202.5,812.5,1015.0,7182.046436923185
0.45,1650,742.5,-722.5,False,0,0,0,0,8197.046436923185,8197.046436923185,0.0,0.0,202.5,825.0,1027.5,7169.546436923185
0.45,1675,753.75,-733.75,False,0,0,0,0,8197.046436923185,8197.046436923185,0.0,0.0,202.5,837.5,1040.0,7157.046436923185
0.45,1700,765.0,-745.0,False,0,0,0,0,8197.046436923185,8197.046436923185,0.0,0.0,202.5,850.0,1052.5,7144.546436923185
0.45,1725,776.25,-756.25,False,0,0,0,0,8197.046436923185,8197.046436923185,0.0,0.0,202.5,862.5,1065.0,7132.046436923185
0.45,1750,787.5,-767.5,False,0,0,0,0,8197.046436923185,8197.046436923185,0.0,0.0,202.5,875.0,1077.5,7119.546436923185
0.45,1775,798.75,-778.75,False,0,0,0,0,8197.046436923185,8197.046436923185,0.0,0.0,202.5,887.5,1090.0,7107.046436923185
0.45,1800,810.0,-790.0,False,0,0,0,0,8197.046436923185,8197.046436923185,0.0,0.0,202.5,900.0,1102.5,7094.546436923185
0.45,1825,821.25,-801.25,False,0,0,0,0,8197.046436923185,8197.046436923185,0.0,0.0,202.5,912.5,1115.0,7082.046436923185
0.45,1850,832.5,-812.5,False,0,0,0,0,8197.046436923185,8197.046436923185,0.0,0.0,202.5,925.0,1127.5,7069.546436923185
0.45,1875,843.75,-823.75,False,0,0,0,0,8197.046436923185,8197.046436923185,0.0,0.0,202.5,937.5,1140.0,7057.046436923185
0.45,1900,855.0,-835.0,False,0,0,0,0,8197.046436923185,8197.046436923185,0.0,0.0,202.5,950.0,1152.5,7044.546436923185
0.45,1925,866.25,-846.25,False,0,0,0,0,8197.046436923185,8197.046436923185,0.0,0.0,202.5,962.5,1165.0,7032.046436923185
0.45,1950,877.5,-857.5,False,0,0,0,0,8197.046436923185,8197.046436923185,0.0,0.0,202.5,975.0,1177.5,7019.546436923185
0.45,1975,888.75,-868.75,False,0,0,0,0,8197.046436923185,8197.046436923185,0.0,0.0,202.5,987.5,1190.0,7007.046436923185
0.45,2000,900.0,-880.0,False,0,0,0,0,8197.046436923185,8197.046436923185,0.0,0.0,202.5,1000.0,1202.5,6994.546436923185
0.5,0,0.0,20.0,True,500,100,100,100,8197.046436923185,5653.878725891113,2543.1677110320725,31.025415442036547,250.0,0.0,250.0,5403.878725891113
0.5,25,12.5,7.5,True,500,100,100,100,8197.046436923185,5653.878725891113,2543.1677110320725,31.025415442036547,250.0,12.5,262.5,5391.378725891113
0.5,50,25.0,-5.0,False,500,100,0,0,8197.046436923185,8197.046436923185,0.0,0.0,250.0,25.0,275.0,7922.046436923185
0.5,75,37.5,-17.5,False,500,100,0,0,8197.046436923185,8197.046436923185,0.0,0.0,250.0,37.5,287.5,7909.546436923185
0.5,100,50.0,-30.0,False,500,100,0,0,8197.046436923185,8197.046436923185,0.0,0.0,250.0,50.0,300.0,7897.046436923185
0.5,125,62.5,-42.5,False,500,100,0,0,8197.046436923185,8197.046436923185,0.0,0.0,250.0,62.5,312.5,7884.546436923185
0.5,150,75.0,-55.0,False,500,100,0,0,8197.046436923185,8197.046436923185,0.0,0.0,250.0,75.0,325.0,7872.046436923185
0.5,175,87.5,-67.5,False,500,100,0,0,8197.046436923185,8197.046436923185,0.0,0.0,250.0,87.5,337.5,7859.546436923185
0.5,200,100.0,-80.0,False,500,100,0,0,8197.046436923185,8197.046436923185,0.0,0.0,250.0,100.0,350.0,7847.046436923185
0.5,225,112.5,-92.5,False,477,100,0,0,8197.046436923185,8197.046436923185,0.0,0.0,250.0,112.5,362.5,7834.546436923185
0.5,250,125.0,-105.0,False,362,100,0,0,8197.046436923185,8197.046436923185,0.0,0.0,250.0,125.0,375.0,7822.046436923185
0.5,275,137.5,-117.5,False,271,99,0,0,8197.046436923185,8197.046436923185,0.0,0.0,250.0,137.5,387.5,7809.546436923185
0.5,300,150.0,-130.0,False,160,86,0,0,8197.046436923185,8197.046436923185,0.0,0.0,250.0,150.0,400.0,7797.046436923185
0.5,325,162.5,-142.5,False,60,49,0,0,8197.046436923185,8197.046436923185,0.0,0.0,250.0,162.5,412.5,7784.546436923185
0.5,350,175.0,-155.0,False,0,0,0,0,8197.046436923185,8197.046436923185,0.0,0.0,250.0,175.0,425.0,7772.046436923185
0.5,375,187.5,-167.5,False,0,0,0,0,8197.046436923185,8197.046436923185,0.0,0.0,250.0,187.5,437.5,7759.546436923185
0.5,400,200.0,-180.0,False,0,0,0,0,8197.046436923185,8197.046436923185,0.0,0.0,250.0,200.0,450.0,7747.046436923185
0.5,425,212.5,-192.5,False,0,0,0,0,8197.046436923185,8197.046436923185,0.0,0.0,250.0,212.5,462.5,7734.546436923185
0.5,450,225.0,-205.0,False,0,0,0,0,8197.046436923185,8197.046436923185,0.0,0.0,250.0,225.0,475.0,7722.046436923185
0.5,475,237.5,-217.5,False,0,0,0,0,8197.046436923185,8197.046436923185,0.0,0.0,250.0,237.5,487.5,7709.546436923185
0.5,500,250.0,-230.0,False,0,0,0,0,8197.046436923185,8197.046436923185,0.0,0.0,250.0,250.0,500.0,7697.046436923185
0.5,525,262.5,-242.5,False,0,0,0,0,8197.046436923185,8197.046436923185,0.0,0.0,250.0,262.5,512.5,7684.546436923185
0.5,550,275.0,-255.0,False,0,0,0,0,8197.046436923185,8197.046436923185,0.0,0.0,250.0,275.0,525.0,7672.046436923185
0.5,575,287.5,-267.5,False,0,0,0,0,8197.046436923185,8197.046436923185,0.0,0.0,250.0,287.5,537.5,7659.546436923185
0.5,600,300.0,-280.0,False,0,0,0,0,8197.046436923185,8197.046436923185,0.0,0.0,250.0,300.0,550.0,7647.046436923185
0.5,625,312.5,-292.5,False,0,0,0,0,8197.046436923185,8197.046436923185,0.0,0.0,250.0,312.5,562.5,7634.546436923185
0.5,650,325.0,-305.0,False,0,0,0,0,8197.046436923185,8197.046436923185,0.0,0.0,250.0,325.0,575.0,7622.046436923185
0.5,675,337.5,-317.5,False,0,0,0,0,8197.046436923185,8197.046436923185,0.0,0.0,250.0,337.5,587.5,7609.546436923185
0.5,700,350.0,-330.0,False,0,0,0,0,8197.046436923185,8197.046436923185,0.0,0.0,250.0,350.0,600.0,7597.046436923185
0.5,725,362.5,-342.5,False,0,0,0,0,8197.046436923185,8197.046436923185,0.0,0.0,250.0,362.5,612.5,7584.546436923185
0.5,750,375.0,-355.0,False,0,0,0,0,8197.046436923185,8197.046436923185,0.0,0.0,250.0,375.0,625.0,7572.046436923185
0.5,775,387.5,-367.5,False,0,0,0,0,8197.046436923185,8197.046436923185,0.0,0.0,250.0,387.5,637.5,7559.546436923185
0.5,800,400.0,-380.0,False,0,0,0,0,8197.046436923185,8197.046436923185,0.0,0.0,250.0,400.0,650.0,7547.046436923185
0.5,825,412.5,-392.5,False,0,0,0,0,8197.046436923185,8197.046436923185,0.0,0.0,250.0,412.5,662.5,7534.546436923185
0.5,850,425.0,-405.0,False,0,0,0,0,8197.046436923185,8197.046436923185,0.0,0.0,250.0,425.0,675.0,7522.046436923185
0.5,875,437.5,-417.5,False,0,0,0,0,8197.046436923185,8197.046436923185,0.0,0.0,250.0,437.5,687.5,7509.546436923185
0.5,900,450.0,-430.0,False,0,0,0,0,8197.046436923185,8197.046436923185,0.0,0.0,250.0,450.0,700.0,7497.046436923185
0.5,925,462.5,-442.5,False,0,0,0,0,8197.046436923185,8197.046436923185,0.0,0.0,250.0,462.5,712.5,7484.546436923185
0.5,950,475.0,-455.0,False,0,0,0,0,8197.046436923185,8197.046436923185,0.0,0.0,250.0,475.0,725.0,7472.046436923185
0.5,975,487.5,-467.5,False,0,0,0,0,8197.046436923185,8197.046436923185,0.0,0.0,250.0,487.5,737.5,7459.546436923185
0.5,1000,500.0,-480.0,False,0,0,0,0,8197.046436923185,8197.046436923185,0.0,0.0,250.0,500.0,750.0,7447.046436923185
0.5,1025,512.5,-492.5,False,0,0,0,0,8197.046436923185,8197.046436923185,0.0,0.0,250.0,512.5,762.5,7434.546436923185
0.5,1050,525.0,-505.0,False,0,0,0,0,8197.046436923185,8197.046436923185,0.0,0.0,250.0,525.0,775.0,7422.046436923185
0.5,1075,537.5,-517.5,False,0,0,0,0,8197.046436923185,8197.046436923185,0.0,0.0,250.0,537.5,787.5,7409.546436923185
0.5,1100,550.0,-530.0,False,0,0,0,0,8197.046436923185,8197.046436923185,0.0,0.0,250.0,550.0,800.0,7397.046436923185
0.5,1125,562.5,-542.5,False,0,0,0,0,8197.046436923185,8197.046436923185,0.0,0.0,250.0,562.5,812.5,7384.546436923185
0.5,1150,575.0,-555.0,False,0,0,0,0,8197.046436923185,8197.046436923185,0.0,0.0,250.0,575.0,825.0,7372.046436923185
0.5,1175,587.5,-567.5,False,0,0,0,0,8197.046436923185,8197.046436923185,0.0,0.0,250.0,587.5,837.5,7359.546436923185
0.5,1200,600.0,-580.0,False,0,0,0,0,8197.046436923185,8197.046436923185,0.0,0.0,250.0,600.0,850.0,7347.046436923185
0.5,1225,612.5,-592.5,False,0,0,0,0,8197.046436923185,8197.046436923185,0.0,0.0,250.0,612.5,862.5,7334.546436923185
0.5,1250,625.0,-605.0,False,0,0,0,0,8197.046436923185,8197.046436923185,0.0,0.0,250.0,625.0,875.0,7322.046436923185
0.5,1275,637.5,-617.5,False,0,0,0,0,8197.046436923185,8197.046436923185,0.0,0.0,250.0,637.5,887.5,7309.546436923185
0.5,1300,650.0,-630.0,False,0,0,0,0,8197.046436923185,8197.046436923185,0.0,0.0,250.0,650.0,900.0,7297.046436923185
0.5,1325,662.5,-642.5,False,0,0,0,0,8197.046436923185,8197.046436923185,0.0,0.0,250.0,662.5,912.5,7284.546436923185
0.5,1350,675.0,-655.0,False,0,0,0,0,8197.046436923185,8197.046436923185,0.0,0.0,250.0,675.0,925.0,7272.046436923185
0.5,1375,687.5,-667.5,False,0,0,0,0,8197.046436923185,8197.046436923185,0.0,0.0,250.0,687.5,937.5,7259.546436923185
0.5,1400,700.0,-680.0,False,0,0,0,0,8197.046436923185,8197.046436923185,0.0,0.0,250.0,700.0,950.0,7247.046436923185
0.5,1425,712.5,-692.5,False,0,0,0,0,8197.046436923185,8197.046436923185,0.0,0.0,250.0,712.5,962.5,7234.546436923185
0.5,1450,725.0,-705.0,False,0,0,0,0,8197.046436923185,8197.046436923185,0.0,0.0,250.0,725.0,975.0,7222.046436923185
0.5,1475,737.5,-717.5,False,0,0,0,0,8197.046436923185,8197.046436923185,0.0,0.0,250.0,737.5,987.5,7209.546436923185
0.5,1500,750.0,-730.0,False,0,0,0,0,8197.046436923185,8197.046436923185,0.0,0.0,250.0,750.0,1000.0,7197.046436923185
0.5,1525,762.5,-742.5,False,0,0,0,0,8197.046436923185,8197.046436923185,0.0,0.0,250.0,762.5,1012.5,7184.546436923185
0.5,1550,775.0,-755.0,False,0,0,0,0,8197.046436923185,8197.046436923185,0.0,0.0,250.0,775.0,1025.0,7172.046436923185
0.5,1575,787.5,-767.5,False,0,0,0,0,8197.046436923185,8197.046436923185,0.0,0.0,250.0,787.5,1037.5,7159.546436923185
0.5,1600,800.0,-780.0,False,0,0,0,0,8197.046436923185,8197.046436923185,0.0,0.0,250.0,800.0,1050.0,7147.046436923185
0.5,1625,812.5,-792.5,False,0,0,0,0,8197.046436923185,8197.046436923185,0.0,0.0,250.0,812.5,1062.5,7134.546436923185
0.5,1650,825.0,-805.0,False,0,0,0,0,8197.046436923185,8197.046436923185,0.0,0.0,250.0,825.0,1075.0,7122.046436923185
0.5,1675,837.5,-817.5,False,0,0,0,0,8197.046436923185,8197.046436923185,0.0,0.0,250.0,837.5,1087.5,7109.546436923185
0.5,1700,850.0,-830.0,False,0,0,0,0,8197.046436923185,8197.046436923185,0.0,0.0,250.0,850.0,1100.0,7097.046436923185
0.5,1725,862.5,-842.5,False,0,0,0,0,8197.046436923185,8197.046436923185,0.0,0.0,250.0,862.5,1112.5,7084.546436923185
0.5,1750,875.0,-855.0,False,0,0,0,0,8197.046436923185,8197.046436923185,0.0,0.0,250.0,875.0,1125.0,7072.046436923185
0.5,1775,887.5,-867.5,False,0,0,0,0,8197.046436923185,8197.046436923185,0.0,0.0,250.0,887.5,1137.5,7059.546436923185
0.5,1800,900.0,-880.0,False,0,0,0,0,8197.046436923185,8197.046436923185,0.0,0.0,250.0,900.0,1150.0,7047.046436923185
0.5,1825,912.5,-892.5,False,0,0,0,0,8197.046436923185,8197.046436923185,0.0,0.0,250.0,912.5,1162.5,7034.546436923185
0.5,1850,925.0,-905.0,False,0,0,0,0,8197.046436923185,8197.046436923185,0.0,0.0,250.0,925.0,1175.0,7022.046436923185
0.5,1875,937.5,-917.5,False,0,0,0,0,8197.046436923185,8197.046436923185,0.0,0.0,250.0,937.5,1187.5,7009.546436923185
0.5,1900,950.0,-930.0,False,0,0,0,0,8197.046436923185,8197.046436923185,0.0,0.0,250.0,950.0,1200.0,6997.046436923185
0.5,1925,962.5,-942.5,False,0,0,0,0,8197.046436923185,8197.046436923185,0.0,0.0,250.0,962.5,1212.5,6984.546436923185
0.5,1950,975.0,-955.0,False,0,0,0,0,8197.046436923185,8197.046436923185,0.0,0.0,250.0,975.0,1225.0,6972.046436923185
0.5,1975,987.5,-967.5,False,0,0,0,0,8197.046436923185,8197.046436923185,0.0,0.0,250.0,987.5,1237.5,6959.546436923185
0.5,2000,1000.0,-980.0,False,0,0,0,0,8197.046436923185,8197.046436923185,0.0,0.0,250.0,1000.0,1250.0,6947.046436923185
0.55,0,0.0,20.0,True,500,100,100,100,8197.046436923185,5653.878725891113,2543.1677110320725,31.025415442036547,302.50000000000006,0.0,302.50000000000006,5351.378725891113
0.55,25,13.750000000000002,6.249999999999998,True,500,100,100,100,8197.046436923185,5653.878725891113,2543.1677110320725,31.025415442036547,302.50000000000006,12.5,315.00000000000006,5338.878725891113
0.55,50,27.500000000000004,-7.5000000000000036,False,500,100,0,0,8197.046436923185,8197.046436923185,0.0,0.0,302.50000000000006,25.0,327.50000000000006,7869.546436923185
0.55,75,41.25,-21.25,False,500,100,0,0,8197.046436923185,8197.046436923185,0.0,0.0,302.50000000000006,37.5,340.00000000000006,7857.046436923185
0.55,100,55.00000000000001,-35.00000000000001,False,500,100,0,0,8197.046436923185,8197.046436923185,0.0,0.0,302.50000000000006,50.0,352.50000000000006,7844.546436923185
0.55,125,68.75,-48.75,False,500,100,0,0,8197.046436923185,8197.046436923185,0.0,0.0,302.50000000000006,62.5,365.00000000000006,7832.046436923185
0.55,150,82.5,-62.5,False,500,100,0,0,8197.046436923185,8197.046436923185,0.0,0.0,302.50000000000006,75.0,377.50000000000006,7819.546436923185
0.55,175,96.25,-76.25000000000001,False,500,100,0,0,8197.046436923185,8197.046436923185,0.0,0.0,302.50000000000006,87.5,390.00000000000006,7807.046436923185
0.55,200,110.0,-90.00000000000001,False,500,100,0,0,8197.046436923185,8197.046436923185,0.0,0.0,302.50000000000006,100.0,402.50000000000006,7794.546436923185
0.55,225,123.75,-103.75,False,374,100,0,0,8197.046436923185,8197.046436923185,0.0,0.0,302.50000000000006,112.5,415.00000000000006,7782.046436923185
0.55,250,137.5,-117.5,False,271,99,0,0,8197.046436923185,8197.046436923185,0.0,0.0,302.50000000000006,125.0,427.50000000000006,7769.546436923185
0.55,275,151.25,-131.25,False,151,85,0,0,8197.046436923185,8197.046436923185,0.0,0.0,302.50000000000006,137.5,440.00000000000006,7757.046436923185
0.55,300,165.0,-145.0,False,40,35,0,0,8197.046436923185,8197.046436923185,0.0,0.0,302.50000000000006,150.0,452.50000000000006,7744.546436923185
0.55,325,178.75000000000003,-158.75000000000003,False,0,0,0,0,8197.046436923185,8197.046436923185,0.0,0.0,302.50000000000006,162.5,465.00000000000006,7732.046436923185
0.55,350,192.50000000000003,-172.50000000000003,False,0,0,0,0,8197.046436923185,8197.046436923185,0.0,0.0,302.50000000000006,175.0,477.50000000000006,7719.546436923185
0.55,375,206.25000000000003,-186.25000000000003,False,0,0,0,0,8197.046436923185,8197.046436923185,0.0,0.0,302.50000000000006,187.5,490.00000000000006,7707.046436923185
0.55,400,220.00000000000003,-200.00000000000003,False,0,0,0,0,8197.046436923185,8197.046436923185,0.0,0.0,302.50000000000006,200.0,502.50000000000006,7694.546436923185
0.55,425,233.75000000000003,-213.75000000000003,False,0,0,0,0,8197.046436923185,8197.046436923185,0.0,0.0,302.50000000000006,212.5,515.0,7682.046436923185
0.55,450,247.50000000000003,-227.50000000000003,False,0,0,0,0,8197.046436923185,8197.046436923185,0.0,0.0,302.50000000000006,225.0,527.5,7669.546436923185
0.55,475,261.25,-241.25,False,0,0,0,0,8197.046436923185,8197.046436923185,0.0,0.0,302.50000000000006,237.5,540.0,7657.046436923185
0.55,500,275.0,-255.0,False,0,0,0,0,8197.046436923185,8197.046436923185,0.0,0.0,302.50000000000006,250.0,552.5,7644.546436923185
0.55,525,288.75,-268.75,False,0,0,0,0,8197.046436923185,8197.046436923185,0.0,0.0,302.50000000000006,262.5,565.0,7632.046436923185
0.55,550,302.5,-282.5,False,0,0,0,0,8197.046436923185,8197.046436923185,0.0,0.0,302.50000000000006,275.0,577.5,7619.546436923185
0.55,575,316.25,-296.25,False,0,0,0,0,8197.046436923185,8197.046436923185,0.0,0.0,302.50000000000006,287.5,590.0,7607.046436923185
0.55,600,330.0,-310.0,False,0,0,0,0,8197.046436923185,8197.046436923185,0.0,0.0,302.50000000000006,300.0,602.5,7594.546436923185
0.55,625,343.75,-323.75,False,0,0,0,0,8197.046436923185,8197.046436923185,0.0,0.0,302.50000000000006,312.5,615.0,7582.046436923185
0.55,650,357.50000000000006,-337.50000000000006,False,0,0,0,0,8197.046436923185,8197.046436923185,0.0,0.0,302.50000000000006,325.0,627.5,7569.546436923185
0.55,675,371.25000000000006,-351.25000000000006,False,0,0,0,0,8197.046436923185,8197.046436923185,0.0,0.0,302.50000000000006,337.5,640.0,7557.046436923185
0.55,700,385.00000000000006,-365.00000000000006,False,0,0,0,0,8197.046436923185,8197.046436923185,0.0,0.0,302.50000000000006,350.0,652.5,7544.546436923185
0.55,725,398.75000000000006,-378.75000000000006,False,0,0,0,0,8197.046436923185,8197.046436923185,0.0,0.0,302.50000000000006,362.5,665.0,7532.046436923185
0.55,750,412.50000000000006,-392.50000000000006,False,0,0,0,0,8197.046436923185,8197.046436923185,0.0,0.0,302.50000000000006,375.0,677.5,7519.546436923185
0.55,775,426.25000000000006,-406.25000000000006,False,0,0,0,0,8197.046436923185,8197.046436923185,0.0,0.0,302.50000000000006,387.5,690.0,7507.046436923185
0.55,800,440.00000000000006,-420.00000000000006,False,0,0,0,0,8197.046436923185,8197.046436923185,0.0,0.0,302.50000000000006,400.0,702.5,7494.546436923185
0.55,825,453.75000000000006,-433.75000000000006,False,0,0,0,0,8197.046436923185,8197.046436923185,0.0,0.0,302.50000000000006,412.5,715.0,7482.046436923185
0.55,850,467.50000000000006,-447.50000000000006,False,0,0,0,0,8197.046436923185,8197.046436923185,0.0,0.0,302.50000000000006,425.0,727.5,7469.546436923185
0.55,875,481.25000000000006,-461.25000000000006,False,0,0,0,0,8197.046436923185,8197.046436923185,0.0,0.0,302.50000000000006,437.5,740.0,7457.046436923185
0.55,900,495.00000000000006,-475.00000000000006,False,0,0,0,0,8197.046436923185,8197.046436923185,0.0,0.0,302.50000000000006,450.0,752.5,7444.546436923185
0.55,925,508.75000000000006,-488.75000000000006,False,0,0,0,0,8197.046436923185,8197.046436923185,0.0,0.0,302.50000000000006,462.5,765.0,7432.046436923185
0.55,950,522.5,-502.5,False,0,0,0,0,8197.046436923185,8197.046436923185,0.0,0.0,302.50000000000006,475.0,777.5,7419.546436923185
0.55,975,536.25,-516.25,False,0,0,0,0,8197.046436923185,8197.046436923185,0.0,0.0,302.50000000000006,487.5,790.0,7407.046436923185
0.55,1000,550.0,-530.0,False,0,0,0,0,8197.046436923185,8197.046436923185,0.0,0.0,302.50000000000006,500.0,802.5,7394.546436923185
0.55,1025,563.75,-543.75,False,0,0,0,0,8197.046436923185,8197.046436923185,0.0,0.0,302.50000000000006,512.5,815.0,7382.046436923185
0.55,1050,577.5,-557.5,False,0,0,0,0,8197.046436923185,8197.046436923185,0.0,0.0,302.50000000000006,525.0,827.5,7369.546436923185
0.55,1075,591.25,-571.25,False,0,0,0,0,8197.046436923185,8197.046436923185,0.0,0.0,302.50000000000006,537.5,840.0,7357.046436923185
0.55,1100,605.0,-585.0,False,0,0,0,0,8197.046436923185,8197.046436923185,0.0,0.0,302.50000000000006,550.0,852.5,7344.546436923185
0.55,1125,618.75,-598.75,False,0,0,0,0,8197.046436923185,8197.046436923185,0.0,0.0,302.50000000000006,562.5,865.0,7332.046436923185
0.55,1150,632.5,-612.5,False,0,0,0,0,8197.046436923185,8197.046436923185,0.0,0.0,302.50000000000006,575.0,877.5,7319.546436923185
0.55,1175,646.25,-626.25,False,0,0,0,0,8197.046436923185,8197.046436923185,0.0,0.0,302.50000000000006,587.5,890.0,7307.046436923185
0.55,1200,660.0,-640.0,False,0,0,0,0,8197.046436923185,8197.046436923185,0.0,0.0,302.50000000000006,600.0,902.5,7294.546436923185
0.55,1225,673.75,-653.75,False,0,0,0,0,8197.046436923185,8197.046436923185,0.0,0.0,302.50000000000006,612.5,915.0,7282.046436923185
0.55,1250,687.5,-667.5,False,0,0,0,0,8197.046436923185,8197.046436923185,0.0,0.0,302.50000000000006,625.0,927.5,7269.546436923185
0.55,1275,701.25,-681.25,False,0,0,0,0,8197.046436923185,8197.046436923185,0.0,0.0,302.50000000000006,637.5,940.0,7257.046436923185
0.55,1300,715.0000000000001,-695.0000000000001,False,0,0,0,0,8197.046436923185,8197.046436923185,0.0,0.0,302.50000000000006,650.0,952.5,7244.546436923185
0.55,1325,728.7500000000001,-708.7500000000001,False,0,0,0,0,8197.046436923185,8197.046436923185,0.0,0.0,302.50000000000006,662.5,965.0,7232.046436923185
0.55,1350,742.5000000000001,-722.5000000000001,False,0,0,0,0,8197.046436923185,8197.046436923185,0.0,0.0,302.50000000000006,675.0,977.5,7219.546436923185
0.55,1375,756.2500000000001,-736.2500000000001,False,0,0,0,0,8197.046436923185,8197.046436923185,0.0,0.0,302.50000000000006,687.5,990.0,7207.046436923185
0.55,1400,770.0000000000001,-750.0000000000001,False,0,0,0,0,8197.046436923185,8197.046436923185,0.0,0.0,302.50000000000006,700.0,1002.5,7194.546436923185
0.55,1425,783.7500000000001,-763.7500000000001,False,0,0,0,0,8197.046436923185,8197.046436923185,0.0,0.0,302.50000000000006,712.5,1015.0,7182.046436923185
0.55,1450,797.5000000000001,-777.5000000000001,False,0,0,0,0,8197.046436923185,8197.046436923185,0.0,0.0,302.50000000000006,725.0,1027.5,7169.546436923185
0.55,1475,811.2500000000001,-791.2500000000001,False,0,0,0,0,8197.046436923185,8197.046436923185,0.0,0.0,302.50000000000006,737.5,1040.0,7157.046436923185
0.55,1500,825.0000000000001,-805.0000000000001,False,0,0,0,0,8197.046436923185,8197.046436923185,0.0,0.0,302.50000000000006,750.0,1052.5,7144.546436923185
0.55,1525,838.7500000000001,-818.7500000000001,False,0,0,0,0,8197.046436923185,8197.046436923185,0.0,0.0,302.50000000000006,762.5,1065.0,7132.046436923185
0.55,1550,852.5000000000001,-832.5000000000001,False,0,0,0,0,8197.046436923185,8197.046436923185,0.0,0.0,302.50000000000006,775.0,1077.5,7119.546436923185
0.55,1575,866.2500000000001,-846.2500000000001,False,0,0,0,0,8197.046436923185,8197.046436923185,0.0,0.0,302.50000000000006,787.5,1090.0,7107.046436923185
0.55,1600,880.0000000000001,-860.0000000000001,False,0,0,0,0,8197.046436923185,8197.046436923185,0.0,0.0,302.50000000000006,800.0,1102.5,7094.546436923185
0.55,1625,893.7500000000001,-873.7500000000001,False,0,0,0,0,8197.046436923185,8197.046436923185,0.0,0.0,302.50000000000006,812.5,1115.0,7082.046436923185
0.55,1650,907.5,-887.5000000000001,False,0,0,0,0,8197.046436923185,8197.046436923185,0.0,0.0,302.50000000000006,825.0,1127.5,7069.546436923185
0.55,1675,921.25,-901.25,False,0,0,0,0,8197.046436923185,8197.046436923185,0.0,0.0,302.50000000000006,837.5,1140.0,7057.046436923185
0.55,1700,935.0,-915.0,False,0,0,0,0,8197.046436923185,8197.046436923185,0.0,0.0,302.50000000000006,850.0,1152.5,7044.546436923185
0.55,1725,948.75,-928.75,False,0,0,0,0,8197.046436923185,8197.046436923185,0.0,0.0,302.50000000000006,862.5,1165.0,7032.046436923185
0.55,1750,962.5,-942.5,False,0,0,0,0,8197.046436923185,8197.046436923185,0.0,0.0,302.50000000000006,875.0,1177.5,7019.546436923185
0.55,1775,976.25,-956.25,False,0,0,0,0,8197.046436923185,8197.046436923185,0.0,0.0,302.50000000000006,887.5,1190.0,7007.046436923185
0.55,1800,990.0,-970.0,False,0,0,0,0,8197.046436923185,8197.046436923185,0.0,0.0,302.50000000000006,900.0,1202.5,6994.546436923185
0.55,1825,1003.75,-983.75,False,0,0,0,0,8197.046436923185,8197.046436923185,0.0,0.0,302.50000000000006,912.5,1215.0,6982.046436923185
0.55,1850,1017.5,-997.5,False,0,0,0,0,8197.046436923185,8197.046436923185,0.0,0.0,302.50000000000006,925.0,1227.5,6969.546436923185
0.55,1875,1031.25,-1011.25,False,0,0,0,0,8197.046436923185,8197.046436923185,0.0,0.0,302.50000000000006,937.5,1240.0,6957.046436923185
0.55,1900,1045.0,-1025.0,False,0,0,0,0,8197.046436923185,8197.046436923185,0.0,0.0,302.50000000000006,950.0,1252.5,6944.546436923185
0.55,1925,1058.75,-1038.75,False,0,0,0,0,8197.046436923185,8197.046436923185,0.0,0.0,302.50000000000006,962.5,1265.0,6932.046436923185
0.55,1950,1072.5,-1052.5,False,0,0,0,0,8197.046436923185,8197.046436923185,0.0,0.0,302.50000000000006,975.0,1277.5,6919.546436923185
0.55,1975,1086.25,-1066.25,False,0,0,0,0,8197.046436923185,8197.046436923185,0.0,0.0,302.50000000000006,987.5,1290.0,6907.046436923185
0.55,2000,1100.0,-1080.0,False,0,0,0,0,8197.046436923185,8197.046436923185,0.0,0.0,302.50000000000006,1000.0,1302.5,6894.546436923185
0.6,0,0.0,20.0,True,500,100,100,100,8197.046436923185,5653.878725891113,2543.1677110320725,31.025415442036547,360.0,0.0,360.0,5293.878725891113
0.6,25,15.000000000000002,4.999999999999998,True,500,100,100,100,8197.046436923185,5653.878725891113,2543.1677110320725,31.025415442036547,360.0,12.5,372.5,5281.378725891113
0.6,50,30.000000000000004,-10.000000000000004,False,500,100,0,0,8197.046436923185,8197.046436923185,0.0,0.0,360.0,25.0,385.0,7812.046436923185
0.6,75,45.00000000000001,-25.000000000000007,False,500,100,0,0,8197.046436923185,8197.046436923185,0.0,0.0,360.0,37.5,397.5,7799.546436923185
0.6,100,60.00000000000001,-40.00000000000001,False,500,100,0,0,8197.046436923185,8197.046436923185,0.0,0.0,360.0,50.0,410.0,7787.046436923185
0.6,125,75.00000000000001,-55.000000000000014,False,500,100,0,0,8197.046436923185,8197.046436923185,0.0,0.0,360.0,62.5,422.5,7774.546436923185
0.6,150,90.00000000000001,-70.00000000000001,False,500,100,0,0,8197.046436923185,8197.046436923185,0.0,0.0,360.0,75.0,435.0,7762.046436923185
0.6,175,105.0,-85.00000000000001,False,500,100,0,0,8197.046436923185,8197.046436923185,0.0,0.0,360.0,87.5,447.5,7749.546436923185
0.6,200,120.0,-100.0,False,406,100,0,0,8197.046436923185,8197.046436923185,0.0,0.0,360.0,100.0,460.0,7737.046436923185
0.6,225,135.00000000000003,-115.00000000000004,False,291,99,0,0,8197.046436923185,8197.046436923185,0.0,0.0,360.0,112.5,472.5,7724.546436923185
0.6,250,150.00000000000003,-130.00000000000003,False,160,86,0,0,8197.046436923185,8197.046436923185,0.0,0.0,360.0,125.0,485.0,7712.046436923185
0.6,275,165.00000000000003,-145.00000000000003,False,40,35,0,0,8197.046436923185,8197.046436923185,0.0,0.0,360.0,137.5,497.5,7699.546436923185
0.6,300,180.00000000000003,-160.00000000000003,False,0,0,0,0,8197.046436923185,8197.046436923185,0.0,0.0,360.0,150.0,510.0,7687.046436923185
0.6,325,195.00000000000003,-175.00000000000003,False,0,0,0,0,8197.046436923185,8197.046436923185,0.0,0.0,360.0,162.5,522.5,7674.546436923185
0.6,350,210.00000000000003,-190.00000000000003,False,0,0,0,0,8197.046436923185,8197.046436923185,0.0,0.0,360.0,175.0,535.0,7662.046436923185
0.6,375,225.00000000000003,-205.00000000000003,False,0,0,0,0,8197.046436923185,8197.046436923185,0.0,0.0,360.0,187.5,547.5,7649.546436923185
0.6,400,240.00000000000003,-220.00000000000003,False,0,0,0,0,8197.046436923185,8197.046436923185,0.0,0.0,360.0,200.0,560.0,7637.046436923185
0.6,425,255.00000000000003,-235.00000000000003,False,0,0,0,0,8197.046436923185,8197.046436923185,0.0,0.0,360.0,212.5,572.5,7624.546436923185
0.6,450,270.00000000000006,-250.00000000000009,False,0,0,0,0,8197.046436923185,8197.046436923185,0.0,0.0,360.0,225.0,585.0,7612.046436923185
0.6,475,285.00000000000006,-265.00000000000006,False,0,0,0,0,8197.046436923185,8197.046436923185,0.0,0.0,360.0,237.5,597.5,7599.546436923185
0.6,500,300.00000000000006,-280.00000000000006,False,0,0,0,0,8197.046436923185,8197.046436923185,0.0,0.0,360.0,250.0,610.0,7587.046436923185
0.6,525,315.00000000000006,-295.00000000000006,False,0,0,0,0,8197.046436923185,8197.046436923185,0.0,0.0,360.0,262.5,622.5,7574.546436923185
0.6,550,330.00000000000006,-310.00000000000006,False,0,0,0,0,8197.046436923185,8197.046436923185,0.0,0.0,360.0,275.0,635.0,7562.046436923185
0.6,575,345.00000000000006,-325.00000000000006,False,0,0,0,0,8197.046436923185,8197.046436923185,0.0,0.0,360.0,287.5,647.5,7549.546436923185
0.6,600,360.00000000000006,-340.00000000000006,False,0,0,0,0,8197.046436923185,8197.046436923185,0.0,0.0,360.0,300.0,660.0,7537.046436923185
0.6,625,375.00000000000006,-355.00000000000006,False,0,0,0,0,8197.046436923185,8197.046436923185,0.0,0.0,360.0,312.5,672.5,7524.546436923185
0.6,650,390.00000000000006,-370.00000000000006,False,0,0,0,0,8197.046436923185,8197.046436923185,0.0,0.0,360.0,325.0,685.0,7512.046436923185
0.6,675,405.00000000000006,-385.00000000000006,False,0,0,0,0,8197.046436923185,8197.046436923185,0.0,0.0,360.0,337.5,697.5,7499.546436923185
0.6,700,420.00000000000006,-400.00000000000006,False,0,0,0,0,8197.046436923185,8197.046436923185,0.0,0.0,360.0,350.0,710.0,7487.046436923185
0.6,725,435.00000000000006,-415.00000000000006,False,0,0,0,0,8197.046436923185,8197.046436923185,0.0,0.0,360.0,362.5,722.5,7474.546436923185
0.6,750,450.00000000000006,-430.00000000000006,False,0,0,0,0,8197.046436923185,8197.046436923185,0.0,0.0,360.0,375.0,735.0,7462.046436923185
0.6,775,465.00000000000006,-445.00000000000006,False,0,0,0,0,8197.046436923185,8197.046436923185,0.0,0.0,360.0,387.5,747.5,7449.546436923185
0.6,800,480.00000000000006,-460.00000000000006,False,0,0,0,0,8197.046436923185,8197.046436923185,0.0,0.0,360.0,400.0,760.0,7437.046436923185
0.6,825,495.00000000000006,-475.00000000000006,False,0,0,0,0,8197.046436923185,8197.046436923185,0.0,0.0,360.0,412.5,772.5,7424.546436923185
0.6,850,510.00000000000006,-490.00000000000006,False,0,0,0,0,8197.046436923185,8197.046436923185,0.0,0.0,360.0,425.0,785.0,7412.046436923185
0.6,875,525.0000000000001,-505.0000000000001,False,0,0,0,0,8197.046436923185,8197.046436923185,0.0,0.0,360.0,437.5,797.5,7399.546436923185
0.6,900,540.0000000000001,-520.0000000000001,False,0,0,0,0,8197.046436923185,8197.046436923185,0.0,0.0,360.0,450.0,810.0,7387.046436923185
0.6,925,555.0000000000001,-535.0000000000001,False,0,0,0,0,8197.046436923185,8197.046436923185,0.0,0.0,360.0,462.5,822.5,7374.546436923185
0.6,950,570.0000000000001,-550.0000000000001,False,0,0,0,0,8197.046436923185,8197.046436923185,0.0,0.0,360.0,475.0,835.0,7362.046436923185
0.6,975,585.0000000000001,-565.0000000000001,False,0,0,0,0,8197.046436923185,8197.046436923185,0.0,0.0,360.0,487.5,847.5,7349.546436923185
0.6,1000,600.0000000000001,-580.0000000000001,False,0,0,0,0,8197.046436923185,8197.046436923185,0.0,0.0,360.0,500.0,860.0,7337.046436923185
0.6,1025,615.0000000000001,-595.0000000000001,False,0,0,0,0,8197.046436923185,8197.046436923185,0.0,0.0,360.0,512.5,872.5,7324.546436923185
0.6,1050,630.0000000000001,-610.0000000000001,False,0,0,0,0,8197.046436923185,8197.046436923185,0.0,0.0,360.0,525.0,885.0,7312.046436923185
0.6,1075,645.0000000000001,-625.0000000000001,False,0,0,0,0,8197.046436923185,8197.046436923185,0.0,0.0,360.0,537.5,897.5,7299.546436923185
0.6,1100,660.0000000000001,-640.0000000000001,False,0,0,0,0,8197.046436923185,8197.046436923185,0.0,0.0,360.0,550.0,910.0,7287.046436923185
0.6,1125,675.0000000000001,-655.0000000000001,False,0,0,0,0,8197.046436923185,8197.046436923185,0.0,0.0,360.0,562.5,922.5,7274.546436923185
0.6,1150,690.0000000000001,-670.0000000000001,False,0,0,0,0,8197.046436923185,8197.046436923185,0.0,0.0,360.0,575.0,935.0,7262.046436923185
0.6,1175,705.0000000000001,-685.0000000000001,False,0,0,0,0,8197.046436923185,8197.046436923185,0.0,0.0,360.0,587.5,947.5,7249.546436923185
0.6,1200,720.0000000000001,-700.0000000000001,False,0,0,0,0,8197.046436923185,8197.046436923185,0.0,0.0,360.0,600.0,960.0,7237.046436923185
0.6,1225,735.0000000000001,-715.0000000000001,False,0,0,0,0,8197.046436923185,8197.046436923185,0.0,0.0,360.0,612.5,972.5,7224.546436923185
0.6,1250,750.0000000000001,-730.0000000000001,False,0,0,0,0,8197.046436923185,8197.046436923185,0.0,0.0,360.0,625.0,985.0,7212.046436923185
0.6,1275,765.0000000000001,-745.0000000000001,False,0,0,0,0,8197.046436923185,8197.046436923185,0.0,0.0,360.0,637.5,997.5,7199.546436923185
0.6,1300,780.0000000000001,-760.0000000000001,False,0,0,0,0,8197.046436923185,8197.046436923185,0.0,0.0,360.0,650.0,1010.0,7187.046436923185
0.6,1325,795.0000000000001,-775.0000000000001,False,0,0,0,0,8197.046436923185,8197.046436923185,0.0,0.0,360.0,662.5,1022.5,7174.546436923185
0.6,1350,810.0000000000001,-790.0000000000001,False,0,0,0,0,8197.046436923185,8197.046436923185,0.0,0.0,360.0,675.0,1035.0,7162.046436923185
0.6,1375,825.0000000000001,-805.0000000000001,False,0,0,0,0,8197.046436923185,8197.046436923185,0.0,0.0,360.0,687.5,1047.5,7149.546436923185
0.6,1400,840.0000000000001,-820.0000000000001,False,0,0,0,0,8197.046436923185,8197.046436923185,0.0,0.0,360.0,700.0,1060.0,7137.046436923185
0.6,1425,855.0000000000001,-835.0000000000001,False,0,0,0,0,8197.046436923185,8197.046436923185,0.0,0.0,360.0,712.5,1072.5,7124.546436923185
0.6,1450,870.0000000000001,-850.0000000000001,False,0,0,0,0,8197.046436923185,8197.046436923185,0.0,0.0,360.0,725.0,1085.0,7112.046436923185
0.6,1475,885.0000000000001,-865.0000000000001,False,0,0,0,0,8197.046436923185,8197.046436923185,0.0,0.0,360.0,737.5,1097.5,7099.546436923185
0.6,1500,900.0000000000001,-880.0000000000001,False,0,0,0,0,8197.046436923185,8197.046436923185,0.0,0.0,360.0,750.0,1110.0,7087.046436923185
0.6,1525,915.0,-895.0000000000001,False,0,0,0,0,8197.046436923185,8197.046436923185,0.0,0.0,360.0,762.5,1122.5,7074.546436923185
0.6,1550,930.0,-910.0,False,0,0,0,0,8197.046436923185,8197.046436923185,0.0,0.0,360.0,775.0,1135.0,7062.046436923185
0.6,1575,945.0,-925.0,False,0,0,0,0,8197.046436923185,8197.046436923185,0.0,0.0,360.0,787.5,1147.5,7049.546436923185
0.6,1600,960.0,-940.0,False,0,0,0,0,8197.046436923185,8197.046436923185,0.0,0.0,360.0,800.0,1160.0,7037.046436923185
0.6,1625,975.0,-955.0,False,0,0,0,0,8197.046436923185,8197.046436923185,0.0,0.0,360.0,812.5,1172.5,7024.546436923185
0.6,1650,990.0,-970.0,False,0,0,0,0,8197.046436923185,8197.046436923185,0.0,0.0,360.0,825.0,1185.0,7012.046436923185
0.6,1675,1005.0,-985.0,False,0,0,0,0,8197.046436923185,8197.046436923185,0.0,0.0,360.0,837.5,1197.5,6999.546436923185
0.6,1700,1020.0,-1000.0,False,0,0,0,0,8197.046436923185,8197.046436923185,0.0,0.0,360.0,850.0,1210.0,6987.046436923185
0.6,1725,1035.0000000000002,-1015.0000000000002,False,0,0,0,0,8197.046436923185,8197.046436923185,0.0,0.0,360.0,862.5,1222.5,6974.546436923185
0.6,1750,1050.0000000000002,-1030.0000000000002,False,0,0,0,0,8197.046436923185,8197.046436923185,0.0,0.0,360.0,875.0,1235.0,6962.046436923185
0.6,1775,1065.0000000000002,-1045.0000000000002,False,0,0,0,0,8197.046436923185,8197.046436923185,0.0,0.0,360.0,887.5,1247.5,6949.546436923185
0.6,1800,1080.0000000000002,-1060.0000000000002,False,0,0,0,0,8197.046436923185,8197.046436923185,0.0,0.0,360.0,900.0,1260.0,6937.046436923185
0.6,1825,1095.0000000000002,-1075.0000000000002,False,0,0,0,0,8197.046436923185,8197.046436923185,0.0,0.0,360.0,912.5,1272.5,6924.546436923185
0.6,1850,1110.0000000000002,-1090.0000000000002,False,0,0,0,0,8197.046436923185,8197.046436923185,0.0,0.0,360.0,925.0,1285.0,6912.046436923185
0.6,1875,1125.0000000000002,-1105.0000000000002,False,0,0,0,0,8197.046436923185,8197.046436923185,0.0,0.0,360.0,937.5,1297.5,6899.546436923185
0.6,1900,1140.0000000000002,-1120.0000000000002,False,0,0,0,0,8197.046436923185,8197.046436923185,0.0,0.0,360.0,950.0,1310.0,6887.046436923185
0.6,1925,1155.0000000000002,-1135.0000000000002,False,0,0,0,0,8197.046436923185,8197.046436923185,0.0,0.0,360.0,962.5,1322.5,6874.546436923185
0.6,1950,1170.0000000000002,-1150.0000000000002,False,0,0,0,0,8197.046436923185,8197.046436923185,0.0,0.0,360.0,975.0,1335.0,6862.046436923185
0.6,1975,1185.0000000000002,-1165.0000000000002,False,0,0,0,0,8197.046436923185,8197.046436923185,0.0,0.0,360.0,987.5,1347.5,6849.546436923185
0.6,2000,1200.0000000000002,-1180.0000000000002,False,0,0,0,0,8197.046436923185,8197.046436923185,0.0,0.0,360.0,1000.0,1360.0,6837.046436923185
0.65,0,0.0,20.0,True,500,100,100,100,8197.046436923185,5653.878725891113,2543.1677110320725,31.025415442036547,422.50000000000006,0.0,422.50000000000006,5231.378725891113
0.65,25,16.25,3.75,True,500,100,100,100,8197.046436923185,5653.878725891113,2543.1677110320725,31.025415442036547,422.50000000000006,12.5,435.00000000000006,5218.878725891113
0.65,50,32.5,-12.5,False,500,100,0,0,8197.046436923185,8197.046436923185,0.0,0.0,422.50000000000006,25.0,447.50000000000006,7749.546436923185
0.65,75,48.75,-28.75,False,500,100,0,0,8197.046436923185,8197.046436923185,0.0,0.0,422.50000000000006,37.5,460.00000000000006,7737.046436923185
0.65,100,65.0,-45.0,False,500,100,0,0,8197.046436923185,8197.046436923185,0.0,0.0,422.50000000000006,50.0,472.50000000000006,7724.546436923185
0.65,125,81.25,-61.25,False,500,100,0,0,8197.046436923185,8197.046436923185,0.0,0.0,422.50000000000006,62.5,485.00000000000006,7712.046436923185
0.65,150,97.5,-77.5,False,500,100,0,0,8197.046436923185,8197.046436923185,0.0,0.0,422.50000000000006,75.0,497.50000000000006,7699.546436923185
0.65,175,113.75,-93.75,False,466,100,0,0,8197.046436923185,8197.046436923185,0.0,0.0,422.50000000000006,87.5,510.00000000000006,7687.046436923185
0.65,200,130.0,-110.0,False,321,100,0,0,8197.046436923185,8197.046436923185,0.0,0.0,422.50000000000006,100.0,522.5,7674.546436923185
0.65,225,146.25,-126.25,False,196,90,0,0,8197.046436923185,8197.046436923185,0.0,0.0,422.50000000000006,112.5,535.0,7662.046436923185
0.65,250,162.5,-142.5,False,60,49,0,0,8197.046436923185,8197.046436923185,0.0,0.0,422.50000000000006,125.0,547.5,7649.546436923185
0.65,275,178.75,-158.75,False,0,0,0,0,8197.046436923185,8197.046436923185,0.0,0.0,422.50000000000006,137.5,560.0,7637.046436923185
0.65,300,195.0,-175.0,False,0,0,0,0,8197.046436923185,8197.046436923185,0.0,0.0,422.50000000000006,150.0,572.5,7624.546436923185
0.65,325,211.25,-191.25,False,0,0,0,0,8197.046436923185,8197.046436923185,0.0,0.0,422.50000000000006,162.5,585.0,7612.046436923185
0.65,350,227.5,-207.5,False,0,0,0,0,8197.046436923185,8197.046436923185,0.0,0.0,422.50000000000006,175.0,597.5,7599.546436923185
0.65,375,243.75,-223.75,False,0,0,0,0,8197.046436923185,8197.046436923185,0.0,0.0,422.50000000000006,187.5,610.0,7587.046436923185
0.65,400,260.0,-240.0,False,0,0,0,0,8197.046436923185,8197.046436923185,0.0,0.0,422.50000000000006,200.0,622.5,7574.546436923185
0.65,425,276.25,-256.25,False,0,0,0,0,8197.046436923185,8197.046436923185,0.0,0.0,422.50000000000006,212.5,635.0,7562.046436923185
0.65,450,292.5,-272.5,False,0,0,0,0,8197.046436923185,8197.046436923185,0.0,0.0,422.50000000000006,225.0,647.5,7549.546436923185
0.65,475,308.75,-288.75,False,0,0,0,0,8197.046436923185,8197.046436923185,0.0,0.0,422.50000000000006,237.5,660.0,7537.046436923185
0.65,500,325.0,-305.0,False,0,0,0,0,8197.046436923185,8197.046436923185,0.0,0.0,422.50000000000006,250.0,672.5,7524.546436923185
0.65,525,341.25,-321.25,False,0,0,0,0,8197.046436923185,8197.046436923185,0.0,0.0,422.50000000000006,262.5,685.0,7512.046436923185
0.65,550,357.5,-337.5,False,0,0,0,0,8197.046436923185,8197.046436923185,0.0,0.0,422.50000000000006,275.0,697.5,7499.546436923185
0.65,575,373.75,-353.75,False,0,0,0,0,8197.046436923185,8197.046436923185,0.0,0.0,422.50000000000006,287.5,710.0,7487.046436923185
0.65,600,390.0,-370.0,False,0,0,0,0,8197.046436923185,8197.046436923185,0.0,0.0,422.50000000000006,300.0,722.5,7474.546436923185
0.65,625,406.25,-386.25,False,0,0,0,0,8197.046436923185,8197.046436923185,0.0,0.0,422.50000000000006,312.5,735.0,7462.046436923185
0.65,650,422.5,-402.5,False,0,0,0,0,8197.046436923185,8197.046436923185,0.0,0.0,422.50000000000006,325.0,747.5,7449.546436923185
0.65,675,438.75,-418.75,False,0,0,0,0,8197.046436923185,8197.046436923185,0.0,0.0,422.50000000000006,337.5,760.0,7437.046436923185
0.65,700,455.0,-435.0,False,0,0,0,0,8197.046436923185,8197.046436923185,0.0,0.0,422.50000000000006,350.0,772.5,7424.546436923185
0.65,725,471.25,-451.25,False,0,0,0,0,8197.046436923185,8197.046436923185,0.0,0.0,422.50000000000006,362.5,785.0,7412.046436923185
0.65,750,487.5,-467.5,False,0,0,0,0,8197.046436923185,8197.046436923185,0.0,0.0,422.50000000000006,375.0,797.5,7399.546436923185
0.65,775,503.75,-483.75,False,0,0,0,0,8197.046436923185,8197.046436923185,0.0,0.0,422.50000000000006,387.5,810.0,7387.046436923185
0.65,800,520.0,-500.0,False,0,0,0,0,8197.046436923185,8197.046436923185,0.0,0.0,422.50000000000006,400.0,822.5,7374.546436923185
0.65,825,536.25,-516.25,False,0,0,0,0,8197.046436923185,8197.046436923185,0.0,0.0,422.50000000000006,412.5,835.0,7362.046436923185
0.65,850,552.5,-532.5,False,0,0,0,0,8197.046436923185,8197.046436923185,0.0,0.0,422.50000000000006,425.0,847.5,7349.546436923185
0.65,875,568.75,-548.75,False,0,0,0,0,8197.046436923185,8197.046436923185,0.0,0.0,422.50000000000006,437.5,860.0,7337.046436923185
0.65,900,585.0,-565.0,False,0,0,0,0,8197.046436923185,8197.046436923185,0.0,0.0,422.50000000000006,450.0,872.5,7324.546436923185
0.65,925,601.25,-581.25,False,0,0,0,0,8197.046436923185,8197.046436923185,0.0,0.0,422.50000000000006,462.5,885.0,7312.046436923185
0.65,950,617.5,-597.5,False,0,0,0,0,8197.046436923185,8197.046436923185,0.0,0.0,422.50000000000006,475.0,897.5,7299.546436923185
0.65,975,633.75,-613.75,False,0,0,0,0,8197.046436923185,8197.046436923185,0.0,0.0,422.50000000000006,487.5,910.0,7287.046436923185
0.65,1000,650.0,-630.0,False,0,0,0,0,8197.046436923185,8197.046436923185,0.0,0.0,422.50000000000006,500.0,922.5,7274.546436923185
0.65,1025,666.25,-646.25,False,0,0,0,0,8197.046436923185,8197.046436923185,0.0,0.0,422.50000000000006,512.5,935.0,7262.046436923185
0.65,1050,682.5,-662.5,False,0,0,0,0,8197.046436923185,8197.046436923185,0.0,0.0,422.50000000000006,525.0,947.5,7249.546436923185
0.65,1075,698.75,-678.75,False,0,0,0,0,8197.046436923185,8197.046436923185,0.0,0.0,422.50000000000006,537.5,960.0,7237.046436923185
0.65,1100,715.0,-695.0,False,0,0,0,0,8197.046436923185,8197.046436923185,0.0,0.0,422.50000000000006,550.0,972.5,7224.546436923185
0.65,1125,731.25,-711.25,False,0,0,0,0,8197.046436923185,8197.046436923185,0.0,0.0,422.50000000000006,562.5,985.0,7212.046436923185
0.65,1150,747.5,-727.5,False,0,0,0,0,8197.046436923185,8197.046436923185,0.0,0.0,422.50000000000006,575.0,997.5,7199.546436923185
0.65,1175,763.75,-743.75,False,0,0,0,0,8197.046436923185,8197.046436923185,0.0,0.0,422.50000000000006,587.5,1010.0,7187.046436923185
0.65,1200,780.0,-760.0,False,0,0,0,0,8197.046436923185,8197.046436923185,0.0,0.0,422.50000000000006,600.0,1022.5,7174.546436923185
0.65,1225,796.25,-776.25,False,0,0,0,0,8197.046436923185,8197.046436923185,0.0,0.0,422.50000000000006,612.5,1035.0,7162.046436923185
0.65,1250,812.5,-792.5,False,0,0,0,0,8197.046436923185,8197.046436923185,0.0,0.0,422.50000000000006,625.0,1047.5,7149.546436923185
0.65,1275,828.75,-808.75,False,0,0,0,0,8197.046436923185,8197.046436923185,0.0,0.0,422.50000000000006,637.5,1060.0,7137.046436923185
0.65,1300,845.0,-825.0,False,0,0,0,0,8197.046436923185,8197.046436923185,0.0,0.0,422.50000000000006,650.0,1072.5,7124.546436923185
0.65,1325,861.25,-841.25,False,0,0,0,0,8197.046436923185,8197.046436923185,0.0,0.0,422.50000000000006,662.5,1085.0,7112.046436923185
0.65,1350,877.5,-857.5,False,0,0,0,0,8197.046436923185,8197.046436923185,0.0,0.0,422.50000000000006,675.0,1097.5,7099.546436923185
0.65,1375,893.75,-873.75,False,0,0,0,0,8197.046436923185,8197.046436923185,0.0,0.0,422.50000000000006,687.5,1110.0,7087.046436923185
0.65,1400,910.0,-890.0,False,0,0,0,0,8197.046436923185,8197.046436923185,0.0,0.0,422.50000000000006,700.0,1122.5,7074.546436923185
0.65,1425,926.25,-906.25,False,0,0,0,0,8197.046436923185,8197.046436923185,0.0,0.0,422.50000000000006,712.5,1135.0,7062.046436923185
0.65,1450,942.5,-922.5,False,0,0,0,0,8197.046436923185,8197.046436923185,0.0,0.0,422.50000000000006,725.0,1147.5,7049.546436923185
0.65,1475,958.75,-938.75,False,0,0,0,0,8197.046436923185,8197.046436923185,0.0,0.0,422.50000000000006,737.5,1160.0,7037.046436923185
0.65,1500,975.0,-955.0,False,0,0,0,0,8197.046436923185,8197.046436923185,0.0,0.0,422.50000000000006,750.0,1172.5,7024.546436923185
0.65,1525,991.25,-971.25,False,0,0,0,0,8197.046436923185,8197.046436923185,0.0,0.0,422.50000000000006,762.5,1185.0,7012.046436923185
0.65,1550,1007.5,-987.5,False,0,0,0,0,8197.046436923185,8197.046436923185,0.0,0.0,422.50000000000006,775.0,1197.5,6999.546436923185
0.65,1575,1023.75,-1003.75,False,0,0,0,0,8197.046436923185,8197.046436923185,0.0,0.0,422.50000000000006,787.5,1210.0,6987.046436923185
0.65,1600,1040.0,-1020.0,False,0,0,0,0,8197.046436923185,8197.046436923185,0.0,0.0,422.50000000000006,800.0,1222.5,6974.546436923185
0.65,1625,1056.25,-1036.25,False,0,0,0,0,8197.046436923185,8197.046436923185,0.0,0.0,422.50000000000006,812.5,1235.0,6962.046436923185
0.65,1650,1072.5,-1052.5,False,0,0,0,0,8197.046436923185,8197.046436923185,0.0,0.0,422.50000000000006,825.0,1247.5,6949.546436923185
0.65,1675,1088.75,-1068.75,False,0,0,0,0,8197.046436923185,8197.046436923185,0.0,0.0,422.50000000000006,837.5,1260.0,6937.046436923185
0.65,1700,1105.0,-1085.0,False,0,0,0,0,8197.046436923185,8197.046436923185,0.0,0.0,422.50000000000006,850.0,1272.5,6924.546436923185
0.65,1725,1121.25,-1101.25,False,0,0,0,0,8197.046436923185,8197.046436923185,0.0,0.0,422.50000000000006,862.5,1285.0,6912.046436923185
0.65,1750,1137.5,-1117.5,False,0,0,0,0,8197.046436923185,8197.046436923185,0.0,0.0,422.50000000000006,875.0,1297.5,6899.546436923185
0.65,1775,1153.75,-1133.75,False,0,0,0,0,8197.046436923185,8197.046436923185,0.0,0.0,422.50000000000006,887.5,1310.0,6887.046436923185
0.65,1800,1170.0,-1150.0,False,0,0,0,0,8197.046436923185,8197.046436923185,0.0,0.0,422.50000000000006,900.0,1322.5,6874.546436923185
0.65,1825,1186.25,-1166.25,False,0,0,0,0,8197.046436923185,8197.046436923185,0.0,0.0,422.50000000000006,912.5,1335.0,6862.046436923185
0.65,1850,1202.5,-1182.5,False,0,0,0,0,8197.046436923185,8197.046436923185,0.0,0.0,422.50000000000006,925.0,1347.5,6849.546436923185
0.65,1875,1218.75,-1198.75,False,0,0,0,0,8197.046436923185,8197.046436923185,0.0,0.0,422.50000000000006,937.5,1360.0,6837.046436923185
0.65,1900,1235.0,-1215.0,False,0,0,0,0,8197.046436923185,8197.046436923185,0.0,0.0,422.50000000000006,950.0,1372.5,6824.546436923185
0.65,1925,1251.25,-1231.25,False,0,0,0,0,8197.046436923185,8197.046436923185,0.0,0.0,422.50000000000006,962.5,1385.0,6812.046436923185
0.65,1950,1267.5,-1247.5,False,0,0,0,0,8197.046436923185,8197.046436923185,0.0,0.0,422.50000000000006,975.0,1397.5,6799.546436923185
0.65,1975,1283.75,-1263.75,False,0,0,0,0,8197.046436923185,8197.046436923185,0.0,0.0,422.50000000000006,987.5,1410.0,6787.046436923185
0.65,2000,1300.0,-1280.0,False,0,0,0,0,8197.046436923185,8197.046436923185,0.0,0.0,422.50000000000006,1000.0,1422.5,6774.546436923185
0.7,0,0.0,20.0,True,500,100,100,100,8197.046436923185,5653.878725891113,2543.1677110320725,31.025415442036547,489.99999999999994,0.0,489.99999999999994,5163.878725891113
0.7,25,17.5,2.5,True,500,100,100,100,8197.046436923185,5653.878725891113,2543.1677110320725,31.025415442036547,489.99999999999994,12.5,502.49999999999994,5151.378725891113
0.7,50,35.0,-15.0,False,500,100,0,0,8197.046436923185,8197.046436923185,0.0,0.0,489.99999999999994,25.0,515.0,7682.046436923185
0.7,75,52.50000000000001,-32.50000000000001,False,500,100,0,0,8197.046436923185,8197.046436923185,0.0,0.0,489.99999999999994,37.5,527.5,7669.546436923185
0.7,100,70.0,-50.0,False,500,100,0,0,8197.046436923185,8197.046436923185,0.0,0.0,489.99999999999994,50.0,540.0,7657.046436923185
0.7,125,87.50000000000001,-67.50000000000001,False,500,100,0,0,8197.046436923185,8197.046436923185,0.0,0.0,489.99999999999994,62.5,552.5,7644.546436923185
0.7,150,105.0,-85.00000000000001,False,500,100,0,0,8197.046436923185,8197.046436923185,0.0,0.0,489.99999999999994,75.0,565.0,7632.046436923185
0.7,175,122.5,-102.5,False,385,100,0,0,8197.046436923185,8197.046436923185,0.0,0.0,489.99999999999994,87.5,577.5,7619.546436923185
0.7,200,140.0,-120.0,False,244,97,0,0,8197.046436923185,8197.046436923185,0.0,0.0,489.99999999999994,100.0,590.0,7607.046436923185
0.7,225,157.50000000000003,-137.50000000000003,False,93,68,0,0,8197.046436923185,8197.046436923185,0.0,0.0,489.99999999999994,112.5,602.5,7594.546436923185
0.7,250,175.00000000000003,-155.00000000000003,False,0,0,0,0,8197.046436923185,8197.046436923185,0.0,0.0,489.99999999999994,125.0,615.0,7582.046436923185
0.7,275,192.50000000000003,-172.50000000000003,False,0,0,0,0,8197.046436923185,8197.046436923185,0.0,0.0,489.99999999999994,137.5,627.5,7569.546436923185
0.7,300,210.00000000000003,-190.00000000000003,False,0,0,0,0,8197.046436923185,8197.046436923185,0.0,0.0,489.99999999999994,150.0,640.0,7557.046436923185
0.7,325,227.50000000000003,-207.50000000000003,False,0,0,0,0,8197.046436923185,8197.046436923185,0.0,0.0,489.99999999999994,162.5,652.5,7544.546436923185
0.7,350,245.00000000000003,-225.00000000000003,False,0,0,0,0,8197.046436923185,8197.046436923185,0.0,0.0,489.99999999999994,175.0,665.0,7532.046436923185
0.7,375,262.5,-242.5,False,0,0,0,0,8197.046436923185,8197.046436923185,0.0,0.0,489.99999999999994,187.5,677.5,7519.546436923185
0.7,400,280.0,-260.0,False,0,0,0,0,8197.046436923185,8197.046436923185,0.0,0.0,489.99999999999994,200.0,690.0,7507.046436923185
0.7,425,297.5,-277.5,False,0,0,0,0,8197.046436923185,8197.046436923185,0.0,0.0,489.99999999999994,212.5,702.5,7494.546436923185
0.7,450,315.00000000000006,-295.00000000000006,False,0,0,0,0,8197.046436923185,8197.046436923185,0.0,0.0,489.99999999999994,225.0,715.0,7482.046436923185
0.7,475,332.50000000000006,-312.50000000000006,False,0,0,0,0,8197.046436923185,8197.046436923185,0.0,0.0,489.99999999999994,237.5,727.5,7469.546436923185
0.7,500,350.00000000000006,-330.00000000000006,False,0,0,0,0,8197.046436923185,8197.046436923185,0.0,0.0,489.99999999999994,250.0,740.0,7457.046436923185
0.7,525,367.50000000000006,-347.50000000000006,False,0,0,0,0,8197.046436923185,8197.046436923185,0.0,0.0,489.99999999999994,262.5,752.5,7444.546436923185
0.7,550,385.00000000000006,-365.00000000000006,False,0,0,0,0,8197.046436923185,8197.046436923185,0.0,0.0,489.99999999999994,275.0,765.0,7432.046436923185
0.7,575,402.50000000000006,-382.50000000000006,False,0,0,0,0,8197.046436923185,8197.046436923185,0.0,0.0,489.99999999999994,287.5,777.5,7419.546436923185
0.7,600,420.00000000000006,-400.00000000000006,False,0,0,0,0,8197.046436923185,8197.046436923185,0.0,0.0,489.99999999999994,300.0,790.0,7407.046436923185
0.7,625,437.50000000000006,-417.50000000000006,False,0,0,0,0,8197.046436923185,8197.046436923185,0.0,0.0,489.99999999999994,312.5,802.5,7394.546436923185
0.7,650,455.00000000000006,-435.00000000000006,False,0,0,0,0,8197.046436923185,8197.046436923185,0.0,0.0,489.99999999999994,325.0,815.0,7382.046436923185
0.7,675,472.50000000000006,-452.50000000000006,False,0,0,0,0,8197.046436923185,8197.046436923185,0.0,0.0,489.99999999999994,337.5,827.5,7369.546436923185
0.7,700,490.00000000000006,-470.00000000000006,False,0,0,0,0,8197.046436923185,8197.046436923185,0.0,0.0,489.99999999999994,350.0,840.0,7357.046436923185
0.7,725,507.50000000000006,-487.50000000000006,False,0,0,0,0,8197.046436923185,8197.046436923185,0.0,0.0,489.99999999999994,362.5,852.5,7344.546436923185
0.7,750,525.0,-505.0,False,0,0,0,0,8197.046436923185,8197.046436923185,0.0,0.0,489.99999999999994,375.0,865.0,7332.046436923185
0.7,775,542.5,-522.5,False,0,0,0,0,8197.046436923185,8197.046436923185,0.0,0.0,489.99999999999994,387.5,877.5,7319.546436923185
0.7,800,560.0,-540.0,False,0,0,0,0,8197.046436923185,8197.046436923185,0.0,0.0,489.99999999999994,400.0,890.0,7307.046436923185
0.7,825,577.5,-557.5,False,0,0,0,0,8197.046436923185,8197.046436923185,0.0,0.0,489.99999999999994,412.5,902.5,7294.546436923185
0.7,850,595.0,-575.0,False,0,0,0,0,8197.046436923185,8197.046436923185,0.0,0.0,489.99999999999994,425.0,915.0,7282.046436923185
0.7,875,612.5000000000001,-592.5000000000001,False,0,0,0,0,8197.046436923185,8197.046436923185,0.0,0.0,489.99999999999994,437.5,927.5,7269.546436923185
0.7,900,630.0000000000001,-610.0000000000001,False,0,0,0,0,8197.046436923185,8197.046436923185,0.0,0.0,489.99999999999994,450.0,940.0,7257.046436923185
0.7,925,647.5000000000001,-627.5000000000001,False,0,0,0,0,8197.046436923185,8197.046436923185,0.0,0.0,489.99999999999994,462.5,952.5,7244.546436923185
0.7,950,665.0000000000001,-645.0000000000001,False,0,0,0,0,8197.046436923185,8197.046436923185,0.0,0.0,489.99999999999994,475.0,965.0,7232.046436923185
0.7,975,682.5000000000001,-662.5000000000001,False,0,0,0,0,8197.046436923185,8197.046436923185,0.0,0.0,489.99999999999994,487.5,977.5,7219.546436923185
0.7,1000,700.0000000000001,-680.0000000000001,False,0,0,0,0,8197.046436923185,8197.046436923185,0.0,0.0,489.99999999999994,500.0,990.0,7207.046436923185
0.7,1025,717.5000000000001,-697.5000000000001,False,0,0,0,0,8197.046436923185,8197.046436923185,0.0,0.0,489.99999999999994,512.5,1002.5,7194.546436923185
0.7,1050,735.0000000000001,-715.0000000000001,False,0,0,0,0,8197.046436923185,8197.046436923185,0.0,0.0,489.99999999999994,525.0,1015.0,7182.046436923185
0.7,1075,752.5000000000001,-732.5000000000001,False,0,0,0,0,8197.046436923185,8197.046436923185,0.0,0.0,489.99999999999994,537.5,1027.5,7169.546436923185
0.7,1100,770.0000000000001,-750.0000000000001,False,0,0,0,0,8197.046436923185,8197.046436923185,0.0,0.0,489.99999999999994,550.0,1040.0,7157.046436923185
0.7,1125,787.5000000000001,-767.5000000000001,False,0,0,0,0,8197.046436923185,8197.046436923185,0.0,0.0,489.99999999999994,562.5,1052.5,7144.546436923185
0.7,1150,805.0000000000001,-785.0000000000001,False,0,0,0,0,8197.046436923185,8197.046436923185,0.0,0.0,489.99999999999994,575.0,1065.0,7132.046436923185
0.7,1175,822.5000000000001,-802.5000000000001,False,0,0,0,0,8197.046436923185,8197.046436923185,0.0,0.0,489.99999999999994,587.5,1077.5,7119.546436923185
0.7,1200,840.0000000000001,-820.0000000000001,False,0,0,0,0,8197.046436923185,8197.046436923185,0.0,0.0,489.99999999999994,600.0,1090.0,7107.046436923185
0.7,1225,857.5000000000001,-837.5000000000001,False,0,0,0,0,8197.046436923185,8197.046436923185,0.0,0.0,489.99999999999994,612.5,1102.5,7094.546436923185
0.7,1250,875.0000000000001,-855.0000000000001,False,0,0,0,0,8197.046436923185,8197.046436923185,0.0,0.0,489.99999999999994,625.0,1115.0,7082.046436923185
0.7,1275,892.5000000000001,-872.5000000000001,False,0,0,0,0,8197.046436923185,8197.046436923185,0.0,0.0,489.99999999999994,637.5,1127.5,7069.546436923185
0.7,1300,910.0,-890.0000000000001,False,0,0,0,0,8197.046436923185,8197.046436923185,0.0,0.0,489.99999999999994,650.0,1140.0,7057.046436923185
0.7,1325,927.5,-907.5,False,0,0,0,0,8197.046436923185,8197.046436923185,0.0,0.0,489.99999999999994,662.5,1152.5,7044.546436923185
0.7,1350,945.0,-925.0,False,0,0,0,0,8197.046436923185,8197.046436923185,0.0,0.0,489.99999999999994,675.0,1165.0,7032.046436923185
0.7,1375,962.5,-942.5,False,0,0,0,0,8197.046436923185,8197.046436923185,0.0,0.0,489.99999999999994,687.5,1177.5,7019.546436923185
0.7,1400,980.0,-960.0,False,0,0,0,0,8197.046436923185,8197.046436923185,0.0,0.0,489.99999999999994,700.0,1190.0,7007.046436923185
0.7,1425,997.5,-977.5,False,0,0,0,0,8197.046436923185,8197.046436923185,0.0,0.0,489.99999999999994,712.5,1202.5,6994.546436923185
0.7,1450,1015.0,-995.0,False,0,0,0,0,8197.046436923185,8197.046436923185,0.0,0.0,489.99999999999994,725.0,1215.0,6982.046436923185
0.7,1475,1032.5,-1012.5,False,0,0,0,0,8197.046436923185,8197.046436923185,0.0,0.0,489.99999999999994,737.5,1227.5,6969.546436923185
0.7,1500,1050.0,-1030.0,False,0,0,0,0,8197.046436923185,8197.046436923185,0.0,0.0,489.99999999999994,750.0,1240.0,6957.046436923185
0.7,1525,1067.5,-1047.5,False,0,0,0,0,8197.046436923185,8197.046436923185,0.0,0.0,489.99999999999994,762.5,1252.5,6944.546436923185
0.7,1550,1085.0,-1065.0,False,0,0,0,0,8197.046436923185,8197.046436923185,0.0,0.0,489.99999999999994,775.0,1265.0,6932.046436923185
0.7,1575,1102.5,-1082.5,False,0,0,0,0,8197.046436923185,8197.046436923185,0.0,0.0,489.99999999999994,787.5,1277.5,6919.546436923185
0.7,1600,1120.0,-1100.0,False,0,0,0,0,8197.046436923185,8197.046436923185,0.0,0.0,489.99999999999994,800.0,1290.0,6907.046436923185
0.7,1625,1137.5,-1117.5,False,0,0,0,0,8197.046436923185,8197.046436923185,0.0,0.0,489.99999999999994,812.5,1302.5,6894.546436923185
0.7,1650,1155.0,-1135.0,False,0,0,0,0,8197.046436923185,8197.046436923185,0.0,0.0,489.99999999999994,825.0,1315.0,6882.046436923185
0.7,1675,1172.5,-1152.5,False,0,0,0,0,8197.046436923185,8197.046436923185,0.0,0.0,489.99999999999994,837.5,1327.5,6869.546436923185
0.7,1700,1190.0,-1170.0,False,0,0,0,0,8197.046436923185,8197.046436923185,0.0,0.0,489.99999999999994,850.0,1340.0,6857.046436923185
0.7,1725,1207.5000000000002,-1187.5000000000002,False,0,0,0,0,8197.046436923185,8197.046436923185,0.0,0.0,489.99999999999994,862.5,1352.5,6844.546436923185
0.7,1750,1225.0000000000002,-1205.0000000000002,False,0,0,0,0,8197.046436923185,8197.046436923185,0.0,0.0,489.99999999999994,875.0,1365.0,6832.046436923185
0.7,1775,1242.5000000000002,-1222.5000000000002,False,0,0,0,0,8197.046436923185,8197.046436923185,0.0,0.0,489.99999999999994,887.5,1377.5,6819.546436923185
0.7,1800,1260.0000000000002,-1240.0000000000002,False,0,0,0,0,8197.046436923185,8197.046436923185,0.0,0.0,489.99999999999994,900.0,1390.0,6807.046436923185
0.7,1825,1277.5000000000002,-1257.5000000000002,False,0,0,0,0,8197.046436923185,8197.046436923185,0.0,0.0,489.99999999999994,912.5,1402.5,6794.546436923185
0.7,1850,1295.0000000000002,-1275.0000000000002,False,0,0,0,0,8197.046436923185,8197.046436923185,0.0,0.0,489.99999999999994,925.0,1415.0,6782.046436923185
0.7,1875,1312.5000000000002,-1292.5000000000002,False,0,0,0,0,8197.046436923185,8197.046436923185,0.0,0.0,489.99999999999994,937.5,1427.5,6769.546436923185
0.7,1900,1330.0000000000002,-1310.0000000000002,False,0,0,0,0,8197.046436923185,8197.046436923185,0.0,0.0,489.99999999999994,950.0,1440.0,6757.046436923185
0.7,1925,1347.5000000000002,-1327.5000000000002,False,0,0,0,0,8197.046436923185,8197.046436923185,0.0,0.0,489.99999999999994,962.5,1452.5,6744.546436923185
0.7,1950,1365.0000000000002,-1345.0000000000002,False,0,0,0,0,8197.046436923185,8197.046436923185,0.0,0.0,489.99999999999994,975.0,1465.0,6732.046436923185
0.7,1975,1382.5000000000002,-1362.5000000000002,False,0,0,0,0,8197.046436923185,8197.046436923185,0.0,0.0,489.99999999999994,987.5,1477.5,6719.546436923185
0.7,2000,1400.0000000000002,-1380.0000000000002,False,0,0,0,0,8197.046436923185,8197.046436923185,0.0,0.0,489.99999999999994,1000.0,1490.0,6707.046436923185
0.75,0,0.0,20.0,True,500,100,100,100,8197.046436923185,5653.878725891113,2543.1677110320725,31.025415442036547,562.5,0.0,562.5,5091.378725891113
0.75,25,18.75,1.25,True,500,100,100,100,8197.046436923185,5653.878725891113,2543.1677110320725,31.025415442036547,562.5,12.5,575.0,5078.878725891113
0.75,50,37.5,-17.5,False,500,100,0,0,8197.046436923185,8197.046436923185,0.0,0.0,562.5,25.0,587.5,7609.546436923185
0.75,75,56.25,-36.25,False,500,100,0,0,8197.046436923185,8197.046436923185,0.0,0.0,562.5,37.5,600.0,7597.046436923185
0.75,100,75.0,-55.0,False,500,100,0,0,8197.046436923185,8197.046436923185,0.0,0.0,562.5,50.0,612.5,7584.546436923185
0.75,125,93.75,-73.75,False,500,100,0,0,8197.046436923185,8197.046436923185,0.0,0.0,562.5,62.5,625.0,7572.046436923185
0.75,150,112.5,-92.5,False,477,100,0,0,8197.046436923185,8197.046436923185,0.0,0.0,562.5,75.0,637.5,7559.546436923185
0.75,175,131.25,-111.25,False,313,100,0,0,8197.046436923185,8197.046436923185,0.0,0.0,562.5,87.5,650.0,7547.046436923185
0.75,200,150.0,-130.0,False,160,86,0,0,8197.046436923185,8197.046436923185,0.0,0.0,562.5,100.0,662.5,7534.546436923185
0.75,225,168.75,-148.75,False,15,15,0,0,8197.046436923185,8197.046436923185,0.0,0.0,562.5,112.5,675.0,7522.046436923185
0.75,250,187.5,-167.5,False,0,0,0,0,8197.046436923185,8197.046436923185,0.0,0.0,562.5,125.0,687.5,7509.546436923185
0.75,275,206.25,-186.25,False,0,0,0,0,8197.046436923185,8197.046436923185,0.0,0.0,562.5,137.5,700.0,7497.046436923185
0.75,300,225.0,-205.0,False,0,0,0,0,8197.046436923185,8197.046436923185,0.0,0.0,562.5,150.0,712.5,7484.546436923185
0.75,325,243.75,-223.75,False,0,0,0,0,8197.046436923185,8197.046436923185,0.0,0.0,562.5,162.5,725.0,7472.046436923185
0.75,350,262.5,-242.5,False,0,0,0,0,8197.046436923185,8197.046436923185,0.0,0.0,562.5,175.0,737.5,7459.546436923185
0.75,375,281.25,-261.25,False,0,0,0,0,8197.046436923185,8197.046436923185,0.0,0.0,562.5,187.5,750.0,7447.046436923185
0.75,400,300.0,-280.0,False,0,0,0,0,8197.046436923185,8197.046436923185,0.0,0.0,562.5,200.0,762.5,7434.546436923185
0.75,425,318.75,-298.75,False,0,0,0,0,8197.046436923185,8197.046436923185,0.0,0.0,562.5,212.5,775.0,7422.046436923185
0.75,450,337.5,-317.5,False,0,0,0,0,8197.046436923185,8197.046436923185,0.0,0.0,562.5,225.0,787.5,7409.546436923185
0.75,475,356.25,-336.25,False,0,0,0,0,8197.046436923185,8197.046436923185,0.0,0.0,562.5,237.5,800.0,7397.046436923185
0.75,500,375.0,-355.0,False,0,0,0,0,8197.046436923185,8197.046436923185,0.0,0.0,562.5,250.0,812.5,7384.546436923185
0.75,525,393.75,-373.75,False,0,0,0,0,8197.046436923185,8197.046436923185,0.0,0.0,562.5,262.5,825.0,7372.046436923185
0.75,550,412.5,-392.5,False,0,0,0,0,8197.046436923185,8197.046436923185,0.0,0.0,562.5,275.0,837.5,7359.546436923185
0.75,575,431.25,-411.25,False,0,0,0,0,8197.046436923185,8197.046436923185,0.0,0.0,562.5,287.5,850.0,7347.046436923185
0.75,600,450.0,-430.0,False,0,0,0,0,8197.046436923185,8197.046436923185,0.0,0.0,562.5,300.0,862.5,7334.546436923185
0.75,625,468.75,-448.75,False,0,0,0,0,8197.046436923185,8197.046436923185,0.0,0.0,562.5,312.5,875.0,7322.046436923185
0.75,650,487.5,-467.5,False,0,0,0,0,8197.046436923185,8197.046436923185,0.0,0.0,562.5,325.0,887.5,7309.546436923185
0.75,675,506.25,-486.25,False,0,0,0,0,8197.046436923185,8197.046436923185,0.0,0.0,562.5,337.5,900.0,7297.046436923185
0.75,700,525.0,-505.0,False,0,0,0,0,8197.046436923185,8197.046436923185,0.0,0.0,562.5,350.0,912.5,7284.546436923185
0.75,725,543.75,-523.75,False,0,0,0,0,8197.046436923185,8197.046436923185,0.0,0.0,562.5,362.5,925.0,7272.046436923185
0.75,750,562.5,-542.5,False,0,0,0,0,8197.046436923185,8197.046436923185,0.0,0.0,562.5,375.0,937.5,7259.546436923185
0.75,775,581.25,-561.25,False,0,0,0,0,8197.046436923185,8197.046436923185,0.0,0.0,562.5,387.5,950.0,7247.046436923185
0.75,800,600.0,-580.0,False,0,0,0,0,8197.046436923185,8197.046436923185,0.0,0.0,562.5,400.0,962.5,7234.546436923185
0.75,825,618.75,-598.75,False,0,0,0,0,8197.046436923185,8197.046436923185,0.0,0.0,562.5,412.5,975.0,7222.046436923185
0.75,850,637.5,-617.5,False,0,0,0,0,8197.046436923185,8197.046436923185,0.0,0.0,562.5,425.0,987.5,7209.546436923185
0.75,875,656.25,-636.25,False,0,0,0,0,8197.046436923185,8197.046436923185,0.0,0.0,562.5,437.5,1000.0,7197.046436923185
0.75,900,675.0,-655.0,False,0,0,0,0,8197.046436923185,8197.046436923185,0.0,0.0,562.5,450.0,1012.5,7184.546436923185
0.75,925,693.75,-673.75,False,0,0,0,0,8197.046436923185,8197.046436923185,0.0,0.0,562.5,462.5,1025.0,7172.046436923185
0.75,950,712.5,-692.5,False,0,0,0,0,8197.046436923185,8197.046436923185,0.0,0.0,562.5,475.0,1037.5,7159.546436923185
0.75,975,731.25,-711.25,False,0,0,0,0,8197.046436923185,8197.046436923185,0.0,0.0,562.5,487.5,1050.0,7147.046436923185
0.75,1000,750.0,-730.0,False,0,0,0,0,8197.046436923185,8197.046436923185,0.0,0.0,562.5,500.0,1062.5,7134.546436923185
0.75,1025,768.75,-748.75,False,0,0,0,0,8197.046436923185,8197.046436923185,0.0,0.0,562.5,512.5,1075.0,7122.046436923185
0.75,1050,787.5,-767.5,False,0,0,0,0,8197.046436923185,8197.046436923185,0.0,0.0,562.5,525.0,1087.5,7109.546436923185
0.75,1075,806.25,-786.25,False,0,0,0,0,8197.046436923185,8197.046436923185,0.0,0.0,562.5,537.5,1100.0,7097.046436923185
0.75,1100,825.0,-805.0,False,0,0,0,0,8197.046436923185,8197.046436923185,0.0,0.0,562.5,550.0,1112.5,7084.546436923185
0.75,1125,843.75,-823.75,False,0,0,0,0,8197.046436923185,8197.046436923185,0.0,0.0,562.5,562.5,1125.0,7072.046436923185
0.75,1150,862.5,-842.5,False,0,0,0,0,8197.046436923185,8197.046436923185,0.0,0.0,562.5,575.0,1137.5,7059.546436923185
0.75,1175,881.25,-861.25,False,0,0,0,0,8197.046436923185,8197.046436923185,0.0,0.0,562.5,587.5,1150.0,7047.046436923185
0.75,1200,900.0,-880.0,False,0,0,0,0,8197.046436923185,8197.046436923185,0.0,0.0,562.5,600.0,1162.5,7034.546436923185
0.75,1225,918.75,-898.75,False,0,0,0,0,8197.046436923185,8197.046436923185,0.0,0.0,562.5,612.5,1175.0,7022.046436923185
0.75,1250,937.5,-917.5,False,0,0,0,0,8197.046436923185,8197.046436923185,0.0,0.0,562.5,625.0,1187.5,7009.546436923185
0.75,1275,956.25,-936.25,False,0,0,0,0,8197.046436923185,8197.046436923185,0.0,0.0,562.5,637.5,1200.0,6997.046436923185
0.75,1300,975.0,-955.0,False,0,0,0,0,8197.046436923185,8197.046436923185,0.0,0.0,562.5,650.0,1212.5,6984.546436923185
0.75,1325,993.75,-973.75,False,0,0,0,0,8197.046436923185,8197.046436923185,0.0,0.0,562.5,662.5,1225.0,6972.046436923185
0.75,1350,1012.5,-992.5,False,0,0,0,0,8197.046436923185,8197.046436923185,0.0,0.0,562.5,675.0,1237.5,6959.546436923185
0.75,1375,1031.25,-1011.25,False,0,0,0,0,8197.046436923185,8197.046436923185,0.0,0.0,562.5,687.5,1250.0,6947.046436923185
0.75,1400,1050.0,-1030.0,False,0,0,0,0,8197.046436923185,8197.046436923185,0.0,0.0,562.5,700.0,1262.5,6934.546436923185
0.75,1425,1068.75,-1048.75,False,0,0,0,0,8197.046436923185,8197.046436923185,0.0,0.0,562.5,712.5,1275.0,6922.046436923185
0.75,1450,1087.5,-1067.5,False,0,0,0,0,8197.046436923185,8197.046436923185,0.0,0.0,562.5,725.0,1287.5,6909.546436923185
0.75,1475,1106.25,-1086.25,False,0,0,0,0,8197.046436923185,8197.046436923185,0.0,0.0,562.5,737.5,1300.0,6897.046436923185
0.75,1500,1125.0,-1105.0,False,0,0,0,0,8197.046436923185,8197.046436923185,0.0,0.0,562.5,750.0,1312.5,6884.546436923185
0.75,1525,1143.75,-1123.75,False,0,0,0,0,8197.046436923185,8197.046436923185,0.0,0.0,562.5,762.5,1325.0,6872.046436923185
0.75,1550,1162.5,-1142.5,False,0,0,0,0,8197.046436923185,8197.046436923185,0.0,0.0,562.5,775.0,1337.5,6859.546436923185
0.75,1575,1181.25,-1161.25,False,0,0,0,0,8197.046436923185,8197.046436923185,0.0,0.0,562.5,787.5,1350.0,6847.046436923185
0.75,1600,1200.0,-1180.0,False,0,0,0,0,8197.046436923185,8197.046436923185,0.0,0.0,562.5,800.0,1362.5,6834.546436923185
0.75,1625,1218.75,-1198.75,False,0,0,0,0,8197.046436923185,8197.046436923185,0.0,0.0,562.5,812.5,1375.0,6822.046436923185
0.75,1650,1237.5,-1217.5,False,0,0,0,0,8197.046436923185,8197.046436923185,0.0,0.0,562.5,825.0,1387.5,6809.546436923185
0.75,1675,1256.25,-1236.25,False,0,0,0,0,8197.046436923185,8197.046436923185,0.0,0.0,562.5,837.5,1400.0,6797.046436923185
0.75,1700,1275.0,-1255.0,False,0,0,0,0,8197.046436923185,8197.046436923185,0.0,0.0,562.5,850.0,1412.5,6784.546436923185
0.75,1725,1293.75,-1273.75,False,0,0,0,0,8197.046436923185,8197.046436923185,0.0,0.0,562.5,862.5,1425.0,6772.046436923185
0.75,1750,1312.5,-1292.5,False,0,0,0,0,8197.046436923185,8197.046436923185,0.0,0.0,562.5,875.0,1437.5,6759.546436923185
0.75,1775,1331.25,-1311.25,False,0,0,0,0,8197.046436923185,8197.046436923185,0.0,0.0,562.5,887.5,1450.0,6747.046436923185
0.75,1800,1350.0,-1330.0,False,0,0,0,0,8197.046436923185,8197.046436923185,0.0,0.0,562.5,900.0,1462.5,6734.546436923185
0.75,1825,1368.75,-1348.75,False,0,0,0,0,8197.046436923185,8197.046436923185,0.0,0.0,562.5,912.5,1475.0,6722.046436923185
0.75,1850,1387.5,-1367.5,False,0,0,0,0,8197.046436923185,8197.046436923185,0.0,0.0,562.5,925.0,1487.5,6709.546436923185
0.75,1875,1406.25,-1386.25,False,0,0,0,0,8197.046436923185,8197.046436923185,0.0,0.0,562.5,937.5,1500.0,6697.046436923185
0.75,1900,1425.0,-1405.0,False,0,0,0,0,8197.046436923185,8197.046436923185,0.0,0.0,562.5,950.0,1512.5,6684.546436923185
0.75,1925,1443.75,-1423.75,False,0,0,0,0,8197.046436923185,8197.046436923185,0.0,0.0,562.5,962.5,1525.0,6672.046436923185
0.75,1950,1462.5,-1442.5,False,0,0,0,0,8197.046436923185,8197.046436923185,0.0,0.0,562.5,975.0,1537.5,6659.546436923185
0.75,1975,1481.25,-1461.25,False,0,0,0,0,8197.046436923185,8197.046436923185,0.0,0.0,562.5,987.5,1550.0,6647.046436923185
0.75,2000,1500.0,-1480.0,False,0,0,0,0,8197.046436923185,8197.046436923185,0.0,0.0,562.5,1000.0,1562.5,6634.546436923185
0.8,0,0.0,20.0,True,500,100,100,100,8197.046436923185,5653.878725891113,2543.1677110320725,31.025415442036547,640.0000000000001,0.0,640.0000000000001,5013.878725891113
0.8,25,20.0,0.0,False,500,100,0,0,8197.046436923185,8197.046436923185,0.0,0.0,640.0000000000001,12.5,652.5000000000001,7544.546436923185
0.8,50,40.0,-20.0,False,500,100,0,0,8197.046436923185,8197.046436923185,0.0,0.0,640.0000000000001,25.0,665.0000000000001,7532.046436923185
0.8,75,60.0,-40.0,False,500,100,0,0,8197.046436923185,8197.046436923185,0.0,0.0,640.0000000000001,37.5,677.5000000000001,7519.546436923185
0.8,100,80.0,-60.0,False,500,100,0,0,8197.046436923185,8197.046436923185,0.0,0.0,640.0000000000001,50.0,690.0000000000001,7507.046436923185
0.8,125,100.0,-80.0,False,500,100,0,0,8197.046436923185,8197.046436923185,0.0,0.0,640.0000000000001,62.5,702.5000000000001,7494.546436923185
0.8,150,120.0,-100.0,False,406,100,0,0,8197.046436923185,8197.046436923185,0.0,0.0,640.0000000000001,75.0,715.0000000000001,7482.046436923185
0.8,175,140.0,-120.0,False,244,97,0,0,8197.046436923185,8197.046436923185,0.0,0.0,640.0000000000001,87.5,727.5000000000001,7469.546436923185
0.8,200,160.0,-140.0,False,79,60,0,0,8197.046436923185,8197.046436923185,0.0,0.0,640.0000000000001,100.0,740.0000000000001,7457.046436923185
0.8,225,180.0,-160.0,False,0,0,0,0,8197.046436923185,8197.046436923185,0.0,0.0,640.0000000000001,112.5,752.5000000000001,7444.546436923185
0.8,250,200.0,-180.0,False,0,0,0,0,8197.046436923185,8197.046436923185,0.0,0.0,640.0000000000001,125.0,765.0000000000001,7432.046436923185
0.8,275,220.0,-200.0,False,0,0,0,0,8197.046436923185,8197.046436923185,0.0,0.0,640.0000000000001,137.5,777.5000000000001,7419.546436923185
0.8,300,240.0,-220.0,False,0,0,0,0,8197.046436923185,8197.046436923185,0.0,0.0,640.0000000000001,150.0,790.0000000000001,7407.046436923185
0.8,325,260.0,-240.0,False,0,0,0,0,8197.046436923185,8197.046436923185,0.0,0.0,640.0000000000001,162.5,802.5000000000001,7394.546436923185
0.8,350,280.0,-260.0,False,0,0,0,0,8197.046436923185,8197.046436923185,0.0,0.0,640.0000000000001,175.0,815.0000000000001,7382.046436923185
0.8,375,300.0,-280.0,False,0,0,0,0,8197.046436923185,8197.046436923185,0.0,0.0,640.0000000000001,187.5,827.5000000000001,7369.546436923185
0.8,400,320.0,-300.0,False,0,0,0,0,8197.046436923185,8197.046436923185,0.0,0.0,640.0000000000001,200.0,840.0000000000001,7357.046436923185
0.8,425,340.0,-320.0,False,0,0,0,0,8197.046436923185,8197.046436923185,0.0,0.0,640.0000000000001,212.5,852.5000000000001,7344.546436923185
0.8,450,360.0,-340.0,False,0,0,0,0,8197.046436923185,8197.046436923185,0.0,0.0,640.0000000000001,225.0,865.0000000000001,7332.046436923185
0.8,475,380.0,-360.0,False,0,0,0,0,8197.046436923185,8197.046436923185,0.0,0.0,640.0000000000001,237.5,877.5000000000001,7319.546436923185
0.8,500,400.0,-380.0,False,0,0,0,0,8197.046436923185,8197.046436923185,0.0,0.0,640.0000000000001,250.0,890.0000000000001,7307.046436923185
0.8,525,420.0,-400.0,False,0,0,0,0,8197.046436923185,8197.046436923185,0.0,0.0,640.0000000000001,262.5,902.5000000000001,7294.546436923185
0.8,550,440.0,-420.0,False,0,0,0,0,8197.046436923185,8197.046436923185,0.0,0.0,640.0000000000001,275.0,915.0000000000001,7282.046436923185
0.8,575,460.0,-440.0,False,0,0,0,0,8197.046436923185,8197.046436923185,0.0,0.0,640.0000000000001,287.5,927.5000000000001,7269.546436923185
0.8,600,480.0,-460.0,False,0,0,0,0,8197.046436923185,8197.046436923185,0.0,0.0,640.0000000000001,300.0,940.0000000000001,7257.046436923185
0.8,625,500.0,-480.0,False,0,0,0,0,8197.046436923185,8197.046436923185,0.0,0.0,640.0000000000001,312.5,952.5000000000001,7244.546436923185
0.8,650,520.0,-500.0,False,0,0,0,0,8197.046436923185,8197.046436923185,0.0,0.0,640.0000000000001,325.0,965.0000000000001,7232.046436923185
0.8,675,540.0,-520.0,False,0,0,0,0,8197.046436923185,8197.046436923185,0.0,0.0,640.0000000000001,337.5,977.5000000000001,7219.546436923185
0.8,700,560.0,-540.0,False,0,0,0,0,8197.046436923185,8197.046436923185,0.0,0.0,640.0000000000001,350.0,990.0000000000001,7207.046436923185
0.8,725,580.0,-560.0,False,0,0,0,0,8197.046436923185,8197.046436923185,0.0,0.0,640.0000000000001,362.5,1002.5000000000001,7194.546436923185
0.8,750,600.0,-580.0,False,0,0,0,0,8197.046436923185,8197.046436923185,0.0,0.0,640.0000000000001,375.0,1015.0000000000001,7182.046436923185
0.8,775,620.0,-600.0,False,0,0,0,0,8197.046436923185,8197.046436923185,0.0,0.0,640.0000000000001,387.5,1027.5,7169.546436923185
0.8,800,640.0,-620.0,False,0,0,0,0,8197.046436923185,8197.046436923185,0.0,0.0,640.0000000000001,400.0,1040.0,7157.046436923185
0.8,825,660.0,-640.0,False,0,0,0,0,8197.046436923185,8197.046436923185,0.0,0.0,640.0000000000001,412.5,1052.5,7144.546436923185
0.8,850,680.0,-660.0,False,0,0,0,0,8197.046436923185,8197.046436923185,0.0,0.0,640.0000000000001,425.0,1065.0,7132.046436923185
0.8,875,700.0,-680.0,False,0,0,0,0,8197.046436923185,8197.046436923185,0.0,0.0,640.0000000000001,437.5,1077.5,7119.546436923185
0.8,900,720.0,-700.0,False,0,0,0,0,8197.046436923185,8197.046436923185,0.0,0.0,640.0000000000001,450.0,1090.0,7107.046436923185
0.8,925,740.0,-720.0,False,0,0,0,0,8197.046436923185,8197.046436923185,0.0,0.0,640.0000000000001,462.5,1102.5,7094.546436923185
0.8,950,760.0,-740.0,False,0,0,0,0,8197.046436923185,8197.046436923185,0.0,0.0,640.0000000000001,475.0,1115.0,7082.046436923185
0.8,975,780.0,-760.0,False,0,0,0,0,8197.046436923185,8197.046436923185,0.0,0.0,640.0000000000001,487.5,1127.5,7069.546436923185
0.8,1000,800.0,-780.0,False,0,0,0,0,8197.046436923185,8197.046436923185,0.0,0.0,640.0000000000001,500.0,1140.0,7057.046436923185
0.8,1025,820.0,-800.0,False,0,0,0,0,8197.046436923185,8197.046436923185,0.0,0.0,640.0000000000001,512.5,1152.5,7044.546436923185
0.8,1050,840.0,-820.0,False,0,0,0,0,8197.046436923185,8197.046436923185,0.0,0.0,640.0000000000001,525.0,1165.0,7032.046436923185
0.8,1075,860.0,-840.0,False,0,0,0,0,8197.046436923185,8197.046436923185,0.0,0.0,640.0000000000001,537.5,1177.5,7019.546436923185
0.8,1100,880.0,-860.0,False,0,0,0,0,8197.046436923185,8197.046436923185,0.0,0.0,640.0000000000001,550.0,1190.0,7007.046436923185
0.8,1125,900.0,-880.0,False,0,0,0,0,8197.046436923185,8197.046436923185,0.0,0.0,640.0000000000001,562.5,1202.5,6994.546436923185
0.8,1150,920.0,-900.0,False,0,0,0,0,8197.046436923185,8197.046436923185,0.0,0.0,640.0000000000001,575.0,1215.0,6982.046436923185
0.8,1175,940.0,-920.0,False,0,0,0,0,8197.046436923185,8197.046436923185,0.0,0.0,640.0000000000001,587.5,1227.5,6969.546436923185
0.8,1200,960.0,-940.0,False,0,0,0,0,8197.046436923185,8197.046436923185,0.0,0.0,640.0000000000001,600.0,1240.0,6957.046436923185
0.8,1225,980.0,-960.0,False,0,0,0,0,8197.046436923185,8197.046436923185,0.0,0.0,640.0000000000001,612.5,1252.5,6944.546436923185
0.8,1250,1000.0,-980.0,False,0,0,0,0,8197.046436923185,8197.046436923185,0.0,0.0,640.0000000000001,625.0,1265.0,6932.046436923185
0.8,1275,1020.0,-1000.0,False,0,0,0,0,8197.046436923185,8197.046436923185,0.0,0.0,640.0000000000001,637.5,1277.5,6919.546436923185
0.8,1300,1040.0,-1020.0,False,0,0,0,0,8197.046436923185,8197.046436923185,0.0,0.0,640.0000000000001,650.0,1290.0,6907.046436923185
0.8,1325,1060.0,-1040.0,False,0,0,0,0,8197.046436923185,8197.046436923185,0.0,0.0,640.0000000000001,662.5,1302.5,6894.546436923185
0.8,1350,1080.0,-1060.0,False,0,0,0,0,8197.046436923185,8197.046436923185,0.0,0.0,640.0000000000001,675.0,1315.0,6882.046436923185
0.8,1375,1100.0,-1080.0,False,0,0,0,0,8197.046436923185,8197.046436923185,0.0,0.0,640.0000000000001,687.5,1327.5,6869.546436923185
0.8,1400,1120.0,-1100.0,False,0,0,0,0,8197.046436923185,8197.046436923185,0.0,0.0,640.0000000000001,700.0,1340.0,6857.046436923185
0.8,1425,1140.0,-1120.0,False,0,0,0,0,8197.046436923185,8197.046436923185,0.0,0.0,640.0000000000001,712.5,1352.5,6844.546436923185
0.8,1450,1160.0,-1140.0,False,0,0,0,0,8197.046436923185,8197.046436923185,0.0,0.0,640.0000000000001,725.0,1365.0,6832.046436923185
0.8,1475,1180.0,-1160.0,False,0,0,0,0,8197.046436923185,8197.046436923185,0.0,0.0,640.0000000000001,737.5,1377.5,6819.546436923185
0.8,1500,1200.0,-1180.0,False,0,0,0,0,8197.046436923185,8197.046436923185,0.0,0.0,640.0000000000001,750.0,1390.0,6807.046436923185
0.8,1525,1220.0,-1200.0,False,0,0,0,0,8197.046436923185,8197.046436923185,0.0,0.0,640.0000000000001,762.5,1402.5,6794.546436923185
0.8,1550,1240.0,-1220.0,False,0,0,0,0,8197.046436923185,8197.046436923185,0.0,0.0,640.0000000000001,775.0,1415.0,6782.046436923185
0.8,1575,1260.0,-1240.0,False,0,0,0,0,8197.046436923185,8197.046436923185,0.0,0.0,640.0000000000001,787.5,1427.5,6769.546436923185
0.8,1600,1280.0,-1260.0,False,0,0,0,0,8197.046436923185,8197.046436923185,0.0,0.0,640.0000000000001,800.0,1440.0,6757.046436923185
0.8,1625,1300.0,-1280.0,False,0,0,0,0,8197.046436923185,8197.046436923185,0.0,0.0,640.0000000000001,812.5,1452.5,6744.546436923185
0.8,1650,1320.0,-1300.0,False,0,0,0,0,8197.046436923185,8197.046436923185,0.0,0.0,640.0000000000001,825.0,1465.0,6732.046436923185
0.8,1675,1340.0,-1320.0,False,0,0,0,0,8197.046436923185,8197.046436923185,0.0,0.0,640.0000000000001,837.5,1477.5,6719.546436923185
0.8,1700,1360.0,-1340.0,False,0,0,0,0,8197.046436923185,8197.046436923185,0.0,0.0,640.0000000000001,850.0,1490.0,6707.046436923185
0.8,1725,1380.0,-1360.0,False,0,0,0,0,8197.046436923185,8197.046436923185,0.0,0.0,640.0000000000001,862.5,1502.5,6694.546436923185
0.8,1750,1400.0,-1380.0,False,0,0,0,0,8197.046436923185,8197.046436923185,0.0,0.0,640.0000000000001,875.0,1515.0,6682.046436923185
0.8,1775,1420.0,-1400.0,False,0,0,0,0,8197.046436923185,8197.046436923185,0.0,0.0,640.0000000000001,887.5,1527.5,6669.546436923185
0.8,1800,1440.0,-1420.0,False,0,0,0,0,8197.046436923185,8197.046436923185,0.0,0.0,640.0000000000001,900.0,1540.0,6657.046436923185
0.8,1825,1460.0,-1440.0,False,0,0,0,0,8197.046436923185,8197.046436923185,0.0,0.0,640.0000000000001,912.5,1552.5,6644.546436923185
0.8,1850,1480.0,-1460.0,False,0,0,0,0,8197.046436923185,8197.046436923185,0.0,0.0,640.0000000000001,925.0,1565.0,6632.046436923185
0.8,1875,1500.0,-1480.0,False,0,0,0,0,8197.046436923185,8197.046436923185,0.0,0.0,640.0000000000001,937.5,1577.5,6619.546436923185
0.8,1900,1520.0,-1500.0,False,0,0,0,0,8197.046436923185,8197.046436923185,0.0,0.0,640.0000000000001,950.0,1590.0,6607.046436923185
0.8,1925,1540.0,-1520.0,False,0,0,0,0,8197.046436923185,8197.046436923185,0.0,0.0,640.0000000000001,962.5,1602.5,6594.546436923185
0.8,1950,1560.0,-1540.0,False,0,0,0,0,8197.046436923185,8197.046436923185,0.0,0.0,640.0000000000001,975.0,1615.0,6582.046436923185
0.8,1975,1580.0,-1560.0,False,0,0,0,0,8197.046436923185,8197.046436923185,0.0,0.0,640.0000000000001,987.5,1627.5,6569.546436923185
0.8,2000,1600.0,-1580.0,False,0,0,0,0,8197.046436923185,8197.046436923185,0.0,0.0,640.0000000000001,1000.0,1640.0,6557.046436923185
0.85,0,0.0,20.0,True,500,100,100,100,8197.046436923185,5653.878725891113,2543.1677110320725,31.025415442036547,722.4999999999999,0.0,722.4999999999999,4931.378725891113
0.85,25,21.250000000000004,-1.2500000000000036,False,500,100,0,0,8197.046436923185,8197.046436923185,0.0,0.0,722.4999999999999,12.5,734.9999999999999,7462.046436923185
0.85,50,42.50000000000001,-22.500000000000007,False,500,100,0,0,8197.046436923185,8197.046436923185,0.0,0.0,722.4999999999999,25.0,747.4999999999999,7449.546436923185
0.85,75,63.75000000000001,-43.75000000000001,False,500,100,0,0,8197.046436923185,8197.046436923185,0.0,0.0,722.4999999999999,37.5,759.9999999999999,7437.046436923185
0.85,100,85.00000000000001,-65.00000000000001,False,500,100,0,0,8197.046436923185,8197.046436923185,0.0,0.0,722.4999999999999,50.0,772.4999999999999,7424.546436923185
0.85,125,106.25,-86.25000000000001,False,500,100,0,0,8197.046436923185,8197.046436923185,0.0,0.0,722.4999999999999,62.5,784.9999999999999,7412.046436923185
0.85,150,127.5,-107.5,False,341,100,0,0,8197.046436923185,8197.046436923185,0.0,0.0,722.4999999999999,75.0,797.4999999999999,7399.546436923185
0.85,175,148.75000000000003,-128.75000000000003,False,173,89,0,0,8197.046436923185,8197.046436923185,0.0,0.0,722.4999999999999,87.5,809.9999999999999,7387.046436923185
0.85,200,170.00000000000003,-150.00000000000003,False,0,0,0,0,8197.046436923185,8197.046436923185,0.0,0.0,722.4999999999999,100.0,822.4999999999999,7374.546436923185
0.85,225,191.25000000000003,-171.25000000000003,False,0,0,0,0,8197.046436923185,8197.046436923185,0.0,0.0,722.4999999999999,112.5,834.9999999999999,7362.046436923185
0.85,250,212.50000000000003,-192.50000000000003,False,0,0,0,0,8197.046436923185,8197.046436923185,0.0,0.0,722.4999999999999,125.0,847.4999999999999,7349.546436923185
0.85,275,233.75000000000003,-213.75000000000003,False,0,0,0,0,8197.046436923185,8197.046436923185,0.0,0.0,722.4999999999999,137.5,859.9999999999999,7337.046436923185
0.85,300,255.00000000000003,-235.00000000000003,False,0,0,0,0,8197.046436923185,8197.046436923185,0.0,0.0,722.4999999999999,150.0,872.4999999999999,7324.546436923185
0.85,325,276.25000000000006,-256.25000000000006,False,0,0,0,0,8197.046436923185,8197.046436923185,0.0,0.0,722.4999999999999,162.5,884.9999999999999,7312.046436923185
0.85,350,297.50000000000006,-277.50000000000006,False,0,0,0,0,8197.046436923185,8197.046436923185,0.0,0.0,722.4999999999999,175.0,897.4999999999999,7299.546436923185
0.85,375,318.75000000000006,-298.75000000000006,False,0,0,0,0,8197.046436923185,8197.046436923185,0.0,0.0,722.4999999999999,187.5,909.9999999999999,7287.046436923185
0.85,400,340.00000000000006,-320.00000000000006,False,0,0,0,0,8197.046436923185,8197.046436923185,0.0,0.0,722.4999999999999,200.0,922.4999999999999,7274.546436923185
0.85,425,361.25000000000006,-341.25000000000006,False,0,0,0,0,8197.046436923185,8197.046436923185,0.0,0.0,722.4999999999999,212.5,934.9999999999999,7262.046436923185
0.85,450,382.50000000000006,-362.50000000000006,False,0,0,0,0,8197.046436923185,8197.046436923185,0.0,0.0,722.4999999999999,225.0,947.4999999999999,7249.546436923185
0.85,475,403.75000000000006,-383.75000000000006,False,0,0,0,0,8197.046436923185,8197.046436923185,0.0,0.0,722.4999999999999,237.5,959.9999999999999,7237.046436923185
0.85,500,425.00000000000006,-405.00000000000006,False,0,0,0,0,8197.046436923185,8197.046436923185,0.0,0.0,722.4999999999999,250.0,972.4999999999999,7224.546436923185
0.85,525,446.25000000000006,-426.25000000000006,False,0,0,0,0,8197.046436923185,8197.046436923185,0.0,0.0,722.4999999999999,262.5,984.9999999999999,7212.046436923185
0.85,550,467.50000000000006,-447.50000000000006,False,0,0,0,0,8197.046436923185,8197.046436923185,0.0,0.0,722.4999999999999,275.0,997.4999999999999,7199.546436923185
0.85,575,488.75000000000006,-468.75000000000006,False,0,0,0,0,8197.046436923185,8197.046436923185,0.0,0.0,722.4999999999999,287.5,1009.9999999999999,7187.046436923185
0.85,600,510.00000000000006,-490.00000000000006,False,0,0,0,0,8197.046436923185,8197.046436923185,0.0,0.0,722.4999999999999,300.0,1022.4999999999999,7174.546436923185
0.85,625,531.25,-511.25,False,0,0,0,0,8197.046436923185,8197.046436923185,0.0,0.0,722.4999999999999,312.5,1035.0,7162.046436923185
0.85,650,552.5000000000001,-532.5000000000001,False,0,0,0,0,8197.046436923185,8197.046436923185,0.0,0.0,722.4999999999999,325.0,1047.5,7149.546436923185
0.85,675,573.7500000000001,-553.7500000000001,False,0,0,0,0,8197.046436923185,8197.046436923185,0.0,0.0,722.4999999999999,337.5,1060.0,7137.046436923185
0.85,700,595.0000000000001,-575.0000000000001,False,0,0,0,0,8197.046436923185,8197.046436923185,0.0,0.0,722.4999999999999,350.0,1072.5,7124.546436923185
0.85,725,616.2500000000001,-596.2500000000001,False,0,0,0,0,8197.046436923185,8197.046436923185,0.0,0.0,722.4999999999999,362.5,1085.0,7112.046436923185
0.85,750,637.5000000000001,-617.5000000000001,False,0,0,0,0,8197.046436923185,8197.046436923185,0.0,0.0,722.4999999999999,375.0,1097.5,7099.546436923185
0.85,775,658.7500000000001,-638.7500000000001,False,0,0,0,0,8197.046436923185,8197.046436923185,0.0,0.0,722.4999999999999,387.5,1110.0,7087.046436923185
0.85,800,680.0000000000001,-660.0000000000001,False,0,0,0,0,8197.046436923185,8197.046436923185,0.0,0.0,722.4999999999999,400.0,1122.5,7074.546436923185
0.85,825,701.2500000000001,-681.2500000000001,False,0,0,0,0,8197.046436923185,8197.046436923185,0.0,0.0,722.4999999999999,412.5,1135.0,7062.046436923185
0.85,850,722.5000000000001,-702.5000000000001,False,0,0,0,0,8197.046436923185,8197.046436923185,0.0,0.0,722.4999999999999,425.0,1147.5,7049.546436923185
0.85,875,743.7500000000001,-723.7500000000001,False,0,0,0,0,8197.046436923185,8197.046436923185,0.0,0.0,722.4999999999999,437.5,1160.0,7037.046436923185
0.85,900,765.0000000000001,-745.0000000000001,False,0,0,0,0,8197.046436923185,8197.046436923185,0.0,0.0,722.4999999999999,450.0,1172.5,7024.546436923185
0.85,925,786.2500000000001,-766.2500000000001,False,0,0,0,0,8197.046436923185,8197.046436923185,0.0,0.0,722.4999999999999,462.5,1185.0,7012.046436923185
0.85,950,807.5000000000001,-787.5000000000001,False,0,0,0,0,8197.046436923185,8197.046436923185,0.0,0.0,722.4999999999999,475.0,1197.5,6999.546436923185
0.85,975,828.7500000000001,-808.7500000000001,False,0,0,0,0,8197.046436923185,8197.046436923185,0.0,0.0,722.4999999999999,487.5,1210.0,6987.046436923185
0.85,1000,850.0000000000001,-830.0000000000001,False,0,0,0,0,8197.046436923185,8197.046436923185,0.0,0.0,722.4999999999999,500.0,1222.5,6974.546436923185
0.85,1025,871.2500000000001,-851.2500000000001,False,0,0,0,0,8197.046436923185,8197.046436923185,0.0,0.0,722.4999999999999,512.5,1235.0,6962.046436923185
0.85,1050,892.5000000000001,-872.5000000000001,False,0,0,0,0,8197.046436923185,8197.046436923185,0.0,0.0,722.4999999999999,525.0,1247.5,6949.546436923185
0.85,1075,913.75,-893.7500000000001,False,0,0,0,0,8197.046436923185,8197.046436923185,0.0,0.0,722.4999999999999,537.5,1260.0,6937.046436923185
0.85,1100,935.0,-915.0,False,0,0,0,0,8197.046436923185,8197.046436923185,0.0,0.0,722.4999999999999,550.0,1272.5,6924.546436923185
0.85,1125,956.25,-936.25,False,0,0,0,0,8197.046436923185,8197.046436923185,0.0,0.0,722.4999999999999,562.5,1285.0,6912.046436923185
0.85,1150,977.5,-957.5,False,0,0,0,0,8197.046436923185,8197.046436923185,0.0,0.0,722.4999999999999,575.0,1297.5,6899.546436923185
0.85,1175,998.75,-978.75,False,0,0,0,0,8197.046436923185,8197.046436923185,0.0,0.0,722.4999999999999,587.5,1310.0,6887.046436923185
0.85,1200,1020.0,-1000.0,False,0,0,0,0,8197.046436923185,8197.046436923185,0.0,0.0,722.4999999999999,600.0,1322.5,6874.546436923185
0.85,1225,1041.25,-1021.25,False,0,0,0,0,8197.046436923185,8197.046436923185,0.0,0.0,722.4999999999999,612.5,1335.0,6862.046436923185
0.85,1250,1062.5,-1042.5,False,0,0,0,0,8197.046436923185,8197.046436923185,0.0,0.0,722.4999999999999,625.0,1347.5,6849.546436923185
0.85,1275,1083.75,-1063.75,False,0,0,0,0,8197.046436923185,8197.046436923185,0.0,0.0,722.4999999999999,637.5,1360.0,6837.046436923185
0.85,1300,1105.0000000000002,-1085.0000000000002,False,0,0,0,0,8197.046436923185,8197.046436923185,0.0,0.0,722.4999999999999,650.0,1372.5,6824.546436923185
0.85,1325,1126.2500000000002,-1106.2500000000002,False,0,0,0,0,8197.046436923185,8197.046436923185,0.0,0.0,722.4999999999999,662.5,1385.0,6812.046436923185
0.85,1350,1147.5000000000002,-1127.5000000000002,False,0,0,0,0,8197.046436923185,8197.046436923185,0.0,0.0,722.4999999999999,675.0,1397.5,6799.546436923185
0.85,1375,1168.7500000000002,-1148.7500000000002,False,0,0,0,0,8197.046436923185,8197.046436923185,0.0,0.0,722.4999999999999,687.5,1410.0,6787.046436923185
0.85,1400,1190.0000000000002,-1170.0000000000002,False,0,0,0,0,8197.046436923185,8197.046436923185,0.0,0.0,722.4999999999999,700.0,1422.5,6774.546436923185
0.85,1425,1211.2500000000002,-1191.2500000000002,False,0,0,0,0,8197.046436923185,8197.046436923185,0.0,0.0,722.4999999999999,712.5,1435.0,6762.046436923185
0.85,1450,1232.5000000000002,-1212.5000000000002,False,0,0,0,0,8197.046436923185,8197.046436923185,0.0,0.0,722.4999999999999,725.0,1447.5,6749.546436923185
0.85,1475,1253.7500000000002,-1233.7500000000002,False,0,0,0,0,8197.046436923185,8197.046436923185,0.0,0.0,722.4999999999999,737.5,1460.0,6737.046436923185
0.85,1500,1275.0000000000002,-1255.0000000000002,False,0,0,0,0,8197.046436923185,8197.046436923185,0.0,0.0,722.4999999999999,750.0,1472.5,6724.546436923185
0.85,1525,1296.2500000000002,-1276.2500000000002,False,0,0,0,0,8197.046436923185,8197.046436923185,0.0,0.0,722.4999999999999,762.5,1485.0,6712.046436923185
0.85,1550,1317.5000000000002,-1297.5000000000002,False,0,0,0,0,8197.046436923185,8197.046436923185,0.0,0.0,722.4999999999999,775.0,1497.5,6699.546436923185
0.85,1575,1338.7500000000002,-1318.7500000000002,False,0,0,0,0,8197.046436923185,8197.046436923185,0.0,0.0,722.4999999999999,787.5,1510.0,6687.046436923185
0.85,1600,1360.0000000000002,-1340.0000000000002,False,0,0,0,0,8197.046436923185,8197.046436923185,0.0,0.0,722.4999999999999,800.0,1522.5,6674.546436923185
0.85,1625,1381.2500000000002,-1361.2500000000002,False,0,0,0,0,8197.046436923185,8197.046436923185,0.0,0.0,722.4999999999999,812.5,1535.0,6662.046436923185
0.85,1650,1402.5000000000002,-1382.5000000000002,False,0,0,0,0,8197.046436923185,8197.046436923185,0.0,0.0,722.4999999999999,825.0,1547.5,6649.546436923185
0.85,1675,1423.7500000000002,-1403.7500000000002,False,0,0,0,0,8197.046436923185,8197.046436923185,0.0,0.0,722.4999999999999,837.5,1560.0,6637.046436923185
0.85,1700,1445.0000000000002,-1425.0000000000002,False,0,0,0,0,8197.046436923185,8197.046436923185,0.0,0.0,722.4999999999999,850.0,1572.5,6624.546436923185
0.85,1725,1466.2500000000002,-1446.2500000000002,False,0,0,0,0,8197.046436923185,8197.046436923185,0.0,0.0,722.4999999999999,862.5,1585.0,6612.046436923185
0.85,1750,1487.5000000000002,-1467.5000000000002,False,0,0,0,0,8197.046436923185,8197.046436923185,0.0,0.0,722.4999999999999,875.0,1597.5,6599.546436923185
0.85,1775,1508.7500000000002,-1488.7500000000002,False,0,0,0,0,8197.046436923185,8197.046436923185,0.0,0.0,722.4999999999999,887.5,1610.0,6587.046436923185
0.85,1800,1530.0000000000002,-1510.0000000000002,False,0,0,0,0,8197.046436923185,8197.046436923185,0.0,0.0,722.4999999999999,900.0,1622.5,6574.546436923185
0.85,1825,1551.2500000000002,-1531.2500000000002,False,0,0,0,0,8197.046436923185,8197.046436923185,0.0,0.0,722.4999999999999,912.5,1635.0,6562.046436923185
0.85,1850,1572.5000000000002,-1552.5000000000002,False,0,0,0,0,8197.046436923185,8197.046436923185,0.0,0.0,722.4999999999999,925.0,1647.5,6549.546436923185
0.85,1875,1593.7500000000002,-1573.7500000000002,False,0,0,0,0,8197.046436923185,8197.046436923185,0.0,0.0,722.4999999999999,937.5,1660.0,6537.046436923185
0.85,1900,1615.0000000000002,-1595.0000000000002,False,0,0,0,0,8197.046436923185,8197.046436923185,0.0,0.0,722.4999999999999,950.0,1672.5,6524.546436923185
0.85,1925,1636.2500000000002,-1616.2500000000002,False,0,0,0,0,8197.046436923185,8197.046436923185,0.0,0.0,722.4999999999999,962.5,1685.0,6512.046436923185
0.85,1950,1657.5000000000002,-1637.5000000000002,False,0,0,0,0,8197.046436923185,8197.046436923185,0.0,0.0,722.4999999999999,975.0,1697.5,6499.546436923185
0.85,1975,1678.7500000000002,-1658.7500000000002,False,0,0,0,0,8197.046436923185,8197.046436923185,0.0,0.0,722.4999999999999,987.5,1710.0,6487.046436923185
0.85,2000,1700.0000000000002,-1680.0000000000002,False,0,0,0,0,8197.046436923185,8197.046436923185,0.0,0.0,722.4999999999999,1000.0,1722.5,6474.546436923185
0.9,0,0.0,20.0,True,500,100,100,100,8197.046436923185,5653.878725891113,2543.1677110320725,31.025415442036547,810.0,0.0,810.0,4843.878725891113
0.9,25,22.5,-2.5,False,500,100,0,0,8197.046436923185,8197.046436923185,0.0,0.0,810.0,12.5,822.5,7374.546436923185
0.9,50,45.0,-25.0,False,500,100,0,0,8197.046436923185,8197.046436923185,0.0,0.0,810.0,25.0,835.0,7362.046436923185
0.9,75,67.5,-47.5,False,500,100,0,0,8197.046436923185,8197.046436923185,0.0,0.0,810.0,37.5,847.5,7349.546436923185
0.9,100,90.0,-70.0,False,500,100,0,0,8197.046436923185,8197.046436923185,0.0,0.0,810.0,50.0,860.0,7337.046436923185
0.9,125,112.5,-92.5,False,477,100,0,0,8197.046436923185,8197.046436923185,0.0,0.0,810.0,62.5,872.5,7324.546436923185
0.9,150,135.0,-115.0,False,291,99,0,0,8197.046436923185,8197.046436923185,0.0,0.0,810.0,75.0,885.0,7312.046436923185
0.9,175,157.5,-137.5,False,93,68,0,0,8197.046436923185,8197.046436923185,0.0,0.0,810.0,87.5,897.5,7299.546436923185
0.9,200,180.0,-160.0,False,0,0,0,0,8197.046436923185,8197.046436923185,0.0,0.0,810.0,100.0,910.0,7287.046436923185
0.9,225,202.5,-182.5,False,0,0,0,0,8197.046436923185,8197.046436923185,0.0,0.0,810.0,112.5,922.5,7274.546436923185
0.9,250,225.0,-205.0,False,0,0,0,0,8197.046436923185,8197.046436923185,0.0,0.0,810.0,125.0,935.0,7262.046436923185
0.9,275,247.5,-227.5,False,0,0,0,0,8197.046436923185,8197.046436923185,0.0,0.0,810.0,137.5,947.5,7249.546436923185
0.9,300,270.0,-250.0,False,0,0,0,0,8197.046436923185,8197.046436923185,0.0,0.0,810.0,150.0,960.0,7237.046436923185
0.9,325,292.5,-272.5,False,0,0,0,0,8197.046436923185,8197.046436923185,0.0,0.0,810.0,162.5,972.5,7224.546436923185
0.9,350,315.0,-295.0,False,0,0,0,0,8197.046436923185,8197.046436923185,0.0,0.0,810.0,175.0,985.0,7212.046436923185
0.9,375,337.5,-317.5,False,0,0,0,0,8197.046436923185,8197.046436923185,0.0,0.0,810.0,187.5,997.5,7199.546436923185
0.9,400,360.0,-340.0,False,0,0,0,0,8197.046436923185,8197.046436923185,0.0,0.0,810.0,200.0,1010.0,7187.046436923185
0.9,425,382.5,-362.5,False,0,0,0,0,8197.046436923185,8197.046436923185,0.0,0.0,810.0,212.5,1022.5,7174.546436923185
0.9,450,405.0,-385.0,False,0,0,0,0,8197.046436923185,8197.046436923185,0.0,0.0,810.0,225.0,1035.0,7162.046436923185
0.9,475,427.5,-407.5,False,0,0,0,0,8197.046436923185,8197.046436923185,0.0,0.0,810.0,237.5,1047.5,7149.546436923185
0.9,500,450.0,-430.0,False,0,0,0,0,8197.046436923185,8197.046436923185,0.0,0.0,810.0,250.0,1060.0,7137.046436923185
0.9,525,472.5,-452.5,False,0,0,0,0,8197.046436923185,8197.046436923185,0.0,0.0,810.0,262.5,1072.5,7124.546436923185
0.9,550,495.0,-475.0,False,0,0,0,0,8197.046436923185,8197.046436923185,0.0,0.0,810.0,275.0,1085.0,7112.046436923185
0.9,575,517.5,-497.5,False,0,0,0,0,8197.046436923185,8197.046436923185,0.0,0.0,810.0,287.5,1097.5,7099.546436923185
0.9,600,540.0,-520.0,False,0,0,0,0,8197.046436923185,8197.046436923185,0.0,0.0,810.0,300.0,1110.0,7087.046436923185
0.9,625,562.5,-542.5,False,0,0,0,0,8197.046436923185,8197.046436923185,0.0,0.0,810.0,312.5,1122.5,7074.546436923185
0.9,650,585.0,-565.0,False,0,0,0,0,8197.046436923185,8197.046436923185,0.0,0.0,810.0,325.0,1135.0,7062.046436923185
0.9,675,607.5,-587.5,False,0,0,0,0,8197.046436923185,8197.046436923185,0.0,0.0,810.0,337.5,1147.5,7049.546436923185
0.9,700,630.0,-610.0,False,0,0,0,0,8197.046436923185,8197.046436923185,0.0,0.0,810.0,350.0,1160.0,7037.046436923185
0.9,725,652.5,-632.5,False,0,0,0,0,8197.046436923185,8197.046436923185,0.0,0.0,810.0,362.5,1172.5,7024.546436923185
0.9,750,675.0,-655.0,False,0,0,0,0,8197.046436923185,8197.046436923185,0.0,0.0,810.0,375.0,1185.0,7012.046436923185
0.9,775,697.5,-677.5,False,0,0,0,0,8197.046436923185,8197.046436923185,0.0,0.0,810.0,387.5,1197.5,6999.546436923185
0.9,800,720.0,-700.0,False,0,0,0,0,8197.046436923185,8197.046436923185,0.0,0.0,810.0,400.0,1210.0,6987.046436923185
0.9,825,742.5,-722.5,False,0,0,0,0,8197.046436923185,8197.046436923185,0.0,0.0,810.0,412.5,1222.5,6974.546436923185
0.9,850,765.0,-745.0,False,0,0,0,0,8197.046436923185,8197.046436923185,0.0,0.0,810.0,425.0,1235.0,6962.046436923185
0.9,875,787.5,-767.5,False,0,0,0,0,8197.046436923185,8197.046436923185,0.0,0.0,810.0,437.5,1247.5,6949.546436923185
0.9,900,810.0,-790.0,False,0,0,0,0,8197.046436923185,8197.046436923185,0.0,0.0,810.0,450.0,1260.0,6937.046436923185
0.9,925,832.5,-812.5,False,0,0,0,0,8197.046436923185,8197.046436923185,0.0,0.0,810.0,462.5,1272.5,6924.546436923185
0.9,950,855.0,-835.0,False,0,0,0,0,8197.046436923185,8197.046436923185,0.0,0.0,810.0,475.0,1285.0,6912.046436923185
0.9,975,877.5,-857.5,False,0,0,0,0,8197.046436923185,8197.046436923185,0.0,0.0,810.0,487.5,1297.5,6899.546436923185
0.9,1000,900.0,-880.0,False,0,0,0,0,8197.046436923185,8197.046436923185,0.0,0.0,810.0,500.0,1310.0,6887.046436923185
0.9,1025,922.5,-902.5,False,0,0,0,0,8197.046436923185,8197.046436923185,0.0,0.0,810.0,512.5,1322.5,6874.546436923185
0.9,1050,945.0,-925.0,False,0,0,0,0,8197.046436923185,8197.046436923185,0.0,0.0,810.0,525.0,1335.0,6862.046436923185
0.9,1075,967.5,-947.5,False,0,0,0,0,8197.046436923185,8197.046436923185,0.0,0.0,810.0,537.5,1347.5,6849.546436923185
0.9,1100,990.0,-970.0,False,0,0,0,0,8197.046436923185,8197.046436923185,0.0,0.0,810.0,550.0,1360.0,6837.046436923185
0.9,1125,1012.5,-992.5,False,0,0,0,0,8197.046436923185,8197.046436923185,0.0,0.0,810.0,562.5,1372.5,6824.546436923185
0.9,1150,1035.0,-1015.0,False,0,0,0,0,8197.046436923185,8197.046436923185,0.0,0.0,810.0,575.0,1385.0,6812.046436923185
0.9,1175,1057.5,-1037.5,False,0,0,0,0,8197.046436923185,8197.046436923185,0.0,0.0,810.0,587.5,1397.5,6799.546436923185
0.9,1200,1080.0,-1060.0,False,0,0,0,0,8197.046436923185,8197.046436923185,0.0,0.0,810.0,600.0,1410.0,6787.046436923185
0.9,1225,1102.5,-1082.5,False,0,0,0,0,8197.046436923185,8197.046436923185,0.0,0.0,810.0,612.5,1422.5,6774.546436923185
0.9,1250,1125.0,-1105.0,False,0,0,0,0,8197.046436923185,8197.046436923185,0.0,0.0,810.0,625.0,1435.0,6762.046436923185
0.9,1275,1147.5,-1127.5,False,0,0,0,0,8197.046436923185,8197.046436923185,0.0,0.0,810.0,637.5,1447.5,6749.546436923185
0.9,1300,1170.0,-1150.0,False,0,0,0,0,8197.046436923185,8197.046436923185,0.0,0.0,810.0,650.0,1460.0,6737.046436923185
0.9,1325,1192.5,-1172.5,False,0,0,0,0,8197.046436923185,8197.046436923185,0.0,0.0,810.0,662.5,1472.5,6724.546436923185
0.9,1350,1215.0,-1195.0,False,0,0,0,0,8197.046436923185,8197.046436923185,0.0,0.0,810.0,675.0,1485.0,6712.046436923185
0.9,1375,1237.5,-1217.5,False,0,0,0,0,8197.046436923185,8197.046436923185,0.0,0.0,810.0,687.5,1497.5,6699.546436923185
0.9,1400,1260.0,-1240.0,False,0,0,0,0,8197.046436923185,8197.046436923185,0.0,0.0,810.0,700.0,1510.0,6687.046436923185
0.9,1425,1282.5,-1262.5,False,0,0,0,0,8197.046436923185,8197.046436923185,0.0,0.0,810.0,712.5,1522.5,6674.546436923185
0.9,1450,1305.0,-1285.0,False,0,0,0,0,8197.046436923185,8197.046436923185,0.0,0.0,810.0,725.0,1535.0,6662.046436923185
0.9,1475,1327.5,-1307.5,False,0,0,0,0,8197.046436923185,8197.046436923185,0.0,0.0,810.0,737.5,1547.5,6649.546436923185
0.9,1500,1350.0,-1330.0,False,0,0,0,0,8197.046436923185,8197.046436923185,0.0,0.0,810.0,750.0,1560.0,6637.046436923185
0.9,1525,1372.5,-1352.5,False,0,0,0,0,8197.046436923185,8197.046436923185,0.0,0.0,810.0,762.5,1572.5,6624.546436923185
0.9,1550,1395.0,-1375.0,False,0,0,0,0,8197.046436923185,8197.046436923185,0.0,0.0,810.0,775.0,1585.0,6612.046436923185
0.9,1575,1417.5,-1397.5,False,0,0,0,0,8197.046436923185,8197.046436923185,0.0,0.0,810.0,787.5,1597.5,6599.546436923185
0.9,1600,1440.0,-1420.0,False,0,0,0,0,8197.046436923185,8197.046436923185,0.0,0.0,810.0,800.0,1610.0,6587.046436923185
0.9,1625,1462.5,-1442.5,False,0,0,0,0,8197.046436923185,8197.046436923185,0.0,0.0,810.0,812.5,1622.5,6574.546436923185
0.9,1650,1485.0,-1465.0,False,0,0,0,0,8197.046436923185,8197.046436923185,0.0,0.0,810.0,825.0,1635.0,6562.046436923185
0.9,1675,1507.5,-1487.5,False,0,0,0,0,8197.046436923185,8197.046436923185,0.0,0.0,810.0,837.5,1647.5,6549.546436923185
0.9,1700,1530.0,-1510.0,False,0,0,0,0,8197.046436923185,8197.046436923185,0.0,0.0,810.0,850.0,1660.0,6537.046436923185
0.9,1725,1552.5,-1532.5,False,0,0,0,0,8197.046436923185,8197.046436923185,0.0,0.0,810.0,862.5,1672.5,6524.546436923185
0.9,1750,1575.0,-1555.0,False,0,0,0,0,8197.046436923185,8197.046436923185,0.0,0.0,810.0,875.0,1685.0,6512.046436923185
0.9,1775,1597.5,-1577.5,False,0,0,0,0,8197.046436923185,8197.046436923185,0.0,0.0,810.0,887.5,1697.5,6499.546436923185
0.9,1800,1620.0,-1600.0,False,0,0,0,0,8197.046436923185,8197.046436923185,0.0,0.0,810.0,900.0,1710.0,6487.046436923185
0.9,1825,1642.5,-1622.5,False,0,0,0,0,8197.046436923185,8197.046436923185,0.0,0.0,810.0,912.5,1722.5,6474.546436923185
0.9,1850,1665.0,-1645.0,False,0,0,0,0,8197.046436923185,8197.046436923185,0.0,0.0,810.0,925.0,1735.0,6462.046436923185
0.9,1875,1687.5,-1667.5,False,0,0,0,0,8197.046436923185,8197.046436923185,0.0,0.0,810.0,937.5,1747.5,6449.546436923185
0.9,1900,1710.0,-1690.0,False,0,0,0,0,8197.046436923185,8197.046436923185,0.0,0.0,810.0,950.0,1760.0,6437.046436923185
0.9,1925,1732.5,-1712.5,False,0,0,0,0,8197.046436923185,8197.046436923185,0.0,0.0,810.0,962.5,1772.5,6424.546436923185
0.9,1950,1755.0,-1735.0,False,0,0,0,0,8197.046436923185,8197.046436923185,0.0,0.0,810.0,975.0,1785.0,6412.046436923185
0.9,1975,1777.5,-1757.5,False,0,0,0,0,8197.046436923185,8197.046436923185,0.0,0.0,810.0,987.5,1797.5,6399.546436923185
0.9,2000,1800.0,-1780.0,False,0,0,0,0,8197.046436923185,8197.046436923185,0.0,0.0,810.0,1000.0,1810.0,6387.046436923185
0.95,0,0.0,20.0,True,500,100,100,100,8197.046436923185,5653.878725891113,2543.1677110320725,31.025415442036547,902.5,0.0,902.5,4751.378725891113
0.95,25,23.75,-3.75,False,500,100,0,0,8197.046436923185,8197.046436923185,0.0,0.0,902.5,12.5,915.0,7282.046436923185
0.95,50,47.5,-27.5,False,500,100,0,0,8197.046436923185,8197.046436923185,0.0,0.0,902.5,25.0,927.5,7269.546436923185
0.95,75,71.25,-51.25,False,500,100,0,0,8197.046436923185,8197.046436923185,0.0,0.0,902.5,37.5,940.0,7257.046436923185
0.95,100,95.0,-75.0,False,500,100,0,0,8197.046436923185,8197.046436923185,0.0,0.0,902.5,50.0,952.5,7244.546436923185
0.95,125,118.75,-98.75,False,417,100,0,0,8197.046436923185,8197.046436923185,0.0,0.0,902.5,62.5,965.0,7232.046436923185
0.95,150,142.5,-122.5,False,230,94,0,0,8197.046436923185,8197.046436923185,0.0,0.0,902.5,75.0,977.5,7219.546436923185
0.95,175,166.25,-146.25,False,27,26,0,0,8197.046436923185,8197.046436923185,0.0,0.0,902.5,87.5,990.0,7207.046436923185
0.95,200,190.0,-170.0,False,0,0,0,0,8197.046436923185,8197.046436923185,0.0,0.0,902.5,100.0,1002.5,7194.546436923185
0.95,225,213.75000000000003,-193.75000000000003,False,0,0,0,0,8197.046436923185,8197.046436923185,0.0,0.0,902.5,112.5,1015.0,7182.046436923185
0.95,250,237.50000000000003,-217.50000000000003,False,0,0,0,0,8197.046436923185,8197.046436923185,0.0,0.0,902.5,125.0,1027.5,7169.546436923185
0.95,275,261.25,-241.25,False,0,0,0,0,8197.046436923185,8197.046436923185,0.0,0.0,902.5,137.5,1040.0,7157.046436923185
0.95,300,285.0,-265.0,False,0,0,0,0,8197.046436923185,8197.046436923185,0.0,0.0,902.5,150.0,1052.5,7144.546436923185
0.95,325,308.75,-288.75,False,0,0,0,0,8197.046436923185,8197.046436923185,0.0,0.0,902.5,162.5,1065.0,7132.046436923185
0.95,350,332.5,-312.5,False,0,0,0,0,8197.046436923185,8197.046436923185,0.0,0.0,902.5,175.0,1077.5,7119.546436923185
0.95,375,356.25,-336.25,False,0,0,0,0,8197.046436923185,8197.046436923185,0.0,0.0,902.5,187.5,1090.0,7107.046436923185
0.95,400,380.0,-360.0,False,0,0,0,0,8197.046436923185,8197.046436923185,0.0,0.0,902.5,200.0,1102.5,7094.546436923185
0.95,425,403.75,-383.75,False,0,0,0,0,8197.046436923185,8197.046436923185,0.0,0.0,902.5,212.5,1115.0,7082.046436923185
0.95,450,427.50000000000006,-407.50000000000006,False,0,0,0,0,8197.046436923185,8197.046436923185,0.0,0.0,902.5,225.0,1127.5,7069.546436923185
0.95,475,451.25000000000006,-431.25000000000006,False,0,0,0,0,8197.046436923185,8197.046436923185,0.0,0.0,902.5,237.5,1140.0,7057.046436923185
0.95,500,475.00000000000006,-455.00000000000006,False,0,0,0,0,8197.046436923185,8197.046436923185,0.0,0.0,902.5,250.0,1152.5,7044.546436923185
0.95,525,498.75000000000006,-478.75000000000006,False,0,0,0,0,8197.046436923185,8197.046436923185,0.0,0.0,902.5,262.5,1165.0,7032.046436923185
0.95,550,522.5,-502.5,False,0,0,0,0,8197.046436923185,8197.046436923185,0.0,0.0,902.5,275.0,1177.5,7019.546436923185
0.95,575,546.25,-526.25,False,0,0,0,0,8197.046436923185,8197.046436923185,0.0,0.0,902.5,287.5,1190.0,7007.046436923185
0.95,600,570.0,-550.0,False,0,0,0,0,8197.046436923185,8197.046436923185,0.0,0.0,902.5,300.0,1202.5,6994.546436923185
0.95,625,593.75,-573.75,False,0,0,0,0,8197.046436923185,8197.046436923185,0.0,0.0,902.5,312.5,1215.0,6982.046436923185
0.95,650,617.5,-597.5,False,0,0,0,0,8197.046436923185,8197.046436923185,0.0,0.0,902.5,325.0,1227.5,6969.546436923185
0.95,675,641.25,-621.25,False,0,0,0,0,8197.046436923185,8197.046436923185,0.0,0.0,902.5,337.5,1240.0,6957.046436923185
0.95,700,665.0,-645.0,False,0,0,0,0,8197.046436923185,8197.046436923185,0.0,0.0,902.5,350.0,1252.5,6944.546436923185
0.95,725,688.75,-668.75,False,0,0,0,0,8197.046436923185,8197.046436923185,0.0,0.0,902.5,362.5,1265.0,6932.046436923185
0.95,750,712.5,-692.5,False,0,0,0,0,8197.046436923185,8197.046436923185,0.0,0.0,902.5,375.0,1277.5,6919.546436923185
0.95,775,736.25,-716.25,False,0,0,0,0,8197.046436923185,8197.046436923185,0.0,0.0,902.5,387.5,1290.0,6907.046436923185
0.95,800,760.0,-740.0,False,0,0,0,0,8197.046436923185,8197.046436923185,0.0,0.0,902.5,400.0,1302.5,6894.546436923185
0.95,825,783.75,-763.75,False,0,0,0,0,8197.046436923185,8197.046436923185,0.0,0.0,902.5,412.5,1315.0,6882.046436923185
0.95,850,807.5,-787.5,False,0,0,0,0,8197.046436923185,8197.046436923185,0.0,0.0,902.5,425.0,1327.5,6869.546436923185
0.95,875,831.2500000000001,-811.2500000000001,False,0,0,0,0,8197.046436923185,8197.046436923185,0.0,0.0,902.5,437.5,1340.0,6857.046436923185
0.95,900,855.0000000000001,-835.0000000000001,False,0,0,0,0,8197.046436923185,8197.046436923185,0.0,0.0,902.5,450.0,1352.5,6844.546436923185
0.95,925,878.7500000000001,-858.7500000000001,False,0,0,0,0,8197.046436923185,8197.046436923185,0.0,0.0,902.5,462.5,1365.0,6832.046436923185
0.95,950,902.5,-882.5000000000001,False,0,0,0,0,8197.046436923185,8197.046436923185,0.0,0.0,902.5,475.0,1377.5,6819.546436923185
0.95,975,926.25,-906.25,False,0,0,0,0,8197.046436923185,8197.046436923185,0.0,0.0,902.5,487.5,1390.0,6807.046436923185
0.95,1000,950.0,-930.0,False,0,0,0,0,8197.046436923185,8197.046436923185,0.0,0.0,902.5,500.0,1402.5,6794.546436923185
0.95,1025,973.75,-953.75,False,0,0,0,0,8197.046436923185,8197.046436923185,0.0,0.0,902.5,512.5,1415.0,6782.046436923185
0.95,1050,997.5,-977.5,False,0,0,0,0,8197.046436923185,8197.046436923185,0.0,0.0,902.5,525.0,1427.5,6769.546436923185
0.95,1075,1021.25,-1001.25,False,0,0,0,0,8197.046436923185,8197.046436923185,0.0,0.0,902.5,537.5,1440.0,6757.046436923185
0.95,1100,1045.0,-1025.0,False,0,0,0,0,8197.046436923185,8197.046436923185,0.0,0.0,902.5,550.0,1452.5,6744.546436923185
0.95,1125,1068.75,-1048.75,False,0,0,0,0,8197.046436923185,8197.046436923185,0.0,0.0,902.5,562.5,1465.0,6732.046436923185
0.95,1150,1092.5,-1072.5,False,0,0,0,0,8197.046436923185,8197.046436923185,0.0,0.0,902.5,575.0,1477.5,6719.546436923185
0.95,1175,1116.25,-1096.25,False,0,0,0,0,8197.046436923185,8197.046436923185,0.0,0.0,902.5,587.5,1490.0,6707.046436923185
0.95,1200,1140.0,-1120.0,False,0,0,0,0,8197.046436923185,8197.046436923185,0.0,0.0,902.5,600.0,1502.5,6694.546436923185
0.95,1225,1163.75,-1143.75,False,0,0,0,0,8197.046436923185,8197.046436923185,0.0,0.0,902.5,612.5,1515.0,6682.046436923185
0.95,1250,1187.5,-1167.5,False,0,0,0,0,8197.046436923185,8197.046436923185,0.0,0.0,902.5,625.0,1527.5,6669.546436923185
0.95,1275,1211.25,-1191.25,False,0,0,0,0,8197.046436923185,8197.046436923185,0.0,0.0,902.5,637.5,1540.0,6657.046436923185
0.95,1300,1235.0,-1215.0,False,0,0,0,0,8197.046436923185,8197.046436923185,0.0,0.0,902.5,650.0,1552.5,6644.546436923185
0.95,1325,1258.75,-1238.75,False,0,0,0,0,8197.046436923185,8197.046436923185,0.0,0.0,902.5,662.5,1565.0,6632.046436923185
0.95,1350,1282.5,-1262.5,False,0,0,0,0,8197.046436923185,8197.046436923185,0.0,0.0,902.5,675.0,1577.5,6619.546436923185
0.95,1375,1306.25,-1286.25,False,0,0,0,0,8197.046436923185,8197.046436923185,0.0,0.0,902.5,687.5,1590.0,6607.046436923185
0.95,1400,1330.0,-1310.0,False,0,0,0,0,8197.046436923185,8197.046436923185,0.0,0.0,902.5,700.0,1602.5,6594.546436923185
0.95,1425,1353.75,-1333.75,False,0,0,0,0,8197.046436923185,8197.046436923185,0.0,0.0,902.5,712.5,1615.0,6582.046436923185
0.95,1450,1377.5,-1357.5,False,0,0,0,0,8197.046436923185,8197.046436923185,0.0,0.0,902.5,725.0,1627.5,6569.546436923185
0.95,1475,1401.25,-1381.25,False,0,0,0,0,8197.046436923185,8197.046436923185,0.0,0.0,902.5,737.5,1640.0,6557.046436923185
0.95,1500,1425.0,-1405.0,False,0,0,0,0,8197.046436923185,8197.046436923185,0.0,0.0,902.5,750.0,1652.5,6544.546436923185
0.95,1525,1448.75,-1428.75,False,0,0,0,0,8197.046436923185,8197.046436923185,0.0,0.0,902.5,762.5,1665.0,6532.046436923185
0.95,1550,1472.5,-1452.5,False,0,0,0,0,8197.046436923185,8197.046436923185,0.0,0.0,902.5,775.0,1677.5,6519.546436923185
0.95,1575,1496.25,-1476.25,False,0,0,0,0,8197.046436923185,8197.046436923185,0.0,0.0,902.5,787.5,1690.0,6507.046436923185
0.95,1600,1520.0,-1500.0,False,0,0,0,0,8197.046436923185,8197.046436923185,0.0,0.0,902.5,800.0,1702.5,6494.546436923185
0.95,1625,1543.75,-1523.75,False,0,0,0,0,8197.046436923185,8197.046436923185,0.0,0.0,902.5,812.5,1715.0,6482.046436923185
0.95,1650,1567.5,-1547.5,False,0,0,0,0,8197.046436923185,8197.046436923185,0.0,0.0,902.5,825.0,1727.5,6469.546436923185
0.95,1675,1591.25,-1571.25,False,0,0,0,0,8197.046436923185,8197.046436923185,0.0,0.0,902.5,837.5,1740.0,6457.046436923185
0.95,1700,1615.0,-1595.0,False,0,0,0,0,8197.046436923185,8197.046436923185,0.0,0.0,902.5,850.0,1752.5,6444.546436923185
0.95,1725,1638.7500000000002,-1618.7500000000002,False,0,0,0,0,8197.046436923185,8197.046436923185,0.0,0.0,902.5,862.5,1765.0,6432.046436923185
0.95,1750,1662.5000000000002,-1642.5000000000002,False,0,0,0,0,8197.046436923185,8197.046436923185,0.0,0.0,902.5,875.0,1777.5,6419.546436923185
0.95,1775,1686.2500000000002,-1666.2500000000002,False,0,0,0,0,8197.046436923185,8197.046436923185,0.0,0.0,902.5,887.5,1790.0,6407.046436923185
0.95,1800,1710.0000000000002,-1690.0000000000002,False,0,0,0,0,8197.046436923185,8197.046436923185,0.0,0.0,902.5,900.0,1802.5,6394.546436923185
0.95,1825,1733.7500000000002,-1713.7500000000002,False,0,0,0,0,8197.046436923185,8197.046436923185,0.0,0.0,902.5,912.5,1815.0,6382.046436923185
0.95,1850,1757.5000000000002,-1737.5000000000002,False,0,0,0,0,8197.046436923185,8197.046436923185,0.0,0.0,902.5,925.0,1827.5,6369.546436923185
0.95,1875,1781.2500000000002,-1761.2500000000002,False,0,0,0,0,8197.046436923185,8197.046436923185,0.0,0.0,902.5,937.5,1840.0,6357.046436923185
0.95,1900,1805.0,-1785.0000000000002,False,0,0,0,0,8197.046436923185,8197.046436923185,0.0,0.0,902.5,950.0,1852.5,6344.546436923185
0.95,1925,1828.75,-1808.75,False,0,0,0,0,8197.046436923185,8197.046436923185,0.0,0.0,902.5,962.5,1865.0,6332.046436923185
0.95,1950,1852.5,-1832.5,False,0,0,0,0,8197.046436923185,8197.046436923185,0.0,0.0,902.5,975.0,1877.5,6319.546436923185
0.95,1975,1876.25,-1856.25,False,0,0,0,0,8197.046436923185,8197.046436923185,0.0,0.0,902.5,987.5,1890.0,6307.046436923185
0.95,2000,1900.0,-1880.0,False,0,0,0,0,8197.046436923185,8197.046436923185,0.0,0.0,902.5,1000.0,1902.5,6294.546436923185
1.0,0,0.0,20.0,True,500,100,100,100,8197.046436923185,5653.878725891113,2543.1677110320725,31.025415442036547,1000.0,0.0,1000.0,4653.878725891113
1.0,25,25.0,-5.0,False,500,100,0,0,8197.046436923185,8197.046436923185,0.0,0.0,1000.0,12.5,1012.5,7184.546436923185
1.0,50,50.0,-30.0,False,500,100,0,0,8197.046436923185,8197.046436923185,0.0,0.0,1000.0,25.0,1025.0,7172.046436923185
1.0,75,75.0,-55.0,False,500,100,0,0,8197.046436923185,8197.046436923185,0.0,0.0,1000.0,37.5,1037.5,7159.546436923185
1.0,100,100.0,-80.0,False,500,100,0,0,8197.046436923185,8197.046436923185,0.0,0.0,1000.0,50.0,1050.0,7147.046436923185
1.0,125,125.0,-105.0,False,362,100,0,0,8197.046436923185,8197.046436923185,0.0,0.0,1000.0,62.5,1062.5,7134.546436923185
1.0,150,150.0,-130.0,False,160,86,0,0,8197.046436923185,8197.046436923185,0.0,0.0,1000.0,75.0,1075.0,7122.046436923185
1.0,175,175.0,-155.0,False,0,0,0,0,8197.046436923185,8197.046436923185,0.0,0.0,1000.0,87.5,1087.5,7109.546436923185
1.0,200,200.0,-180.0,False,0,0,0,0,8197.046436923185,8197.046436923185,0.0,0.0,1000.0,100.0,1100.0,7097.046436923185
1.0,225,225.0,-205.0,False,0,0,0,0,8197.046436923185,8197.046436923185,0.0,0.0,1000.0,112.5,1112.5,7084.546436923185
1.0,250,250.0,-230.0,False,0,0,0,0,8197.046436923185,8197.046436923185,0.0,0.0,1000.0,125.0,1125.0,7072.046436923185
1.0,275,275.0,-255.0,False,0,0,0,0,8197.046436923185,8197.046436923185,0.0,0.0,1000.0,137.5,1137.5,7059.546436923185
1.0,300,300.0,-280.0,False,0,0,0,0,8197.046436923185,8197.046436923185,0.0,0.0,1000.0,150.0,1150.0,7047.046436923185
1.0,325,325.0,-305.0,False,0,0,0,0,8197.046436923185,8197.046436923185,0.0,0.0,1000.0,162.5,1162.5,7034.546436923185
1.0,350,350.0,-330.0,False,0,0,0,0,8197.046436923185,8197.046436923185,0.0,0.0,1000.0,175.0,1175.0,7022.046436923185
1.0,375,375.0,-355.0,False,0,0,0,0,8197.046436923185,8197.046436923185,0.0,0.0,1000.0,187.5,1187.5,7009.546436923185
1.0,400,400.0,-380.0,False,0,0,0,0,8197.046436923185,8197.046436923185,0.0,0.0,1000.0,200.0,1200.0,6997.046436923185
1.0,425,425.0,-405.0,False,0,0,0,0,8197.046436923185,8197.046436923185,0.0,0.0,1000.0,212.5,1212.5,6984.546436923185
1.0,450,450.0,-430.0,False,0,0,0,0,8197.046436923185,8197.046436923185,0.0,0.0,1000.0,225.0,1225.0,6972.046436923185
1.0,475,475.0,-455.0,False,0,0,0,0,8197.046436923185,8197.046436923185,0.0,0.0,1000.0,237.5,1237.5,6959.546436923185
1.0,500,500.0,-480.0,False,0,0,0,0,8197.046436923185,8197.046436923185,0.0,0.0,1000.0,250.0,1250.0,6947.046436923185
1.0,525,525.0,-505.0,False,0,0,0,0,8197.046436923185,8197.046436923185,0.0,0.0,1000.0,262.5,1262.5,6934.546436923185
1.0,550,550.0,-530.0,False,0,0,0,0,8197.046436923185,8197.046436923185,0.0,0.0,1000.0,275.0,1275.0,6922.046436923185
1.0,575,575.0,-555.0,False,0,0,0,0,8197.046436923185,8197.046436923185,0.0,0.0,1000.0,287.5,1287.5,6909.546436923185
1.0,600,600.0,-580.0,False,0,0,0,0,8197.046436923185,8197.046436923185,0.0,0.0,1000.0,300.0,1300.0,6897.046436923185
1.0,625,625.0,-605.0,False,0,0,0,0,8197.046436923185,8197.046436923185,0.0,0.0,1000.0,312.5,1312.5,6884.546436923185
1.0,650,650.0,-630.0,False,0,0,0,0,8197.046436923185,8197.046436923185,0.0,0.0,1000.0,325.0,1325.0,6872.046436923185
1.0,675,675.0,-655.0,False,0,0,0,0,8197.046436923185,8197.046436923185,0.0,0.0,1000.0,337.5,1337.5,6859.546436923185
1.0,700,700.0,-680.0,False,0,0,0,0,8197.046436923185,8197.046436923185,0.0,0.0,1000.0,350.0,1350.0,6847.046436923185
1.0,725,725.0,-705.0,False,0,0,0,0,8197.046436923185,8197.046436923185,0.0,0.0,1000.0,362.5,1362.5,6834.546436923185
1.0,750,750.0,-730.0,False,0,0,0,0,8197.046436923185,8197.046436923185,0.0,0.0,1000.0,375.0,1375.0,6822.046436923185
1.0,775,775.0,-755.0,False,0,0,0,0,8197.046436923185,8197.046436923185,0.0,0.0,1000.0,387.5,1387.5,6809.546436923185
1.0,800,800.0,-780.0,False,0,0,0,0,8197.046436923185,8197.046436923185,0.0,0.0,1000.0,400.0,1400.0,6797.046436923185
1.0,825,825.0,-805.0,False,0,0,0,0,8197.046436923185,8197.046436923185,0.0,0.0,1000.0,412.5,1412.5,6784.546436923185
1.0,850,850.0,-830.0,False,0,0,0,0,8197.046436923185,8197.046436923185,0.0,0.0,1000.0,425.0,1425.0,6772.046436923185
1.0,875,875.0,-855.0,False,0,0,0,0,8197.046436923185,8197.046436923185,0.0,0.0,1000.0,437.5,1437.5,6759.546436923185
1.0,900,900.0,-880.0,False,0,0,0,0,8197.046436923185,8197.046436923185,0.0,0.0,1000.0,450.0,1450.0,6747.046436923185
1.0,925,925.0,-905.0,False,0,0,0,0,8197.046436923185,8197.046436923185,0.0,0.0,1000.0,462.5,1462.5,6734.546436923185
1.0,950,950.0,-930.0,False,0,0,0,0,8197.046436923185,8197.046436923185,0.0,0.0,1000.0,475.0,1475.0,6722.046436923185
1.0,975,975.0,-955.0,False,0,0,0,0,8197.046436923185,8197.046436923185,0.0,0.0,1000.0,487.5,1487.5,6709.546436923185
1.0,1000,1000.0,-980.0,False,0,0,0,0,8197.046436923185,8197.046436923185,0.0,0.0,1000.0,500.0,1500.0,6697.046436923185
1.0,1025,1025.0,-1005.0,False,0,0,0,0,8197.046436923185,8197.046436923185,0.0,0.0,1000.0,512.5,1512.5,6684.546436923185
1.0,1050,1050.0,-1030.0,False,0,0,0,0,8197.046436923185,8197.046436923185,0.0,0.0,1000.0,525.0,1525.0,6672.046436923185
1.0,1075,1075.0,-1055.0,False,0,0,0,0,8197.046436923185,8197.046436923185,0.0,0.0,1000.0,537.5,1537.5,6659.546436923185
1.0,1100,1100.0,-1080.0,False,0,0,0,0,8197.046436923185,8197.046436923185,0.0,0.0,1000.0,550.0,1550.0,6647.046436923185
1.0,1125,1125.0,-1105.0,False,0,0,0,0,8197.046436923185,8197.046436923185,0.0,0.0,1000.0,562.5,1562.5,6634.546436923185
1.0,1150,1150.0,-1130.0,False,0,0,0,0,8197.046436923185,8197.046436923185,0.0,0.0,1000.0,575.0,1575.0,6622.046436923185
1.0,1175,1175.0,-1155.0,False,0,0,0,0,8197.046436923185,8197.046436923185,0.0,0.0,1000.0,587.5,1587.5,6609.546436923185
1.0,1200,1200.0,-1180.0,False,0,0,0,0,8197.046436923185,8197.046436923185,0.0,0.0,1000.0,600.0,1600.0,6597.046436923185
1.0,1225,1225.0,-1205.0,False,0,0,0,0,8197.046436923185,8197.046436923185,0.0,0.0,1000.0,612.5,1612.5,6584.546436923185
1.0,1250,1250.0,-1230.0,False,0,0,0,0,8197.046436923185,8197.046436923185,0.0,0.0,1000.0,625.0,1625.0,6572.046436923185
1.0,1275,1275.0,-1255.0,False,0,0,0,0,8197.046436923185,8197.046436923185,0.0,0.0,1000.0,637.5,1637.5,6559.546436923185
1.0,1300,1300.0,-1280.0,False,0,0,0,0,8197.046436923185,8197.046436923185,0.0,0.0,1000.0,650.0,1650.0,6547.046436923185
1.0,1325,1325.0,-1305.0,False,0,0,0,0,8197.046436923185,8197.046436923185,0.0,0.0,1000.0,662.5,1662.5,6534.546436923185
1.0,1350,1350.0,-1330.0,False,0,0,0,0,8197.046436923185,8197.046436923185,0.0,0.0,1000.0,675.0,1675.0,6522.046436923185
1.0,1375,1375.0,-1355.0,False,0,0,0,0,8197.046436923185,8197.046436923185,0.0,0.0,1000.0,687.5,1687.5,6509.546436923185
1.0,1400,1400.0,-1380.0,False,0,0,0,0,8197.046436923185,8197.046436923185,0.0,0.0,1000.0,700.0,1700.0,6497.046436923185
1.0,1425,1425.0,-1405.0,False,0,0,0,0,8197.046436923185,8197.046436923185,0.0,0.0,1000.0,712.5,1712.5,6484.546436923185
1.0,1450,1450.0,-1430.0,False,0,0,0,0,8197.046436923185,8197.046436923185,0.0,0.0,1000.0,725.0,1725.0,6472.046436923185
1.0,1475,1475.0,-1455.0,False,0,0,0,0,8197.046436923185,8197.046436923185,0.0,0.0,1000.0,737.5,1737.5,6459.546436923185
1.0,1500,1500.0,-1480.0,False,0,0,0,0,8197.046436923185,8197.046436923185,0.0,0.0,1000.0,750.0,1750.0,6447.046436923185
1.0,1525,1525.0,-1505.0,False,0,0,0,0,8197.046436923185,8197.046436923185,0.0,0.0,1000.0,762.5,1762.5,6434.546436923185
1.0,1550,1550.0,-1530.0,False,0,0,0,0,8197.046436923185,8197.046436923185,0.0,0.0,1000.0,775.0,1775.0,6422.046436923185
1.0,1575,1575.0,-1555.0,False,0,0,0,0,8197.046436923185,8197.046436923185,0.0,0.0,1000.0,787.5,1787.5,6409.546436923185
1.0,1600,1600.0,-1580.0,False,0,0,0,0,8197.046436923185,8197.046436923185,0.0,0.0,1000.0,800.0,1800.0,6397.046436923185
1.0,1625,1625.0,-1605.0,False,0,0,0,0,8197.046436923185,8197.046436923185,0.0,0.0,1000.0,812.5,1812.5,6384.546436923185
1.0,1650,1650.0,-1630.0,False,0,0,0,0,8197.046436923185,8197.046436923185,0.0,0.0,1000.0,825.0,1825.0,6372.046436923185
1.0,1675,1675.0,-1655.0,False,0,0,0,0,8197.046436923185,8197.046436923185,0.0,0.0,1000.0,837.5,1837.5,6359.546436923185
1.0,1700,1700.0,-1680.0,False,0,0,0,0,8197.046436923185,8197.046436923185,0.0,0.0,1000.0,850.0,1850.0,6347.046436923185
1.0,1725,1725.0,-1705.0,False,0,0,0,0,8197.046436923185,8197.046436923185,0.0,0.0,1000.0,862.5,1862.5,6334.546436923185
1.0,1750,1750.0,-1730.0,False,0,0,0,0,8197.046436923185,8197.046436923185,0.0,0.0,1000.0,875.0,1875.0,6322.046436923185
1.0,1775,1775.0,-1755.0,False,0,0,0,0,8197.046436923185,8197.046436923185,0.0,0.0,1000.0,887.5,1887.5,6309.546436923185
1.0,1800,1800.0,-1780.0,False,0,0,0,0,8197.046436923185,8197.046436923185,0.0,0.0,1000.0,900.0,1900.0,6297.046436923185
1.0,1825,1825.0,-1805.0,False,0,0,0,0,8197.046436923185,8197.046436923185,0.0,0.0,1000.0,912.5,1912.5,6284.546436923185
1.0,1850,1850.0,-1830.0,False,0,0,0,0,8197.046436923185,8197.046436923185,0.0,0.0,1000.0,925.0,1925.0,6272.046436923185
1.0,1875,1875.0,-1855.0,False,0,0,0,0,8197.046436923185,8197.046436923185,0.0,0.0,1000.0,937.5,1937.5,6259.546436923185
1.0,1900,1900.0,-1880.0,False,0,0,0,0,8197.046436923185,8197.046436923185,0.0,0.0,1000.0,950.0,1950.0,6247.046436923185
1.0,1925,1925.0,-1905.0,False,0,0,0,0,8197.046436923185,8197.046436923185,0.0,0.0,1000.0,962.5,1962.5,6234.546436923185
1.0,1950,1950.0,-1930.0,False,0,0,0,0,8197.046436923185,8197.046436923185,0.0,0.0,1000.0,975.0,1975.0,6222.046436923185
1.0,1975,1975.0,-1955.0,False,0,0,0,0,8197.046436923185,8197.046436923185,0.0,0.0,1000.0,987.5,1987.5,6209.546436923185
1.0,2000,2000.0,-1980.0,False,0,0,0,0,8197.046436923185,8197.046436923185,0.0,0.0,1000.0,1000.0,2000.0,6197.046436923185
