network_id,supplier_layer,firm
N01,0,E000
N01,0,E001
N01,0,E003
N01,0,E004
N01,0,E005
N01,0,E006
N01,0,E007
N01,0,E008
N01,0,E009
N01,0,E011
N01,0,E013
N01,0,E015
N01,0,E016
N01,0,E017
N01,0,E018
N01,0,E019
N01,0,E020
N01,0,E023
N01,0,E025
N01,0,E026
N01,0,E027
N01,0,E028
N01,0,E029
N01,0,E030
N01,0,E031
N01,0,E032
N01,0,E035
N01,0,E036
N01,0,E037
N01,0,E038
N01,0,E039
N01,0,E040
N01,0,E041
N01,0,E042
N01,0,E043
N01,0,E044
N01,0,E045
N01,0,E046
N01,0,E047
N01,0,E048
N01,0,E050
N01,0,E053
N01,0,E054
N01,0,E055
N01,0,E057
N01,0,E058
N01,0,E059
N01,0,E061
N01,0,E064
N01,0,E065
N01,0,E066
N01,0,E067
N01,0,E068
N01,0,E070
N01,0,E071
N01,0,E072
N01,0,E073
N01,0,E075
N01,0,E076
N01,0,E078
N01,0,E079
N01,0,E080
N01,0,E081
N01,0,E083
N01,0,E084
N01,0,E085
N01,0,E086
N01,0,E088
N01,0,E089
N01,0,E090
N01,0,E091
N01,0,E092
N01,0,E094
N01,0,E096
N01,0,E098
N01,0,E099
N01,0,E100
N01,0,E103
N01,0,E104
N01,0,E105
N01,0,E106
N01,0,E107
N01,0,E108
N01,0,E109
N01,0,E110
N01,0,E111
N01,0,E114
N01,0,E115
N01,0,E116
N01,0,E119
N01,0,E120
N01,0,E122
N01,0,E123
N01,0,E124
N01,0,E126
N01,0,E127
N01,0,E128
N01,0,E129
N01,0,E130
N01,0,E131
N01,0,E132
N01,0,E133
N01,0,E134
N01,0,E136
N01,0,E137
N01,0,E138
N01,0,E141
N01,0,E142
N01,0,E144
N01,0,E145
N01,0,E146
N01,0,E147
N01,0,E148
N01,0,E149
N01,0,E150
N01,0,E152
N01,0,E155
N01,0,E156
N01,0,E157
N01,0,E160
N01,0,E161
N01,0,E162
N01,0,E163
N01,0,E165
N01,0,E166
N01,0,E167
N01,0,E169
N01,0,E170
N01,0,E173
N01,0,E174
N01,0,E176
N01,0,E178
N01,0,E179
N01,0,E180
N01,0,E181
N01,0,E182
N01,0,E183
N01,0,E184
N01,0,E185
N01,0,E186
N01,0,E187
N01,0,E188
N01,0,E189
N01,0,E190
N01,0,E194
N01,0,E195
N01,0,E196
N01,0,E197
N01,0,E198
N01,0,E199
N01,1,E200
N01,1,E201
N01,1,E202
N01,1,E204
N01,1,E205
N01,1,E206
N01,1,E207
N01,1,E208
N01,1,E209
N01,1,E210
N01,1,E213
N01,1,E214
N01,1,E215
N01,1,E217
N01,1,E218
N01,1,E219
N01,1,E220
N01,1,E222
N01,1,E223
N01,1,E224
N01,1,E225
N01,1,E226
N01,1,E227
N01,1,E229
N01,1,E230
N01,1,E231
N01,1,E233
N01,1,E234
N01,1,E235
N01,1,E236
N01,1,E239
N01,1,E240
N01,1,E241
N01,1,E242
N01,1,E243
N01,1,E244
N01,1,E245
N01,1,E247
N01,1,E249
N01,1,E250
N01,1,E251
N01,1,E253
N01,1,E255
N01,1,E256
N01,1,E258
N01,1,E259
N01,1,E260
N01,1,E261
N01,1,E262
N01,1,E264
N01,1,E266
N01,1,E267
N01,1,E268
N01,1,E269
N01,1,E270
N01,1,E271
N01,1,E274
N01,1,E275
N01,1,E276
N01,1,E277
N01,1,E278
N01,1,E279
N01,1,E280
N01,1,E281
N01,1,E282
N01,1,E283
N01,1,E284
N01,1,E285
N01,1,E286
N01,1,E287
N01,1,E288
N01,1,E291
N01,1,E293
N01,1,E294
N01,1,E296
N01,1,E297
N01,1,E298
N01,1,E299
N01,1,E301
N01,1,E303
N01,1,E304
N01,1,E305
N01,1,E306
N01,1,E307
N01,1,E308
N01,1,E309
N01,1,E310
N01,1,E311
N01,1,E312
N01,1,E315
N01,1,E316
N01,1,E317
N01,1,E319
N01,1,E320
N01,1,E322
N01,1,E323
N01,1,E324
N01,1,E327
N01,1,E328
N01,1,E329
N01,1,E330
N01,1,E333
N01,1,E334
N01,1,E335
N01,1,E337
N01,1,E338
N01,1,E340
N01,1,E341
N01,1,E342
N01,1,E344
N01,1,E346
N01,1,E348
N01,1,E349
N01,1,E350
N01,1,E353
N01,1,E354
N01,1,E355
N01,1,E356
N01,1,E357
N01,1,E358
N01,1,E359
N01,1,E360
N01,1,E361
N01,1,E363
N01,1,E364
N01,1,E365
N01,1,E366
N01,1,E367
N01,1,E368
N01,1,E369
N01,1,E371
N01,1,E372
N01,1,E373
N01,1,E374
N01,1,E375
N01,1,E377
N01,1,E378
N01,1,E380
N01,1,E381
N01,1,E383
N01,1,E384
N01,1,E386
N01,1,E387
N01,1,E389
N01,1,E390
N01,1,E391
N01,1,E394
N01,1,E397
N01,1,E398
N01,1,E399
N01,2,E400
N01,2,E401
N01,2,E402
N01,2,E403
N01,2,E404
N01,2,E405
N01,2,E406
N01,2,E407
N01,2,E408
N01,2,E410
N01,2,E411
N01,2,E412
N01,2,E416
N01,2,E417
N01,2,E418
N01,2,E419
N01,2,E420
N01,2,E421
N01,2,E423
N01,2,E425
N01,2,E427
N01,2,E428
N01,2,E429
N01,2,E430
N01,2,E431
N01,2,E432
N01,2,E433
N01,2,E435
N01,2,E436
N01,2,E438
N01,2,E439
N01,2,E440
N01,2,E442
N01,2,E443
N01,2,E445
N01,2,E446
N01,2,E447
N01,2,E448
N01,2,E449
N01,2,E450
N01,2,E451
N01,2,E452
N01,2,E453
N01,2,E454
N01,2,E455
N01,2,E457
N01,2,E458
N01,2,E460
N01,2,E461
N01,2,E462
N01,2,E463
N01,2,E464
N01,2,E465
N01,2,E467
N01,2,E468
N01,2,E469
N01,2,E470
N01,2,E471
N01,2,E472
N01,2,E474
N01,2,E476
N01,2,E478
N01,2,E479
N01,2,E481
N01,2,E482
N01,2,E483
N01,2,E484
N01,2,E485
N01,2,E486
N01,2,E487
N01,2,E488
N01,2,E489
N01,2,E490
N01,2,E491
N01,2,E492
N01,2,E493
N01,2,E494
N01,2,E496
N01,2,E497
N01,2,E498
N01,2,E499
N01,2,E500
N01,2,E503
N01,2,E506
N01,2,E507
N01,2,E510
N01,2,E511
N01,2,E513
N01,2,E514
N01,2,E516
N01,2,E517
N01,2,E518
N01,2,E519
N01,2,E523
N01,2,E524
N01,2,E525
N01,2,E526
N01,2,E529
N01,2,E530
N01,2,E532
N01,2,E533
N01,2,E534
N01,2,E536
N01,2,E537
N01,2,E539
N01,2,E540
N01,2,E541
N01,2,E542
N01,2,E543
N01,2,E544
N01,2,E545
N01,2,E548
N01,2,E549
N01,2,E550
N01,2,E551
N01,2,E552
N01,2,E553
N01,2,E554
N01,2,E556
N01,2,E557
N01,2,E558
N01,2,E559
N01,2,E560
N01,2,E561
N01,2,E562
N01,2,E563
N01,2,E565
N01,2,E566
N01,2,E567
N01,2,E568
N01,2,E569
N01,2,E572
N01,2,E575
N01,2,E576
N01,2,E578
N01,2,E579
N01,2,E580
N01,2,E583
N01,2,E585
N01,2,E586
N01,2,E587
N01,2,E588
N01,2,E589
N01,2,E591
N01,2,E592
N01,2,E593
N01,2,E594
N01,2,E595
N01,2,E596
N01,2,E598
N01,3,E601
N01,3,E602
N01,3,E604
N01,3,E605
N01,3,E606
N01,3,E609
N01,3,E610
N01,3,E611
N01,3,E612
N01,3,E613
N01,3,E614
N01,3,E615
N01,3,E616
N01,3,E617
N01,3,E618
N01,3,E621
N01,3,E622
N01,3,E623
N01,3,E624
N01,3,E626
N01,3,E627
N01,3,E628
N01,3,E633
N01,3,E635
N01,3,E636
N01,3,E638
N01,3,E639
N01,3,E640
N01,3,E642
N01,3,E643
N01,3,E644
N01,3,E645
N01,3,E646
N01,3,E647
N01,3,E648
N01,3,E649
N01,3,E650
N01,3,E651
N01,3,E653
N01,3,E654
N01,3,E655
N01,3,E656
N01,3,E659
N01,3,E660
N01,3,E663
N01,3,E664
N01,3,E666
N01,3,E668
N01,3,E669
N01,3,E671
N01,3,E672
N01,3,E673
N01,3,E674
N01,3,E675
N01,3,E676
N01,3,E677
N01,3,E678
N01,3,E680
N01,3,E681
N01,3,E682
N01,3,E684
N01,3,E685
N01,3,E687
N01,3,E689
N01,3,E690
N01,3,E691
N01,3,E692
N01,3,E693
N01,3,E694
N01,3,E695
N01,3,E696
N01,3,E697
N01,3,E700
N01,3,E702
N01,3,E703
N01,3,E704
N01,3,E705
N01,3,E706
N01,3,E707
N01,3,E708
N01,3,E710
N01,3,E711
N01,3,E712
N01,3,E713
N01,3,E714
N01,3,E715
N01,3,E717
N01,3,E718
N01,3,E719
N01,3,E720
N01,3,E723
N01,3,E724
N01,3,E726
N01,3,E727
N01,3,E728
N01,3,E729
N01,3,E731
N01,3,E732
N01,3,E733
N01,3,E734
N01,3,E735
N01,3,E736
N01,3,E737
N01,3,E740
N01,3,E741
N01,3,E742
N01,3,E743
N01,3,E745
N01,3,E746
N01,3,E749
N01,3,E750
N01,3,E751
N01,3,E752
N01,3,E754
N01,3,E756
N01,3,E757
N01,3,E760
N01,3,E761
N01,3,E762
N01,3,E763
N01,3,E764
N01,3,E765
N01,3,E766
N01,3,E767
N01,3,E768
N01,3,E769
N01,3,E770
N01,3,E772
N01,3,E773
N01,3,E774
N01,3,E778
N01,3,E779
N01,3,E780
N01,3,E781
N01,3,E782
N01,3,E783
N01,3,E784
N01,3,E785
N01,3,E787
N01,3,E788
N01,3,E789
N01,3,E790
N01,3,E791
N01,3,E792
N01,3,E793
N01,3,E795
N01,3,E796
N01,3,E797
N01,3,E798
N01,3,E799
N02,0,E001
N02,0,E002
N02,0,E004
N02,0,E005
N02,0,E006
N02,0,E007
N02,0,E008
N02,0,E009
N02,0,E010
N02,0,E011
N02,0,E012
N02,0,E013
N02,0,E014
N02,0,E015
N02,0,E016
N02,0,E017
N02,0,E018
N02,0,E020
N02,0,E023
N02,0,E024
N02,0,E026
N02,0,E027
N02,0,E028
N02,0,E030
N02,0,E031
N02,0,E034
N02,0,E036
N02,0,E037
N02,0,E038
N02,0,E039
N02,0,E040
N02,0,E041
N02,0,E042
N02,0,E043
N02,0,E044
N02,0,E045
N02,0,E046
N02,0,E047
N02,0,E048
N02,0,E049
N02,0,E052
N02,0,E053
N02,0,E054
N02,0,E055
N02,0,E058
N02,0,E059
N02,0,E060
N02,0,E061
N02,0,E062
N02,0,E063
N02,0,E064
N02,0,E067
N02,0,E068
N02,0,E069
N02,0,E070
N02,0,E071
N02,0,E072
N02,0,E073
N02,0,E075
N02,0,E076
N02,0,E077
N02,0,E078
N02,0,E080
N02,0,E081
N02,0,E082
N02,0,E084
N02,0,E085
N02,0,E086
N02,0,E087
N02,0,E089
N02,0,E090
N02,0,E091
N02,0,E092
N02,0,E093
N02,0,E094
N02,0,E096
N02,0,E097
N02,0,E101
N02,0,E102
N02,0,E103
N02,0,E104
N02,0,E105
N02,0,E106
N02,0,E107
N02,0,E109
N02,0,E110
N02,0,E112
N02,0,E113
N02,0,E114
N02,0,E118
N02,0,E119
N02,0,E121
N02,0,E123
N02,0,E125
N02,0,E127
N02,0,E129
N02,0,E132
N02,0,E133
N02,0,E134
N02,0,E135
N02,0,E136
N02,0,E137
N02,0,E139
N02,0,E140
N02,0,E142
N02,0,E143
N02,0,E144
N02,0,E145
N02,0,E146
N02,0,E147
N02,0,E148
N02,0,E149
N02,0,E151
N02,0,E152
N02,0,E153
N02,0,E156
N02,0,E158
N02,0,E159
N02,0,E160
N02,0,E161
N02,0,E163
N02,0,E164
N02,0,E165
N02,0,E167
N02,0,E168
N02,0,E169
N02,0,E170
N02,0,E171
N02,0,E172
N02,0,E174
N02,0,E175
N02,0,E176
N02,0,E177
N02,0,E178
N02,0,E179
N02,0,E180
N02,0,E181
N02,0,E183
N02,0,E184
N02,0,E185
N02,0,E186
N02,0,E188
N02,0,E189
N02,0,E190
N02,0,E192
N02,0,E193
N02,0,E195
N02,0,E196
N02,0,E197
N02,0,E198
N02,1,E200
N02,1,E201
N02,1,E203
N02,1,E204
N02,1,E206
N02,1,E207
N02,1,E208
N02,1,E209
N02,1,E210
N02,1,E211
N02,1,E213
N02,1,E214
N02,1,E215
N02,1,E216
N02,1,E217
N02,1,E218
N02,1,E219
N02,1,E221
N02,1,E222
N02,1,E225
N02,1,E226
N02,1,E227
N02,1,E228
N02,1,E229
N02,1,E230
N02,1,E231
N02,1,E232
N02,1,E235
N02,1,E236
N02,1,E237
N02,1,E239
N02,1,E240
N02,1,E241
N02,1,E244
N02,1,E245
N02,1,E246
N02,1,E248
N02,1,E249
N02,1,E251
N02,1,E252
N02,1,E254
N02,1,E255
N02,1,E256
N02,1,E258
N02,1,E259
N02,1,E261
N02,1,E263
N02,1,E265
N02,1,E266
N02,1,E267
N02,1,E268
N02,1,E269
N02,1,E270
N02,1,E271
N02,1,E273
N02,1,E274
N02,1,E275
N02,1,E277
N02,1,E278
N02,1,E279
N02,1,E281
N02,1,E282
N02,1,E283
N02,1,E285
N02,1,E286
N02,1,E287
N02,1,E288
N02,1,E289
N02,1,E290
N02,1,E291
N02,1,E292
N02,1,E293
N02,1,E295
N02,1,E296
N02,1,E298
N02,1,E299
N02,1,E300
N02,1,E301
N02,1,E302
N02,1,E306
N02,1,E308
N02,1,E310
N02,1,E311
N02,1,E312
N02,1,E313
N02,1,E314
N02,1,E315
N02,1,E318
N02,1,E319
N02,1,E321
N02,1,E322
N02,1,E323
N02,1,E324
N02,1,E325
N02,1,E328
N02,1,E329
N02,1,E330
N02,1,E331
N02,1,E332
N02,1,E333
N02,1,E334
N02,1,E335
N02,1,E338
N02,1,E339
N02,1,E340
N02,1,E341
N02,1,E342
N02,1,E345
N02,1,E346
N02,1,E347
N02,1,E348
N02,1,E349
N02,1,E350
N02,1,E351
N02,1,E352
N02,1,E353
N02,1,E354
N02,1,E356
N02,1,E357
N02,1,E358
N02,1,E359
N02,1,E361
N02,1,E362
N02,1,E364
N02,1,E365
N02,1,E367
N02,1,E368
N02,1,E369
N02,1,E371
N02,1,E372
N02,1,E374
N02,1,E375
N02,1,E376
N02,1,E377
N02,1,E379
N02,1,E380
N02,1,E383
N02,1,E384
N02,1,E385
N02,1,E386
N02,1,E388
N02,1,E389
N02,1,E390
N02,1,E391
N02,1,E392
N02,1,E393
N02,1,E394
N02,1,E395
N02,1,E396
N02,1,E398
N02,2,E400
N02,2,E401
N02,2,E402
N02,2,E403
N02,2,E404
N02,2,E405
N02,2,E406
N02,2,E407
N02,2,E408
N02,2,E409
N02,2,E410
N02,2,E412
N02,2,E413
N02,2,E416
N02,2,E417
N02,2,E418
N02,2,E419
N02,2,E420
N02,2,E421
N02,2,E422
N02,2,E423
N02,2,E424
N02,2,E425
N02,2,E426
N02,2,E427
N02,2,E428
N02,2,E430
N02,2,E431
N02,2,E432
N02,2,E433
N02,2,E435
N02,2,E436
N02,2,E437
N02,2,E438
N02,2,E439
N02,2,E441
N02,2,E442
N02,2,E444
N02,2,E447
N02,2,E448
N02,2,E449
N02,2,E450
N02,2,E451
N02,2,E453
N02,2,E454
N02,2,E455
N02,2,E456
N02,2,E457
N02,2,E458
N02,2,E459
N02,2,E461
N02,2,E463
N02,2,E466
N02,2,E467
N02,2,E468
N02,2,E469
N02,2,E470
N02,2,E472
N02,2,E473
N02,2,E474
N02,2,E476
N02,2,E477
N02,2,E478
N02,2,E479
N02,2,E480
N02,2,E482
N02,2,E485
N02,2,E487
N02,2,E488
N02,2,E491
N02,2,E492
N02,2,E493
N02,2,E495
N02,2,E496
N02,2,E497
N02,2,E498
N02,2,E499
N02,2,E500
N02,2,E501
N02,2,E502
N02,2,E505
N02,2,E509
N02,2,E510
N02,2,E511
N02,2,E512
N02,2,E515
N02,2,E516
N02,2,E517
N02,2,E518
N02,2,E520
N02,2,E521
N02,2,E522
N02,2,E523
N02,2,E524
N02,2,E525
N02,2,E526
N02,2,E528
N02,2,E529
N02,2,E530
N02,2,E531
N02,2,E532
N02,2,E537
N02,2,E538
N02,2,E541
N02,2,E542
N02,2,E545
N02,2,E546
N02,2,E548
N02,2,E549
N02,2,E550
N02,2,E551
N02,2,E553
N02,2,E554
N02,2,E555
N02,2,E556
N02,2,E557
N02,2,E558
N02,2,E559
N02,2,E560
N02,2,E561
N02,2,E562
N02,2,E563
N02,2,E564
N02,2,E565
N02,2,E566
N02,2,E568
N02,2,E569
N02,2,E571
N02,2,E572
N02,2,E573
N02,2,E574
N02,2,E575
N02,2,E576
N02,2,E577
N02,2,E578
N02,2,E579
N02,2,E581
N02,2,E582
N02,2,E583
N02,2,E584
N02,2,E587
N02,2,E588
N02,2,E589
N02,2,E590
N02,2,E591
N02,2,E592
N02,2,E593
N02,2,E594
N02,2,E595
N02,2,E597
N02,3,E600
N02,3,E601
N02,3,E602
N02,3,E603
N02,3,E604
N02,3,E605
N02,3,E606
N02,3,E607
N02,3,E608
N02,3,E609
N02,3,E610
N02,3,E611
N02,3,E613
N02,3,E614
N02,3,E616
N02,3,E617
N02,3,E618
N02,3,E620
N02,3,E621
N02,3,E622
N02,3,E623
N02,3,E627
N02,3,E628
N02,3,E630
N02,3,E631
N02,3,E633
N02,3,E635
N02,3,E637
N02,3,E638
N02,3,E641
N02,3,E642
N02,3,E643
N02,3,E644
N02,3,E645
N02,3,E646
N02,3,E647
N02,3,E648
N02,3,E649
N02,3,E651
N02,3,E652
N02,3,E653
N02,3,E655
N02,3,E656
N02,3,E657
N02,3,E659
N02,3,E661
N02,3,E662
N02,3,E664
N02,3,E665
N02,3,E666
N02,3,E667
N02,3,E668
N02,3,E669
N02,3,E671
N02,3,E672
N02,3,E673
N02,3,E675
N02,3,E676
N02,3,E678
N02,3,E679
N02,3,E680
N02,3,E682
N02,3,E684
N02,3,E686
N02,3,E687
N02,3,E688
N02,3,E689
N02,3,E690
N02,3,E691
N02,3,E693
N02,3,E696
N02,3,E697
N02,3,E702
N02,3,E703
N02,3,E704
N02,3,E705
N02,3,E706
N02,3,E707
N02,3,E709
N02,3,E710
N02,3,E711
N02,3,E713
N02,3,E715
N02,3,E716
N02,3,E717
N02,3,E718
N02,3,E719
N02,3,E720
N02,3,E721
N02,3,E722
N02,3,E723
N02,3,E724
N02,3,E725
N02,3,E726
N02,3,E727
N02,3,E728
N02,3,E729
N02,3,E730
N02,3,E732
N02,3,E733
N02,3,E734
N02,3,E735
N02,3,E737
N02,3,E738
N02,3,E739
N02,3,E740
N02,3,E741
N02,3,E742
N02,3,E743
N02,3,E744
N02,3,E745
N02,3,E746
N02,3,E747
N02,3,E748
N02,3,E749
N02,3,E750
N02,3,E751
N02,3,E752
N02,3,E753
N02,3,E755
N02,3,E757
N02,3,E759
N02,3,E760
N02,3,E763
N02,3,E765
N02,3,E766
N02,3,E767
N02,3,E768
N02,3,E769
N02,3,E773
N02,3,E774
N02,3,E776
N02,3,E777
N02,3,E778
N02,3,E779
N02,3,E780
N02,3,E781
N02,3,E782
N02,3,E783
N02,3,E784
N02,3,E787
N02,3,E788
N02,3,E789
N02,3,E790
N02,3,E791
N02,3,E792
N02,3,E794
N02,3,E795
N02,3,E798
N02,3,E799
N03,0,E000
N03,0,E001
N03,0,E002
N03,0,E003
N03,0,E004
N03,0,E005
N03,0,E006
N03,0,E008
N03,0,E009
N03,0,E012
N03,0,E013
N03,0,E014
N03,0,E015
N03,0,E017
N03,0,E019
N03,0,E020
N03,0,E021
N03,0,E024
N03,0,E025
N03,0,E026
N03,0,E027
N03,0,E028
N03,0,E029
N03,0,E030
N03,0,E031
N03,0,E032
N03,0,E033
N03,0,E035
N03,0,E036
N03,0,E037
N03,0,E038
N03,0,E039
N03,0,E041
N03,0,E042
N03,0,E043
N03,0,E045
N03,0,E046
N03,0,E047
N03,0,E048
N03,0,E049
N03,0,E050
N03,0,E051
N03,0,E052
N03,0,E056
N03,0,E057
N03,0,E058
N03,0,E059
N03,0,E060
N03,0,E061
N03,0,E062
N03,0,E063
N03,0,E064
N03,0,E065
N03,0,E066
N03,0,E068
N03,0,E069
N03,0,E070
N03,0,E072
N03,0,E073
N03,0,E074
N03,0,E075
N03,0,E076
N03,0,E077
N03,0,E080
N03,0,E083
N03,0,E085
N03,0,E086
N03,0,E087
N03,0,E089
N03,0,E090
N03,0,E091
N03,0,E094
N03,0,E095
N03,0,E096
N03,0,E098
N03,0,E099
N03,0,E100
N03,0,E101
N03,0,E102
N03,0,E106
N03,0,E107
N03,0,E108
N03,0,E110
N03,0,E112
N03,0,E113
N03,0,E114
N03,0,E115
N03,0,E116
N03,0,E117
N03,0,E120
N03,0,E122
N03,0,E123
N03,0,E124
N03,0,E125
N03,0,E128
N03,0,E129
N03,0,E130
N03,0,E131
N03,0,E132
N03,0,E133
N03,0,E134
N03,0,E135
N03,0,E136
N03,0,E138
N03,0,E140
N03,0,E141
N03,0,E142
N03,0,E143
N03,0,E144
N03,0,E145
N03,0,E146
N03,0,E147
N03,0,E148
N03,0,E151
N03,0,E152
N03,0,E153
N03,0,E155
N03,0,E156
N03,0,E157
N03,0,E158
N03,0,E159
N03,0,E160
N03,0,E161
N03,0,E162
N03,0,E164
N03,0,E165
N03,0,E166
N03,0,E167
N03,0,E168
N03,0,E169
N03,0,E170
N03,0,E171
N03,0,E172
N03,0,E173
N03,0,E176
N03,0,E177
N03,0,E178
N03,0,E179
N03,0,E180
N03,0,E182
N03,0,E183
N03,0,E184
N03,0,E185
N03,0,E186
N03,0,E187
N03,0,E188
N03,0,E189
N03,0,E190
N03,0,E191
N03,0,E199
N03,1,E200
N03,1,E202
N03,1,E203
N03,1,E205
N03,1,E206
N03,1,E207
N03,1,E208
N03,1,E209
N03,1,E210
N03,1,E211
N03,1,E212
N03,1,E213
N03,1,E214
N03,1,E216
N03,1,E217
N03,1,E218
N03,1,E220
N03,1,E221
N03,1,E223
N03,1,E224
N03,1,E225
N03,1,E226
N03,1,E227
N03,1,E228
N03,1,E230
N03,1,E231
N03,1,E233
N03,1,E234
N03,1,E235
N03,1,E236
N03,1,E237
N03,1,E238
N03,1,E240
N03,1,E242
N03,1,E243
N03,1,E246
N03,1,E247
N03,1,E248
N03,1,E249
N03,1,E251
N03,1,E252
N03,1,E253
N03,1,E254
N03,1,E255
N03,1,E257
N03,1,E258
N03,1,E259
N03,1,E260
N03,1,E261
N03,1,E262
N03,1,E263
N03,1,E264
N03,1,E266
N03,1,E267
N03,1,E268
N03,1,E269
N03,1,E270
N03,1,E271
N03,1,E272
N03,1,E273
N03,1,E274
N03,1,E276
N03,1,E277
N03,1,E278
N03,1,E280
N03,1,E282
N03,1,E283
N03,1,E284
N03,1,E286
N03,1,E287
N03,1,E289
N03,1,E291
N03,1,E292
N03,1,E293
N03,1,E295
N03,1,E298
N03,1,E299
N03,1,E300
N03,1,E301
N03,1,E302
N03,1,E304
N03,1,E305
N03,1,E306
N03,1,E307
N03,1,E308
N03,1,E309
N03,1,E310
N03,1,E312
N03,1,E315
N03,1,E316
N03,1,E317
N03,1,E319
N03,1,E320
N03,1,E321
N03,1,E323
N03,1,E324
N03,1,E325
N03,1,E326
N03,1,E327
N03,1,E328
N03,1,E330
N03,1,E331
N03,1,E332
N03,1,E333
N03,1,E335
N03,1,E336
N03,1,E337
N03,1,E338
N03,1,E339
N03,1,E341
N03,1,E342
N03,1,E343
N03,1,E344
N03,1,E346
N03,1,E348
N03,1,E350
N03,1,E351
N03,1,E352
N03,1,E353
N03,1,E354
N03,1,E355
N03,1,E357
N03,1,E359
N03,1,E361
N03,1,E362
N03,1,E365
N03,1,E368
N03,1,E369
N03,1,E371
N03,1,E373
N03,1,E374
N03,1,E376
N03,1,E378
N03,1,E380
N03,1,E381
N03,1,E382
N03,1,E383
N03,1,E384
N03,1,E385
N03,1,E386
N03,1,E387
N03,1,E388
N03,1,E390
N03,1,E391
N03,1,E392
N03,1,E393
N03,1,E395
N03,1,E396
N03,1,E397
N03,1,E399
N03,2,E400
N03,2,E401
N03,2,E402
N03,2,E404
N03,2,E406
N03,2,E407
N03,2,E408
N03,2,E409
N03,2,E413
N03,2,E414
N03,2,E416
N03,2,E420
N03,2,E422
N03,2,E423
N03,2,E426
N03,2,E428
N03,2,E429
N03,2,E431
N03,2,E432
N03,2,E434
N03,2,E435
N03,2,E436
N03,2,E438
N03,2,E439
N03,2,E441
N03,2,E442
N03,2,E444
N03,2,E445
N03,2,E446
N03,2,E448
N03,2,E449
N03,2,E450
N03,2,E451
N03,2,E453
N03,2,E455
N03,2,E456
N03,2,E457
N03,2,E458
N03,2,E459
N03,2,E460
N03,2,E461
N03,2,E462
N03,2,E464
N03,2,E465
N03,2,E466
N03,2,E467
N03,2,E468
N03,2,E469
N03,2,E470
N03,2,E471
N03,2,E472
N03,2,E473
N03,2,E474
N03,2,E475
N03,2,E476
N03,2,E478
N03,2,E479
N03,2,E483
N03,2,E486
N03,2,E491
N03,2,E492
N03,2,E493
N03,2,E494
N03,2,E495
N03,2,E496
N03,2,E497
N03,2,E498
N03,2,E499
N03,2,E501
N03,2,E502
N03,2,E503
N03,2,E504
N03,2,E505
N03,2,E506
N03,2,E507
N03,2,E508
N03,2,E509
N03,2,E510
N03,2,E511
N03,2,E512
N03,2,E513
N03,2,E514
N03,2,E516
N03,2,E517
N03,2,E518
N03,2,E519
N03,2,E520
N03,2,E521
N03,2,E522
N03,2,E523
N03,2,E524
N03,2,E525
N03,2,E526
N03,2,E527
N03,2,E529
N03,2,E530
N03,2,E531
N03,2,E532
N03,2,E533
N03,2,E534
N03,2,E535
N03,2,E536
N03,2,E537
N03,2,E538
N03,2,E539
N03,2,E540
N03,2,E541
N03,2,E544
N03,2,E545
N03,2,E546
N03,2,E547
N03,2,E548
N03,2,E550
N03,2,E552
N03,2,E553
N03,2,E554
N03,2,E555
N03,2,E557
N03,2,E558
N03,2,E559
N03,2,E560
N03,2,E561
N03,2,E563
N03,2,E564
N03,2,E565
N03,2,E566
N03,2,E568
N03,2,E569
N03,2,E570
N03,2,E571
N03,2,E573
N03,2,E574
N03,2,E575
N03,2,E576
N03,2,E578
N03,2,E579
N03,2,E581
N03,2,E584
N03,2,E585
N03,2,E587
N03,2,E588
N03,2,E590
N03,2,E591
N03,2,E592
N03,2,E593
N03,2,E594
N03,2,E595
N03,2,E596
N03,2,E598
N03,2,E599
N03,3,E600
N03,3,E601
N03,3,E602
N03,3,E604
N03,3,E606
N03,3,E607
N03,3,E608
N03,3,E609
N03,3,E610
N03,3,E611
N03,3,E612
N03,3,E614
N03,3,E616
N03,3,E619
N03,3,E620
N03,3,E623
N03,3,E624
N03,3,E625
N03,3,E626
N03,3,E627
N03,3,E628
N03,3,E629
N03,3,E633
N03,3,E635
N03,3,E636
N03,3,E638
N03,3,E639
N03,3,E640
N03,3,E641
N03,3,E642
N03,3,E644
N03,3,E645
N03,3,E646
N03,3,E647
N03,3,E648
N03,3,E649
N03,3,E650
N03,3,E651
N03,3,E652
N03,3,E653
N03,3,E655
N03,3,E656
N03,3,E657
N03,3,E658
N03,3,E659
N03,3,E662
N03,3,E663
N03,3,E664
N03,3,E665
N03,3,E666
N03,3,E667
N03,3,E668
N03,3,E669
N03,3,E671
N03,3,E673
N03,3,E674
N03,3,E675
N03,3,E676
N03,3,E677
N03,3,E678
N03,3,E679
N03,3,E681
N03,3,E682
N03,3,E683
N03,3,E684
N03,3,E686
N03,3,E687
N03,3,E690
N03,3,E692
N03,3,E693
N03,3,E695
N03,3,E696
N03,3,E697
N03,3,E698
N03,3,E699
N03,3,E700
N03,3,E702
N03,3,E703
N03,3,E704
N03,3,E705
N03,3,E706
N03,3,E708
N03,3,E710
N03,3,E712
N03,3,E713
N03,3,E714
N03,3,E715
N03,3,E716
N03,3,E717
N03,3,E719
N03,3,E720
N03,3,E721
N03,3,E722
N03,3,E723
N03,3,E725
N03,3,E729
N03,3,E730
N03,3,E731
N03,3,E732
N03,3,E734
N03,3,E735
N03,3,E737
N03,3,E738
N03,3,E739
N03,3,E740
N03,3,E741
N03,3,E742
N03,3,E743
N03,3,E745
N03,3,E746
N03,3,E749
N03,3,E750
N03,3,E752
N03,3,E754
N03,3,E756
N03,3,E757
N03,3,E759
N03,3,E760
N03,3,E761
N03,3,E762
N03,3,E763
N03,3,E764
N03,3,E765
N03,3,E766
N03,3,E768
N03,3,E769
N03,3,E770
N03,3,E771
N03,3,E772
N03,3,E773
N03,3,E774
N03,3,E775
N03,3,E777
N03,3,E778
N03,3,E779
N03,3,E780
N03,3,E781
N03,3,E783
N03,3,E784
N03,3,E785
N03,3,E788
N03,3,E789
N03,3,E790
N03,3,E791
N03,3,E792
N03,3,E794
N03,3,E795
N03,3,E796
N03,3,E798
N03,3,E799
N04,0,E001
N04,0,E002
N04,0,E004
N04,0,E005
N04,0,E006
N04,0,E008
N04,0,E009
N04,0,E010
N04,0,E012
N04,0,E014
N04,0,E017
N04,0,E018
N04,0,E020
N04,0,E021
N04,0,E022
N04,0,E023
N04,0,E024
N04,0,E025
N04,0,E028
N04,0,E029
N04,0,E030
N04,0,E031
N04,0,E033
N04,0,E034
N04,0,E035
N04,0,E036
N04,0,E037
N04,0,E038
N04,0,E039
N04,0,E040
N04,0,E042
N04,0,E043
N04,0,E044
N04,0,E046
N04,0,E048
N04,0,E049
N04,0,E051
N04,0,E052
N04,0,E054
N04,0,E055
N04,0,E056
N04,0,E057
N04,0,E058
N04,0,E060
N04,0,E061
N04,0,E062
N04,0,E063
N04,0,E064
N04,0,E065
N04,0,E066
N04,0,E067
N04,0,E068
N04,0,E070
N04,0,E071
N04,0,E072
N04,0,E073
N04,0,E074
N04,0,E076
N04,0,E077
N04,0,E078
N04,0,E079
N04,0,E081
N04,0,E082
N04,0,E083
N04,0,E084
N04,0,E085
N04,0,E086
N04,0,E087
N04,0,E088
N04,0,E089
N04,0,E090
N04,0,E091
N04,0,E092
N04,0,E093
N04,0,E095
N04,0,E096
N04,0,E098
N04,0,E099
N04,0,E100
N04,0,E101
N04,0,E102
N04,0,E103
N04,0,E104
N04,0,E107
N04,0,E108
N04,0,E109
N04,0,E110
N04,0,E111
N04,0,E112
N04,0,E113
N04,0,E114
N04,0,E115
N04,0,E118
N04,0,E121
N04,0,E122
N04,0,E123
N04,0,E124
N04,0,E125
N04,0,E127
N04,0,E129
N04,0,E130
N04,0,E132
N04,0,E133
N04,0,E135
N04,0,E136
N04,0,E139
N04,0,E140
N04,0,E141
N04,0,E144
N04,0,E145
N04,0,E146
N04,0,E147
N04,0,E149
N04,0,E150
N04,0,E151
N04,0,E152
N04,0,E153
N04,0,E155
N04,0,E156
N04,0,E158
N04,0,E159
N04,0,E161
N04,0,E162
N04,0,E164
N04,0,E165
N04,0,E166
N04,0,E167
N04,0,E168
N04,0,E169
N04,0,E173
N04,0,E174
N04,0,E176
N04,0,E177
N04,0,E178
N04,0,E180
N04,0,E182
N04,0,E183
N04,0,E184
N04,0,E185
N04,0,E186
N04,0,E187
N04,0,E188
N04,0,E190
N04,0,E191
N04,0,E193
N04,0,E194
N04,0,E195
N04,0,E196
N04,0,E197
N04,0,E198
N04,1,E200
N04,1,E202
N04,1,E203
N04,1,E204
N04,1,E205
N04,1,E207
N04,1,E208
N04,1,E209
N04,1,E210
N04,1,E211
N04,1,E212
N04,1,E214
N04,1,E215
N04,1,E216
N04,1,E217
N04,1,E218
N04,1,E220
N04,1,E222
N04,1,E223
N04,1,E225
N04,1,E227
N04,1,E228
N04,1,E230
N04,1,E231
N04,1,E233
N04,1,E235
N04,1,E236
N04,1,E238
N04,1,E241
N04,1,E242
N04,1,E243
N04,1,E244
N04,1,E245
N04,1,E246
N04,1,E247
N04,1,E248
N04,1,E249
N04,1,E250
N04,1,E252
N04,1,E255
N04,1,E256
N04,1,E257
N04,1,E258
N04,1,E259
N04,1,E262
N04,1,E263
N04,1,E265
N04,1,E266
N04,1,E267
N04,1,E269
N04,1,E271
N04,1,E272
N04,1,E273
N04,1,E276
N04,1,E277
N04,1,E278
N04,1,E279
N04,1,E281
N04,1,E282
N04,1,E283
N04,1,E284
N04,1,E285
N04,1,E286
N04,1,E287
N04,1,E288
N04,1,E289
N04,1,E290
N04,1,E291
N04,1,E294
N04,1,E297
N04,1,E298
N04,1,E299
N04,1,E301
N04,1,E302
N04,1,E303
N04,1,E304
N04,1,E306
N04,1,E307
N04,1,E308
N04,1,E309
N04,1,E310
N04,1,E311
N04,1,E312
N04,1,E314
N04,1,E315
N04,1,E316
N04,1,E319
N04,1,E320
N04,1,E321
N04,1,E323
N04,1,E324
N04,1,E325
N04,1,E327
N04,1,E328
N04,1,E329
N04,1,E330
N04,1,E331
N04,1,E332
N04,1,E333
N04,1,E334
N04,1,E335
N04,1,E336
N04,1,E337
N04,1,E338
N04,1,E339
N04,1,E340
N04,1,E341
N04,1,E343
N04,1,E345
N04,1,E348
N04,1,E349
N04,1,E350
N04,1,E351
N04,1,E353
N04,1,E354
N04,1,E355
N04,1,E356
N04,1,E358
N04,1,E359
N04,1,E360
N04,1,E361
N04,1,E362
N04,1,E363
N04,1,E364
N04,1,E365
N04,1,E366
N04,1,E367
N04,1,E368
N04,1,E370
N04,1,E371
N04,1,E372
N04,1,E373
N04,1,E376
N04,1,E377
N04,1,E378
N04,1,E379
N04,1,E380
N04,1,E381
N04,1,E384
N04,1,E385
N04,1,E386
N04,1,E387
N04,1,E388
N04,1,E390
N04,1,E391
N04,1,E392
N04,1,E394
N04,1,E396
N04,1,E398
N04,1,E399
N04,2,E400
N04,2,E401
N04,2,E402
N04,2,E403
N04,2,E404
N04,2,E406
N04,2,E407
N04,2,E408
N04,2,E411
N04,2,E412
N04,2,E413
N04,2,E417
N04,2,E418
N04,2,E419
N04,2,E420
N04,2,E421
N04,2,E422
N04,2,E423
N04,2,E424
N04,2,E426
N04,2,E427
N04,2,E429
N04,2,E430
N04,2,E431
N04,2,E432
N04,2,E435
N04,2,E436
N04,2,E437
N04,2,E438
N04,2,E439
N04,2,E443
N04,2,E444
N04,2,E446
N04,2,E447
N04,2,E448
N04,2,E449
N04,2,E450
N04,2,E451
N04,2,E452
N04,2,E453
N04,2,E454
N04,2,E456
N04,2,E458
N04,2,E459
N04,2,E460
N04,2,E461
N04,2,E463
N04,2,E464
N04,2,E467
N04,2,E468
N04,2,E469
N04,2,E470
N04,2,E471
N04,2,E472
N04,2,E473
N04,2,E474
N04,2,E476
N04,2,E479
N04,2,E480
N04,2,E483
N04,2,E484
N04,2,E485
N04,2,E486
N04,2,E487
N04,2,E489
N04,2,E492
N04,2,E493
N04,2,E494
N04,2,E495
N04,2,E496
N04,2,E497
N04,2,E498
N04,2,E499
N04,2,E500
N04,2,E501
N04,2,E502
N04,2,E504
N04,2,E505
N04,2,E508
N04,2,E509
N04,2,E511
N04,2,E512
N04,2,E513
N04,2,E514
N04,2,E515
N04,2,E516
N04,2,E517
N04,2,E519
N04,2,E521
N04,2,E522
N04,2,E523
N04,2,E524
N04,2,E525
N04,2,E527
N04,2,E528
N04,2,E529
N04,2,E531
N04,2,E532
N04,2,E533
N04,2,E534
N04,2,E535
N04,2,E537
N04,2,E538
N04,2,E540
N04,2,E542
N04,2,E544
N04,2,E545
N04,2,E548
N04,2,E549
N04,2,E550
N04,2,E551
N04,2,E552
N04,2,E553
N04,2,E554
N04,2,E556
N04,2,E557
N04,2,E558
N04,2,E560
N04,2,E561
N04,2,E562
N04,2,E563
N04,2,E564
N04,2,E565
N04,2,E567
N04,2,E568
N04,2,E569
N04,2,E570
N04,2,E571
N04,2,E572
N04,2,E573
N04,2,E574
N04,2,E576
N04,2,E577
N04,2,E579
N04,2,E580
N04,2,E581
N04,2,E583
N04,2,E584
N04,2,E585
N04,2,E586
N04,2,E587
N04,2,E589
N04,2,E590
N04,2,E591
N04,2,E592
N04,2,E593
N04,2,E594
N04,2,E595
N04,2,E597
N04,2,E598
N04,3,E601
N04,3,E602
N04,3,E603
N04,3,E604
N04,3,E606
N04,3,E607
N04,3,E609
N04,3,E610
N04,3,E611
N04,3,E613
N04,3,E616
N04,3,E617
N04,3,E618
N04,3,E619
N04,3,E621
N04,3,E622
N04,3,E623
N04,3,E624
N04,3,E625
N04,3,E626
N04,3,E629
N04,3,E633
N04,3,E635
N04,3,E636
N04,3,E637
N04,3,E638
N04,3,E639
N04,3,E641
N04,3,E642
N04,3,E643
N04,3,E644
N04,3,E645
N04,3,E646
N04,3,E647
N04,3,E649
N04,3,E650
N04,3,E651
N04,3,E653
N04,3,E655
N04,3,E656
N04,3,E657
N04,3,E658
N04,3,E661
N04,3,E664
N04,3,E666
N04,3,E667
N04,3,E668
N04,3,E669
N04,3,E670
N04,3,E671
N04,3,E672
N04,3,E673
N04,3,E675
N04,3,E676
N04,3,E677
N04,3,E678
N04,3,E679
N04,3,E680
N04,3,E681
N04,3,E683
N04,3,E684
N04,3,E685
N04,3,E686
N04,3,E687
N04,3,E688
N04,3,E689
N04,3,E691
N04,3,E692
N04,3,E693
N04,3,E694
N04,3,E696
N04,3,E697
N04,3,E698
N04,3,E700
N04,3,E701
N04,3,E702
N04,3,E703
N04,3,E704
N04,3,E705
N04,3,E706
N04,3,E707
N04,3,E708
N04,3,E709
N04,3,E710
N04,3,E712
N04,3,E713
N04,3,E714
N04,3,E715
N04,3,E717
N04,3,E718
N04,3,E720
N04,3,E721
N04,3,E722
N04,3,E724
N04,3,E728
N04,3,E729
N04,3,E730
N04,3,E732
N04,3,E733
N04,3,E736
N04,3,E738
N04,3,E739
N04,3,E740
N04,3,E741
N04,3,E742
N04,3,E744
N04,3,E747
N04,3,E748
N04,3,E749
N04,3,E750
N04,3,E751
N04,3,E752
N04,3,E753
N04,3,E754
N04,3,E755
N04,3,E756
N04,3,E759
N04,3,E760
N04,3,E761
N04,3,E763
N04,3,E764
N04,3,E765
N04,3,E766
N04,3,E767
N04,3,E768
N04,3,E769
N04,3,E770
N04,3,E771
N04,3,E774
N04,3,E776
N04,3,E777
N04,3,E778
N04,3,E779
N04,3,E780
N04,3,E781
N04,3,E782
N04,3,E783
N04,3,E784
N04,3,E785
N04,3,E786
N04,3,E787
N04,3,E789
N04,3,E790
N04,3,E792
N04,3,E793
N04,3,E794
N04,3,E795
N04,3,E797
N04,3,E798
N04,3,E799
N05,0,E001
N05,0,E003
N05,0,E004
N05,0,E005
N05,0,E007
N05,0,E008
N05,0,E009
N05,0,E010
N05,0,E012
N05,0,E016
N05,0,E017
N05,0,E018
N05,0,E019
N05,0,E021
N05,0,E022
N05,0,E023
N05,0,E024
N05,0,E026
N05,0,E027
N05,0,E029
N05,0,E030
N05,0,E033
N05,0,E034
N05,0,E037
N05,0,E038
N05,0,E039
N05,0,E040
N05,0,E042
N05,0,E043
N05,0,E044
N05,0,E046
N05,0,E047
N05,0,E048
N05,0,E049
N05,0,E052
N05,0,E053
N05,0,E056
N05,0,E057
N05,0,E058
N05,0,E060
N05,0,E061
N05,0,E062
N05,0,E063
N05,0,E064
N05,0,E065
N05,0,E066
N05,0,E067
N05,0,E068
N05,0,E069
N05,0,E070
N05,0,E072
N05,0,E073
N05,0,E076
N05,0,E077
N05,0,E079
N05,0,E080
N05,0,E081
N05,0,E082
N05,0,E085
N05,0,E086
N05,0,E088
N05,0,E089
N05,0,E090
N05,0,E092
N05,0,E093
N05,0,E095
N05,0,E096
N05,0,E097
N05,0,E098
N05,0,E099
N05,0,E101
N05,0,E105
N05,0,E106
N05,0,E107
N05,0,E109
N05,0,E110
N05,0,E111
N05,0,E112
N05,0,E113
N05,0,E115
N05,0,E116
N05,0,E117
N05,0,E120
N05,0,E121
N05,0,E122
N05,0,E123
N05,0,E124
N05,0,E125
N05,0,E127
N05,0,E128
N05,0,E129
N05,0,E130
N05,0,E131
N05,0,E132
N05,0,E133
N05,0,E134
N05,0,E135
N05,0,E136
N05,0,E137
N05,0,E138
N05,0,E143
N05,0,E144
N05,0,E145
N05,0,E146
N05,0,E147
N05,0,E148
N05,0,E149
N05,0,E151
N05,0,E153
N05,0,E154
N05,0,E155
N05,0,E156
N05,0,E159
N05,0,E160
N05,0,E161
N05,0,E163
N05,0,E164
N05,0,E165
N05,0,E166
N05,0,E167
N05,0,E169
N05,0,E170
N05,0,E171
N05,0,E172
N05,0,E173
N05,0,E174
N05,0,E175
N05,0,E176
N05,0,E177
N05,0,E178
N05,0,E179
N05,0,E180
N05,0,E181
N05,0,E182
N05,0,E183
N05,0,E184
N05,0,E186
N05,0,E187
N05,0,E188
N05,0,E189
N05,0,E190
N05,0,E191
N05,0,E192
N05,0,E193
N05,0,E194
N05,0,E195
N05,0,E196
N05,0,E197
N05,0,E198
N05,0,E199
N05,1,E200
N05,1,E201
N05,1,E203
N05,1,E204
N05,1,E205
N05,1,E206
N05,1,E207
N05,1,E212
N05,1,E213
N05,1,E214
N05,1,E215
N05,1,E216
N05,1,E217
N05,1,E219
N05,1,E220
N05,1,E221
N05,1,E223
N05,1,E225
N05,1,E229
N05,1,E230
N05,1,E231
N05,1,E232
N05,1,E233
N05,1,E234
N05,1,E235
N05,1,E237
N05,1,E238
N05,1,E239
N05,1,E242
N05,1,E243
N05,1,E244
N05,1,E245
N05,1,E246
N05,1,E247
N05,1,E248
N05,1,E252
N05,1,E253
N05,1,E254
N05,1,E255
N05,1,E256
N05,1,E257
N05,1,E258
N05,1,E259
N05,1,E260
N05,1,E261
N05,1,E262
N05,1,E263
N05,1,E264
N05,1,E265
N05,1,E266
N05,1,E267
N05,1,E268
N05,1,E270
N05,1,E273
N05,1,E275
N05,1,E276
N05,1,E278
N05,1,E279
N05,1,E283
N05,1,E284
N05,1,E285
N05,1,E286
N05,1,E287
N05,1,E289
N05,1,E291
N05,1,E292
N05,1,E293
N05,1,E296
N05,1,E299
N05,1,E300
N05,1,E301
N05,1,E302
N05,1,E304
N05,1,E305
N05,1,E308
N05,1,E309
N05,1,E311
N05,1,E312
N05,1,E314
N05,1,E315
N05,1,E316
N05,1,E317
N05,1,E318
N05,1,E319
N05,1,E320
N05,1,E325
N05,1,E326
N05,1,E328
N05,1,E329
N05,1,E330
N05,1,E331
N05,1,E332
N05,1,E333
N05,1,E334
N05,1,E335
N05,1,E336
N05,1,E337
N05,1,E338
N05,1,E339
N05,1,E340
N05,1,E341
N05,1,E342
N05,1,E345
N05,1,E347
N05,1,E349
N05,1,E350
N05,1,E351
N05,1,E352
N05,1,E353
N05,1,E354
N05,1,E355
N05,1,E356
N05,1,E357
N05,1,E358
N05,1,E359
N05,1,E360
N05,1,E362
N05,1,E364
N05,1,E365
N05,1,E366
N05,1,E367
N05,1,E368
N05,1,E369
N05,1,E370
N05,1,E371
N05,1,E373
N05,1,E374
N05,1,E375
N05,1,E377
N05,1,E378
N05,1,E379
N05,1,E380
N05,1,E381
N05,1,E382
N05,1,E383
N05,1,E384
N05,1,E385
N05,1,E386
N05,1,E387
N05,1,E388
N05,1,E389
N05,1,E390
N05,1,E391
N05,1,E392
N05,1,E393
N05,1,E394
N05,1,E395
N05,1,E396
N05,1,E397
N05,1,E398
N05,2,E400
N05,2,E402
N05,2,E403
N05,2,E407
N05,2,E408
N05,2,E409
N05,2,E411
N05,2,E412
N05,2,E413
N05,2,E417
N05,2,E420
N05,2,E421
N05,2,E422
N05,2,E424
N05,2,E426
N05,2,E427
N05,2,E428
N05,2,E429
N05,2,E430
N05,2,E431
N05,2,E432
N05,2,E434
N05,2,E436
N05,2,E438
N05,2,E439
N05,2,E440
N05,2,E441
N05,2,E442
N05,2,E443
N05,2,E444
N05,2,E446
N05,2,E447
N05,2,E448
N05,2,E449
N05,2,E450
N05,2,E451
N05,2,E452
N05,2,E453
N05,2,E455
N05,2,E456
N05,2,E457
N05,2,E458
N05,2,E459
N05,2,E460
N05,2,E461
N05,2,E462
N05,2,E465
N05,2,E466
N05,2,E467
N05,2,E468
N05,2,E469
N05,2,E470
N05,2,E471
N05,2,E472
N05,2,E476
N05,2,E477
N05,2,E480
N05,2,E481
N05,2,E482
N05,2,E483
N05,2,E485
N05,2,E486
N05,2,E487
N05,2,E488
N05,2,E489
N05,2,E490
N05,2,E491
N05,2,E492
N05,2,E494
N05,2,E495
N05,2,E496
N05,2,E497
N05,2,E498
N05,2,E500
N05,2,E502
N05,2,E503
N05,2,E504
N05,2,E505
N05,2,E506
N05,2,E507
N05,2,E509
N05,2,E510
N05,2,E511
N05,2,E512
N05,2,E513
N05,2,E514
N05,2,E515
N05,2,E516
N05,2,E517
N05,2,E518
N05,2,E519
N05,2,E521
N05,2,E522
N05,2,E524
N05,2,E525
N05,2,E526
N05,2,E528
N05,2,E531
N05,2,E532
N05,2,E533
N05,2,E534
N05,2,E535
N05,2,E536
N05,2,E537
N05,2,E538
N05,2,E541
N05,2,E542
N05,2,E543
N05,2,E544
N05,2,E545
N05,2,E546
N05,2,E547
N05,2,E549
N05,2,E551
N05,2,E552
N05,2,E553
N05,2,E555
N05,2,E558
N05,2,E560
N05,2,E561
N05,2,E562
N05,2,E563
N05,2,E564
N05,2,E565
N05,2,E566
N05,2,E567
N05,2,E568
N05,2,E569
N05,2,E570
N05,2,E571
N05,2,E572
N05,2,E573
N05,2,E575
N05,2,E577
N05,2,E578
N05,2,E579
N05,2,E580
N05,2,E582
N05,2,E584
N05,2,E585
N05,2,E586
N05,2,E588
N05,2,E589
N05,2,E590
N05,2,E591
N05,2,E592
N05,2,E593
N05,2,E594
N05,2,E597
N05,2,E599
N05,3,E600
N05,3,E601
N05,3,E602
N05,3,E604
N05,3,E605
N05,3,E606
N05,3,E607
N05,3,E609
N05,3,E610
N05,3,E611
N05,3,E612
N05,3,E616
N05,3,E619
N05,3,E620
N05,3,E621
N05,3,E622
N05,3,E623
N05,3,E625
N05,3,E627
N05,3,E628
N05,3,E629
N05,3,E630
N05,3,E631
N05,3,E632
N05,3,E634
N05,3,E637
N05,3,E638
N05,3,E641
N05,3,E643
N05,3,E645
N05,3,E646
N05,3,E648
N05,3,E649
N05,3,E650
N05,3,E651
N05,3,E652
N05,3,E654
N05,3,E655
N05,3,E657
N05,3,E658
N05,3,E660
N05,3,E661
N05,3,E662
N05,3,E663
N05,3,E665
N05,3,E666
N05,3,E669
N05,3,E670
N05,3,E673
N05,3,E674
N05,3,E675
N05,3,E676
N05,3,E677
N05,3,E678
N05,3,E679
N05,3,E680
N05,3,E681
N05,3,E682
N05,3,E683
N05,3,E684
N05,3,E686
N05,3,E687
N05,3,E688
N05,3,E689
N05,3,E690
N05,3,E694
N05,3,E695
N05,3,E696
N05,3,E697
N05,3,E698
N05,3,E699
N05,3,E700
N05,3,E701
N05,3,E702
N05,3,E703
N05,3,E704
N05,3,E705
N05,3,E706
N05,3,E707
N05,3,E708
N05,3,E712
N05,3,E713
N05,3,E714
N05,3,E715
N05,3,E716
N05,3,E717
N05,3,E718
N05,3,E720
N05,3,E721
N05,3,E723
N05,3,E725
N05,3,E726
N05,3,E728
N05,3,E729
N05,3,E731
N05,3,E732
N05,3,E734
N05,3,E735
N05,3,E737
N05,3,E738
N05,3,E740
N05,3,E741
N05,3,E742
N05,3,E744
N05,3,E746
N05,3,E747
N05,3,E748
N05,3,E749
N05,3,E750
N05,3,E751
N05,3,E753
N05,3,E754
N05,3,E755
N05,3,E756
N05,3,E757
N05,3,E758
N05,3,E760
N05,3,E762
N05,3,E763
N05,3,E764
N05,3,E765
N05,3,E766
N05,3,E767
N05,3,E768
N05,3,E769
N05,3,E770
N05,3,E771
N05,3,E773
N05,3,E774
N05,3,E775
N05,3,E776
N05,3,E778
N05,3,E779
N05,3,E780
N05,3,E782
N05,3,E783
N05,3,E784
N05,3,E785
N05,3,E786
N05,3,E788
N05,3,E789
N05,3,E790
N05,3,E791
N05,3,E792
N05,3,E793
N05,3,E794
N05,3,E795
N05,3,E796
N05,3,E797
N05,3,E798
N06,0,E001
N06,0,E002
N06,0,E003
N06,0,E006
N06,0,E009
N06,0,E010
N06,0,E011
N06,0,E013
N06,0,E014
N06,0,E015
N06,0,E017
N06,0,E018
N06,0,E019
N06,0,E020
N06,0,E021
N06,0,E022
N06,0,E023
N06,0,E024
N06,0,E025
N06,0,E026
N06,0,E028
N06,0,E030
N06,0,E032
N06,0,E033
N06,0,E034
N06,0,E035
N06,0,E036
N06,0,E037
N06,0,E038
N06,0,E039
N06,0,E040
N06,0,E041
N06,0,E043
N06,0,E045
N06,0,E046
N06,0,E048
N06,0,E049
N06,0,E050
N06,0,E051
N06,0,E052
N06,0,E053
N06,0,E054
N06,0,E056
N06,0,E057
N06,0,E058
N06,0,E059
N06,0,E061
N06,0,E063
N06,0,E064
N06,0,E066
N06,0,E067
N06,0,E068
N06,0,E069
N06,0,E070
N06,0,E072
N06,0,E073
N06,0,E074
N06,0,E075
N06,0,E076
N06,0,E077
N06,0,E080
N06,0,E082
N06,0,E083
N06,0,E084
N06,0,E085
N06,0,E087
N06,0,E088
N06,0,E089
N06,0,E090
N06,0,E091
N06,0,E092
N06,0,E095
N06,0,E096
N06,0,E097
N06,0,E101
N06,0,E102
N06,0,E103
N06,0,E104
N06,0,E105
N06,0,E106
N06,0,E107
N06,0,E108
N06,0,E109
N06,0,E111
N06,0,E112
N06,0,E113
N06,0,E114
N06,0,E115
N06,0,E119
N06,0,E120
N06,0,E121
N06,0,E123
N06,0,E124
N06,0,E125
N06,0,E126
N06,0,E127
N06,0,E128
N06,0,E129
N06,0,E130
N06,0,E131
N06,0,E132
N06,0,E133
N06,0,E134
N06,0,E135
N06,0,E136
N06,0,E138
N06,0,E139
N06,0,E141
N06,0,E143
N06,0,E151
N06,0,E152
N06,0,E153
N06,0,E154
N06,0,E155
N06,0,E158
N06,0,E159
N06,0,E160
N06,0,E162
N06,0,E163
N06,0,E164
N06,0,E165
N06,0,E166
N06,0,E167
N06,0,E168
N06,0,E169
N06,0,E170
N06,0,E171
N06,0,E172
N06,0,E173
N06,0,E175
N06,0,E176
N06,0,E177
N06,0,E178
N06,0,E179
N06,0,E180
N06,0,E181
N06,0,E182
N06,0,E183
N06,0,E185
N06,0,E186
N06,0,E187
N06,0,E190
N06,0,E191
N06,0,E192
N06,0,E193
N06,0,E195
N06,0,E196
N06,0,E197
N06,0,E198
N06,0,E199
N06,1,E200
N06,1,E201
N06,1,E202
N06,1,E203
N06,1,E207
N06,1,E208
N06,1,E210
N06,1,E211
N06,1,E212
N06,1,E213
N06,1,E214
N06,1,E215
N06,1,E216
N06,1,E218
N06,1,E219
N06,1,E220
N06,1,E221
N06,1,E222
N06,1,E223
N06,1,E224
N06,1,E226
N06,1,E227
N06,1,E228
N06,1,E229
N06,1,E230
N06,1,E231
N06,1,E232
N06,1,E235
N06,1,E236
N06,1,E238
N06,1,E239
N06,1,E240
N06,1,E241
N06,1,E242
N06,1,E243
N06,1,E244
N06,1,E245
N06,1,E246
N06,1,E247
N06,1,E248
N06,1,E249
N06,1,E250
N06,1,E251
N06,1,E253
N06,1,E254
N06,1,E256
N06,1,E257
N06,1,E259
N06,1,E260
N06,1,E261
N06,1,E262
N06,1,E264
N06,1,E265
N06,1,E266
N06,1,E267
N06,1,E269
N06,1,E270
N06,1,E271
N06,1,E272
N06,1,E273
N06,1,E275
N06,1,E276
N06,1,E278
N06,1,E280
N06,1,E283
N06,1,E285
N06,1,E289
N06,1,E291
N06,1,E292
N06,1,E293
N06,1,E294
N06,1,E295
N06,1,E296
N06,1,E297
N06,1,E298
N06,1,E299
N06,1,E301
N06,1,E303
N06,1,E304
N06,1,E305
N06,1,E307
N06,1,E308
N06,1,E309
N06,1,E310
N06,1,E314
N06,1,E315
N06,1,E316
N06,1,E317
N06,1,E318
N06,1,E319
N06,1,E320
N06,1,E321
N06,1,E322
N06,1,E323
N06,1,E325
N06,1,E326
N06,1,E327
N06,1,E328
N06,1,E330
N06,1,E331
N06,1,E332
N06,1,E333
N06,1,E334
N06,1,E335
N06,1,E339
N06,1,E340
N06,1,E343
N06,1,E344
N06,1,E345
N06,1,E346
N06,1,E347
N06,1,E349
N06,1,E350
N06,1,E351
N06,1,E352
N06,1,E353
N06,1,E354
N06,1,E355
N06,1,E356
N06,1,E357
N06,1,E358
N06,1,E359
N06,1,E360
N06,1,E361
N06,1,E362
N06,1,E363
N06,1,E364
N06,1,E365
N06,1,E367
N06,1,E368
N06,1,E369
N06,1,E370
N06,1,E371
N06,1,E372
N06,1,E373
N06,1,E374
N06,1,E375
N06,1,E379
N06,1,E380
N06,1,E383
N06,1,E384
N06,1,E385
N06,1,E386
N06,1,E387
N06,1,E388
N06,1,E390
N06,1,E392
N06,1,E394
N06,1,E397
N06,1,E398
N06,2,E401
N06,2,E402
N06,2,E403
N06,2,E406
N06,2,E407
N06,2,E408
N06,2,E409
N06,2,E410
N06,2,E411
N06,2,E412
N06,2,E413
N06,2,E414
N06,2,E415
N06,2,E416
N06,2,E417
N06,2,E418
N06,2,E419
N06,2,E420
N06,2,E421
N06,2,E422
N06,2,E425
N06,2,E427
N06,2,E428
N06,2,E429
N06,2,E431
N06,2,E433
N06,2,E434
N06,2,E436
N06,2,E437
N06,2,E438
N06,2,E439
N06,2,E440
N06,2,E441
N06,2,E442
N06,2,E443
N06,2,E445
N06,2,E446
N06,2,E447
N06,2,E448
N06,2,E449
N06,2,E450
N06,2,E452
N06,2,E453
N06,2,E454
N06,2,E457
N06,2,E458
N06,2,E459
N06,2,E460
N06,2,E461
N06,2,E462
N06,2,E464
N06,2,E466
N06,2,E467
N06,2,E468
N06,2,E469
N06,2,E470
N06,2,E471
N06,2,E472
N06,2,E473
N06,2,E475
N06,2,E476
N06,2,E477
N06,2,E478
N06,2,E480
N06,2,E481
N06,2,E482
N06,2,E483
N06,2,E484
N06,2,E485
N06,2,E486
N06,2,E492
N06,2,E493
N06,2,E498
N06,2,E500
N06,2,E501
N06,2,E502
N06,2,E503
N06,2,E505
N06,2,E506
N06,2,E508
N06,2,E510
N06,2,E511
N06,2,E512
N06,2,E514
N06,2,E515
N06,2,E516
N06,2,E517
N06,2,E518
N06,2,E519
N06,2,E520
N06,2,E521
N06,2,E523
N06,2,E526
N06,2,E527
N06,2,E529
N06,2,E530
N06,2,E531
N06,2,E532
N06,2,E533
N06,2,E534
N06,2,E535
N06,2,E537
N06,2,E538
N06,2,E539
N06,2,E540
N06,2,E541
N06,2,E543
N06,2,E544
N06,2,E545
N06,2,E546
N06,2,E547
N06,2,E548
N06,2,E550
N06,2,E551
N06,2,E552
N06,2,E553
N06,2,E555
N06,2,E556
N06,2,E557
N06,2,E558
N06,2,E559
N06,2,E560
N06,2,E561
N06,2,E562
N06,2,E563
N06,2,E565
N06,2,E567
N06,2,E568
N06,2,E569
N06,2,E570
N06,2,E571
N06,2,E572
N06,2,E575
N06,2,E576
N06,2,E577
N06,2,E578
N06,2,E579
N06,2,E583
N06,2,E584
N06,2,E585
N06,2,E586
N06,2,E587
N06,2,E588
N06,2,E590
N06,2,E591
N06,2,E593
N06,2,E594
N06,2,E595
N06,2,E598
N06,2,E599
N06,3,E600
N06,3,E602
N06,3,E603
N06,3,E604
N06,3,E605
N06,3,E606
N06,3,E608
N06,3,E609
N06,3,E610
N06,3,E611
N06,3,E612
N06,3,E613
N06,3,E616
N06,3,E618
N06,3,E619
N06,3,E620
N06,3,E621
N06,3,E623
N06,3,E624
N06,3,E625
N06,3,E627
N06,3,E628
N06,3,E629
N06,3,E630
N06,3,E631
N06,3,E632
N06,3,E633
N06,3,E634
N06,3,E635
N06,3,E636
N06,3,E638
N06,3,E639
N06,3,E640
N06,3,E642
N06,3,E643
N06,3,E644
N06,3,E645
N06,3,E646
N06,3,E648
N06,3,E650
N06,3,E651
N06,3,E652
N06,3,E653
N06,3,E654
N06,3,E655
N06,3,E656
N06,3,E657
N06,3,E658
N06,3,E660
N06,3,E662
N06,3,E663
N06,3,E664
N06,3,E665
N06,3,E667
N06,3,E668
N06,3,E670
N06,3,E671
N06,3,E672
N06,3,E673
N06,3,E675
N06,3,E677
N06,3,E679
N06,3,E681
N06,3,E682
N06,3,E683
N06,3,E684
N06,3,E686
N06,3,E687
N06,3,E688
N06,3,E690
N06,3,E691
N06,3,E692
N06,3,E695
N06,3,E696
N06,3,E697
N06,3,E698
N06,3,E699
N06,3,E700
N06,3,E701
N06,3,E704
N06,3,E705
N06,3,E706
N06,3,E707
N06,3,E710
N06,3,E711
N06,3,E712
N06,3,E714
N06,3,E715
N06,3,E717
N06,3,E718
N06,3,E719
N06,3,E720
N06,3,E721
N06,3,E722
N06,3,E723
N06,3,E724
N06,3,E725
N06,3,E726
N06,3,E728
N06,3,E730
N06,3,E731
N06,3,E732
N06,3,E733
N06,3,E734
N06,3,E736
N06,3,E738
N06,3,E739
N06,3,E740
N06,3,E742
N06,3,E746
N06,3,E749
N06,3,E750
N06,3,E751
N06,3,E752
N06,3,E755
N06,3,E756
N06,3,E757
N06,3,E758
N06,3,E760
N06,3,E761
N06,3,E762
N06,3,E764
N06,3,E765
N06,3,E767
N06,3,E768
N06,3,E769
N06,3,E771
N06,3,E772
N06,3,E773
N06,3,E774
N06,3,E776
N06,3,E777
N06,3,E778
N06,3,E779
N06,3,E780
N06,3,E781
N06,3,E782
N06,3,E783
N06,3,E784
N06,3,E785
N06,3,E787
N06,3,E788
N06,3,E790
N06,3,E791
N06,3,E792
N06,3,E793
N06,3,E794
N06,3,E796
N06,3,E797
N06,3,E798
N07,0,E000
N07,0,E001
N07,0,E002
N07,0,E003
N07,0,E006
N07,0,E007
N07,0,E008
N07,0,E009
N07,0,E011
N07,0,E012
N07,0,E013
N07,0,E014
N07,0,E015
N07,0,E017
N07,0,E018
N07,0,E020
N07,0,E022
N07,0,E023
N07,0,E024
N07,0,E025
N07,0,E026
N07,0,E027
N07,0,E028
N07,0,E029
N07,0,E030
N07,0,E031
N07,0,E032
N07,0,E034
N07,0,E035
N07,0,E038
N07,0,E039
N07,0,E040
N07,0,E042
N07,0,E043
N07,0,E044
N07,0,E045
N07,0,E046
N07,0,E047
N07,0,E048
N07,0,E050
N07,0,E053
N07,0,E054
N07,0,E058
N07,0,E060
N07,0,E062
N07,0,E063
N07,0,E064
N07,0,E066
N07,0,E067
N07,0,E068
N07,0,E069
N07,0,E070
N07,0,E071
N07,0,E072
N07,0,E074
N07,0,E075
N07,0,E076
N07,0,E077
N07,0,E078
N07,0,E079
N07,0,E081
N07,0,E082
N07,0,E083
N07,0,E084
N07,0,E087
N07,0,E088
N07,0,E089
N07,0,E090
N07,0,E091
N07,0,E093
N07,0,E095
N07,0,E096
N07,0,E097
N07,0,E098
N07,0,E100
N07,0,E101
N07,0,E102
N07,0,E103
N07,0,E104
N07,0,E105
N07,0,E107
N07,0,E109
N07,0,E111
N07,0,E113
N07,0,E114
N07,0,E115
N07,0,E116
N07,0,E117
N07,0,E119
N07,0,E120
N07,0,E121
N07,0,E122
N07,0,E124
N07,0,E125
N07,0,E126
N07,0,E127
N07,0,E130
N07,0,E131
N07,0,E132
N07,0,E133
N07,0,E135
N07,0,E136
N07,0,E137
N07,0,E138
N07,0,E139
N07,0,E140
N07,0,E141
N07,0,E142
N07,0,E148
N07,0,E150
N07,0,E151
N07,0,E152
N07,0,E154
N07,0,E155
N07,0,E157
N07,0,E159
N07,0,E160
N07,0,E161
N07,0,E162
N07,0,E163
N07,0,E164
N07,0,E165
N07,0,E166
N07,0,E167
N07,0,E169
N07,0,E171
N07,0,E172
N07,0,E173
N07,0,E174
N07,0,E175
N07,0,E176
N07,0,E178
N07,0,E179
N07,0,E180
N07,0,E181
N07,0,E182
N07,0,E183
N07,0,E184
N07,0,E185
N07,0,E186
N07,0,E188
N07,0,E189
N07,0,E191
N07,0,E192
N07,0,E193
N07,0,E194
N07,0,E195
N07,0,E196
N07,0,E197
N07,0,E199
N07,1,E200
N07,1,E201
N07,1,E202
N07,1,E203
N07,1,E204
N07,1,E205
N07,1,E206
N07,1,E207
N07,1,E208
N07,1,E210
N07,1,E211
N07,1,E213
N07,1,E214
N07,1,E215
N07,1,E216
N07,1,E218
N07,1,E219
N07,1,E221
N07,1,E222
N07,1,E223
N07,1,E224
N07,1,E225
N07,1,E227
N07,1,E229
N07,1,E230
N07,1,E231
N07,1,E235
N07,1,E236
N07,1,E237
N07,1,E238
N07,1,E239
N07,1,E240
N07,1,E241
N07,1,E242
N07,1,E243
N07,1,E245
N07,1,E247
N07,1,E248
N07,1,E249
N07,1,E252
N07,1,E253
N07,1,E255
N07,1,E256
N07,1,E257
N07,1,E258
N07,1,E259
N07,1,E260
N07,1,E261
N07,1,E262
N07,1,E264
N07,1,E266
N07,1,E268
N07,1,E269
N07,1,E271
N07,1,E272
N07,1,E273
N07,1,E274
N07,1,E275
N07,1,E276
N07,1,E278
N07,1,E280
N07,1,E281
N07,1,E282
N07,1,E283
N07,1,E285
N07,1,E286
N07,1,E287
N07,1,E288
N07,1,E289
N07,1,E294
N07,1,E295
N07,1,E296
N07,1,E297
N07,1,E298
N07,1,E299
N07,1,E300
N07,1,E301
N07,1,E302
N07,1,E303
N07,1,E305
N07,1,E306
N07,1,E307
N07,1,E308
N07,1,E309
N07,1,E310
N07,1,E311
N07,1,E312
N07,1,E313
N07,1,E316
N07,1,E317
N07,1,E318
N07,1,E319
N07,1,E320
N07,1,E322
N07,1,E323
N07,1,E324
N07,1,E325
N07,1,E327
N07,1,E329
N07,1,E330
N07,1,E331
N07,1,E332
N07,1,E333
N07,1,E335
N07,1,E336
N07,1,E338
N07,1,E341
N07,1,E342
N07,1,E344
N07,1,E345
N07,1,E346
N07,1,E348
N07,1,E349
N07,1,E350
N07,1,E351
N07,1,E352
N07,1,E353
N07,1,E354
N07,1,E355
N07,1,E356
N07,1,E357
N07,1,E358
N07,1,E359
N07,1,E360
N07,1,E361
N07,1,E362
N07,1,E364
N07,1,E365
N07,1,E366
N07,1,E368
N07,1,E369
N07,1,E371
N07,1,E372
N07,1,E373
N07,1,E374
N07,1,E375
N07,1,E376
N07,1,E377
N07,1,E378
N07,1,E379
N07,1,E380
N07,1,E381
N07,1,E382
N07,1,E383
N07,1,E386
N07,1,E389
N07,1,E390
N07,1,E393
N07,1,E396
N07,1,E398
N07,2,E400
N07,2,E402
N07,2,E403
N07,2,E404
N07,2,E406
N07,2,E407
N07,2,E409
N07,2,E410
N07,2,E412
N07,2,E414
N07,2,E415
N07,2,E417
N07,2,E418
N07,2,E419
N07,2,E420
N07,2,E423
N07,2,E424
N07,2,E425
N07,2,E426
N07,2,E428
N07,2,E429
N07,2,E430
N07,2,E431
N07,2,E432
N07,2,E435
N07,2,E436
N07,2,E437
N07,2,E438
N07,2,E440
N07,2,E441
N07,2,E443
N07,2,E444
N07,2,E445
N07,2,E446
N07,2,E447
N07,2,E449
N07,2,E450
N07,2,E451
N07,2,E455
N07,2,E458
N07,2,E460
N07,2,E462
N07,2,E463
N07,2,E464
N07,2,E465
N07,2,E466
N07,2,E469
N07,2,E470
N07,2,E471
N07,2,E472
N07,2,E473
N07,2,E474
N07,2,E475
N07,2,E476
N07,2,E478
N07,2,E479
N07,2,E480
N07,2,E481
N07,2,E482
N07,2,E483
N07,2,E484
N07,2,E485
N07,2,E486
N07,2,E487
N07,2,E488
N07,2,E489
N07,2,E490
N07,2,E491
N07,2,E492
N07,2,E495
N07,2,E496
N07,2,E497
N07,2,E498
N07,2,E499
N07,2,E500
N07,2,E501
N07,2,E503
N07,2,E505
N07,2,E506
N07,2,E507
N07,2,E508
N07,2,E509
N07,2,E510
N07,2,E511
N07,2,E514
N07,2,E515
N07,2,E516
N07,2,E517
N07,2,E518
N07,2,E521
N07,2,E522
N07,2,E523
N07,2,E524
N07,2,E525
N07,2,E527
N07,2,E528
N07,2,E531
N07,2,E532
N07,2,E533
N07,2,E534
N07,2,E535
N07,2,E536
N07,2,E537
N07,2,E539
N07,2,E541
N07,2,E543
N07,2,E544
N07,2,E545
N07,2,E546
N07,2,E547
N07,2,E548
N07,2,E549
N07,2,E550
N07,2,E551
N07,2,E554
N07,2,E555
N07,2,E556
N07,2,E557
N07,2,E558
N07,2,E559
N07,2,E560
N07,2,E561
N07,2,E564
N07,2,E566
N07,2,E568
N07,2,E570
N07,2,E571
N07,2,E572
N07,2,E574
N07,2,E575
N07,2,E576
N07,2,E577
N07,2,E578
N07,2,E579
N07,2,E580
N07,2,E581
N07,2,E583
N07,2,E585
N07,2,E587
N07,2,E588
N07,2,E589
N07,2,E590
N07,2,E591
N07,2,E592
N07,2,E593
N07,2,E594
N07,2,E595
N07,2,E597
N07,2,E598
N07,2,E599
N07,3,E601
N07,3,E602
N07,3,E603
N07,3,E604
N07,3,E606
N07,3,E607
N07,3,E608
N07,3,E610
N07,3,E611
N07,3,E612
N07,3,E613
N07,3,E614
N07,3,E615
N07,3,E617
N07,3,E618
N07,3,E619
N07,3,E620
N07,3,E621
N07,3,E622
N07,3,E623
N07,3,E624
N07,3,E625
N07,3,E626
N07,3,E627
N07,3,E628
N07,3,E629
N07,3,E630
N07,3,E631
N07,3,E632
N07,3,E634
N07,3,E635
N07,3,E636
N07,3,E637
N07,3,E638
N07,3,E639
N07,3,E641
N07,3,E642
N07,3,E643
N07,3,E644
N07,3,E645
N07,3,E646
N07,3,E647
N07,3,E648
N07,3,E649
N07,3,E650
N07,3,E652
N07,3,E654
N07,3,E655
N07,3,E656
N07,3,E657
N07,3,E658
N07,3,E659
N07,3,E660
N07,3,E661
N07,3,E662
N07,3,E663
N07,3,E664
N07,3,E665
N07,3,E668
N07,3,E669
N07,3,E670
N07,3,E675
N07,3,E676
N07,3,E677
N07,3,E679
N07,3,E680
N07,3,E681
N07,3,E682
N07,3,E683
N07,3,E685
N07,3,E686
N07,3,E687
N07,3,E689
N07,3,E690
N07,3,E692
N07,3,E694
N07,3,E698
N07,3,E699
N07,3,E700
N07,3,E702
N07,3,E703
N07,3,E704
N07,3,E707
N07,3,E710
N07,3,E711
N07,3,E712
N07,3,E713
N07,3,E714
N07,3,E715
N07,3,E716
N07,3,E717
N07,3,E718
N07,3,E719
N07,3,E720
N07,3,E721
N07,3,E722
N07,3,E724
N07,3,E725
N07,3,E726
N07,3,E727
N07,3,E728
N07,3,E729
N07,3,E732
N07,3,E733
N07,3,E735
N07,3,E736
N07,3,E738
N07,3,E739
N07,3,E741
N07,3,E742
N07,3,E743
N07,3,E744
N07,3,E745
N07,3,E749
N07,3,E750
N07,3,E753
N07,3,E754
N07,3,E755
N07,3,E756
N07,3,E757
N07,3,E759
N07,3,E761
N07,3,E762
N07,3,E764
N07,3,E765
N07,3,E767
N07,3,E769
N07,3,E770
N07,3,E771
N07,3,E772
N07,3,E773
N07,3,E774
N07,3,E775
N07,3,E776
N07,3,E777
N07,3,E779
N07,3,E780
N07,3,E781
N07,3,E782
N07,3,E783
N07,3,E785
N07,3,E786
N07,3,E789
N07,3,E790
N07,3,E792
N07,3,E793
N07,3,E794
N07,3,E795
N07,3,E796
N07,3,E799
N08,0,E000
N08,0,E001
N08,0,E002
N08,0,E003
N08,0,E004
N08,0,E005
N08,0,E006
N08,0,E007
N08,0,E008
N08,0,E011
N08,0,E012
N08,0,E013
N08,0,E015
N08,0,E017
N08,0,E019
N08,0,E021
N08,0,E023
N08,0,E024
N08,0,E026
N08,0,E027
N08,0,E028
N08,0,E029
N08,0,E030
N08,0,E031
N08,0,E032
N08,0,E035
N08,0,E036
N08,0,E037
N08,0,E038
N08,0,E039
N08,0,E041
N08,0,E042
N08,0,E043
N08,0,E045
N08,0,E046
N08,0,E047
N08,0,E048
N08,0,E050
N08,0,E051
N08,0,E052
N08,0,E054
N08,0,E055
N08,0,E056
N08,0,E058
N08,0,E059
N08,0,E060
N08,0,E061
N08,0,E062
N08,0,E063
N08,0,E065
N08,0,E066
N08,0,E067
N08,0,E068
N08,0,E069
N08,0,E070
N08,0,E072
N08,0,E073
N08,0,E075
N08,0,E076
N08,0,E080
N08,0,E081
N08,0,E082
N08,0,E083
N08,0,E084
N08,0,E085
N08,0,E087
N08,0,E089
N08,0,E090
N08,0,E093
N08,0,E094
N08,0,E095
N08,0,E096
N08,0,E097
N08,0,E098
N08,0,E099
N08,0,E100
N08,0,E101
N08,0,E102
N08,0,E103
N08,0,E104
N08,0,E105
N08,0,E106
N08,0,E107
N08,0,E110
N08,0,E112
N08,0,E114
N08,0,E115
N08,0,E116
N08,0,E117
N08,0,E119
N08,0,E120
N08,0,E121
N08,0,E122
N08,0,E123
N08,0,E124
N08,0,E125
N08,0,E126
N08,0,E127
N08,0,E128
N08,0,E129
N08,0,E130
N08,0,E131
N08,0,E132
N08,0,E133
N08,0,E135
N08,0,E136
N08,0,E137
N08,0,E138
N08,0,E139
N08,0,E140
N08,0,E141
N08,0,E142
N08,0,E143
N08,0,E144
N08,0,E145
N08,0,E146
N08,0,E147
N08,0,E148
N08,0,E150
N08,0,E153
N08,0,E154
N08,0,E155
N08,0,E156
N08,0,E158
N08,0,E159
N08,0,E160
N08,0,E162
N08,0,E164
N08,0,E166
N08,0,E167
N08,0,E169
N08,0,E170
N08,0,E171
N08,0,E173
N08,0,E174
N08,0,E175
N08,0,E176
N08,0,E177
N08,0,E178
N08,0,E179
N08,0,E180
N08,0,E181
N08,0,E184
N08,0,E187
N08,0,E188
N08,0,E191
N08,0,E194
N08,0,E195
N08,0,E197
N08,0,E199
N08,1,E200
N08,1,E202
N08,1,E203
N08,1,E204
N08,1,E207
N08,1,E208
N08,1,E210
N08,1,E211
N08,1,E212
N08,1,E213
N08,1,E215
N08,1,E216
N08,1,E217
N08,1,E219
N08,1,E220
N08,1,E221
N08,1,E222
N08,1,E223
N08,1,E224
N08,1,E225
N08,1,E227
N08,1,E228
N08,1,E229
N08,1,E230
N08,1,E231
N08,1,E232
N08,1,E233
N08,1,E234
N08,1,E235
N08,1,E236
N08,1,E237
N08,1,E239
N08,1,E240
N08,1,E241
N08,1,E242
N08,1,E243
N08,1,E244
N08,1,E245
N08,1,E246
N08,1,E247
N08,1,E248
N08,1,E249
N08,1,E250
N08,1,E251
N08,1,E252
N08,1,E253
N08,1,E254
N08,1,E255
N08,1,E256
N08,1,E259
N08,1,E260
N08,1,E261
N08,1,E262
N08,1,E263
N08,1,E265
N08,1,E266
N08,1,E267
N08,1,E268
N08,1,E269
N08,1,E270
N08,1,E271
N08,1,E272
N08,1,E273
N08,1,E274
N08,1,E279
N08,1,E280
N08,1,E281
N08,1,E282
N08,1,E283
N08,1,E284
N08,1,E285
N08,1,E286
N08,1,E287
N08,1,E288
N08,1,E289
N08,1,E290
N08,1,E291
N08,1,E293
N08,1,E294
N08,1,E295
N08,1,E298
N08,1,E299
N08,1,E300
N08,1,E301
N08,1,E302
N08,1,E303
N08,1,E305
N08,1,E306
N08,1,E308
N08,1,E310
N08,1,E312
N08,1,E313
N08,1,E316
N08,1,E317
N08,1,E318
N08,1,E319
N08,1,E321
N08,1,E322
N08,1,E324
N08,1,E325
N08,1,E326
N08,1,E327
N08,1,E328
N08,1,E330
N08,1,E331
N08,1,E332
N08,1,E333
N08,1,E334
N08,1,E335
N08,1,E337
N08,1,E338
N08,1,E339
N08,1,E340
N08,1,E341
N08,1,E342
N08,1,E343
N08,1,E344
N08,1,E347
N08,1,E348
N08,1,E349
N08,1,E352
N08,1,E355
N08,1,E356
N08,1,E357
N08,1,E358
N08,1,E360
N08,1,E361
N08,1,E365
N08,1,E366
N08,1,E367
N08,1,E368
N08,1,E369
N08,1,E371
N08,1,E372
N08,1,E375
N08,1,E376
N08,1,E378
N08,1,E379
N08,1,E380
N08,1,E381
N08,1,E382
N08,1,E383
N08,1,E384
N08,1,E387
N08,1,E389
N08,1,E391
N08,1,E392
N08,1,E393
N08,1,E396
N08,1,E397
N08,2,E400
N08,2,E402
N08,2,E403
N08,2,E404
N08,2,E406
N08,2,E407
N08,2,E409
N08,2,E410
N08,2,E411
N08,2,E412
N08,2,E414
N08,2,E416
N08,2,E418
N08,2,E421
N08,2,E422
N08,2,E423
N08,2,E424
N08,2,E425
N08,2,E427
N08,2,E428
N08,2,E430
N08,2,E431
N08,2,E432
N08,2,E434
N08,2,E436
N08,2,E437
N08,2,E438
N08,2,E439
N08,2,E440
N08,2,E441
N08,2,E442
N08,2,E443
N08,2,E444
N08,2,E445
N08,2,E446
N08,2,E447
N08,2,E448
N08,2,E449
N08,2,E450
N08,2,E451
N08,2,E452
N08,2,E455
N08,2,E458
N08,2,E460
N08,2,E461
N08,2,E462
N08,2,E463
N08,2,E464
N08,2,E465
N08,2,E466
N08,2,E467
N08,2,E468
N08,2,E469
N08,2,E471
N08,2,E472
N08,2,E474
N08,2,E476
N08,2,E480
N08,2,E482
N08,2,E484
N08,2,E485
N08,2,E486
N08,2,E488
N08,2,E489
N08,2,E490
N08,2,E494
N08,2,E496
N08,2,E497
N08,2,E498
N08,2,E499
N08,2,E500
N08,2,E502
N08,2,E504
N08,2,E505
N08,2,E506
N08,2,E507
N08,2,E508
N08,2,E509
N08,2,E510
N08,2,E511
N08,2,E512
N08,2,E514
N08,2,E515
N08,2,E516
N08,2,E517
N08,2,E518
N08,2,E519
N08,2,E520
N08,2,E521
N08,2,E522
N08,2,E523
N08,2,E525
N08,2,E526
N08,2,E527
N08,2,E528
N08,2,E529
N08,2,E530
N08,2,E531
N08,2,E532
N08,2,E533
N08,2,E534
N08,2,E535
N08,2,E537
N08,2,E538
N08,2,E540
N08,2,E541
N08,2,E542
N08,2,E543
N08,2,E544
N08,2,E545
N08,2,E547
N08,2,E548
N08,2,E549
N08,2,E551
N08,2,E552
N08,2,E554
N08,2,E555
N08,2,E556
N08,2,E557
N08,2,E558
N08,2,E559
N08,2,E560
N08,2,E561
N08,2,E562
N08,2,E563
N08,2,E564
N08,2,E565
N08,2,E566
N08,2,E567
N08,2,E569
N08,2,E571
N08,2,E572
N08,2,E574
N08,2,E575
N08,2,E576
N08,2,E577
N08,2,E579
N08,2,E580
N08,2,E581
N08,2,E583
N08,2,E584
N08,2,E586
N08,2,E587
N08,2,E588
N08,2,E589
N08,2,E590
N08,2,E592
N08,2,E594
N08,2,E596
N08,2,E599
N08,3,E600
N08,3,E602
N08,3,E603
N08,3,E604
N08,3,E605
N08,3,E607
N08,3,E608
N08,3,E609
N08,3,E610
N08,3,E612
N08,3,E613
N08,3,E615
N08,3,E616
N08,3,E617
N08,3,E618
N08,3,E619
N08,3,E620
N08,3,E621
N08,3,E622
N08,3,E623
N08,3,E624
N08,3,E626
N08,3,E627
N08,3,E628
N08,3,E631
N08,3,E633
N08,3,E634
N08,3,E635
N08,3,E636
N08,3,E638
N08,3,E639
N08,3,E640
N08,3,E642
N08,3,E643
N08,3,E645
N08,3,E646
N08,3,E647
N08,3,E648
N08,3,E653
N08,3,E654
N08,3,E655
N08,3,E656
N08,3,E657
N08,3,E658
N08,3,E659
N08,3,E660
N08,3,E661
N08,3,E664
N08,3,E665
N08,3,E666
N08,3,E667
N08,3,E668
N08,3,E669
N08,3,E671
N08,3,E672
N08,3,E674
N08,3,E675
N08,3,E676
N08,3,E677
N08,3,E678
N08,3,E680
N08,3,E682
N08,3,E684
N08,3,E685
N08,3,E686
N08,3,E687
N08,3,E688
N08,3,E691
N08,3,E692
N08,3,E694
N08,3,E696
N08,3,E697
N08,3,E698
N08,3,E699
N08,3,E701
N08,3,E702
N08,3,E704
N08,3,E706
N08,3,E707
N08,3,E708
N08,3,E709
N08,3,E710
N08,3,E712
N08,3,E713
N08,3,E715
N08,3,E716
N08,3,E717
N08,3,E718
N08,3,E719
N08,3,E720
N08,3,E721
N08,3,E722
N08,3,E723
N08,3,E724
N08,3,E726
N08,3,E727
N08,3,E728
N08,3,E729
N08,3,E730
N08,3,E731
N08,3,E733
N08,3,E734
N08,3,E735
N08,3,E737
N08,3,E739
N08,3,E740
N08,3,E741
N08,3,E742
N08,3,E743
N08,3,E744
N08,3,E745
N08,3,E746
N08,3,E747
N08,3,E748
N08,3,E749
N08,3,E751
N08,3,E752
N08,3,E754
N08,3,E755
N08,3,E756
N08,3,E757
N08,3,E758
N08,3,E759
N08,3,E761
N08,3,E764
N08,3,E765
N08,3,E767
N08,3,E768
N08,3,E769
N08,3,E770
N08,3,E773
N08,3,E774
N08,3,E775
N08,3,E776
N08,3,E777
N08,3,E779
N08,3,E780
N08,3,E783
N08,3,E786
N08,3,E787
N08,3,E788
N08,3,E789
N08,3,E790
N08,3,E791
N08,3,E792
N08,3,E793
N08,3,E794
N08,3,E796
N08,3,E797
N08,3,E798
N09,0,E000
N09,0,E001
N09,0,E002
N09,0,E003
N09,0,E004
N09,0,E006
N09,0,E008
N09,0,E009
N09,0,E010
N09,0,E011
N09,0,E012
N09,0,E013
N09,0,E014
N09,0,E015
N09,0,E016
N09,0,E017
N09,0,E020
N09,0,E021
N09,0,E022
N09,0,E023
N09,0,E024
N09,0,E025
N09,0,E026
N09,0,E029
N09,0,E030
N09,0,E031
N09,0,E032
N09,0,E033
N09,0,E034
N09,0,E035
N09,0,E036
N09,0,E037
N09,0,E039
N09,0,E040
N09,0,E041
N09,0,E044
N09,0,E045
N09,0,E046
N09,0,E047
N09,0,E048
N09,0,E049
N09,0,E050
N09,0,E051
N09,0,E052
N09,0,E053
N09,0,E054
N09,0,E056
N09,0,E058
N09,0,E059
N09,0,E061
N09,0,E062
N09,0,E063
N09,0,E064
N09,0,E066
N09,0,E067
N09,0,E068
N09,0,E070
N09,0,E072
N09,0,E073
N09,0,E074
N09,0,E075
N09,0,E076
N09,0,E077
N09,0,E079
N09,0,E080
N09,0,E081
N09,0,E082
N09,0,E083
N09,0,E084
N09,0,E085
N09,0,E086
N09,0,E087
N09,0,E089
N09,0,E090
N09,0,E091
N09,0,E093
N09,0,E097
N09,0,E099
N09,0,E101
N09,0,E103
N09,0,E108
N09,0,E109
N09,0,E112
N09,0,E113
N09,0,E115
N09,0,E116
N09,0,E117
N09,0,E118
N09,0,E119
N09,0,E120
N09,0,E121
N09,0,E125
N09,0,E126
N09,0,E128
N09,0,E129
N09,0,E130
N09,0,E131
N09,0,E132
N09,0,E133
N09,0,E134
N09,0,E135
N09,0,E136
N09,0,E137
N09,0,E138
N09,0,E139
N09,0,E141
N09,0,E143
N09,0,E144
N09,0,E145
N09,0,E147
N09,0,E148
N09,0,E150
N09,0,E151
N09,0,E152
N09,0,E153
N09,0,E155
N09,0,E157
N09,0,E161
N09,0,E163
N09,0,E164
N09,0,E165
N09,0,E167
N09,0,E168
N09,0,E169
N09,0,E170
N09,0,E171
N09,0,E172
N09,0,E173
N09,0,E174
N09,0,E176
N09,0,E177
N09,0,E178
N09,0,E179
N09,0,E181
N09,0,E183
N09,0,E184
N09,0,E185
N09,0,E186
N09,0,E187
N09,0,E188
N09,0,E189
N09,0,E190
N09,0,E191
N09,0,E192
N09,0,E193
N09,0,E194
N09,0,E195
N09,0,E197
N09,0,E198
N09,0,E199
N09,1,E201
N09,1,E202
N09,1,E203
N09,1,E206
N09,1,E207
N09,1,E208
N09,1,E209
N09,1,E210
N09,1,E211
N09,1,E212
N09,1,E214
N09,1,E216
N09,1,E217
N09,1,E218
N09,1,E219
N09,1,E220
N09,1,E222
N09,1,E223
N09,1,E224
N09,1,E225
N09,1,E226
N09,1,E227
N09,1,E228
N09,1,E229
N09,1,E230
N09,1,E231
N09,1,E232
N09,1,E233
N09,1,E235
N09,1,E236
N09,1,E237
N09,1,E240
N09,1,E241
N09,1,E242
N09,1,E243
N09,1,E244
N09,1,E245
N09,1,E248
N09,1,E250
N09,1,E251
N09,1,E252
N09,1,E253
N09,1,E255
N09,1,E256
N09,1,E257
N09,1,E258
N09,1,E259
N09,1,E261
N09,1,E262
N09,1,E264
N09,1,E265
N09,1,E268
N09,1,E270
N09,1,E271
N09,1,E272
N09,1,E273
N09,1,E274
N09,1,E275
N09,1,E276
N09,1,E277
N09,1,E278
N09,1,E280
N09,1,E281
N09,1,E283
N09,1,E284
N09,1,E285
N09,1,E286
N09,1,E287
N09,1,E290
N09,1,E291
N09,1,E292
N09,1,E294
N09,1,E295
N09,1,E297
N09,1,E300
N09,1,E301
N09,1,E303
N09,1,E304
N09,1,E305
N09,1,E306
N09,1,E309
N09,1,E310
N09,1,E312
N09,1,E313
N09,1,E314
N09,1,E315
N09,1,E316
N09,1,E317
N09,1,E319
N09,1,E322
N09,1,E323
N09,1,E324
N09,1,E325
N09,1,E326
N09,1,E327
N09,1,E328
N09,1,E330
N09,1,E331
N09,1,E332
N09,1,E333
N09,1,E335
N09,1,E337
N09,1,E339
N09,1,E340
N09,1,E341
N09,1,E342
N09,1,E343
N09,1,E344
N09,1,E347
N09,1,E348
N09,1,E349
N09,1,E350
N09,1,E351
N09,1,E353
N09,1,E354
N09,1,E355
N09,1,E356
N09,1,E357
N09,1,E358
N09,1,E360
N09,1,E364
N09,1,E365
N09,1,E366
N09,1,E367
N09,1,E368
N09,1,E369
N09,1,E370
N09,1,E371
N09,1,E373
N09,1,E374
N09,1,E375
N09,1,E376
N09,1,E377
N09,1,E378
N09,1,E379
N09,1,E380
N09,1,E382
N09,1,E383
N09,1,E384
N09,1,E385
N09,1,E386
N09,1,E388
N09,1,E389
N09,1,E390
N09,1,E391
N09,1,E392
N09,1,E393
N09,1,E397
N09,1,E398
N09,1,E399
N09,2,E401
N09,2,E402
N09,2,E403
N09,2,E404
N09,2,E407
N09,2,E409
N09,2,E410
N09,2,E411
N09,2,E412
N09,2,E413
N09,2,E414
N09,2,E416
N09,2,E417
N09,2,E419
N09,2,E420
N09,2,E421
N09,2,E423
N09,2,E425
N09,2,E427
N09,2,E429
N09,2,E430
N09,2,E431
N09,2,E432
N09,2,E433
N09,2,E434
N09,2,E435
N09,2,E436
N09,2,E437
N09,2,E443
N09,2,E444
N09,2,E445
N09,2,E446
N09,2,E447
N09,2,E448
N09,2,E450
N09,2,E451
N09,2,E452
N09,2,E453
N09,2,E454
N09,2,E457
N09,2,E458
N09,2,E459
N09,2,E460
N09,2,E461
N09,2,E462
N09,2,E463
N09,2,E464
N09,2,E465
N09,2,E467
N09,2,E468
N09,2,E469
N09,2,E471
N09,2,E472
N09,2,E476
N09,2,E477
N09,2,E478
N09,2,E479
N09,2,E482
N09,2,E483
N09,2,E484
N09,2,E485
N09,2,E486
N09,2,E487
N09,2,E488
N09,2,E489
N09,2,E490
N09,2,E493
N09,2,E494
N09,2,E495
N09,2,E496
N09,2,E498
N09,2,E499
N09,2,E501
N09,2,E502
N09,2,E503
N09,2,E504
N09,2,E506
N09,2,E507
N09,2,E508
N09,2,E509
N09,2,E510
N09,2,E511
N09,2,E512
N09,2,E513
N09,2,E516
N09,2,E517
N09,2,E518
N09,2,E519
N09,2,E521
N09,2,E522
N09,2,E524
N09,2,E525
N09,2,E526
N09,2,E530
N09,2,E531
N09,2,E532
N09,2,E533
N09,2,E534
N09,2,E535
N09,2,E536
N09,2,E537
N09,2,E538
N09,2,E541
N09,2,E542
N09,2,E543
N09,2,E544
N09,2,E545
N09,2,E548
N09,2,E549
N09,2,E550
N09,2,E551
N09,2,E552
N09,2,E553
N09,2,E555
N09,2,E556
N09,2,E558
N09,2,E559
N09,2,E560
N09,2,E561
N09,2,E562
N09,2,E563
N09,2,E564
N09,2,E565
N09,2,E566
N09,2,E567
N09,2,E568
N09,2,E569
N09,2,E570
N09,2,E572
N09,2,E573
N09,2,E574
N09,2,E575
N09,2,E576
N09,2,E577
N09,2,E578
N09,2,E579
N09,2,E580
N09,2,E581
N09,2,E582
N09,2,E583
N09,2,E585
N09,2,E587
N09,2,E589
N09,2,E590
N09,2,E591
N09,2,E593
N09,2,E594
N09,2,E597
N09,2,E598
N09,2,E599
N09,3,E600
N09,3,E601
N09,3,E602
N09,3,E603
N09,3,E604
N09,3,E605
N09,3,E606
N09,3,E608
N09,3,E609
N09,3,E610
N09,3,E611
N09,3,E612
N09,3,E613
N09,3,E615
N09,3,E616
N09,3,E617
N09,3,E618
N09,3,E619
N09,3,E620
N09,3,E621
N09,3,E622
N09,3,E623
N09,3,E624
N09,3,E625
N09,3,E626
N09,3,E627
N09,3,E628
N09,3,E630
N09,3,E631
N09,3,E632
N09,3,E633
N09,3,E635
N09,3,E636
N09,3,E637
N09,3,E639
N09,3,E640
N09,3,E641
N09,3,E642
N09,3,E644
N09,3,E646
N09,3,E647
N09,3,E650
N09,3,E653
N09,3,E656
N09,3,E657
N09,3,E658
N09,3,E659
N09,3,E661
N09,3,E662
N09,3,E663
N09,3,E665
N09,3,E666
N09,3,E667
N09,3,E669
N09,3,E670
N09,3,E671
N09,3,E672
N09,3,E673
N09,3,E674
N09,3,E675
N09,3,E676
N09,3,E677
N09,3,E678
N09,3,E679
N09,3,E680
N09,3,E681
N09,3,E682
N09,3,E683
N09,3,E685
N09,3,E687
N09,3,E688
N09,3,E689
N09,3,E690
N09,3,E692
N09,3,E693
N09,3,E694
N09,3,E696
N09,3,E698
N09,3,E699
N09,3,E700
N09,3,E701
N09,3,E702
N09,3,E703
N09,3,E705
N09,3,E706
N09,3,E709
N09,3,E710
N09,3,E711
N09,3,E712
N09,3,E713
N09,3,E714
N09,3,E715
N09,3,E716
N09,3,E717
N09,3,E719
N09,3,E722
N09,3,E724
N09,3,E725
N09,3,E728
N09,3,E729
N09,3,E730
N09,3,E733
N09,3,E734
N09,3,E735
N09,3,E736
N09,3,E739
N09,3,E741
N09,3,E743
N09,3,E744
N09,3,E745
N09,3,E748
N09,3,E749
N09,3,E750
N09,3,E751
N09,3,E752
N09,3,E753
N09,3,E754
N09,3,E755
N09,3,E756
N09,3,E757
N09,3,E759
N09,3,E760
N09,3,E761
N09,3,E762
N09,3,E763
N09,3,E765
N09,3,E766
N09,3,E767
N09,3,E769
N09,3,E770
N09,3,E771
N09,3,E772
N09,3,E773
N09,3,E774
N09,3,E776
N09,3,E777
N09,3,E778
N09,3,E779
N09,3,E780
N09,3,E781
N09,3,E784
N09,3,E787
N09,3,E788
N09,3,E789
N09,3,E790
N09,3,E792
N09,3,E793
N09,3,E795
N09,3,E796
N09,3,E798
N10,0,E000
N10,0,E001
N10,0,E004
N10,0,E005
N10,0,E007
N10,0,E008
N10,0,E009
N10,0,E010
N10,0,E011
N10,0,E014
N10,0,E015
N10,0,E017
N10,0,E018
N10,0,E019
N10,0,E020
N10,0,E021
N10,0,E022
N10,0,E023
N10,0,E025
N10,0,E026
N10,0,E027
N10,0,E028
N10,0,E029
N10,0,E030
N10,0,E031
N10,0,E033
N10,0,E034
N10,0,E035
N10,0,E036
N10,0,E040
N10,0,E041
N10,0,E042
N10,0,E044
N10,0,E048
N10,0,E050
N10,0,E051
N10,0,E053
N10,0,E054
N10,0,E055
N10,0,E056
N10,0,E058
N10,0,E059
N10,0,E060
N10,0,E061
N10,0,E063
N10,0,E064
N10,0,E065
N10,0,E066
N10,0,E068
N10,0,E069
N10,0,E070
N10,0,E071
N10,0,E072
N10,0,E074
N10,0,E076
N10,0,E078
N10,0,E079
N10,0,E080
N10,0,E081
N10,0,E083
N10,0,E085
N10,0,E086
N10,0,E087
N10,0,E088
N10,0,E089
N10,0,E090
N10,0,E091
N10,0,E092
N10,0,E094
N10,0,E098
N10,0,E099
N10,0,E100
N10,0,E101
N10,0,E102
N10,0,E103
N10,0,E104
N10,0,E107
N10,0,E108
N10,0,E109
N10,0,E110
N10,0,E111
N10,0,E112
N10,0,E113
N10,0,E114
N10,0,E115
N10,0,E117
N10,0,E118
N10,0,E119
N10,0,E120
N10,0,E121
N10,0,E122
N10,0,E123
N10,0,E125
N10,0,E127
N10,0,E130
N10,0,E131
N10,0,E132
N10,0,E133
N10,0,E134
N10,0,E137
N10,0,E139
N10,0,E141
N10,0,E142
N10,0,E143
N10,0,E145
N10,0,E146
N10,0,E147
N10,0,E148
N10,0,E149
N10,0,E151
N10,0,E153
N10,0,E154
N10,0,E155
N10,0,E156
N10,0,E157
N10,0,E158
N10,0,E160
N10,0,E161
N10,0,E162
N10,0,E163
N10,0,E164
N10,0,E165
N10,0,E167
N10,0,E169
N10,0,E171
N10,0,E172
N10,0,E173
N10,0,E174
N10,0,E175
N10,0,E176
N10,0,E177
N10,0,E178
N10,0,E179
N10,0,E180
N10,0,E181
N10,0,E182
N10,0,E184
N10,0,E185
N10,0,E186
N10,0,E188
N10,0,E189
N10,0,E190
N10,0,E191
N10,0,E192
N10,0,E193
N10,0,E194
N10,0,E195
N10,0,E196
N10,0,E197
N10,0,E199
N10,1,E201
N10,1,E203
N10,1,E204
N10,1,E205
N10,1,E206
N10,1,E207
N10,1,E208
N10,1,E209
N10,1,E211
N10,1,E212
N10,1,E213
N10,1,E214
N10,1,E215
N10,1,E219
N10,1,E221
N10,1,E223
N10,1,E224
N10,1,E225
N10,1,E226
N10,1,E227
N10,1,E228
N10,1,E229
N10,1,E230
N10,1,E231
N10,1,E232
N10,1,E235
N10,1,E236
N10,1,E237
N10,1,E238
N10,1,E239
N10,1,E242
N10,1,E243
N10,1,E245
N10,1,E247
N10,1,E248
N10,1,E251
N10,1,E252
N10,1,E253
N10,1,E254
N10,1,E255
N10,1,E256
N10,1,E257
N10,1,E259
N10,1,E260
N10,1,E261
N10,1,E263
N10,1,E264
N10,1,E266
N10,1,E269
N10,1,E270
N10,1,E271
N10,1,E272
N10,1,E273
N10,1,E274
N10,1,E275
N10,1,E276
N10,1,E277
N10,1,E278
N10,1,E279
N10,1,E280
N10,1,E281
N10,1,E283
N10,1,E285
N10,1,E286
N10,1,E289
N10,1,E290
N10,1,E291
N10,1,E292
N10,1,E293
N10,1,E294
N10,1,E295
N10,1,E296
N10,1,E299
N10,1,E301
N10,1,E302
N10,1,E304
N10,1,E305
N10,1,E307
N10,1,E309
N10,1,E310
N10,1,E311
N10,1,E313
N10,1,E315
N10,1,E316
N10,1,E317
N10,1,E319
N10,1,E320
N10,1,E324
N10,1,E326
N10,1,E327
N10,1,E329
N10,1,E330
N10,1,E334
N10,1,E335
N10,1,E336
N10,1,E337
N10,1,E338
N10,1,E339
N10,1,E340
N10,1,E341
N10,1,E342
N10,1,E344
N10,1,E346
N10,1,E347
N10,1,E348
N10,1,E349
N10,1,E350
N10,1,E351
N10,1,E352
N10,1,E353
N10,1,E354
N10,1,E355
N10,1,E356
N10,1,E357
N10,1,E358
N10,1,E360
N10,1,E361
N10,1,E362
N10,1,E363
N10,1,E365
N10,1,E366
N10,1,E367
N10,1,E368
N10,1,E369
N10,1,E370
N10,1,E371
N10,1,E373
N10,1,E374
N10,1,E376
N10,1,E377
N10,1,E378
N10,1,E379
N10,1,E380
N10,1,E381
N10,1,E382
N10,1,E383
N10,1,E384
N10,1,E385
N10,1,E386
N10,1,E387
N10,1,E388
N10,1,E389
N10,1,E390
N10,1,E391
N10,1,E392
N10,1,E393
N10,1,E394
N10,1,E396
N10,1,E397
N10,1,E399
N10,2,E400
N10,2,E402
N10,2,E403
N10,2,E405
N10,2,E406
N10,2,E407
N10,2,E408
N10,2,E409
N10,2,E412
N10,2,E413
N10,2,E414
N10,2,E415
N10,2,E416
N10,2,E417
N10,2,E419
N10,2,E421
N10,2,E422
N10,2,E423
N10,2,E425
N10,2,E426
N10,2,E427
N10,2,E428
N10,2,E429
N10,2,E430
N10,2,E431
N10,2,E433
N10,2,E434
N10,2,E435
N10,2,E436
N10,2,E437
N10,2,E438
N10,2,E440
N10,2,E441
N10,2,E442
N10,2,E443
N10,2,E444
N10,2,E446
N10,2,E447
N10,2,E448
N10,2,E450
N10,2,E451
N10,2,E452
N10,2,E453
N10,2,E454
N10,2,E455
N10,2,E456
N10,2,E458
N10,2,E459
N10,2,E460
N10,2,E461
N10,2,E462
N10,2,E465
N10,2,E467
N10,2,E468
N10,2,E469
N10,2,E470
N10,2,E471
N10,2,E473
N10,2,E474
N10,2,E475
N10,2,E476
N10,2,E478
N10,2,E479
N10,2,E480
N10,2,E481
N10,2,E482
N10,2,E483
N10,2,E484
N10,2,E485
N10,2,E488
N10,2,E489
N10,2,E492
N10,2,E494
N10,2,E495
N10,2,E496
N10,2,E497
N10,2,E500
N10,2,E501
N10,2,E502
N10,2,E503
N10,2,E504
N10,2,E506
N10,2,E508
N10,2,E509
N10,2,E513
N10,2,E514
N10,2,E515
N10,2,E516
N10,2,E517
N10,2,E518
N10,2,E520
N10,2,E521
N10,2,E522
N10,2,E523
N10,2,E524
N10,2,E525
N10,2,E527
N10,2,E531
N10,2,E533
N10,2,E535
N10,2,E536
N10,2,E537
N10,2,E538
N10,2,E539
N10,2,E540
N10,2,E541
N10,2,E542
N10,2,E544
N10,2,E545
N10,2,E549
N10,2,E551
N10,2,E553
N10,2,E554
N10,2,E556
N10,2,E557
N10,2,E558
N10,2,E559
N10,2,E560
N10,2,E561
N10,2,E562
N10,2,E563
N10,2,E565
N10,2,E566
N10,2,E567
N10,2,E568
N10,2,E569
N10,2,E570
N10,2,E572
N10,2,E573
N10,2,E574
N10,2,E575
N10,2,E576
N10,2,E577
N10,2,E579
N10,2,E580
N10,2,E581
N10,2,E583
N10,2,E584
N10,2,E585
N10,2,E586
N10,2,E588
N10,2,E589
N10,2,E590
N10,2,E592
N10,2,E593
N10,2,E594
N10,2,E595
N10,2,E596
N10,2,E597
N10,2,E599
N10,3,E601
N10,3,E602
N10,3,E603
N10,3,E604
N10,3,E605
N10,3,E606
N10,3,E607
N10,3,E608
N10,3,E609
N10,3,E611
N10,3,E613
N10,3,E615
N10,3,E616
N10,3,E617
N10,3,E618
N10,3,E619
N10,3,E620
N10,3,E621
N10,3,E622
N10,3,E627
N10,3,E628
N10,3,E630
N10,3,E631
N10,3,E632
N10,3,E633
N10,3,E634
N10,3,E635
N10,3,E637
N10,3,E638
N10,3,E641
N10,3,E642
N10,3,E643
N10,3,E644
N10,3,E645
N10,3,E646
N10,3,E647
N10,3,E648
N10,3,E649
N10,3,E651
N10,3,E652
N10,3,E653
N10,3,E654
N10,3,E655
N10,3,E656
N10,3,E657
N10,3,E658
N10,3,E659
N10,3,E661
N10,3,E663
N10,3,E665
N10,3,E666
N10,3,E667
N10,3,E668
N10,3,E669
N10,3,E670
N10,3,E671
N10,3,E672
N10,3,E674
N10,3,E675
N10,3,E676
N10,3,E677
N10,3,E678
N10,3,E680
N10,3,E681
N10,3,E683
N10,3,E684
N10,3,E685
N10,3,E686
N10,3,E688
N10,3,E689
N10,3,E690
N10,3,E692
N10,3,E694
N10,3,E695
N10,3,E697
N10,3,E699
N10,3,E700
N10,3,E702
N10,3,E703
N10,3,E704
N10,3,E705
N10,3,E707
N10,3,E709
N10,3,E710
N10,3,E712
N10,3,E715
N10,3,E716
N10,3,E717
N10,3,E718
N10,3,E720
N10,3,E722
N10,3,E723
N10,3,E724
N10,3,E726
N10,3,E727
N10,3,E729
N10,3,E730
N10,3,E733
N10,3,E735
N10,3,E737
N10,3,E738
N10,3,E739
N10,3,E740
N10,3,E741
N10,3,E742
N10,3,E744
N10,3,E745
N10,3,E746
N10,3,E747
N10,3,E748
N10,3,E750
N10,3,E751
N10,3,E753
N10,3,E754
N10,3,E755
N10,3,E756
N10,3,E757
N10,3,E759
N10,3,E761
N10,3,E762
N10,3,E763
N10,3,E765
N10,3,E766
N10,3,E767
N10,3,E768
N10,3,E770
N10,3,E771
N10,3,E772
N10,3,E773
N10,3,E774
N10,3,E776
N10,3,E777
N10,3,E778
N10,3,E779
N10,3,E781
N10,3,E782
N10,3,E783
N10,3,E784
N10,3,E786
N10,3,E788
N10,3,E789
N10,3,E790
N10,3,E791
N10,3,E792
N10,3,E793
N10,3,E794
N10,3,E795
N10,3,E796
N10,3,E797
N10,3,E799
N11,0,E000
N11,0,E001
N11,0,E003
N11,0,E005
N11,0,E006
N11,0,E007
N11,0,E008
N11,0,E009
N11,0,E010
N11,0,E012
N11,0,E013
N11,0,E016
N11,0,E017
N11,0,E018
N11,0,E020
N11,0,E021
N11,0,E022
N11,0,E026
N11,0,E027
N11,0,E028
N11,0,E029
N11,0,E031
N11,0,E032
N11,0,E033
N11,0,E034
N11,0,E035
N11,0,E037
N11,0,E038
N11,0,E039
N11,0,E041
N11,0,E045
N11,0,E046
N11,0,E047
N11,0,E048
N11,0,E050
N11,0,E051
N11,0,E052
N11,0,E053
N11,0,E054
N11,0,E055
N11,0,E056
N11,0,E057
N11,0,E058
N11,0,E059
N11,0,E060
N11,0,E061
N11,0,E062
N11,0,E063
N11,0,E064
N11,0,E065
N11,0,E066
N11,0,E068
N11,0,E069
N11,0,E070
N11,0,E071
N11,0,E072
N11,0,E073
N11,0,E074
N11,0,E075
N11,0,E076
N11,0,E077
N11,0,E078
N11,0,E079
N11,0,E081
N11,0,E082
N11,0,E083
N11,0,E084
N11,0,E087
N11,0,E089
N11,0,E090
N11,0,E091
N11,0,E092
N11,0,E093
N11,0,E094
N11,0,E096
N11,0,E097
N11,0,E098
N11,0,E099
N11,0,E100
N11,0,E101
N11,0,E102
N11,0,E103
N11,0,E106
N11,0,E107
N11,0,E109
N11,0,E110
N11,0,E111
N11,0,E112
N11,0,E113
N11,0,E115
N11,0,E118
N11,0,E121
N11,0,E125
N11,0,E126
N11,0,E127
N11,0,E129
N11,0,E131
N11,0,E132
N11,0,E133
N11,0,E134
N11,0,E135
N11,0,E137
N11,0,E139
N11,0,E140
N11,0,E141
N11,0,E142
N11,0,E143
N11,0,E145
N11,0,E146
N11,0,E147
N11,0,E148
N11,0,E150
N11,0,E154
N11,0,E155
N11,0,E156
N11,0,E157
N11,0,E158
N11,0,E159
N11,0,E160
N11,0,E161
N11,0,E162
N11,0,E163
N11,0,E165
N11,0,E166
N11,0,E167
N11,0,E168
N11,0,E169
N11,0,E170
N11,0,E171
N11,0,E174
N11,0,E176
N11,0,E177
N11,0,E178
N11,0,E180
N11,0,E181
N11,0,E182
N11,0,E183
N11,0,E184
N11,0,E185
N11,0,E186
N11,0,E187
N11,0,E189
N11,0,E192
N11,0,E193
N11,0,E194
N11,0,E195
N11,0,E196
N11,0,E197
N11,0,E198
N11,0,E199
N11,1,E200
N11,1,E201
N11,1,E202
N11,1,E204
N11,1,E205
N11,1,E206
N11,1,E207
N11,1,E208
N11,1,E209
N11,1,E211
N11,1,E212
N11,1,E214
N11,1,E215
N11,1,E217
N11,1,E219
N11,1,E220
N11,1,E221
N11,1,E222
N11,1,E223
N11,1,E224
N11,1,E225
N11,1,E226
N11,1,E227
N11,1,E228
N11,1,E229
N11,1,E230
N11,1,E231
N11,1,E232
N11,1,E234
N11,1,E235
N11,1,E236
N11,1,E237
N11,1,E238
N11,1,E239
N11,1,E240
N11,1,E241
N11,1,E242
N11,1,E243
N11,1,E245
N11,1,E246
N11,1,E247
N11,1,E248
N11,1,E249
N11,1,E250
N11,1,E251
N11,1,E252
N11,1,E254
N11,1,E255
N11,1,E256
N11,1,E258
N11,1,E259
N11,1,E260
N11,1,E261
N11,1,E262
N11,1,E264
N11,1,E265
N11,1,E266
N11,1,E267
N11,1,E268
N11,1,E270
N11,1,E271
N11,1,E272
N11,1,E273
N11,1,E274
N11,1,E275
N11,1,E277
N11,1,E278
N11,1,E279
N11,1,E280
N11,1,E281
N11,1,E282
N11,1,E284
N11,1,E285
N11,1,E286
N11,1,E287
N11,1,E288
N11,1,E290
N11,1,E291
N11,1,E292
N11,1,E294
N11,1,E295
N11,1,E296
N11,1,E298
N11,1,E301
N11,1,E303
N11,1,E304
N11,1,E307
N11,1,E309
N11,1,E310
N11,1,E311
N11,1,E312
N11,1,E316
N11,1,E317
N11,1,E318
N11,1,E319
N11,1,E324
N11,1,E325
N11,1,E326
N11,1,E327
N11,1,E328
N11,1,E331
N11,1,E332
N11,1,E333
N11,1,E334
N11,1,E335
N11,1,E336
N11,1,E338
N11,1,E340
N11,1,E341
N11,1,E343
N11,1,E344
N11,1,E345
N11,1,E346
N11,1,E347
N11,1,E348
N11,1,E350
N11,1,E351
N11,1,E352
N11,1,E353
N11,1,E354
N11,1,E355
N11,1,E356
N11,1,E357
N11,1,E358
N11,1,E359
N11,1,E360
N11,1,E361
N11,1,E362
N11,1,E363
N11,1,E364
N11,1,E365
N11,1,E368
N11,1,E372
N11,1,E373
N11,1,E375
N11,1,E376
N11,1,E377
N11,1,E380
N11,1,E381
N11,1,E382
N11,1,E383
N11,1,E386
N11,1,E387
N11,1,E388
N11,1,E390
N11,1,E391
N11,1,E392
N11,1,E395
N11,1,E396
N11,1,E399
N11,2,E400
N11,2,E403
N11,2,E405
N11,2,E406
N11,2,E411
N11,2,E412
N11,2,E413
N11,2,E414
N11,2,E415
N11,2,E416
N11,2,E417
N11,2,E419
N11,2,E420
N11,2,E421
N11,2,E422
N11,2,E424
N11,2,E426
N11,2,E427
N11,2,E431
N11,2,E432
N11,2,E433
N11,2,E434
N11,2,E435
N11,2,E437
N11,2,E438
N11,2,E439
N11,2,E440
N11,2,E441
N11,2,E443
N11,2,E445
N11,2,E446
N11,2,E448
N11,2,E449
N11,2,E450
N11,2,E451
N11,2,E452
N11,2,E453
N11,2,E454
N11,2,E455
N11,2,E456
N11,2,E458
N11,2,E459
N11,2,E460
N11,2,E461
N11,2,E463
N11,2,E464
N11,2,E468
N11,2,E469
N11,2,E471
N11,2,E472
N11,2,E473
N11,2,E474
N11,2,E475
N11,2,E476
N11,2,E477
N11,2,E478
N11,2,E480
N11,2,E481
N11,2,E482
N11,2,E483
N11,2,E484
N11,2,E485
N11,2,E486
N11,2,E488
N11,2,E489
N11,2,E490
N11,2,E492
N11,2,E494
N11,2,E495
N11,2,E496
N11,2,E497
N11,2,E498
N11,2,E499
N11,2,E500
N11,2,E501
N11,2,E503
N11,2,E504
N11,2,E505
N11,2,E507
N11,2,E508
N11,2,E509
N11,2,E511
N11,2,E512
N11,2,E513
N11,2,E515
N11,2,E516
N11,2,E518
N11,2,E520
N11,2,E521
N11,2,E522
N11,2,E523
N11,2,E524
N11,2,E525
N11,2,E526
N11,2,E527
N11,2,E528
N11,2,E531
N11,2,E532
N11,2,E533
N11,2,E535
N11,2,E536
N11,2,E537
N11,2,E538
N11,2,E539
N11,2,E540
N11,2,E541
N11,2,E542
N11,2,E543
N11,2,E544
N11,2,E545
N11,2,E546
N11,2,E548
N11,2,E550
N11,2,E552
N11,2,E553
N11,2,E554
N11,2,E556
N11,2,E557
N11,2,E558
N11,2,E559
N11,2,E561
N11,2,E564
N11,2,E565
N11,2,E566
N11,2,E567
N11,2,E568
N11,2,E569
N11,2,E570
N11,2,E571
N11,2,E572
N11,2,E574
N11,2,E575
N11,2,E577
N11,2,E578
N11,2,E579
N11,2,E580
N11,2,E581
N11,2,E582
N11,2,E583
N11,2,E585
N11,2,E587
N11,2,E589
N11,2,E590
N11,2,E592
N11,2,E593
N11,2,E594
N11,2,E595
N11,2,E596
N11,2,E598
N11,2,E599
N11,3,E600
N11,3,E601
N11,3,E602
N11,3,E604
N11,3,E605
N11,3,E606
N11,3,E607
N11,3,E609
N11,3,E610
N11,3,E612
N11,3,E613
N11,3,E614
N11,3,E615
N11,3,E617
N11,3,E618
N11,3,E619
N11,3,E620
N11,3,E621
N11,3,E622
N11,3,E623
N11,3,E624
N11,3,E625
N11,3,E626
N11,3,E627
N11,3,E629
N11,3,E630
N11,3,E631
N11,3,E633
N11,3,E634
N11,3,E635
N11,3,E636
N11,3,E637
N11,3,E638
N11,3,E639
N11,3,E640
N11,3,E641
N11,3,E643
N11,3,E644
N11,3,E646
N11,3,E647
N11,3,E649
N11,3,E650
N11,3,E651
N11,3,E652
N11,3,E654
N11,3,E656
N11,3,E657
N11,3,E658
N11,3,E659
N11,3,E660
N11,3,E661
N11,3,E662
N11,3,E663
N11,3,E664
N11,3,E666
N11,3,E670
N11,3,E671
N11,3,E672
N11,3,E673
N11,3,E674
N11,3,E675
N11,3,E676
N11,3,E677
N11,3,E678
N11,3,E679
N11,3,E680
N11,3,E681
N11,3,E682
N11,3,E683
N11,3,E684
N11,3,E686
N11,3,E687
N11,3,E690
N11,3,E691
N11,3,E692
N11,3,E693
N11,3,E695
N11,3,E696
N11,3,E698
N11,3,E699
N11,3,E700
N11,3,E701
N11,3,E702
N11,3,E704
N11,3,E706
N11,3,E707
N11,3,E708
N11,3,E710
N11,3,E712
N11,3,E713
N11,3,E714
N11,3,E715
N11,3,E716
N11,3,E717
N11,3,E720
N11,3,E722
N11,3,E723
N11,3,E724
N11,3,E725
N11,3,E726
N11,3,E727
N11,3,E728
N11,3,E730
N11,3,E731
N11,3,E732
N11,3,E733
N11,3,E735
N11,3,E737
N11,3,E741
N11,3,E743
N11,3,E745
N11,3,E746
N11,3,E747
N11,3,E749
N11,3,E750
N11,3,E751
N11,3,E752
N11,3,E753
N11,3,E757
N11,3,E759
N11,3,E760
N11,3,E764
N11,3,E765
N11,3,E768
N11,3,E770
N11,3,E771
N11,3,E772
N11,3,E773
N11,3,E774
N11,3,E776
N11,3,E778
N11,3,E779
N11,3,E780
N11,3,E781
N11,3,E783
N11,3,E784
N11,3,E785
N11,3,E786
N11,3,E787
N11,3,E788
N11,3,E789
N11,3,E791
N11,3,E792
N11,3,E793
N11,3,E794
N11,3,E795
N11,3,E796
N11,3,E797
N11,3,E798
N11,3,E799
N12,0,E001
N12,0,E003
N12,0,E005
N12,0,E006
N12,0,E007
N12,0,E008
N12,0,E010
N12,0,E011
N12,0,E012
N12,0,E013
N12,0,E014
N12,0,E015
N12,0,E016
N12,0,E018
N12,0,E019
N12,0,E020
N12,0,E021
N12,0,E023
N12,0,E026
N12,0,E027
N12,0,E029
N12,0,E031
N12,0,E032
N12,0,E033
N12,0,E034
N12,0,E035
N12,0,E036
N12,0,E037
N12,0,E038
N12,0,E039
N12,0,E040
N12,0,E041
N12,0,E043
N12,0,E044
N12,0,E045
N12,0,E046
N12,0,E047
N12,0,E048
N12,0,E050
N12,0,E051
N12,0,E052
N12,0,E053
N12,0,E055
N12,0,E056
N12,0,E057
N12,0,E058
N12,0,E061
N12,0,E063
N12,0,E064
N12,0,E065
N12,0,E066
N12,0,E068
N12,0,E070
N12,0,E071
N12,0,E073
N12,0,E074
N12,0,E075
N12,0,E076
N12,0,E077
N12,0,E079
N12,0,E080
N12,0,E081
N12,0,E082
N12,0,E083
N12,0,E084
N12,0,E088
N12,0,E089
N12,0,E090
N12,0,E091
N12,0,E092
N12,0,E093
N12,0,E094
N12,0,E095
N12,0,E096
N12,0,E097
N12,0,E100
N12,0,E101
N12,0,E102
N12,0,E103
N12,0,E104
N12,0,E105
N12,0,E106
N12,0,E107
N12,0,E109
N12,0,E110
N12,0,E111
N12,0,E112
N12,0,E115
N12,0,E116
N12,0,E117
N12,0,E118
N12,0,E119
N12,0,E120
N12,0,E121
N12,0,E124
N12,0,E126
N12,0,E127
N12,0,E128
N12,0,E129
N12,0,E131
N12,0,E132
N12,0,E133
N12,0,E135
N12,0,E137
N12,0,E138
N12,0,E139
N12,0,E140
N12,0,E141
N12,0,E144
N12,0,E145
N12,0,E146
N12,0,E147
N12,0,E148
N12,0,E149
N12,0,E150
N12,0,E152
N12,0,E153
N12,0,E155
N12,0,E157
N12,0,E158
N12,0,E159
N12,0,E160
N12,0,E161
N12,0,E165
N12,0,E166
N12,0,E167
N12,0,E168
N12,0,E170
N12,0,E173
N12,0,E176
N12,0,E177
N12,0,E178
N12,0,E179
N12,0,E181
N12,0,E182
N12,0,E183
N12,0,E184
N12,0,E185
N12,0,E188
N12,0,E189
N12,0,E190
N12,0,E191
N12,0,E192
N12,0,E193
N12,0,E194
N12,0,E195
N12,0,E196
N12,0,E197
N12,0,E198
N12,0,E199
N12,1,E201
N12,1,E202
N12,1,E203
N12,1,E204
N12,1,E205
N12,1,E206
N12,1,E208
N12,1,E209
N12,1,E210
N12,1,E211
N12,1,E213
N12,1,E214
N12,1,E215
N12,1,E217
N12,1,E218
N12,1,E220
N12,1,E221
N12,1,E222
N12,1,E223
N12,1,E224
N12,1,E226
N12,1,E227
N12,1,E228
N12,1,E231
N12,1,E232
N12,1,E235
N12,1,E236
N12,1,E237
N12,1,E238
N12,1,E239
N12,1,E241
N12,1,E242
N12,1,E243
N12,1,E244
N12,1,E245
N12,1,E246
N12,1,E247
N12,1,E248
N12,1,E251
N12,1,E252
N12,1,E253
N12,1,E254
N12,1,E255
N12,1,E257
N12,1,E258
N12,1,E261
N12,1,E262
N12,1,E265
N12,1,E269
N12,1,E270
N12,1,E272
N12,1,E273
N12,1,E274
N12,1,E275
N12,1,E276
N12,1,E277
N12,1,E278
N12,1,E281
N12,1,E282
N12,1,E284
N12,1,E285
N12,1,E287
N12,1,E288
N12,1,E289
N12,1,E291
N12,1,E292
N12,1,E293
N12,1,E294
N12,1,E295
N12,1,E296
N12,1,E300
N12,1,E301
N12,1,E304
N12,1,E306
N12,1,E307
N12,1,E308
N12,1,E309
N12,1,E311
N12,1,E314
N12,1,E315
N12,1,E316
N12,1,E317
N12,1,E318
N12,1,E319
N12,1,E320
N12,1,E321
N12,1,E322
N12,1,E323
N12,1,E324
N12,1,E325
N12,1,E326
N12,1,E327
N12,1,E328
N12,1,E329
N12,1,E330
N12,1,E332
N12,1,E333
N12,1,E335
N12,1,E336
N12,1,E337
N12,1,E338
N12,1,E339
N12,1,E340
N12,1,E342
N12,1,E343
N12,1,E346
N12,1,E347
N12,1,E349
N12,1,E350
N12,1,E351
N12,1,E352
N12,1,E353
N12,1,E354
N12,1,E355
N12,1,E356
N12,1,E357
N12,1,E358
N12,1,E360
N12,1,E361
N12,1,E363
N12,1,E364
N12,1,E365
N12,1,E366
N12,1,E367
N12,1,E368
N12,1,E369
N12,1,E370
N12,1,E371
N12,1,E372
N12,1,E373
N12,1,E376
N12,1,E378
N12,1,E379
N12,1,E380
N12,1,E381
N12,1,E382
N12,1,E384
N12,1,E385
N12,1,E386
N12,1,E387
N12,1,E388
N12,1,E389
N12,1,E391
N12,1,E392
N12,1,E393
N12,1,E394
N12,1,E395
N12,1,E396
N12,1,E398
N12,1,E399
N12,2,E401
N12,2,E403
N12,2,E405
N12,2,E406
N12,2,E407
N12,2,E408
N12,2,E410
N12,2,E411
N12,2,E412
N12,2,E414
N12,2,E416
N12,2,E417
N12,2,E418
N12,2,E419
N12,2,E420
N12,2,E421
N12,2,E422
N12,2,E423
N12,2,E424
N12,2,E426
N12,2,E427
N12,2,E428
N12,2,E429
N12,2,E432
N12,2,E433
N12,2,E435
N12,2,E436
N12,2,E437
N12,2,E438
N12,2,E439
N12,2,E441
N12,2,E442
N12,2,E443
N12,2,E444
N12,2,E445
N12,2,E447
N12,2,E448
N12,2,E452
N12,2,E453
N12,2,E454
N12,2,E456
N12,2,E457
N12,2,E460
N12,2,E461
N12,2,E462
N12,2,E463
N12,2,E464
N12,2,E465
N12,2,E467
N12,2,E469
N12,2,E470
N12,2,E471
N12,2,E472
N12,2,E473
N12,2,E474
N12,2,E475
N12,2,E476
N12,2,E477
N12,2,E481
N12,2,E482
N12,2,E483
N12,2,E484
N12,2,E486
N12,2,E487
N12,2,E489
N12,2,E490
N12,2,E492
N12,2,E493
N12,2,E494
N12,2,E495
N12,2,E496
N12,2,E497
N12,2,E498
N12,2,E499
N12,2,E500
N12,2,E501
N12,2,E502
N12,2,E504
N12,2,E505
N12,2,E506
N12,2,E507
N12,2,E508
N12,2,E510
N12,2,E513
N12,2,E514
N12,2,E517
N12,2,E519
N12,2,E520
N12,2,E521
N12,2,E523
N12,2,E524
N12,2,E525
N12,2,E526
N12,2,E527
N12,2,E528
N12,2,E530
N12,2,E531
N12,2,E532
N12,2,E534
N12,2,E537
N12,2,E538
N12,2,E539
N12,2,E540
N12,2,E542
N12,2,E543
N12,2,E544
N12,2,E545
N12,2,E546
N12,2,E547
N12,2,E549
N12,2,E551
N12,2,E552
N12,2,E553
N12,2,E554
N12,2,E555
N12,2,E557
N12,2,E558
N12,2,E559
N12,2,E560
N12,2,E562
N12,2,E563
N12,2,E564
N12,2,E565
N12,2,E566
N12,2,E569
N12,2,E570
N12,2,E571
N12,2,E572
N12,2,E573
N12,2,E574
N12,2,E575
N12,2,E576
N12,2,E577
N12,2,E578
N12,2,E579
N12,2,E581
N12,2,E582
N12,2,E583
N12,2,E586
N12,2,E587
N12,2,E588
N12,2,E589
N12,2,E590
N12,2,E591
N12,2,E593
N12,2,E595
N12,2,E596
N12,2,E597
N12,2,E598
N12,2,E599
N12,3,E600
N12,3,E601
N12,3,E603
N12,3,E604
N12,3,E605
N12,3,E606
N12,3,E608
N12,3,E609
N12,3,E610
N12,3,E611
N12,3,E612
N12,3,E613
N12,3,E614
N12,3,E615
N12,3,E616
N12,3,E617
N12,3,E618
N12,3,E619
N12,3,E620
N12,3,E623
N12,3,E624
N12,3,E625
N12,3,E627
N12,3,E628
N12,3,E629
N12,3,E630
N12,3,E631
N12,3,E632
N12,3,E633
N12,3,E634
N12,3,E635
N12,3,E636
N12,3,E637
N12,3,E638
N12,3,E639
N12,3,E641
N12,3,E643
N12,3,E644
N12,3,E647
N12,3,E648
N12,3,E649
N12,3,E651
N12,3,E652
N12,3,E654
N12,3,E655
N12,3,E656
N12,3,E657
N12,3,E658
N12,3,E661
N12,3,E662
N12,3,E664
N12,3,E665
N12,3,E666
N12,3,E667
N12,3,E668
N12,3,E670
N12,3,E671
N12,3,E672
N12,3,E673
N12,3,E674
N12,3,E675
N12,3,E676
N12,3,E677
N12,3,E679
N12,3,E680
N12,3,E681
N12,3,E683
N12,3,E685
N12,3,E686
N12,3,E688
N12,3,E689
N12,3,E691
N12,3,E692
N12,3,E693
N12,3,E694
N12,3,E695
N12,3,E696
N12,3,E697
N12,3,E698
N12,3,E700
N12,3,E701
N12,3,E702
N12,3,E703
N12,3,E704
N12,3,E705
N12,3,E706
N12,3,E708
N12,3,E710
N12,3,E711
N12,3,E712
N12,3,E713
N12,3,E714
N12,3,E715
N12,3,E716
N12,3,E720
N12,3,E721
N12,3,E724
N12,3,E725
N12,3,E726
N12,3,E727
N12,3,E729
N12,3,E732
N12,3,E733
N12,3,E734
N12,3,E735
N12,3,E736
N12,3,E737
N12,3,E741
N12,3,E742
N12,3,E743
N12,3,E745
N12,3,E746
N12,3,E747
N12,3,E748
N12,3,E749
N12,3,E751
N12,3,E752
N12,3,E754
N12,3,E755
N12,3,E756
N12,3,E757
N12,3,E758
N12,3,E759
N12,3,E760
N12,3,E761
N12,3,E762
N12,3,E763
N12,3,E767
N12,3,E769
N12,3,E770
N12,3,E772
N12,3,E773
N12,3,E775
N12,3,E776
N12,3,E777
N12,3,E778
N12,3,E779
N12,3,E783
N12,3,E784
N12,3,E785
N12,3,E786
N12,3,E788
N12,3,E790
N12,3,E792
N12,3,E793
N12,3,E794
N12,3,E795
N12,3,E796
N12,3,E797
N12,3,E799
N13,0,E001
N13,0,E002
N13,0,E003
N13,0,E005
N13,0,E007
N13,0,E008
N13,0,E010
N13,0,E011
N13,0,E013
N13,0,E014
N13,0,E015
N13,0,E016
N13,0,E019
N13,0,E020
N13,0,E021
N13,0,E022
N13,0,E023
N13,0,E024
N13,0,E025
N13,0,E027
N13,0,E029
N13,0,E031
N13,0,E032
N13,0,E033
N13,0,E034
N13,0,E035
N13,0,E036
N13,0,E037
N13,0,E038
N13,0,E039
N13,0,E040
N13,0,E041
N13,0,E043
N13,0,E044
N13,0,E045
N13,0,E046
N13,0,E047
N13,0,E048
N13,0,E049
N13,0,E050
N13,0,E051
N13,0,E052
N13,0,E053
N13,0,E054
N13,0,E055
N13,0,E059
N13,0,E061
N13,0,E062
N13,0,E063
N13,0,E065
N13,0,E068
N13,0,E069
N13,0,E070
N13,0,E071
N13,0,E072
N13,0,E073
N13,0,E074
N13,0,E075
N13,0,E076
N13,0,E078
N13,0,E079
N13,0,E080
N13,0,E081
N13,0,E083
N13,0,E084
N13,0,E085
N13,0,E086
N13,0,E087
N13,0,E088
N13,0,E091
N13,0,E092
N13,0,E094
N13,0,E095
N13,0,E096
N13,0,E097
N13,0,E098
N13,0,E099
N13,0,E100
N13,0,E102
N13,0,E103
N13,0,E104
N13,0,E105
N13,0,E106
N13,0,E107
N13,0,E109
N13,0,E112
N13,0,E114
N13,0,E115
N13,0,E116
N13,0,E117
N13,0,E118
N13,0,E119
N13,0,E120
N13,0,E121
N13,0,E122
N13,0,E125
N13,0,E127
N13,0,E128
N13,0,E129
N13,0,E131
N13,0,E132
N13,0,E133
N13,0,E134
N13,0,E135
N13,0,E136
N13,0,E137
N13,0,E138
N13,0,E139
N13,0,E141
N13,0,E142
N13,0,E143
N13,0,E146
N13,0,E147
N13,0,E149
N13,0,E150
N13,0,E151
N13,0,E153
N13,0,E154
N13,0,E155
N13,0,E157
N13,0,E159
N13,0,E161
N13,0,E162
N13,0,E163
N13,0,E164
N13,0,E165
N13,0,E167
N13,0,E171
N13,0,E173
N13,0,E174
N13,0,E175
N13,0,E176
N13,0,E179
N13,0,E180
N13,0,E181
N13,0,E183
N13,0,E184
N13,0,E185
N13,0,E186
N13,0,E187
N13,0,E188
N13,0,E190
N13,0,E191
N13,0,E192
N13,0,E193
N13,0,E194
N13,0,E195
N13,0,E196
N13,0,E197
N13,0,E198
N13,1,E201
N13,1,E202
N13,1,E203
N13,1,E204
N13,1,E205
N13,1,E206
N13,1,E207
N13,1,E208
N13,1,E209
N13,1,E212
N13,1,E214
N13,1,E215
N13,1,E217
N13,1,E218
N13,1,E219
N13,1,E220
N13,1,E222
N13,1,E223
N13,1,E224
N13,1,E225
N13,1,E226
N13,1,E227
N13,1,E228
N13,1,E230
N13,1,E231
N13,1,E233
N13,1,E237
N13,1,E239
N13,1,E240
N13,1,E241
N13,1,E242
N13,1,E243
N13,1,E245
N13,1,E246
N13,1,E247
N13,1,E248
N13,1,E251
N13,1,E252
N13,1,E253
N13,1,E254
N13,1,E255
N13,1,E256
N13,1,E258
N13,1,E259
N13,1,E260
N13,1,E261
N13,1,E262
N13,1,E265
N13,1,E266
N13,1,E268
N13,1,E271
N13,1,E272
N13,1,E274
N13,1,E275
N13,1,E276
N13,1,E277
N13,1,E278
N13,1,E280
N13,1,E281
N13,1,E282
N13,1,E283
N13,1,E284
N13,1,E285
N13,1,E288
N13,1,E289
N13,1,E290
N13,1,E291
N13,1,E292
N13,1,E293
N13,1,E294
N13,1,E295
N13,1,E296
N13,1,E297
N13,1,E298
N13,1,E300
N13,1,E301
N13,1,E302
N13,1,E304
N13,1,E305
N13,1,E306
N13,1,E307
N13,1,E308
N13,1,E309
N13,1,E310
N13,1,E311
N13,1,E312
N13,1,E313
N13,1,E314
N13,1,E316
N13,1,E317
N13,1,E318
N13,1,E319
N13,1,E323
N13,1,E324
N13,1,E325
N13,1,E327
N13,1,E328
N13,1,E329
N13,1,E330
N13,1,E332
N13,1,E333
N13,1,E334
N13,1,E337
N13,1,E338
N13,1,E339
N13,1,E341
N13,1,E342
N13,1,E343
N13,1,E344
N13,1,E345
N13,1,E346
N13,1,E347
N13,1,E348
N13,1,E350
N13,1,E351
N13,1,E352
N13,1,E355
N13,1,E356
N13,1,E357
N13,1,E358
N13,1,E359
N13,1,E360
N13,1,E361
N13,1,E363
N13,1,E364
N13,1,E368
N13,1,E369
N13,1,E370
N13,1,E372
N13,1,E373
N13,1,E374
N13,1,E376
N13,1,E377
N13,1,E378
N13,1,E380
N13,1,E381
N13,1,E382
N13,1,E384
N13,1,E385
N13,1,E386
N13,1,E387
N13,1,E388
N13,1,E389
N13,1,E391
N13,1,E392
N13,1,E393
N13,1,E395
N13,1,E397
N13,1,E398
N13,1,E399
N13,2,E400
N13,2,E402
N13,2,E403
N13,2,E405
N13,2,E406
N13,2,E407
N13,2,E409
N13,2,E411
N13,2,E413
N13,2,E414
N13,2,E415
N13,2,E416
N13,2,E417
N13,2,E418
N13,2,E419
N13,2,E420
N13,2,E421
N13,2,E422
N13,2,E423
N13,2,E424
N13,2,E425
N13,2,E426
N13,2,E427
N13,2,E428
N13,2,E429
N13,2,E430
N13,2,E431
N13,2,E432
N13,2,E433
N13,2,E434
N13,2,E435
N13,2,E436
N13,2,E439
N13,2,E440
N13,2,E442
N13,2,E443
N13,2,E444
N13,2,E446
N13,2,E447
N13,2,E448
N13,2,E449
N13,2,E451
N13,2,E453
N13,2,E454
N13,2,E455
N13,2,E456
N13,2,E457
N13,2,E458
N13,2,E461
N13,2,E462
N13,2,E463
N13,2,E465
N13,2,E466
N13,2,E467
N13,2,E469
N13,2,E470
N13,2,E472
N13,2,E473
N13,2,E474
N13,2,E475
N13,2,E477
N13,2,E478
N13,2,E480
N13,2,E481
N13,2,E482
N13,2,E483
N13,2,E484
N13,2,E485
N13,2,E486
N13,2,E487
N13,2,E488
N13,2,E490
N13,2,E492
N13,2,E493
N13,2,E494
N13,2,E495
N13,2,E496
N13,2,E497
N13,2,E498
N13,2,E499
N13,2,E500
N13,2,E501
N13,2,E502
N13,2,E503
N13,2,E505
N13,2,E506
N13,2,E509
N13,2,E510
N13,2,E512
N13,2,E513
N13,2,E514
N13,2,E516
N13,2,E519
N13,2,E520
N13,2,E524
N13,2,E525
N13,2,E526
N13,2,E527
N13,2,E528
N13,2,E529
N13,2,E531
N13,2,E532
N13,2,E534
N13,2,E535
N13,2,E536
N13,2,E537
N13,2,E539
N13,2,E541
N13,2,E543
N13,2,E544
N13,2,E545
N13,2,E546
N13,2,E547
N13,2,E549
N13,2,E551
N13,2,E552
N13,2,E553
N13,2,E554
N13,2,E555
N13,2,E556
N13,2,E558
N13,2,E560
N13,2,E561
N13,2,E562
N13,2,E563
N13,2,E564
N13,2,E568
N13,2,E571
N13,2,E572
N13,2,E573
N13,2,E576
N13,2,E577
N13,2,E578
N13,2,E581
N13,2,E582
N13,2,E583
N13,2,E584
N13,2,E585
N13,2,E586
N13,2,E588
N13,2,E589
N13,2,E590
N13,2,E591
N13,2,E593
N13,2,E594
N13,2,E595
N13,2,E596
N13,2,E597
N13,2,E598
N13,2,E599
N13,3,E600
N13,3,E601
N13,3,E603
N13,3,E604
N13,3,E606
N13,3,E608
N13,3,E610
N13,3,E611
N13,3,E612
N13,3,E613
N13,3,E614
N13,3,E618
N13,3,E620
N13,3,E621
N13,3,E622
N13,3,E623
N13,3,E624
N13,3,E625
N13,3,E626
N13,3,E627
N13,3,E628
N13,3,E630
N13,3,E631
N13,3,E633
N13,3,E634
N13,3,E638
N13,3,E639
N13,3,E640
N13,3,E641
N13,3,E642
N13,3,E643
N13,3,E644
N13,3,E645
N13,3,E646
N13,3,E647
N13,3,E648
N13,3,E649
N13,3,E650
N13,3,E652
N13,3,E653
N13,3,E654
N13,3,E656
N13,3,E657
N13,3,E658
N13,3,E660
N13,3,E661
N13,3,E662
N13,3,E663
N13,3,E664
N13,3,E665
N13,3,E666
N13,3,E667
N13,3,E668
N13,3,E669
N13,3,E670
N13,3,E671
N13,3,E672
N13,3,E673
N13,3,E675
N13,3,E679
N13,3,E680
N13,3,E681
N13,3,E682
N13,3,E683
N13,3,E684
N13,3,E685
N13,3,E687
N13,3,E688
N13,3,E689
N13,3,E690
N13,3,E691
N13,3,E692
N13,3,E693
N13,3,E695
N13,3,E697
N13,3,E699
N13,3,E701
N13,3,E702
N13,3,E703
N13,3,E704
N13,3,E706
N13,3,E707
N13,3,E708
N13,3,E710
N13,3,E712
N13,3,E713
N13,3,E715
N13,3,E716
N13,3,E717
N13,3,E718
N13,3,E719
N13,3,E720
N13,3,E722
N13,3,E723
N13,3,E724
N13,3,E726
N13,3,E727
N13,3,E729
N13,3,E730
N13,3,E731
N13,3,E732
N13,3,E733
N13,3,E734
N13,3,E735
N13,3,E736
N13,3,E737
N13,3,E739
N13,3,E740
N13,3,E741
N13,3,E742
N13,3,E743
N13,3,E745
N13,3,E746
N13,3,E747
N13,3,E748
N13,3,E749
N13,3,E750
N13,3,E751
N13,3,E753
N13,3,E754
N13,3,E755
N13,3,E756
N13,3,E757
N13,3,E759
N13,3,E760
N13,3,E761
N13,3,E762
N13,3,E763
N13,3,E765
N13,3,E767
N13,3,E772
N13,3,E773
N13,3,E775
N13,3,E777
N13,3,E779
N13,3,E780
N13,3,E781
N13,3,E782
N13,3,E783
N13,3,E784
N13,3,E785
N13,3,E789
N13,3,E790
N13,3,E791
N13,3,E792
N13,3,E793
N13,3,E794
N13,3,E796
N13,3,E797
N13,3,E799
N14,0,E000
N14,0,E001
N14,0,E005
N14,0,E006
N14,0,E007
N14,0,E008
N14,0,E009
N14,0,E010
N14,0,E013
N14,0,E014
N14,0,E015
N14,0,E017
N14,0,E018
N14,0,E019
N14,0,E021
N14,0,E022
N14,0,E023
N14,0,E024
N14,0,E026
N14,0,E027
N14,0,E029
N14,0,E030
N14,0,E031
N14,0,E032
N14,0,E034
N14,0,E035
N14,0,E036
N14,0,E037
N14,0,E038
N14,0,E039
N14,0,E041
N14,0,E042
N14,0,E043
N14,0,E044
N14,0,E045
N14,0,E047
N14,0,E048
N14,0,E049
N14,0,E051
N14,0,E052
N14,0,E053
N14,0,E054
N14,0,E055
N14,0,E057
N14,0,E058
N14,0,E061
N14,0,E062
N14,0,E063
N14,0,E064
N14,0,E065
N14,0,E066
N14,0,E067
N14,0,E068
N14,0,E070
N14,0,E073
N14,0,E074
N14,0,E076
N14,0,E077
N14,0,E078
N14,0,E079
N14,0,E081
N14,0,E082
N14,0,E084
N14,0,E085
N14,0,E088
N14,0,E089
N14,0,E090
N14,0,E091
N14,0,E092
N14,0,E093
N14,0,E094
N14,0,E095
N14,0,E097
N14,0,E098
N14,0,E099
N14,0,E101
N14,0,E102
N14,0,E103
N14,0,E104
N14,0,E106
N14,0,E107
N14,0,E108
N14,0,E109
N14,0,E110
N14,0,E112
N14,0,E114
N14,0,E116
N14,0,E117
N14,0,E119
N14,0,E120
N14,0,E123
N14,0,E124
N14,0,E125
N14,0,E126
N14,0,E127
N14,0,E130
N14,0,E131
N14,0,E132
N14,0,E133
N14,0,E134
N14,0,E135
N14,0,E136
N14,0,E137
N14,0,E138
N14,0,E139
N14,0,E140
N14,0,E142
N14,0,E144
N14,0,E145
N14,0,E146
N14,0,E147
N14,0,E149
N14,0,E150
N14,0,E151
N14,0,E152
N14,0,E153
N14,0,E154
N14,0,E155
N14,0,E156
N14,0,E157
N14,0,E159
N14,0,E160
N14,0,E161
N14,0,E162
N14,0,E164
N14,0,E166
N14,0,E167
N14,0,E169
N14,0,E170
N14,0,E171
N14,0,E172
N14,0,E173
N14,0,E174
N14,0,E175
N14,0,E176
N14,0,E177
N14,0,E178
N14,0,E179
N14,0,E182
N14,0,E185
N14,0,E186
N14,0,E187
N14,0,E189
N14,0,E190
N14,0,E191
N14,0,E193
N14,0,E194
N14,0,E195
N14,0,E197
N14,0,E198
N14,1,E201
N14,1,E203
N14,1,E204
N14,1,E205
N14,1,E206
N14,1,E207
N14,1,E208
N14,1,E209
N14,1,E210
N14,1,E211
N14,1,E212
N14,1,E213
N14,1,E214
N14,1,E216
N14,1,E217
N14,1,E219
N14,1,E220
N14,1,E221
N14,1,E222
N14,1,E223
N14,1,E224
N14,1,E226
N14,1,E227
N14,1,E228
N14,1,E231
N14,1,E233
N14,1,E234
N14,1,E236
N14,1,E237
N14,1,E238
N14,1,E239
N14,1,E240
N14,1,E243
N14,1,E244
N14,1,E245
N14,1,E247
N14,1,E248
N14,1,E249
N14,1,E250
N14,1,E251
N14,1,E252
N14,1,E254
N14,1,E255
N14,1,E256
N14,1,E257
N14,1,E258
N14,1,E259
N14,1,E260
N14,1,E261
N14,1,E262
N14,1,E263
N14,1,E264
N14,1,E265
N14,1,E267
N14,1,E268
N14,1,E270
N14,1,E272
N14,1,E273
N14,1,E274
N14,1,E275
N14,1,E277
N14,1,E279
N14,1,E280
N14,1,E282
N14,1,E283
N14,1,E285
N14,1,E286
N14,1,E287
N14,1,E289
N14,1,E290
N14,1,E291
N14,1,E292
N14,1,E293
N14,1,E294
N14,1,E295
N14,1,E296
N14,1,E298
N14,1,E299
N14,1,E300
N14,1,E301
N14,1,E302
N14,1,E305
N14,1,E306
N14,1,E308
N14,1,E309
N14,1,E312
N14,1,E313
N14,1,E314
N14,1,E315
N14,1,E316
N14,1,E317
N14,1,E318
N14,1,E319
N14,1,E320
N14,1,E321
N14,1,E322
N14,1,E325
N14,1,E328
N14,1,E330
N14,1,E331
N14,1,E333
N14,1,E335
N14,1,E336
N14,1,E338
N14,1,E339
N14,1,E340
N14,1,E341
N14,1,E342
N14,1,E344
N14,1,E345
N14,1,E347
N14,1,E348
N14,1,E351
N14,1,E352
N14,1,E354
N14,1,E355
N14,1,E356
N14,1,E357
N14,1,E358
N14,1,E359
N14,1,E361
N14,1,E363
N14,1,E365
N14,1,E366
N14,1,E367
N14,1,E368
N14,1,E369
N14,1,E371
N14,1,E372
N14,1,E374
N14,1,E375
N14,1,E376
N14,1,E377
N14,1,E378
N14,1,E380
N14,1,E382
N14,1,E383
N14,1,E384
N14,1,E385
N14,1,E386
N14,1,E387
N14,1,E389
N14,1,E390
N14,1,E391
N14,1,E392
N14,1,E393
N14,1,E394
N14,1,E396
N14,1,E397
N14,1,E399
N14,2,E400
N14,2,E401
N14,2,E402
N14,2,E403
N14,2,E404
N14,2,E406
N14,2,E408
N14,2,E409
N14,2,E410
N14,2,E411
N14,2,E412
N14,2,E413
N14,2,E414
N14,2,E415
N14,2,E416
N14,2,E417
N14,2,E418
N14,2,E419
N14,2,E420
N14,2,E421
N14,2,E422
N14,2,E423
N14,2,E424
N14,2,E425
N14,2,E426
N14,2,E428
N14,2,E429
N14,2,E430
N14,2,E431
N14,2,E432
N14,2,E434
N14,2,E435
N14,2,E436
N14,2,E437
N14,2,E438
N14,2,E439
N14,2,E440
N14,2,E444
N14,2,E446
N14,2,E447
N14,2,E449
N14,2,E450
N14,2,E451
N14,2,E452
N14,2,E453
N14,2,E454
N14,2,E455
N14,2,E456
N14,2,E457
N14,2,E459
N14,2,E460
N14,2,E463
N14,2,E464
N14,2,E465
N14,2,E468
N14,2,E469
N14,2,E470
N14,2,E473
N14,2,E474
N14,2,E475
N14,2,E477
N14,2,E478
N14,2,E479
N14,2,E480
N14,2,E481
N14,2,E482
N14,2,E483
N14,2,E484
N14,2,E485
N14,2,E488
N14,2,E489
N14,2,E490
N14,2,E491
N14,2,E492
N14,2,E493
N14,2,E494
N14,2,E495
N14,2,E496
N14,2,E497
N14,2,E498
N14,2,E503
N14,2,E504
N14,2,E505
N14,2,E506
N14,2,E507
N14,2,E508
N14,2,E509
N14,2,E510
N14,2,E511
N14,2,E512
N14,2,E514
N14,2,E515
N14,2,E520
N14,2,E522
N14,2,E523
N14,2,E525
N14,2,E526
N14,2,E527
N14,2,E528
N14,2,E529
N14,2,E530
N14,2,E531
N14,2,E533
N14,2,E534
N14,2,E535
N14,2,E538
N14,2,E540
N14,2,E541
N14,2,E542
N14,2,E545
N14,2,E546
N14,2,E547
N14,2,E549
N14,2,E550
N14,2,E551
N14,2,E552
N14,2,E553
N14,2,E554
N14,2,E557
N14,2,E559
N14,2,E560
N14,2,E561
N14,2,E562
N14,2,E564
N14,2,E565
N14,2,E566
N14,2,E567
N14,2,E568
N14,2,E569
N14,2,E570
N14,2,E571
N14,2,E572
N14,2,E574
N14,2,E576
N14,2,E577
N14,2,E578
N14,2,E579
N14,2,E580
N14,2,E581
N14,2,E582
N14,2,E583
N14,2,E584
N14,2,E588
N14,2,E590
N14,2,E593
N14,2,E594
N14,2,E595
N14,2,E596
N14,2,E598
N14,2,E599
N14,3,E601
N14,3,E602
N14,3,E603
N14,3,E604
N14,3,E605
N14,3,E606
N14,3,E607
N14,3,E608
N14,3,E609
N14,3,E610
N14,3,E611
N14,3,E612
N14,3,E613
N14,3,E614
N14,3,E615
N14,3,E616
N14,3,E617
N14,3,E618
N14,3,E619
N14,3,E621
N14,3,E622
N14,3,E624
N14,3,E625
N14,3,E626
N14,3,E628
N14,3,E630
N14,3,E631
N14,3,E632
N14,3,E633
N14,3,E634
N14,3,E635
N14,3,E636
N14,3,E638
N14,3,E640
N14,3,E641
N14,3,E642
N14,3,E644
N14,3,E645
N14,3,E647
N14,3,E649
N14,3,E651
N14,3,E652
N14,3,E653
N14,3,E654
N14,3,E656
N14,3,E657
N14,3,E658
N14,3,E659
N14,3,E660
N14,3,E661
N14,3,E662
N14,3,E663
N14,3,E665
N14,3,E667
N14,3,E668
N14,3,E669
N14,3,E671
N14,3,E673
N14,3,E674
N14,3,E676
N14,3,E677
N14,3,E680
N14,3,E681
N14,3,E682
N14,3,E683
N14,3,E684
N14,3,E685
N14,3,E688
N14,3,E689
N14,3,E690
N14,3,E691
N14,3,E693
N14,3,E694
N14,3,E696
N14,3,E697
N14,3,E698
N14,3,E699
N14,3,E700
N14,3,E701
N14,3,E702
N14,3,E703
N14,3,E704
N14,3,E705
N14,3,E706
N14,3,E707
N14,3,E708
N14,3,E709
N14,3,E710
N14,3,E711
N14,3,E713
N14,3,E714
N14,3,E715
N14,3,E716
N14,3,E717
N14,3,E718
N14,3,E719
N14,3,E720
N14,3,E722
N14,3,E723
N14,3,E724
N14,3,E725
N14,3,E728
N14,3,E729
N14,3,E731
N14,3,E732
N14,3,E734
N14,3,E737
N14,3,E738
N14,3,E739
N14,3,E740
N14,3,E741
N14,3,E742
N14,3,E743
N14,3,E744
N14,3,E746
N14,3,E747
N14,3,E749
N14,3,E750
N14,3,E751
N14,3,E755
N14,3,E756
N14,3,E757
N14,3,E758
N14,3,E759
N14,3,E760
N14,3,E761
N14,3,E763
N14,3,E764
N14,3,E765
N14,3,E766
N14,3,E768
N14,3,E771
N14,3,E772
N14,3,E773
N14,3,E774
N14,3,E775
N14,3,E777
N14,3,E778
N14,3,E779
N14,3,E780
N14,3,E783
N14,3,E784
N14,3,E785
N14,3,E787
N14,3,E790
N14,3,E793
N14,3,E796
N14,3,E797
N14,3,E798
N14,3,E799
N15,0,E000
N15,0,E002
N15,0,E003
N15,0,E005
N15,0,E007
N15,0,E009
N15,0,E011
N15,0,E012
N15,0,E014
N15,0,E015
N15,0,E017
N15,0,E018
N15,0,E019
N15,0,E020
N15,0,E023
N15,0,E024
N15,0,E025
N15,0,E026
N15,0,E027
N15,0,E028
N15,0,E029
N15,0,E030
N15,0,E031
N15,0,E032
N15,0,E034
N15,0,E036
N15,0,E037
N15,0,E038
N15,0,E039
N15,0,E040
N15,0,E041
N15,0,E045
N15,0,E047
N15,0,E048
N15,0,E049
N15,0,E050
N15,0,E051
N15,0,E052
N15,0,E053
N15,0,E054
N15,0,E056
N15,0,E057
N15,0,E059
N15,0,E060
N15,0,E062
N15,0,E065
N15,0,E066
N15,0,E067
N15,0,E068
N15,0,E069
N15,0,E070
N15,0,E071
N15,0,E072
N15,0,E073
N15,0,E074
N15,0,E075
N15,0,E076
N15,0,E078
N15,0,E080
N15,0,E082
N15,0,E083
N15,0,E084
N15,0,E085
N15,0,E087
N15,0,E088
N15,0,E089
N15,0,E090
N15,0,E091
N15,0,E092
N15,0,E095
N15,0,E096
N15,0,E098
N15,0,E100
N15,0,E102
N15,0,E103
N15,0,E104
N15,0,E105
N15,0,E107
N15,0,E108
N15,0,E109
N15,0,E110
N15,0,E111
N15,0,E112
N15,0,E113
N15,0,E114
N15,0,E115
N15,0,E117
N15,0,E118
N15,0,E119
N15,0,E120
N15,0,E121
N15,0,E122
N15,0,E124
N15,0,E126
N15,0,E127
N15,0,E128
N15,0,E129
N15,0,E130
N15,0,E131
N15,0,E132
N15,0,E134
N15,0,E135
N15,0,E136
N15,0,E139
N15,0,E140
N15,0,E141
N15,0,E142
N15,0,E143
N15,0,E144
N15,0,E145
N15,0,E147
N15,0,E149
N15,0,E150
N15,0,E152
N15,0,E153
N15,0,E154
N15,0,E155
N15,0,E157
N15,0,E159
N15,0,E160
N15,0,E162
N15,0,E163
N15,0,E164
N15,0,E165
N15,0,E166
N15,0,E167
N15,0,E168
N15,0,E169
N15,0,E170
N15,0,E171
N15,0,E174
N15,0,E175
N15,0,E176
N15,0,E177
N15,0,E178
N15,0,E181
N15,0,E182
N15,0,E184
N15,0,E186
N15,0,E187
N15,0,E188
N15,0,E189
N15,0,E191
N15,0,E192
N15,0,E194
N15,0,E195
N15,0,E196
N15,0,E197
N15,0,E198
N15,0,E199
N15,1,E201
N15,1,E202
N15,1,E204
N15,1,E205
N15,1,E206
N15,1,E207
N15,1,E209
N15,1,E210
N15,1,E213
N15,1,E214
N15,1,E218
N15,1,E219
N15,1,E221
N15,1,E222
N15,1,E224
N15,1,E225
N15,1,E226
N15,1,E227
N15,1,E228
N15,1,E229
N15,1,E230
N15,1,E231
N15,1,E232
N15,1,E233
N15,1,E234
N15,1,E235
N15,1,E236
N15,1,E238
N15,1,E239
N15,1,E241
N15,1,E243
N15,1,E247
N15,1,E248
N15,1,E250
N15,1,E253
N15,1,E254
N15,1,E255
N15,1,E256
N15,1,E257
N15,1,E258
N15,1,E259
N15,1,E261
N15,1,E262
N15,1,E263
N15,1,E266
N15,1,E267
N15,1,E268
N15,1,E269
N15,1,E270
N15,1,E273
N15,1,E274
N15,1,E276
N15,1,E277
N15,1,E279
N15,1,E280
N15,1,E281
N15,1,E282
N15,1,E283
N15,1,E285
N15,1,E286
N15,1,E287
N15,1,E288
N15,1,E289
N15,1,E291
N15,1,E292
N15,1,E295
N15,1,E296
N15,1,E298
N15,1,E299
N15,1,E300
N15,1,E301
N15,1,E302
N15,1,E303
N15,1,E304
N15,1,E305
N15,1,E306
N15,1,E307
N15,1,E308
N15,1,E309
N15,1,E310
N15,1,E312
N15,1,E314
N15,1,E315
N15,1,E316
N15,1,E317
N15,1,E318
N15,1,E319
N15,1,E320
N15,1,E322
N15,1,E323
N15,1,E324
N15,1,E326
N15,1,E327
N15,1,E328
N15,1,E330
N15,1,E331
N15,1,E332
N15,1,E335
N15,1,E336
N15,1,E338
N15,1,E339
N15,1,E340
N15,1,E341
N15,1,E343
N15,1,E344
N15,1,E345
N15,1,E346
N15,1,E348
N15,1,E350
N15,1,E351
N15,1,E352
N15,1,E353
N15,1,E354
N15,1,E355
N15,1,E356
N15,1,E357
N15,1,E358
N15,1,E360
N15,1,E361
N15,1,E362
N15,1,E363
N15,1,E364
N15,1,E366
N15,1,E367
N15,1,E368
N15,1,E369
N15,1,E370
N15,1,E371
N15,1,E373
N15,1,E374
N15,1,E375
N15,1,E376
N15,1,E377
N15,1,E378
N15,1,E379
N15,1,E380
N15,1,E381
N15,1,E382
N15,1,E384
N15,1,E385
N15,1,E386
N15,1,E387
N15,1,E391
N15,1,E392
N15,1,E393
N15,1,E395
N15,1,E396
N15,1,E397
N15,1,E398
N15,1,E399
N15,2,E401
N15,2,E402
N15,2,E405
N15,2,E406
N15,2,E408
N15,2,E410
N15,2,E411
N15,2,E412
N15,2,E413
N15,2,E416
N15,2,E417
N15,2,E422
N15,2,E423
N15,2,E426
N15,2,E427
N15,2,E428
N15,2,E431
N15,2,E432
N15,2,E433
N15,2,E434
N15,2,E435
N15,2,E436
N15,2,E437
N15,2,E439
N15,2,E440
N15,2,E441
N15,2,E442
N15,2,E443
N15,2,E444
N15,2,E446
N15,2,E448
N15,2,E450
N15,2,E452
N15,2,E453
N15,2,E454
N15,2,E455
N15,2,E457
N15,2,E458
N15,2,E459
N15,2,E460
N15,2,E461
N15,2,E462
N15,2,E464
N15,2,E465
N15,2,E467
N15,2,E468
N15,2,E469
N15,2,E471
N15,2,E472
N15,2,E473
N15,2,E474
N15,2,E475
N15,2,E476
N15,2,E477
N15,2,E478
N15,2,E479
N15,2,E480
N15,2,E481
N15,2,E483
N15,2,E484
N15,2,E485
N15,2,E486
N15,2,E487
N15,2,E488
N15,2,E489
N15,2,E490
N15,2,E491
N15,2,E493
N15,2,E494
N15,2,E495
N15,2,E497
N15,2,E501
N15,2,E502
N15,2,E503
N15,2,E504
N15,2,E505
N15,2,E506
N15,2,E507
N15,2,E508
N15,2,E510
N15,2,E511
N15,2,E512
N15,2,E513
N15,2,E514
N15,2,E515
N15,2,E516
N15,2,E517
N15,2,E518
N15,2,E519
N15,2,E520
N15,2,E521
N15,2,E526
N15,2,E527
N15,2,E528
N15,2,E529
N15,2,E531
N15,2,E532
N15,2,E534
N15,2,E535
N15,2,E536
N15,2,E537
N15,2,E538
N15,2,E539
N15,2,E540
N15,2,E541
N15,2,E542
N15,2,E543
N15,2,E544
N15,2,E546
N15,2,E547
N15,2,E548
N15,2,E549
N15,2,E550
N15,2,E551
N15,2,E552
N15,2,E553
N15,2,E554
N15,2,E556
N15,2,E557
N15,2,E558
N15,2,E559
N15,2,E560
N15,2,E561
N15,2,E562
N15,2,E563
N15,2,E564
N15,2,E565
N15,2,E566
N15,2,E567
N15,2,E569
N15,2,E570
N15,2,E571
N15,2,E572
N15,2,E575
N15,2,E576
N15,2,E578
N15,2,E580
N15,2,E581
N15,2,E583
N15,2,E586
N15,2,E587
N15,2,E588
N15,2,E589
N15,2,E590
N15,2,E591
N15,2,E592
N15,2,E595
N15,2,E597
N15,2,E598
N15,2,E599
N15,3,E600
N15,3,E601
N15,3,E602
N15,3,E603
N15,3,E605
N15,3,E606
N15,3,E608
N15,3,E610
N15,3,E611
N15,3,E612
N15,3,E614
N15,3,E616
N15,3,E618
N15,3,E619
N15,3,E620
N15,3,E621
N15,3,E622
N15,3,E623
N15,3,E624
N15,3,E625
N15,3,E626
N15,3,E628
N15,3,E629
N15,3,E630
N15,3,E632
N15,3,E633
N15,3,E634
N15,3,E635
N15,3,E636
N15,3,E637
N15,3,E638
N15,3,E639
N15,3,E641
N15,3,E643
N15,3,E645
N15,3,E646
N15,3,E648
N15,3,E649
N15,3,E650
N15,3,E651
N15,3,E652
N15,3,E653
N15,3,E654
N15,3,E655
N15,3,E658
N15,3,E659
N15,3,E660
N15,3,E662
N15,3,E666
N15,3,E667
N15,3,E668
N15,3,E669
N15,3,E670
N15,3,E671
N15,3,E672
N15,3,E673
N15,3,E674
N15,3,E675
N15,3,E676
N15,3,E677
N15,3,E678
N15,3,E679
N15,3,E680
N15,3,E681
N15,3,E682
N15,3,E683
N15,3,E684
N15,3,E685
N15,3,E688
N15,3,E689
N15,3,E690
N15,3,E692
N15,3,E694
N15,3,E695
N15,3,E696
N15,3,E697
N15,3,E698
N15,3,E699
N15,3,E700
N15,3,E701
N15,3,E702
N15,3,E705
N15,3,E708
N15,3,E709
N15,3,E710
N15,3,E711
N15,3,E712
N15,3,E714
N15,3,E715
N15,3,E716
N15,3,E717
N15,3,E718
N15,3,E719
N15,3,E720
N15,3,E721
N15,3,E722
N15,3,E723
N15,3,E726
N15,3,E728
N15,3,E731
N15,3,E733
N15,3,E734
N15,3,E735
N15,3,E736
N15,3,E737
N15,3,E738
N15,3,E740
N15,3,E741
N15,3,E742
N15,3,E744
N15,3,E745
N15,3,E746
N15,3,E748
N15,3,E749
N15,3,E750
N15,3,E751
N15,3,E752
N15,3,E753
N15,3,E754
N15,3,E755
N15,3,E756
N15,3,E758
N15,3,E759
N15,3,E760
N15,3,E762
N15,3,E763
N15,3,E764
N15,3,E765
N15,3,E768
N15,3,E770
N15,3,E771
N15,3,E772
N15,3,E773
N15,3,E775
N15,3,E776
N15,3,E778
N15,3,E780
N15,3,E782
N15,3,E784
N15,3,E785
N15,3,E786
N15,3,E787
N15,3,E788
N15,3,E789
N15,3,E790
N15,3,E792
N15,3,E793
N15,3,E796
N15,3,E798
N15,3,E799
N16,0,E000
N16,0,E001
N16,0,E003
N16,0,E004
N16,0,E005
N16,0,E006
N16,0,E007
N16,0,E008
N16,0,E011
N16,0,E012
N16,0,E013
N16,0,E014
N16,0,E015
N16,0,E017
N16,0,E018
N16,0,E019
N16,0,E021
N16,0,E022
N16,0,E024
N16,0,E025
N16,0,E026
N16,0,E027
N16,0,E030
N16,0,E031
N16,0,E032
N16,0,E033
N16,0,E034
N16,0,E035
N16,0,E038
N16,0,E039
N16,0,E041
N16,0,E044
N16,0,E045
N16,0,E046
N16,0,E047
N16,0,E050
N16,0,E053
N16,0,E054
N16,0,E055
N16,0,E056
N16,0,E058
N16,0,E059
N16,0,E060
N16,0,E061
N16,0,E062
N16,0,E064
N16,0,E065
N16,0,E066
N16,0,E068
N16,0,E069
N16,0,E070
N16,0,E071
N16,0,E073
N16,0,E074
N16,0,E075
N16,0,E076
N16,0,E077
N16,0,E078
N16,0,E079
N16,0,E080
N16,0,E082
N16,0,E083
N16,0,E084
N16,0,E085
N16,0,E086
N16,0,E087
N16,0,E088
N16,0,E089
N16,0,E090
N16,0,E092
N16,0,E094
N16,0,E095
N16,0,E096
N16,0,E097
N16,0,E098
N16,0,E099
N16,0,E100
N16,0,E101
N16,0,E103
N16,0,E104
N16,0,E105
N16,0,E106
N16,0,E107
N16,0,E108
N16,0,E109
N16,0,E110
N16,0,E111
N16,0,E113
N16,0,E114
N16,0,E115
N16,0,E116
N16,0,E118
N16,0,E119
N16,0,E121
N16,0,E122
N16,0,E123
N16,0,E124
N16,0,E125
N16,0,E128
N16,0,E130
N16,0,E131
N16,0,E132
N16,0,E134
N16,0,E135
N16,0,E136
N16,0,E137
N16,0,E138
N16,0,E139
N16,0,E140
N16,0,E142
N16,0,E143
N16,0,E144
N16,0,E147
N16,0,E148
N16,0,E149
N16,0,E151
N16,0,E152
N16,0,E153
N16,0,E155
N16,0,E157
N16,0,E158
N16,0,E160
N16,0,E161
N16,0,E164
N16,0,E165
N16,0,E166
N16,0,E167
N16,0,E169
N16,0,E170
N16,0,E171
N16,0,E172
N16,0,E173
N16,0,E174
N16,0,E176
N16,0,E177
N16,0,E178
N16,0,E180
N16,0,E182
N16,0,E184
N16,0,E185
N16,0,E188
N16,0,E189
N16,0,E191
N16,0,E192
N16,0,E193
N16,0,E194
N16,0,E195
N16,0,E196
N16,0,E198
N16,0,E199
N16,1,E200
N16,1,E201
N16,1,E203
N16,1,E204
N16,1,E205
N16,1,E206
N16,1,E207
N16,1,E208
N16,1,E209
N16,1,E210
N16,1,E211
N16,1,E213
N16,1,E214
N16,1,E217
N16,1,E219
N16,1,E220
N16,1,E221
N16,1,E222
N16,1,E223
N16,1,E224
N16,1,E225
N16,1,E226
N16,1,E227
N16,1,E229
N16,1,E232
N16,1,E233
N16,1,E236
N16,1,E237
N16,1,E238
N16,1,E239
N16,1,E240
N16,1,E242
N16,1,E243
N16,1,E244
N16,1,E245
N16,1,E248
N16,1,E249
N16,1,E250
N16,1,E251
N16,1,E252
N16,1,E253
N16,1,E254
N16,1,E256
N16,1,E258
N16,1,E260
N16,1,E261
N16,1,E262
N16,1,E263
N16,1,E264
N16,1,E265
N16,1,E266
N16,1,E267
N16,1,E268
N16,1,E269
N16,1,E271
N16,1,E272
N16,1,E273
N16,1,E275
N16,1,E276
N16,1,E277
N16,1,E279
N16,1,E280
N16,1,E283
N16,1,E285
N16,1,E286
N16,1,E287
N16,1,E288
N16,1,E289
N16,1,E290
N16,1,E291
N16,1,E292
N16,1,E293
N16,1,E294
N16,1,E295
N16,1,E296
N16,1,E297
N16,1,E299
N16,1,E300
N16,1,E301
N16,1,E302
N16,1,E303
N16,1,E308
N16,1,E309
N16,1,E310
N16,1,E311
N16,1,E313
N16,1,E314
N16,1,E317
N16,1,E319
N16,1,E320
N16,1,E321
N16,1,E322
N16,1,E323
N16,1,E324
N16,1,E325
N16,1,E326
N16,1,E327
N16,1,E328
N16,1,E329
N16,1,E330
N16,1,E331
N16,1,E332
N16,1,E333
N16,1,E334
N16,1,E337
N16,1,E338
N16,1,E339
N16,1,E341
N16,1,E344
N16,1,E346
N16,1,E348
N16,1,E349
N16,1,E350
N16,1,E351
N16,1,E352
N16,1,E353
N16,1,E355
N16,1,E356
N16,1,E357
N16,1,E359
N16,1,E361
N16,1,E362
N16,1,E363
N16,1,E365
N16,1,E366
N16,1,E367
N16,1,E368
N16,1,E372
N16,1,E373
N16,1,E374
N16,1,E375
N16,1,E376
N16,1,E377
N16,1,E379
N16,1,E380
N16,1,E381
N16,1,E382
N16,1,E383
N16,1,E384
N16,1,E385
N16,1,E386
N16,1,E387
N16,1,E390
N16,1,E391
N16,1,E392
N16,1,E393
N16,1,E396
N16,1,E397
N16,1,E398
N16,1,E399
N16,2,E400
N16,2,E401
N16,2,E402
N16,2,E403
N16,2,E404
N16,2,E405
N16,2,E406
N16,2,E407
N16,2,E408
N16,2,E409
N16,2,E410
N16,2,E411
N16,2,E413
N16,2,E414
N16,2,E416
N16,2,E417
N16,2,E419
N16,2,E420
N16,2,E421
N16,2,E422
N16,2,E423
N16,2,E424
N16,2,E426
N16,2,E429
N16,2,E430
N16,2,E431
N16,2,E432
N16,2,E433
N16,2,E434
N16,2,E435
N16,2,E436
N16,2,E437
N16,2,E438
N16,2,E439
N16,2,E441
N16,2,E442
N16,2,E443
N16,2,E444
N16,2,E445
N16,2,E447
N16,2,E448
N16,2,E449
N16,2,E450
N16,2,E452
N16,2,E453
N16,2,E455
N16,2,E456
N16,2,E457
N16,2,E458
N16,2,E459
N16,2,E460
N16,2,E462
N16,2,E463
N16,2,E464
N16,2,E465
N16,2,E466
N16,2,E470
N16,2,E471
N16,2,E472
N16,2,E473
N16,2,E474
N16,2,E475
N16,2,E476
N16,2,E478
N16,2,E479
N16,2,E480
N16,2,E481
N16,2,E482
N16,2,E485
N16,2,E488
N16,2,E490
N16,2,E491
N16,2,E492
N16,2,E493
N16,2,E494
N16,2,E495
N16,2,E497
N16,2,E498
N16,2,E499
N16,2,E501
N16,2,E502
N16,2,E503
N16,2,E504
N16,2,E505
N16,2,E506
N16,2,E509
N16,2,E510
N16,2,E511
N16,2,E512
N16,2,E513
N16,2,E514
N16,2,E515
N16,2,E516
N16,2,E517
N16,2,E518
N16,2,E519
N16,2,E520
N16,2,E521
N16,2,E522
N16,2,E524
N16,2,E525
N16,2,E527
N16,2,E529
N16,2,E530
N16,2,E531
N16,2,E535
N16,2,E536
N16,2,E537
N16,2,E539
N16,2,E542
N16,2,E543
N16,2,E544
N16,2,E547
N16,2,E549
N16,2,E550
N16,2,E552
N16,2,E553
N16,2,E555
N16,2,E556
N16,2,E557
N16,2,E558
N16,2,E559
N16,2,E560
N16,2,E561
N16,2,E563
N16,2,E565
N16,2,E566
N16,2,E567
N16,2,E568
N16,2,E569
N16,2,E570
N16,2,E572
N16,2,E574
N16,2,E576
N16,2,E577
N16,2,E578
N16,2,E579
N16,2,E581
N16,2,E584
N16,2,E585
N16,2,E586
N16,2,E587
N16,2,E588
N16,2,E589
N16,2,E590
N16,2,E593
N16,2,E594
N16,2,E595
N16,2,E596
N16,2,E599
N16,3,E601
N16,3,E602
N16,3,E605
N16,3,E606
N16,3,E609
N16,3,E610
N16,3,E612
N16,3,E613
N16,3,E614
N16,3,E615
N16,3,E616
N16,3,E618
N16,3,E619
N16,3,E621
N16,3,E622
N16,3,E623
N16,3,E624
N16,3,E625
N16,3,E626
N16,3,E627
N16,3,E629
N16,3,E630
N16,3,E631
N16,3,E632
N16,3,E635
N16,3,E636
N16,3,E637
N16,3,E638
N16,3,E639
N16,3,E641
N16,3,E643
N16,3,E644
N16,3,E645
N16,3,E646
N16,3,E647
N16,3,E649
N16,3,E650
N16,3,E651
N16,3,E652
N16,3,E654
N16,3,E655
N16,3,E657
N16,3,E658
N16,3,E659
N16,3,E661
N16,3,E662
N16,3,E663
N16,3,E664
N16,3,E666
N16,3,E667
N16,3,E668
N16,3,E669
N16,3,E670
N16,3,E674
N16,3,E675
N16,3,E676
N16,3,E677
N16,3,E678
N16,3,E679
N16,3,E680
N16,3,E682
N16,3,E683
N16,3,E684
N16,3,E685
N16,3,E686
N16,3,E687
N16,3,E688
N16,3,E689
N16,3,E691
N16,3,E693
N16,3,E694
N16,3,E695
N16,3,E697
N16,3,E700
N16,3,E701
N16,3,E702
N16,3,E703
N16,3,E704
N16,3,E705
N16,3,E706
N16,3,E708
N16,3,E709
N16,3,E712
N16,3,E713
N16,3,E714
N16,3,E715
N16,3,E716
N16,3,E717
N16,3,E718
N16,3,E720
N16,3,E721
N16,3,E723
N16,3,E724
N16,3,E725
N16,3,E727
N16,3,E728
N16,3,E729
N16,3,E730
N16,3,E731
N16,3,E732
N16,3,E733
N16,3,E734
N16,3,E736
N16,3,E737
N16,3,E740
N16,3,E743
N16,3,E744
N16,3,E745
N16,3,E746
N16,3,E747
N16,3,E748
N16,3,E749
N16,3,E750
N16,3,E751
N16,3,E752
N16,3,E754
N16,3,E756
N16,3,E758
N16,3,E759
N16,3,E760
N16,3,E761
N16,3,E762
N16,3,E763
N16,3,E765
N16,3,E766
N16,3,E767
N16,3,E768
N16,3,E769
N16,3,E770
N16,3,E773
N16,3,E774
N16,3,E775
N16,3,E776
N16,3,E777
N16,3,E778
N16,3,E779
N16,3,E780
N16,3,E781
N16,3,E782
N16,3,E783
N16,3,E784
N16,3,E785
N16,3,E788
N16,3,E789
N16,3,E790
N16,3,E791
N16,3,E793
N16,3,E794
N16,3,E796
N16,3,E797
N17,0,E000
N17,0,E002
N17,0,E003
N17,0,E004
N17,0,E005
N17,0,E006
N17,0,E007
N17,0,E008
N17,0,E009
N17,0,E010
N17,0,E011
N17,0,E012
N17,0,E013
N17,0,E014
N17,0,E015
N17,0,E016
N17,0,E017
N17,0,E018
N17,0,E020
N17,0,E022
N17,0,E026
N17,0,E028
N17,0,E031
N17,0,E032
N17,0,E034
N17,0,E035
N17,0,E036
N17,0,E037
N17,0,E040
N17,0,E041
N17,0,E042
N17,0,E043
N17,0,E044
N17,0,E045
N17,0,E046
N17,0,E048
N17,0,E049
N17,0,E050
N17,0,E051
N17,0,E052
N17,0,E053
N17,0,E054
N17,0,E056
N17,0,E058
N17,0,E059
N17,0,E063
N17,0,E064
N17,0,E065
N17,0,E067
N17,0,E068
N17,0,E069
N17,0,E070
N17,0,E071
N17,0,E073
N17,0,E074
N17,0,E075
N17,0,E076
N17,0,E077
N17,0,E078
N17,0,E079
N17,0,E081
N17,0,E082
N17,0,E084
N17,0,E085
N17,0,E086
N17,0,E087
N17,0,E089
N17,0,E091
N17,0,E092
N17,0,E093
N17,0,E094
N17,0,E095
N17,0,E096
N17,0,E097
N17,0,E100
N17,0,E103
N17,0,E104
N17,0,E106
N17,0,E107
N17,0,E108
N17,0,E111
N17,0,E112
N17,0,E114
N17,0,E115
N17,0,E116
N17,0,E118
N17,0,E119
N17,0,E120
N17,0,E123
N17,0,E124
N17,0,E125
N17,0,E126
N17,0,E127
N17,0,E129
N17,0,E131
N17,0,E133
N17,0,E135
N17,0,E136
N17,0,E137
N17,0,E138
N17,0,E139
N17,0,E140
N17,0,E141
N17,0,E142
N17,0,E144
N17,0,E145
N17,0,E146
N17,0,E149
N17,0,E150
N17,0,E151
N17,0,E152
N17,0,E154
N17,0,E155
N17,0,E156
N17,0,E157
N17,0,E158
N17,0,E159
N17,0,E161
N17,0,E162
N17,0,E163
N17,0,E164
N17,0,E165
N17,0,E166
N17,0,E167
N17,0,E168
N17,0,E169
N17,0,E172
N17,0,E173
N17,0,E174
N17,0,E175
N17,0,E176
N17,0,E177
N17,0,E179
N17,0,E180
N17,0,E181
N17,0,E182
N17,0,E183
N17,0,E184
N17,0,E185
N17,0,E187
N17,0,E189
N17,0,E190
N17,0,E191
N17,0,E192
N17,0,E193
N17,0,E194
N17,0,E196
N17,0,E197
N17,0,E198
N17,0,E199
N17,1,E200
N17,1,E201
N17,1,E202
N17,1,E203
N17,1,E204
N17,1,E205
N17,1,E206
N17,1,E208
N17,1,E209
N17,1,E211
N17,1,E212
N17,1,E213
N17,1,E214
N17,1,E215
N17,1,E216
N17,1,E217
N17,1,E219
N17,1,E220
N17,1,E222
N17,1,E224
N17,1,E225
N17,1,E226
N17,1,E227
N17,1,E228
N17,1,E229
N17,1,E230
N17,1,E235
N17,1,E236
N17,1,E238
N17,1,E239
N17,1,E240
N17,1,E241
N17,1,E242
N17,1,E243
N17,1,E244
N17,1,E245
N17,1,E246
N17,1,E247
N17,1,E248
N17,1,E249
N17,1,E250
N17,1,E251
N17,1,E252
N17,1,E254
N17,1,E255
N17,1,E256
N17,1,E257
N17,1,E259
N17,1,E261
N17,1,E263
N17,1,E264
N17,1,E265
N17,1,E267
N17,1,E268
N17,1,E269
N17,1,E270
N17,1,E271
N17,1,E273
N17,1,E274
N17,1,E275
N17,1,E276
N17,1,E278
N17,1,E279
N17,1,E280
N17,1,E281
N17,1,E282
N17,1,E283
N17,1,E284
N17,1,E285
N17,1,E286
N17,1,E289
N17,1,E290
N17,1,E292
N17,1,E295
N17,1,E298
N17,1,E300
N17,1,E301
N17,1,E303
N17,1,E304
N17,1,E305
N17,1,E306
N17,1,E307
N17,1,E308
N17,1,E309
N17,1,E311
N17,1,E312
N17,1,E313
N17,1,E314
N17,1,E316
N17,1,E317
N17,1,E319
N17,1,E320
N17,1,E321
N17,1,E322
N17,1,E323
N17,1,E324
N17,1,E325
N17,1,E326
N17,1,E327
N17,1,E328
N17,1,E329
N17,1,E331
N17,1,E333
N17,1,E334
N17,1,E335
N17,1,E336
N17,1,E337
N17,1,E338
N17,1,E340
N17,1,E341
N17,1,E343
N17,1,E344
N17,1,E346
N17,1,E347
N17,1,E348
N17,1,E349
N17,1,E350
N17,1,E351
N17,1,E352
N17,1,E353
N17,1,E355
N17,1,E356
N17,1,E360
N17,1,E361
N17,1,E362
N17,1,E364
N17,1,E365
N17,1,E366
N17,1,E367
N17,1,E370
N17,1,E371
N17,1,E373
N17,1,E374
N17,1,E375
N17,1,E376
N17,1,E377
N17,1,E378
N17,1,E382
N17,1,E383
N17,1,E384
N17,1,E386
N17,1,E388
N17,1,E389
N17,1,E390
N17,1,E392
N17,1,E393
N17,1,E394
N17,1,E397
N17,1,E398
N17,1,E399
N17,2,E400
N17,2,E402
N17,2,E403
N17,2,E405
N17,2,E406
N17,2,E407
N17,2,E409
N17,2,E410
N17,2,E412
N17,2,E414
N17,2,E415
N17,2,E417
N17,2,E418
N17,2,E419
N17,2,E420
N17,2,E422
N17,2,E423
N17,2,E424
N17,2,E425
N17,2,E426
N17,2,E427
N17,2,E431
N17,2,E432
N17,2,E433
N17,2,E434
N17,2,E435
N17,2,E436
N17,2,E437
N17,2,E438
N17,2,E439
N17,2,E440
N17,2,E441
N17,2,E442
N17,2,E444
N17,2,E445
N17,2,E446
N17,2,E447
N17,2,E448
N17,2,E449
N17,2,E451
N17,2,E452
N17,2,E453
N17,2,E454
N17,2,E455
N17,2,E456
N17,2,E457
N17,2,E459
N17,2,E460
N17,2,E461
N17,2,E462
N17,2,E463
N17,2,E464
N17,2,E465
N17,2,E466
N17,2,E467
N17,2,E469
N17,2,E470
N17,2,E471
N17,2,E472
N17,2,E474
N17,2,E475
N17,2,E476
N17,2,E477
N17,2,E479
N17,2,E482
N17,2,E483
N17,2,E484
N17,2,E487
N17,2,E489
N17,2,E493
N17,2,E495
N17,2,E496
N17,2,E497
N17,2,E498
N17,2,E499
N17,2,E501
N17,2,E502
N17,2,E503
N17,2,E504
N17,2,E505
N17,2,E507
N17,2,E508
N17,2,E509
N17,2,E510
N17,2,E511
N17,2,E512
N17,2,E513
N17,2,E514
N17,2,E515
N17,2,E516
N17,2,E517
N17,2,E518
N17,2,E520
N17,2,E522
N17,2,E525
N17,2,E526
N17,2,E528
N17,2,E529
N17,2,E530
N17,2,E531
N17,2,E532
N17,2,E533
N17,2,E535
N17,2,E536
N17,2,E538
N17,2,E541
N17,2,E542
N17,2,E543
N17,2,E544
N17,2,E545
N17,2,E546
N17,2,E547
N17,2,E548
N17,2,E549
N17,2,E551
N17,2,E552
N17,2,E553
N17,2,E554
N17,2,E555
N17,2,E557
N17,2,E558
N17,2,E559
N17,2,E561
N17,2,E562
N17,2,E563
N17,2,E564
N17,2,E565
N17,2,E568
N17,2,E569
N17,2,E570
N17,2,E571
N17,2,E572
N17,2,E575
N17,2,E576
N17,2,E577
N17,2,E579
N17,2,E580
N17,2,E581
N17,2,E582
N17,2,E583
N17,2,E584
N17,2,E585
N17,2,E587
N17,2,E589
N17,2,E590
N17,2,E591
N17,2,E593
N17,2,E595
N17,2,E597
N17,2,E599
N17,3,E600
N17,3,E601
N17,3,E603
N17,3,E604
N17,3,E605
N17,3,E606
N17,3,E607
N17,3,E609
N17,3,E612
N17,3,E613
N17,3,E614
N17,3,E615
N17,3,E616
N17,3,E617
N17,3,E618
N17,3,E619
N17,3,E620
N17,3,E621
N17,3,E622
N17,3,E623
N17,3,E624
N17,3,E625
N17,3,E626
N17,3,E628
N17,3,E630
N17,3,E631
N17,3,E632
N17,3,E633
N17,3,E634
N17,3,E635
N17,3,E636
N17,3,E640
N17,3,E641
N17,3,E643
N17,3,E644
N17,3,E645
N17,3,E647
N17,3,E648
N17,3,E649
N17,3,E650
N17,3,E653
N17,3,E654
N17,3,E655
N17,3,E656
N17,3,E658
N17,3,E659
N17,3,E661
N17,3,E662
N17,3,E663
N17,3,E665
N17,3,E670
N17,3,E672
N17,3,E673
N17,3,E674
N17,3,E675
N17,3,E676
N17,3,E677
N17,3,E678
N17,3,E679
N17,3,E681
N17,3,E683
N17,3,E684
N17,3,E685
N17,3,E686
N17,3,E687
N17,3,E688
N17,3,E689
N17,3,E690
N17,3,E694
N17,3,E695
N17,3,E697
N17,3,E698
N17,3,E699
N17,3,E700
N17,3,E701
N17,3,E702
N17,3,E703
N17,3,E704
N17,3,E706
N17,3,E707
N17,3,E708
N17,3,E709
N17,3,E710
N17,3,E711
N17,3,E712
N17,3,E714
N17,3,E716
N17,3,E717
N17,3,E718
N17,3,E719
N17,3,E721
N17,3,E722
N17,3,E723
N17,3,E725
N17,3,E726
N17,3,E727
N17,3,E729
N17,3,E730
N17,3,E731
N17,3,E732
N17,3,E733
N17,3,E734
N17,3,E735
N17,3,E736
N17,3,E738
N17,3,E740
N17,3,E741
N17,3,E742
N17,3,E744
N17,3,E745
N17,3,E747
N17,3,E749
N17,3,E750
N17,3,E751
N17,3,E752
N17,3,E753
N17,3,E754
N17,3,E755
N17,3,E759
N17,3,E760
N17,3,E762
N17,3,E763
N17,3,E764
N17,3,E765
N17,3,E768
N17,3,E769
N17,3,E770
N17,3,E772
N17,3,E773
N17,3,E774
N17,3,E775
N17,3,E776
N17,3,E778
N17,3,E779
N17,3,E781
N17,3,E782
N17,3,E783
N17,3,E784
N17,3,E785
N17,3,E786
N17,3,E787
N17,3,E788
N17,3,E789
N17,3,E790
N17,3,E792
N17,3,E794
N17,3,E795
N17,3,E797
N17,3,E798
N17,3,E799
N18,0,E000
N18,0,E001
N18,0,E002
N18,0,E003
N18,0,E004
N18,0,E006
N18,0,E007
N18,0,E008
N18,0,E010
N18,0,E011
N18,0,E012
N18,0,E013
N18,0,E015
N18,0,E020
N18,0,E021
N18,0,E022
N18,0,E024
N18,0,E026
N18,0,E027
N18,0,E028
N18,0,E029
N18,0,E030
N18,0,E031
N18,0,E033
N18,0,E035
N18,0,E036
N18,0,E038
N18,0,E040
N18,0,E041
N18,0,E043
N18,0,E044
N18,0,E045
N18,0,E046
N18,0,E047
N18,0,E048
N18,0,E049
N18,0,E051
N18,0,E054
N18,0,E055
N18,0,E056
N18,0,E057
N18,0,E058
N18,0,E061
N18,0,E063
N18,0,E064
N18,0,E065
N18,0,E066
N18,0,E067
N18,0,E068
N18,0,E069
N18,0,E070
N18,0,E071
N18,0,E072
N18,0,E073
N18,0,E075
N18,0,E076
N18,0,E077
N18,0,E078
N18,0,E080
N18,0,E082
N18,0,E083
N18,0,E084
N18,0,E085
N18,0,E086
N18,0,E088
N18,0,E089
N18,0,E090
N18,0,E091
N18,0,E094
N18,0,E095
N18,0,E097
N18,0,E099
N18,0,E100
N18,0,E101
N18,0,E102
N18,0,E103
N18,0,E104
N18,0,E105
N18,0,E106
N18,0,E107
N18,0,E108
N18,0,E109
N18,0,E110
N18,0,E111
N18,0,E112
N18,0,E113
N18,0,E114
N18,0,E118
N18,0,E119
N18,0,E120
N18,0,E121
N18,0,E122
N18,0,E123
N18,0,E124
N18,0,E125
N18,0,E126
N18,0,E127
N18,0,E128
N18,0,E129
N18,0,E130
N18,0,E131
N18,0,E133
N18,0,E134
N18,0,E136
N18,0,E137
N18,0,E138
N18,0,E139
N18,0,E141
N18,0,E143
N18,0,E146
N18,0,E147
N18,0,E148
N18,0,E149
N18,0,E150
N18,0,E151
N18,0,E153
N18,0,E154
N18,0,E156
N18,0,E158
N18,0,E159
N18,0,E160
N18,0,E161
N18,0,E162
N18,0,E164
N18,0,E165
N18,0,E166
N18,0,E167
N18,0,E170
N18,0,E171
N18,0,E172
N18,0,E173
N18,0,E174
N18,0,E175
N18,0,E176
N18,0,E178
N18,0,E180
N18,0,E182
N18,0,E183
N18,0,E184
N18,0,E185
N18,0,E186
N18,0,E187
N18,0,E189
N18,0,E192
N18,0,E193
N18,0,E194
N18,0,E195
N18,0,E196
N18,0,E198
N18,0,E199
N18,1,E201
N18,1,E203
N18,1,E204
N18,1,E205
N18,1,E206
N18,1,E207
N18,1,E209
N18,1,E210
N18,1,E212
N18,1,E214
N18,1,E215
N18,1,E218
N18,1,E219
N18,1,E220
N18,1,E222
N18,1,E223
N18,1,E224
N18,1,E225
N18,1,E227
N18,1,E228
N18,1,E229
N18,1,E230
N18,1,E231
N18,1,E233
N18,1,E234
N18,1,E235
N18,1,E237
N18,1,E239
N18,1,E240
N18,1,E241
N18,1,E242
N18,1,E244
N18,1,E245
N18,1,E246
N18,1,E249
N18,1,E250
N18,1,E251
N18,1,E252
N18,1,E253
N18,1,E254
N18,1,E255
N18,1,E258
N18,1,E259
N18,1,E260
N18,1,E261
N18,1,E262
N18,1,E263
N18,1,E265
N18,1,E266
N18,1,E269
N18,1,E270
N18,1,E271
N18,1,E272
N18,1,E273
N18,1,E274
N18,1,E275
N18,1,E276
N18,1,E277
N18,1,E279
N18,1,E280
N18,1,E282
N18,1,E283
N18,1,E284
N18,1,E285
N18,1,E287
N18,1,E288
N18,1,E289
N18,1,E290
N18,1,E292
N18,1,E293
N18,1,E294
N18,1,E296
N18,1,E298
N18,1,E299
N18,1,E300
N18,1,E302
N18,1,E303
N18,1,E304
N18,1,E305
N18,1,E306
N18,1,E307
N18,1,E308
N18,1,E309
N18,1,E310
N18,1,E311
N18,1,E313
N18,1,E314
N18,1,E315
N18,1,E317
N18,1,E318
N18,1,E319
N18,1,E322
N18,1,E323
N18,1,E324
N18,1,E325
N18,1,E327
N18,1,E328
N18,1,E332
N18,1,E333
N18,1,E335
N18,1,E336
N18,1,E338
N18,1,E340
N18,1,E342
N18,1,E344
N18,1,E345
N18,1,E346
N18,1,E347
N18,1,E348
N18,1,E349
N18,1,E351
N18,1,E352
N18,1,E355
N18,1,E356
N18,1,E357
N18,1,E358
N18,1,E359
N18,1,E360
N18,1,E362
N18,1,E363
N18,1,E364
N18,1,E365
N18,1,E366
N18,1,E367
N18,1,E368
N18,1,E369
N18,1,E370
N18,1,E371
N18,1,E372
N18,1,E374
N18,1,E375
N18,1,E376
N18,1,E377
N18,1,E378
N18,1,E380
N18,1,E381
N18,1,E382
N18,1,E383
N18,1,E384
N18,1,E385
N18,1,E387
N18,1,E388
N18,1,E389
N18,1,E390
N18,1,E391
N18,1,E393
N18,1,E394
N18,1,E395
N18,1,E397
N18,1,E399
N18,2,E400
N18,2,E401
N18,2,E402
N18,2,E403
N18,2,E404
N18,2,E407
N18,2,E408
N18,2,E410
N18,2,E411
N18,2,E413
N18,2,E414
N18,2,E415
N18,2,E416
N18,2,E417
N18,2,E418
N18,2,E420
N18,2,E421
N18,2,E422
N18,2,E425
N18,2,E428
N18,2,E429
N18,2,E430
N18,2,E431
N18,2,E432
N18,2,E434
N18,2,E435
N18,2,E436
N18,2,E438
N18,2,E439
N18,2,E441
N18,2,E443
N18,2,E445
N18,2,E446
N18,2,E447
N18,2,E449
N18,2,E450
N18,2,E451
N18,2,E452
N18,2,E455
N18,2,E456
N18,2,E457
N18,2,E458
N18,2,E459
N18,2,E460
N18,2,E462
N18,2,E463
N18,2,E464
N18,2,E466
N18,2,E467
N18,2,E469
N18,2,E470
N18,2,E472
N18,2,E473
N18,2,E474
N18,2,E475
N18,2,E476
N18,2,E477
N18,2,E479
N18,2,E480
N18,2,E481
N18,2,E482
N18,2,E485
N18,2,E486
N18,2,E487
N18,2,E488
N18,2,E489
N18,2,E490
N18,2,E491
N18,2,E492
N18,2,E493
N18,2,E494
N18,2,E495
N18,2,E498
N18,2,E499
N18,2,E502
N18,2,E503
N18,2,E504
N18,2,E506
N18,2,E507
N18,2,E510
N18,2,E511
N18,2,E512
N18,2,E513
N18,2,E514
N18,2,E516
N18,2,E519
N18,2,E521
N18,2,E522
N18,2,E523
N18,2,E525
N18,2,E527
N18,2,E528
N18,2,E529
N18,2,E530
N18,2,E531
N18,2,E532
N18,2,E534
N18,2,E535
N18,2,E537
N18,2,E538
N18,2,E539
N18,2,E541
N18,2,E542
N18,2,E544
N18,2,E546
N18,2,E549
N18,2,E550
N18,2,E551
N18,2,E552
N18,2,E553
N18,2,E554
N18,2,E555
N18,2,E556
N18,2,E558
N18,2,E559
N18,2,E560
N18,2,E561
N18,2,E562
N18,2,E563
N18,2,E564
N18,2,E565
N18,2,E566
N18,2,E567
N18,2,E568
N18,2,E572
N18,2,E573
N18,2,E574
N18,2,E576
N18,2,E577
N18,2,E578
N18,2,E579
N18,2,E580
N18,2,E581
N18,2,E582
N18,2,E583
N18,2,E584
N18,2,E585
N18,2,E586
N18,2,E588
N18,2,E589
N18,2,E590
N18,2,E591
N18,2,E592
N18,2,E593
N18,2,E594
N18,2,E595
N18,2,E596
N18,2,E597
N18,2,E598
N18,2,E599
N18,3,E600
N18,3,E601
N18,3,E602
N18,3,E603
N18,3,E606
N18,3,E607
N18,3,E608
N18,3,E609
N18,3,E610
N18,3,E611
N18,3,E613
N18,3,E614
N18,3,E615
N18,3,E616
N18,3,E618
N18,3,E619
N18,3,E621
N18,3,E622
N18,3,E623
N18,3,E624
N18,3,E625
N18,3,E626
N18,3,E628
N18,3,E629
N18,3,E630
N18,3,E631
N18,3,E632
N18,3,E633
N18,3,E635
N18,3,E636
N18,3,E638
N18,3,E640
N18,3,E641
N18,3,E642
N18,3,E643
N18,3,E644
N18,3,E645
N18,3,E646
N18,3,E647
N18,3,E648
N18,3,E650
N18,3,E652
N18,3,E655
N18,3,E656
N18,3,E657
N18,3,E658
N18,3,E660
N18,3,E661
N18,3,E662
N18,3,E663
N18,3,E664
N18,3,E665
N18,3,E666
N18,3,E667
N18,3,E668
N18,3,E669
N18,3,E670
N18,3,E671
N18,3,E672
N18,3,E673
N18,3,E674
N18,3,E680
N18,3,E681
N18,3,E683
N18,3,E686
N18,3,E687
N18,3,E688
N18,3,E689
N18,3,E691
N18,3,E692
N18,3,E693
N18,3,E695
N18,3,E696
N18,3,E697
N18,3,E699
N18,3,E700
N18,3,E701
N18,3,E703
N18,3,E704
N18,3,E705
N18,3,E706
N18,3,E707
N18,3,E708
N18,3,E709
N18,3,E710
N18,3,E711
N18,3,E712
N18,3,E713
N18,3,E716
N18,3,E718
N18,3,E719
N18,3,E720
N18,3,E722
N18,3,E724
N18,3,E726
N18,3,E728
N18,3,E729
N18,3,E731
N18,3,E734
N18,3,E735
N18,3,E736
N18,3,E737
N18,3,E738
N18,3,E739
N18,3,E740
N18,3,E743
N18,3,E744
N18,3,E745
N18,3,E746
N18,3,E747
N18,3,E748
N18,3,E749
N18,3,E750
N18,3,E751
N18,3,E752
N18,3,E754
N18,3,E755
N18,3,E757
N18,3,E758
N18,3,E759
N18,3,E760
N18,3,E761
N18,3,E763
N18,3,E765
N18,3,E766
N18,3,E769
N18,3,E770
N18,3,E771
N18,3,E774
N18,3,E776
N18,3,E778
N18,3,E779
N18,3,E780
N18,3,E781
N18,3,E782
N18,3,E783
N18,3,E784
N18,3,E785
N18,3,E786
N18,3,E787
N18,3,E788
N18,3,E789
N18,3,E790
N18,3,E791
N18,3,E792
N18,3,E793
N18,3,E794
N18,3,E795
N18,3,E796
N18,3,E797
N19,0,E000
N19,0,E002
N19,0,E003
N19,0,E004
N19,0,E005
N19,0,E007
N19,0,E008
N19,0,E010
N19,0,E012
N19,0,E013
N19,0,E016
N19,0,E017
N19,0,E018
N19,0,E019
N19,0,E020
N19,0,E021
N19,0,E022
N19,0,E023
N19,0,E024
N19,0,E026
N19,0,E028
N19,0,E030
N19,0,E031
N19,0,E032
N19,0,E033
N19,0,E034
N19,0,E035
N19,0,E036
N19,0,E037
N19,0,E039
N19,0,E040
N19,0,E041
N19,0,E042
N19,0,E043
N19,0,E044
N19,0,E045
N19,0,E046
N19,0,E047
N19,0,E048
N19,0,E049
N19,0,E050
N19,0,E052
N19,0,E053
N19,0,E054
N19,0,E055
N19,0,E056
N19,0,E057
N19,0,E058
N19,0,E059
N19,0,E060
N19,0,E061
N19,0,E062
N19,0,E064
N19,0,E065
N19,0,E067
N19,0,E068
N19,0,E069
N19,0,E070
N19,0,E071
N19,0,E072
N19,0,E075
N19,0,E076
N19,0,E077
N19,0,E079
N19,0,E080
N19,0,E081
N19,0,E082
N19,0,E084
N19,0,E085
N19,0,E086
N19,0,E088
N19,0,E089
N19,0,E094
N19,0,E095
N19,0,E096
N19,0,E097
N19,0,E098
N19,0,E099
N19,0,E100
N19,0,E101
N19,0,E102
N19,0,E103
N19,0,E104
N19,0,E105
N19,0,E106
N19,0,E108
N19,0,E109
N19,0,E111
N19,0,E112
N19,0,E113
N19,0,E114
N19,0,E117
N19,0,E118
N19,0,E119
N19,0,E120
N19,0,E122
N19,0,E125
N19,0,E126
N19,0,E128
N19,0,E129
N19,0,E132
N19,0,E134
N19,0,E135
N19,0,E136
N19,0,E137
N19,0,E138
N19,0,E139
N19,0,E140
N19,0,E141
N19,0,E142
N19,0,E144
N19,0,E146
N19,0,E147
N19,0,E148
N19,0,E151
N19,0,E152
N19,0,E154
N19,0,E155
N19,0,E156
N19,0,E157
N19,0,E158
N19,0,E159
N19,0,E163
N19,0,E164
N19,0,E165
N19,0,E166
N19,0,E167
N19,0,E168
N19,0,E170
N19,0,E171
N19,0,E174
N19,0,E176
N19,0,E177
N19,0,E178
N19,0,E179
N19,0,E181
N19,0,E182
N19,0,E183
N19,0,E184
N19,0,E185
N19,0,E187
N19,0,E188
N19,0,E189
N19,0,E191
N19,0,E192
N19,0,E193
N19,0,E194
N19,0,E195
N19,0,E197
N19,0,E199
N19,1,E201
N19,1,E202
N19,1,E203
N19,1,E205
N19,1,E208
N19,1,E210
N19,1,E211
N19,1,E212
N19,1,E213
N19,1,E214
N19,1,E215
N19,1,E216
N19,1,E217
N19,1,E218
N19,1,E219
N19,1,E220
N19,1,E222
N19,1,E223
N19,1,E227
N19,1,E228
N19,1,E229
N19,1,E230
N19,1,E231
N19,1,E232
N19,1,E233
N19,1,E234
N19,1,E237
N19,1,E238
N19,1,E240
N19,1,E242
N19,1,E243
N19,1,E244
N19,1,E245
N19,1,E246
N19,1,E248
N19,1,E249
N19,1,E252
N19,1,E253
N19,1,E254
N19,1,E255
N19,1,E257
N19,1,E258
N19,1,E259
N19,1,E261
N19,1,E262
N19,1,E263
N19,1,E264
N19,1,E265
N19,1,E266
N19,1,E267
N19,1,E269
N19,1,E270
N19,1,E271
N19,1,E272
N19,1,E273
N19,1,E274
N19,1,E276
N19,1,E277
N19,1,E278
N19,1,E279
N19,1,E280
N19,1,E281
N19,1,E282
N19,1,E283
N19,1,E284
N19,1,E286
N19,1,E287
N19,1,E288
N19,1,E290
N19,1,E291
N19,1,E293
N19,1,E294
N19,1,E295
N19,1,E297
N19,1,E298
N19,1,E299
N19,1,E303
N19,1,E304
N19,1,E305
N19,1,E306
N19,1,E307
N19,1,E308
N19,1,E309
N19,1,E310
N19,1,E312
N19,1,E313
N19,1,E314
N19,1,E315
N19,1,E316
N19,1,E318
N19,1,E319
N19,1,E321
N19,1,E322
N19,1,E326
N19,1,E327
N19,1,E328
N19,1,E329
N19,1,E330
N19,1,E331
N19,1,E332
N19,1,E333
N19,1,E334
N19,1,E335
N19,1,E337
N19,1,E338
N19,1,E341
N19,1,E342
N19,1,E343
N19,1,E344
N19,1,E346
N19,1,E347
N19,1,E350
N19,1,E351
N19,1,E352
N19,1,E353
N19,1,E354
N19,1,E355
N19,1,E356
N19,1,E357
N19,1,E358
N19,1,E359
N19,1,E360
N19,1,E361
N19,1,E363
N19,1,E364
N19,1,E365
N19,1,E366
N19,1,E368
N19,1,E369
N19,1,E370
N19,1,E371
N19,1,E375
N19,1,E377
N19,1,E380
N19,1,E381
N19,1,E382
N19,1,E383
N19,1,E385
N19,1,E386
N19,1,E387
N19,1,E388
N19,1,E389
N19,1,E390
N19,1,E391
N19,1,E392
N19,1,E393
N19,1,E394
N19,1,E395
N19,1,E396
N19,1,E399
N19,2,E400
N19,2,E401
N19,2,E402
N19,2,E404
N19,2,E405
N19,2,E406
N19,2,E410
N19,2,E411
N19,2,E412
N19,2,E414
N19,2,E415
N19,2,E416
N19,2,E417
N19,2,E418
N19,2,E420
N19,2,E422
N19,2,E424
N19,2,E425
N19,2,E426
N19,2,E427
N19,2,E428
N19,2,E429
N19,2,E430
N19,2,E431
N19,2,E432
N19,2,E436
N19,2,E437
N19,2,E438
N19,2,E439
N19,2,E441
N19,2,E443
N19,2,E444
N19,2,E445
N19,2,E448
N19,2,E449
N19,2,E450
N19,2,E452
N19,2,E453
N19,2,E454
N19,2,E456
N19,2,E457
N19,2,E458
N19,2,E459
N19,2,E460
N19,2,E461
N19,2,E462
N19,2,E464
N19,2,E467
N19,2,E468
N19,2,E469
N19,2,E471
N19,2,E472
N19,2,E473
N19,2,E474
N19,2,E475
N19,2,E476
N19,2,E477
N19,2,E478
N19,2,E479
N19,2,E480
N19,2,E481
N19,2,E482
N19,2,E484
N19,2,E486
N19,2,E487
N19,2,E488
N19,2,E489
N19,2,E490
N19,2,E492
N19,2,E493
N19,2,E496
N19,2,E497
N19,2,E498
N19,2,E499
N19,2,E500
N19,2,E502
N19,2,E503
N19,2,E504
N19,2,E505
N19,2,E506
N19,2,E507
N19,2,E508
N19,2,E512
N19,2,E513
N19,2,E514
N19,2,E516
N19,2,E517
N19,2,E519
N19,2,E521
N19,2,E522
N19,2,E523
N19,2,E524
N19,2,E525
N19,2,E527
N19,2,E528
N19,2,E529
N19,2,E530
N19,2,E531
N19,2,E533
N19,2,E535
N19,2,E536
N19,2,E537
N19,2,E539
N19,2,E540
N19,2,E542
N19,2,E545
N19,2,E547
N19,2,E548
N19,2,E550
N19,2,E551
N19,2,E554
N19,2,E555
N19,2,E556
N19,2,E557
N19,2,E558
N19,2,E559
N19,2,E561
N19,2,E562
N19,2,E563
N19,2,E564
N19,2,E565
N19,2,E566
N19,2,E567
N19,2,E568
N19,2,E570
N19,2,E571
N19,2,E572
N19,2,E574
N19,2,E575
N19,2,E576
N19,2,E577
N19,2,E578
N19,2,E580
N19,2,E581
N19,2,E582
N19,2,E583
N19,2,E584
N19,2,E585
N19,2,E586
N19,2,E587
N19,2,E588
N19,2,E589
N19,2,E590
N19,2,E591
N19,2,E592
N19,2,E595
N19,2,E596
N19,2,E597
N19,2,E598
N19,2,E599
N19,3,E601
N19,3,E603
N19,3,E604
N19,3,E605
N19,3,E606
N19,3,E607
N19,3,E608
N19,3,E609
N19,3,E610
N19,3,E611
N19,3,E612
N19,3,E614
N19,3,E615
N19,3,E616
N19,3,E619
N19,3,E620
N19,3,E621
N19,3,E623
N19,3,E624
N19,3,E625
N19,3,E626
N19,3,E628
N19,3,E629
N19,3,E630
N19,3,E631
N19,3,E632
N19,3,E634
N19,3,E636
N19,3,E637
N19,3,E638
N19,3,E639
N19,3,E640
N19,3,E641
N19,3,E642
N19,3,E643
N19,3,E646
N19,3,E647
N19,3,E649
N19,3,E650
N19,3,E651
N19,3,E653
N19,3,E655
N19,3,E656
N19,3,E658
N19,3,E659
N19,3,E660
N19,3,E661
N19,3,E662
N19,3,E664
N19,3,E666
N19,3,E668
N19,3,E669
N19,3,E671
N19,3,E672
N19,3,E673
N19,3,E674
N19,3,E675
N19,3,E676
N19,3,E677
N19,3,E678
N19,3,E679
N19,3,E682
N19,3,E683
N19,3,E684
N19,3,E685
N19,3,E686
N19,3,E688
N19,3,E690
N19,3,E691
N19,3,E692
N19,3,E694
N19,3,E696
N19,3,E699
N19,3,E700
N19,3,E701
N19,3,E702
N19,3,E703
N19,3,E705
N19,3,E706
N19,3,E707
N19,3,E710
N19,3,E712
N19,3,E713
N19,3,E714
N19,3,E716
N19,3,E717
N19,3,E719
N19,3,E720
N19,3,E721
N19,3,E724
N19,3,E725
N19,3,E726
N19,3,E727
N19,3,E728
N19,3,E729
N19,3,E730
N19,3,E731
N19,3,E733
N19,3,E734
N19,3,E736
N19,3,E737
N19,3,E738
N19,3,E740
N19,3,E741
N19,3,E742
N19,3,E743
N19,3,E744
N19,3,E745
N19,3,E746
N19,3,E747
N19,3,E748
N19,3,E749
N19,3,E750
N19,3,E752
N19,3,E753
N19,3,E754
N19,3,E755
N19,3,E757
N19,3,E760
N19,3,E762
N19,3,E763
N19,3,E764
N19,3,E765
N19,3,E767
N19,3,E768
N19,3,E769
N19,3,E770
N19,3,E771
N19,3,E772
N19,3,E774
N19,3,E775
N19,3,E776
N19,3,E777
N19,3,E778
N19,3,E779
N19,3,E780
N19,3,E781
N19,3,E782
N19,3,E783
N19,3,E784
N19,3,E785
N19,3,E786
N19,3,E788
N19,3,E789
N19,3,E790
N19,3,E791
N19,3,E792
N19,3,E793
N19,3,E797
N19,3,E799
N20,0,E000
N20,0,E001
N20,0,E002
N20,0,E004
N20,0,E005
N20,0,E006
N20,0,E007
N20,0,E009
N20,0,E011
N20,0,E013
N20,0,E014
N20,0,E015
N20,0,E016
N20,0,E017
N20,0,E018
N20,0,E020
N20,0,E021
N20,0,E022
N20,0,E024
N20,0,E025
N20,0,E026
N20,0,E027
N20,0,E028
N20,0,E029
N20,0,E031
N20,0,E033
N20,0,E034
N20,0,E035
N20,0,E037
N20,0,E038
N20,0,E039
N20,0,E041
N20,0,E043
N20,0,E046
N20,0,E047
N20,0,E048
N20,0,E049
N20,0,E050
N20,0,E052
N20,0,E053
N20,0,E056
N20,0,E057
N20,0,E058
N20,0,E059
N20,0,E060
N20,0,E061
N20,0,E062
N20,0,E063
N20,0,E064
N20,0,E065
N20,0,E067
N20,0,E069
N20,0,E070
N20,0,E071
N20,0,E072
N20,0,E074
N20,0,E075
N20,0,E078
N20,0,E079
N20,0,E081
N20,0,E082
N20,0,E083
N20,0,E084
N20,0,E085
N20,0,E086
N20,0,E087
N20,0,E088
N20,0,E089
N20,0,E090
N20,0,E091
N20,0,E093
N20,0,E094
N20,0,E095
N20,0,E096
N20,0,E097
N20,0,E098
N20,0,E099
N20,0,E100
N20,0,E101
N20,0,E102
N20,0,E103
N20,0,E104
N20,0,E106
N20,0,E107
N20,0,E108
N20,0,E111
N20,0,E112
N20,0,E113
N20,0,E118
N20,0,E120
N20,0,E122
N20,0,E125
N20,0,E126
N20,0,E127
N20,0,E128
N20,0,E129
N20,0,E130
N20,0,E131
N20,0,E132
N20,0,E134
N20,0,E135
N20,0,E136
N20,0,E137
N20,0,E138
N20,0,E140
N20,0,E141
N20,0,E142
N20,0,E143
N20,0,E144
N20,0,E146
N20,0,E147
N20,0,E148
N20,0,E149
N20,0,E152
N20,0,E153
N20,0,E154
N20,0,E155
N20,0,E156
N20,0,E157
N20,0,E158
N20,0,E161
N20,0,E163
N20,0,E164
N20,0,E165
N20,0,E166
N20,0,E167
N20,0,E169
N20,0,E171
N20,0,E172
N20,0,E173
N20,0,E174
N20,0,E176
N20,0,E177
N20,0,E178
N20,0,E180
N20,0,E181
N20,0,E182
N20,0,E183
N20,0,E184
N20,0,E185
N20,0,E186
N20,0,E187
N20,0,E188
N20,0,E189
N20,0,E190
N20,0,E191
N20,0,E194
N20,0,E195
N20,0,E197
N20,0,E198
N20,1,E200
N20,1,E201
N20,1,E202
N20,1,E203
N20,1,E204
N20,1,E205
N20,1,E206
N20,1,E207
N20,1,E208
N20,1,E209
N20,1,E210
N20,1,E211
N20,1,E212
N20,1,E213
N20,1,E214
N20,1,E215
N20,1,E216
N20,1,E217
N20,1,E218
N20,1,E222
N20,1,E223
N20,1,E224
N20,1,E227
N20,1,E228
N20,1,E229
N20,1,E231
N20,1,E232
N20,1,E233
N20,1,E234
N20,1,E235
N20,1,E237
N20,1,E238
N20,1,E239
N20,1,E240
N20,1,E241
N20,1,E242
N20,1,E243
N20,1,E245
N20,1,E248
N20,1,E250
N20,1,E251
N20,1,E254
N20,1,E255
N20,1,E256
N20,1,E257
N20,1,E258
N20,1,E259
N20,1,E260
N20,1,E262
N20,1,E263
N20,1,E264
N20,1,E265
N20,1,E266
N20,1,E267
N20,1,E269
N20,1,E270
N20,1,E272
N20,1,E275
N20,1,E276
N20,1,E277
N20,1,E278
N20,1,E279
N20,1,E280
N20,1,E281
N20,1,E284
N20,1,E285
N20,1,E287
N20,1,E288
N20,1,E290
N20,1,E291
N20,1,E293
N20,1,E294
N20,1,E295
N20,1,E297
N20,1,E300
N20,1,E301
N20,1,E302
N20,1,E303
N20,1,E304
N20,1,E306
N20,1,E307
N20,1,E309
N20,1,E310
N20,1,E313
N20,1,E314
N20,1,E317
N20,1,E318
N20,1,E319
N20,1,E320
N20,1,E321
N20,1,E322
N20,1,E323
N20,1,E324
N20,1,E325
N20,1,E326
N20,1,E328
N20,1,E329
N20,1,E330
N20,1,E331
N20,1,E332
N20,1,E334
N20,1,E335
N20,1,E339
N20,1,E340
N20,1,E341
N20,1,E343
N20,1,E344
N20,1,E345
N20,1,E346
N20,1,E347
N20,1,E348
N20,1,E349
N20,1,E350
N20,1,E351
N20,1,E354
N20,1,E357
N20,1,E358
N20,1,E360
N20,1,E361
N20,1,E362
N20,1,E363
N20,1,E364
N20,1,E365
N20,1,E366
N20,1,E367
N20,1,E369
N20,1,E370
N20,1,E371
N20,1,E372
N20,1,E373
N20,1,E374
N20,1,E375
N20,1,E376
N20,1,E379
N20,1,E380
N20,1,E381
N20,1,E382
N20,1,E383
N20,1,E384
N20,1,E385
N20,1,E387
N20,1,E389
N20,1,E390
N20,1,E391
N20,1,E393
N20,1,E394
N20,1,E395
N20,1,E396
N20,1,E398
N20,1,E399
N20,2,E400
N20,2,E402
N20,2,E403
N20,2,E404
N20,2,E406
N20,2,E408
N20,2,E409
N20,2,E411
N20,2,E412
N20,2,E413
N20,2,E415
N20,2,E416
N20,2,E418
N20,2,E419
N20,2,E420
N20,2,E421
N20,2,E422
N20,2,E424
N20,2,E425
N20,2,E427
N20,2,E428
N20,2,E429
N20,2,E430
N20,2,E431
N20,2,E435
N20,2,E437
N20,2,E438
N20,2,E439
N20,2,E440
N20,2,E442
N20,2,E443
N20,2,E444
N20,2,E445
N20,2,E446
N20,2,E450
N20,2,E451
N20,2,E452
N20,2,E453
N20,2,E455
N20,2,E456
N20,2,E457
N20,2,E458
N20,2,E459
N20,2,E460
N20,2,E461
N20,2,E463
N20,2,E465
N20,2,E466
N20,2,E467
N20,2,E468
N20,2,E469
N20,2,E470
N20,2,E471
N20,2,E472
N20,2,E473
N20,2,E474
N20,2,E475
N20,2,E476
N20,2,E477
N20,2,E478
N20,2,E479
N20,2,E480
N20,2,E481
N20,2,E482
N20,2,E483
N20,2,E484
N20,2,E486
N20,2,E488
N20,2,E489
N20,2,E490
N20,2,E491
N20,2,E493
N20,2,E495
N20,2,E497
N20,2,E499
N20,2,E500
N20,2,E501
N20,2,E502
N20,2,E503
N20,2,E505
N20,2,E506
N20,2,E507
N20,2,E508
N20,2,E510
N20,2,E511
N20,2,E512
N20,2,E513
N20,2,E514
N20,2,E516
N20,2,E517
N20,2,E518
N20,2,E519
N20,2,E520
N20,2,E521
N20,2,E522
N20,2,E523
N20,2,E525
N20,2,E526
N20,2,E527
N20,2,E528
N20,2,E530
N20,2,E531
N20,2,E533
N20,2,E534
N20,2,E537
N20,2,E539
N20,2,E540
N20,2,E542
N20,2,E543
N20,2,E545
N20,2,E546
N20,2,E547
N20,2,E548
N20,2,E549
N20,2,E550
N20,2,E551
N20,2,E552
N20,2,E553
N20,2,E555
N20,2,E557
N20,2,E558
N20,2,E559
N20,2,E560
N20,2,E563
N20,2,E564
N20,2,E565
N20,2,E566
N20,2,E567
N20,2,E568
N20,2,E569
N20,2,E570
N20,2,E571
N20,2,E572
N20,2,E574
N20,2,E575
N20,2,E576
N20,2,E577
N20,2,E579
N20,2,E581
N20,2,E583
N20,2,E586
N20,2,E587
N20,2,E589
N20,2,E590
N20,2,E591
N20,2,E592
N20,2,E593
N20,2,E595
N20,2,E596
N20,2,E599
N20,3,E600
N20,3,E601
N20,3,E605
N20,3,E606
N20,3,E608
N20,3,E609
N20,3,E610
N20,3,E611
N20,3,E613
N20,3,E614
N20,3,E615
N20,3,E616
N20,3,E617
N20,3,E618
N20,3,E620
N20,3,E625
N20,3,E626
N20,3,E627
N20,3,E628
N20,3,E629
N20,3,E630
N20,3,E631
N20,3,E632
N20,3,E633
N20,3,E634
N20,3,E637
N20,3,E638
N20,3,E639
N20,3,E641
N20,3,E643
N20,3,E644
N20,3,E645
N20,3,E646
N20,3,E647
N20,3,E649
N20,3,E650
N20,3,E651
N20,3,E652
N20,3,E653
N20,3,E654
N20,3,E655
N20,3,E656
N20,3,E657
N20,3,E658
N20,3,E659
N20,3,E660
N20,3,E661
N20,3,E662
N20,3,E663
N20,3,E664
N20,3,E665
N20,3,E666
N20,3,E667
N20,3,E668
N20,3,E669
N20,3,E670
N20,3,E671
N20,3,E672
N20,3,E673
N20,3,E674
N20,3,E675
N20,3,E677
N20,3,E678
N20,3,E679
N20,3,E680
N20,3,E681
N20,3,E683
N20,3,E684
N20,3,E685
N20,3,E688
N20,3,E689
N20,3,E690
N20,3,E691
N20,3,E692
N20,3,E693
N20,3,E694
N20,3,E697
N20,3,E699
N20,3,E700
N20,3,E703
N20,3,E704
N20,3,E705
N20,3,E706
N20,3,E707
N20,3,E710
N20,3,E711
N20,3,E713
N20,3,E714
N20,3,E715
N20,3,E716
N20,3,E717
N20,3,E719
N20,3,E720
N20,3,E721
N20,3,E723
N20,3,E724
N20,3,E727
N20,3,E729
N20,3,E730
N20,3,E731
N20,3,E732
N20,3,E734
N20,3,E738
N20,3,E739
N20,3,E740
N20,3,E742
N20,3,E743
N20,3,E744
N20,3,E745
N20,3,E746
N20,3,E747
N20,3,E748
N20,3,E749
N20,3,E750
N20,3,E751
N20,3,E752
N20,3,E753
N20,3,E755
N20,3,E756
N20,3,E757
N20,3,E758
N20,3,E760
N20,3,E762
N20,3,E763
N20,3,E764
N20,3,E766
N20,3,E770
N20,3,E771
N20,3,E772
N20,3,E774
N20,3,E775
N20,3,E776
N20,3,E777
N20,3,E778
N20,3,E779
N20,3,E780
N20,3,E781
N20,3,E782
N20,3,E783
N20,3,E785
N20,3,E786
N20,3,E787
N20,3,E788
N20,3,E789
N20,3,E791
N20,3,E792
N20,3,E793
N20,3,E794
N20,3,E795
N20,3,E799
