network_id,supplier,customer
N01,E000,E217
N01,E000,E310
N01,E000,E329
N01,E001,E240
N01,E001,E398
N01,E002,E277
N01,E002,E303
N01,E002,E333
N01,E003,E227
N01,E004,E218
N01,E004,E261
N01,E005,E261
N01,E006,E231
N01,E006,E273
N01,E007,E335
N01,E008,E314
N01,E008,E316
N01,E008,E351
N01,E009,E348
N01,E009,E387
N01,E010,E208
N01,E010,E396
N01,E011,E246
N01,E012,E349
N01,E013,E323
N01,E014,E356
N01,E015,E270
N01,E015,E314
N01,E016,E202
N01,E017,E271
N01,E018,E237
N01,E019,E250
N01,E019,E295
N01,E019,E320
N01,E022,E305
N01,E022,E389
N01,E023,E217
N01,E023,E297
N01,E023,E391
N01,E024,E374
N01,E024,E382
N01,E026,E253
N01,E026,E385
N01,E027,E216
N01,E027,E285
N01,E027,E373
N01,E028,E392
N01,E029,E330
N01,E029,E383
N01,E030,E220
N01,E031,E291
N01,E031,E327
N01,E032,E322
N01,E032,E389
N01,E033,E204
N01,E033,E292
N01,E033,E315
N01,E033,E339
N01,E033,E350
N01,E035,E279
N01,E036,E209
N01,E036,E228
N01,E036,E249
N01,E036,E289
N01,E037,E367
N01,E038,E281
N01,E038,E384
N01,E039,E282
N01,E039,E301
N01,E039,E329
N01,E040,E255
N01,E040,E336
N01,E041,E216
N01,E042,E241
N01,E042,E357
N01,E042,E391
N01,E043,E257
N01,E043,E293
N01,E043,E355
N01,E044,E297
N01,E044,E332
N01,E044,E371
N01,E045,E377
N01,E046,E357
N01,E046,E359
N01,E048,E312
N01,E048,E326
N01,E049,E220
N01,E049,E301
N01,E049,E331
N01,E049,E369
N01,E049,E375
N01,E049,E378
N01,E050,E284
N01,E051,E206
N01,E051,E211
N01,E051,E236
N01,E051,E247
N01,E051,E323
N01,E052,E232
N01,E052,E364
N01,E053,E252
N01,E053,E323
N01,E054,E288
N01,E054,E307
N01,E055,E273
N01,E055,E389
N01,E056,E204
N01,E056,E318
N01,E056,E326
N01,E056,E337
N01,E057,E259
N01,E057,E393
N01,E058,E207
N01,E058,E230
N01,E058,E376
N01,E059,E222
N01,E059,E343
N01,E060,E285
N01,E061,E205
N01,E061,E238
N01,E062,E312
N01,E063,E322
N01,E063,E354
N01,E064,E216
N01,E065,E332
N01,E067,E266
N01,E067,E294
N01,E068,E363
N01,E069,E260
N01,E070,E326
N01,E071,E226
N01,E071,E272
N01,E071,E359
N01,E072,E291
N01,E072,E311
N01,E074,E219
N01,E074,E220
N01,E074,E235
N01,E074,E274
N01,E074,E358
N01,E075,E224
N01,E075,E399
N01,E076,E239
N01,E076,E245
N01,E076,E381
N01,E076,E386
N01,E079,E319
N01,E079,E370
N01,E079,E372
N01,E080,E286
N01,E080,E325
N01,E080,E350
N01,E081,E221
N01,E082,E240
N01,E082,E368
N01,E084,E227
N01,E084,E234
N01,E084,E275
N01,E085,E334
N01,E085,E343
N01,E085,E378
N01,E085,E395
N01,E085,E398
N01,E086,E276
N01,E086,E396
N01,E087,E248
N01,E087,E285
N01,E088,E234
N01,E088,E347
N01,E088,E394
N01,E089,E355
N01,E090,E335
N01,E090,E352
N01,E091,E352
N01,E091,E363
N01,E092,E322
N01,E093,E205
N01,E093,E207
N01,E093,E225
N01,E093,E257
N01,E094,E231
N01,E094,E341
N01,E094,E368
N01,E095,E307
N01,E095,E343
N01,E096,E283
N01,E096,E348
N01,E096,E364
N01,E097,E352
N01,E098,E337
N01,E099,E398
N01,E100,E201
N01,E101,E244
N01,E102,E286
N01,E103,E293
N01,E104,E267
N01,E105,E309
N01,E105,E372
N01,E106,E324
N01,E106,E337
N01,E108,E273
N01,E108,E303
N01,E108,E393
N01,E110,E360
N01,E111,E321
N01,E111,E328
N01,E111,E345
N01,E112,E264
N01,E112,E299
N01,E114,E311
N01,E115,E292
N01,E116,E324
N01,E117,E207
N01,E117,E225
N01,E117,E269
N01,E117,E307
N01,E117,E317
N01,E117,E331
N01,E117,E388
N01,E118,E309
N01,E118,E346
N01,E118,E397
N01,E119,E202
N01,E119,E213
N01,E119,E243
N01,E121,E281
N01,E121,E399
N01,E122,E236
N01,E122,E265
N01,E122,E293
N01,E123,E377
N01,E124,E209
N01,E124,E223
N01,E124,E242
N01,E124,E287
N01,E124,E334
N01,E124,E335
N01,E125,E258
N01,E125,E329
N01,E126,E321
N01,E127,E318
N01,E127,E394
N01,E128,E234
N01,E128,E318
N01,E128,E350
N01,E128,E394
N01,E131,E373
N01,E131,E379
N01,E132,E219
N01,E132,E244
N01,E132,E306
N01,E132,E338
N01,E132,E356
N01,E132,E369
N01,E133,E264
N01,E133,E309
N01,E134,E370
N01,E135,E264
N01,E136,E203
N01,E136,E295
N01,E137,E388
N01,E138,E296
N01,E138,E300
N01,E138,E327
N01,E139,E214
N01,E139,E280
N01,E140,E251
N01,E140,E385
N01,E141,E308
N01,E142,E252
N01,E142,E379
N01,E143,E345
N01,E143,E361
N01,E144,E347
N01,E145,E354
N01,E146,E342
N01,E146,E371
N01,E146,E375
N01,E147,E368
N01,E147,E378
N01,E151,E241
N01,E151,E257
N01,E152,E226
N01,E153,E347
N01,E153,E371
N01,E154,E279
N01,E154,E284
N01,E155,E270
N01,E155,E362
N01,E157,E243
N01,E157,E288
N01,E158,E223
N01,E158,E261
N01,E158,E282
N01,E158,E364
N01,E159,E380
N01,E159,E386
N01,E160,E310
N01,E160,E355
N01,E160,E366
N01,E160,E390
N01,E161,E233
N01,E161,E254
N01,E162,E218
N01,E162,E321
N01,E162,E330
N01,E162,E374
N01,E163,E341
N01,E164,E341
N01,E165,E290
N01,E165,E314
N01,E165,E354
N01,E166,E229
N01,E167,E268
N01,E167,E353
N01,E167,E370
N01,E168,E221
N01,E169,E306
N01,E171,E200
N01,E171,E339
N01,E173,E205
N01,E173,E270
N01,E174,E206
N01,E174,E304
N01,E174,E332
N01,E175,E236
N01,E176,E300
N01,E177,E211
N01,E177,E283
N01,E177,E385
N01,E178,E215
N01,E179,E271
N01,E179,E299
N01,E180,E241
N01,E180,E267
N01,E180,E300
N01,E180,E301
N01,E180,E304
N01,E181,E210
N01,E181,E365
N01,E182,E210
N01,E182,E229
N01,E182,E313
N01,E182,E396
N01,E183,E213
N01,E183,E259
N01,E183,E272
N01,E183,E319
N01,E183,E339
N01,E183,E340
N01,E184,E383
N01,E185,E282
N01,E185,E348
N01,E185,E359
N01,E185,E374
N01,E186,E253
N01,E187,E392
N01,E188,E290
N01,E188,E296
N01,E188,E366
N01,E188,E367
N01,E189,E279
N01,E189,E310
N01,E190,E298
N01,E191,E209
N01,E191,E345
N01,E192,E262
N01,E192,E373
N01,E193,E237
N01,E193,E297
N01,E194,E200
N01,E194,E235
N01,E194,E315
N01,E194,E344
N01,E194,E369
N01,E195,E212
N01,E195,E263
N01,E195,E278
N01,E195,E283
N01,E196,E239
N01,E196,E256
N01,E196,E287
N01,E196,E376
N01,E197,E213
N01,E198,E267
N01,E198,E302
N01,E198,E346
N01,E199,E308
N01,E200,E445
N01,E201,E434
N01,E201,E533
N01,E201,E561
N01,E202,E415
N01,E202,E481
N01,E203,E459
N01,E203,E477
N01,E203,E530
N01,E204,E493
N01,E204,E522
N01,E204,E556
N01,E205,E445
N01,E205,E454
N01,E205,E481
N01,E205,E535
N01,E206,E550
N01,E207,E442
N01,E208,E463
N01,E208,E499
N01,E209,E459
N01,E210,E464
N01,E210,E505
N01,E210,E564
N01,E211,E420
N01,E212,E401
N01,E212,E436
N01,E214,E514
N01,E215,E404
N01,E215,E525
N01,E215,E565
N01,E217,E414
N01,E217,E540
N01,E218,E411
N01,E219,E467
N01,E219,E542
N01,E219,E545
N01,E220,E431
N01,E220,E592
N01,E221,E425
N01,E222,E522
N01,E222,E577
N01,E223,E462
N01,E223,E542
N01,E223,E570
N01,E223,E579
N01,E224,E420
N01,E224,E423
N01,E225,E491
N01,E227,E465
N01,E228,E419
N01,E228,E524
N01,E228,E558
N01,E229,E518
N01,E229,E521
N01,E229,E526
N01,E230,E444
N01,E230,E449
N01,E230,E517
N01,E230,E538
N01,E231,E426
N01,E231,E487
N01,E231,E559
N01,E232,E431
N01,E233,E411
N01,E233,E413
N01,E233,E552
N01,E235,E451
N01,E235,E544
N01,E236,E401
N01,E237,E436
N01,E237,E562
N01,E240,E587
N01,E241,E400
N01,E241,E418
N01,E243,E404
N01,E243,E483
N01,E243,E543
N01,E244,E408
N01,E244,E506
N01,E244,E593
N01,E245,E466
N01,E245,E475
N01,E245,E562
N01,E246,E500
N01,E246,E514
N01,E246,E594
N01,E247,E401
N01,E247,E481
N01,E247,E578
N01,E250,E400
N01,E250,E486
N01,E250,E597
N01,E251,E448
N01,E251,E504
N01,E252,E425
N01,E252,E523
N01,E253,E549
N01,E253,E568
N01,E253,E571
N01,E254,E402
N01,E254,E428
N01,E255,E497
N01,E255,E504
N01,E256,E574
N01,E257,E411
N01,E257,E450
N01,E257,E461
N01,E257,E531
N01,E257,E547
N01,E258,E456
N01,E258,E466
N01,E258,E482
N01,E259,E440
N01,E259,E458
N01,E259,E496
N01,E259,E512
N01,E259,E599
N01,E260,E536
N01,E261,E490
N01,E262,E413
N01,E262,E536
N01,E262,E585
N01,E263,E598
N01,E264,E486
N01,E264,E504
N01,E265,E462
N01,E266,E569
N01,E268,E414
N01,E268,E553
N01,E269,E431
N01,E269,E527
N01,E269,E543
N01,E270,E435
N01,E270,E469
N01,E271,E484
N01,E271,E493
N01,E272,E407
N01,E272,E412
N01,E272,E484
N01,E273,E430
N01,E273,E437
N01,E274,E495
N01,E275,E418
N01,E275,E442
N01,E275,E521
N01,E278,E463
N01,E278,E493
N01,E279,E413
N01,E279,E424
N01,E279,E475
N01,E279,E571
N01,E279,E589
N01,E281,E533
N01,E281,E572
N01,E281,E596
N01,E282,E470
N01,E283,E474
N01,E283,E576
N01,E284,E588
N01,E285,E455
N01,E285,E584
N01,E286,E433
N01,E286,E445
N01,E286,E488
N01,E286,E495
N01,E287,E490
N01,E287,E548
N01,E288,E468
N01,E288,E532
N01,E289,E466
N01,E289,E517
N01,E289,E548
N01,E290,E539
N01,E291,E575
N01,E291,E586
N01,E291,E589
N01,E292,E432
N01,E292,E485
N01,E294,E447
N01,E294,E494
N01,E295,E498
N01,E295,E560
N01,E295,E573
N01,E295,E580
N01,E296,E592
N01,E296,E593
N01,E297,E506
N01,E297,E589
N01,E298,E567
N01,E298,E582
N01,E300,E438
N01,E301,E453
N01,E301,E565
N01,E301,E595
N01,E302,E444
N01,E302,E515
N01,E302,E517
N01,E302,E560
N01,E304,E441
N01,E304,E554
N01,E305,E508
N01,E306,E571
N01,E307,E405
N01,E307,E492
N01,E308,E436
N01,E308,E479
N01,E308,E492
N01,E308,E542
N01,E309,E476
N01,E309,E496
N01,E310,E478
N01,E311,E405
N01,E312,E516
N01,E312,E534
N01,E313,E417
N01,E313,E453
N01,E314,E433
N01,E314,E462
N01,E314,E491
N01,E314,E519
N01,E315,E400
N01,E315,E501
N01,E317,E415
N01,E317,E558
N01,E317,E560
N01,E318,E419
N01,E318,E516
N01,E320,E420
N01,E320,E464
N01,E320,E468
N01,E320,E478
N01,E321,E515
N01,E321,E540
N01,E322,E447
N01,E322,E536
N01,E323,E500
N01,E323,E527
N01,E324,E429
N01,E324,E446
N01,E324,E506
N01,E324,E522
N01,E324,E541
N01,E325,E404
N01,E325,E476
N01,E326,E486
N01,E327,E523
N01,E327,E547
N01,E328,E507
N01,E328,E586
N01,E329,E412
N01,E329,E460
N01,E330,E435
N01,E330,E457
N01,E330,E513
N01,E330,E557
N01,E330,E563
N01,E331,E452
N01,E331,E470
N01,E331,E529
N01,E332,E532
N01,E333,E582
N01,E333,E587
N01,E335,E439
N01,E335,E484
N01,E335,E578
N01,E337,E502
N01,E337,E507
N01,E337,E514
N01,E337,E515
N01,E338,E447
N01,E338,E548
N01,E340,E451
N01,E340,E461
N01,E340,E497
N01,E341,E422
N01,E341,E460
N01,E343,E537
N01,E344,E459
N01,E345,E409
N01,E345,E530
N01,E345,E546
N01,E345,E570
N01,E345,E590
N01,E346,E541
N01,E346,E595
N01,E347,E434
N01,E347,E470
N01,E348,E461
N01,E348,E473
N01,E349,E480
N01,E350,E534
N01,E350,E535
N01,E350,E596
N01,E350,E599
N01,E351,E544
N01,E352,E527
N01,E352,E528
N01,E353,E469
N01,E353,E573
N01,E355,E453
N01,E356,E510
N01,E357,E575
N01,E358,E427
N01,E358,E508
N01,E359,E452
N01,E359,E458
N01,E360,E402
N01,E360,E428
N01,E360,E472
N01,E361,E416
N01,E361,E480
N01,E362,E402
N01,E362,E511
N01,E362,E574
N01,E364,E585
N01,E365,E523
N01,E365,E597
N01,E366,E509
N01,E367,E415
N01,E367,E502
N01,E367,E551
N01,E367,E587
N01,E368,E451
N01,E368,E499
N01,E370,E433
N01,E370,E476
N01,E371,E503
N01,E371,E559
N01,E372,E566
N01,E373,E418
N01,E373,E477
N01,E373,E581
N01,E374,E446
N01,E374,E567
N01,E374,E569
N01,E374,E594
N01,E375,E552
N01,E376,E443
N01,E376,E449
N01,E376,E483
N01,E376,E497
N01,E376,E554
N01,E376,E574
N01,E377,E407
N01,E377,E426
N01,E377,E591
N01,E379,E554
N01,E379,E570
N01,E380,E526
N01,E380,E540
N01,E380,E583
N01,E381,E474
N01,E381,E494
N01,E382,E509
N01,E382,E550
N01,E383,E410
N01,E383,E460
N01,E384,E403
N01,E384,E414
N01,E384,E501
N01,E385,E482
N01,E385,E491
N01,E385,E507
N01,E385,E525
N01,E385,E584
N01,E386,E406
N01,E386,E473
N01,E386,E525
N01,E386,E573
N01,E386,E578
N01,E387,E408
N01,E387,E551
N01,E388,E416
N01,E388,E489
N01,E389,E483
N01,E389,E498
N01,E390,E579
N01,E390,E588
N01,E391,E555
N01,E392,E405
N01,E392,E437
N01,E392,E592
N01,E393,E417
N01,E393,E490
N01,E393,E530
N01,E394,E430
N01,E394,E465
N01,E395,E421
N01,E395,E471
N01,E395,E494
N01,E395,E516
N01,E396,E541
N01,E396,E545
N01,E397,E569
N01,E398,E448
N01,E399,E520
N01,E399,E551
N01,E400,E635
N01,E400,E690
N01,E401,E669
N01,E401,E791
N01,E402,E616
N01,E402,E786
N01,E402,E791
N01,E403,E780
N01,E404,E612
N01,E405,E682
N01,E406,E680
N01,E407,E719
N01,E407,E780
N01,E408,E737
N01,E408,E779
N01,E409,E710
N01,E410,E642
N01,E410,E699
N01,E410,E719
N01,E410,E738
N01,E410,E795
N01,E411,E602
N01,E412,E613
N01,E412,E715
N01,E413,E603
N01,E414,E700
N01,E414,E755
N01,E414,E776
N01,E415,E602
N01,E415,E635
N01,E415,E673
N01,E415,E747
N01,E416,E720
N01,E417,E637
N01,E417,E698
N01,E417,E745
N01,E417,E761
N01,E417,E770
N01,E418,E730
N01,E418,E732
N01,E418,E773
N01,E419,E605
N01,E419,E716
N01,E419,E717
N01,E420,E654
N01,E421,E600
N01,E421,E659
N01,E421,E746
N01,E422,E667
N01,E422,E703
N01,E424,E607
N01,E424,E634
N01,E425,E676
N01,E426,E682
N01,E426,E790
N01,E429,E627
N01,E429,E647
N01,E430,E619
N01,E430,E668
N01,E431,E611
N01,E431,E722
N01,E431,E744
N01,E431,E768
N01,E432,E620
N01,E432,E630
N01,E432,E759
N01,E432,E798
N01,E433,E628
N01,E433,E722
N01,E433,E767
N01,E434,E627
N01,E434,E647
N01,E435,E792
N01,E436,E764
N01,E436,E787
N01,E437,E646
N01,E437,E715
N01,E437,E788
N01,E437,E790
N01,E438,E714
N01,E439,E692
N01,E440,E748
N01,E443,E705
N01,E444,E660
N01,E445,E725
N01,E446,E666
N01,E446,E784
N01,E446,E793
N01,E447,E763
N01,E448,E652
N01,E448,E699
N01,E448,E750
N01,E449,E673
N01,E449,E744
N01,E450,E619
N01,E450,E678
N01,E450,E697
N01,E451,E735
N01,E451,E751
N01,E452,E652
N01,E452,E659
N01,E452,E725
N01,E453,E655
N01,E453,E675
N01,E454,E603
N01,E455,E648
N01,E455,E757
N01,E456,E630
N01,E456,E699
N01,E456,E708
N01,E456,E720
N01,E457,E739
N01,E457,E792
N01,E458,E601
N01,E459,E721
N01,E459,E740
N01,E461,E638
N01,E462,E634
N01,E462,E778
N01,E463,E680
N01,E463,E693
N01,E464,E628
N01,E464,E676
N01,E464,E684
N01,E464,E717
N01,E465,E671
N01,E465,E778
N01,E465,E796
N01,E466,E608
N01,E466,E668
N01,E467,E625
N01,E467,E760
N01,E468,E711
N01,E469,E645
N01,E469,E736
N01,E469,E740
N01,E470,E696
N01,E470,E701
N01,E471,E714
N01,E471,E793
N01,E472,E619
N01,E472,E632
N01,E472,E638
N01,E472,E670
N01,E472,E750
N01,E474,E782
N01,E475,E756
N01,E476,E613
N01,E476,E738
N01,E477,E760
N01,E479,E684
N01,E480,E615
N01,E480,E654
N01,E480,E672
N01,E480,E709
N01,E481,E743
N01,E482,E731
N01,E483,E661
N01,E483,E689
N01,E483,E735
N01,E484,E648
N01,E484,E651
N01,E486,E651
N01,E486,E723
N01,E487,E688
N01,E487,E793
N01,E488,E640
N01,E489,E653
N01,E489,E706
N01,E489,E740
N01,E490,E707
N01,E490,E754
N01,E490,E779
N01,E491,E615
N01,E491,E681
N01,E492,E734
N01,E493,E634
N01,E494,E610
N01,E494,E697
N01,E494,E716
N01,E494,E761
N01,E495,E783
N01,E496,E622
N01,E497,E758
N01,E498,E713
N01,E499,E657
N01,E499,E720
N01,E499,E729
N01,E500,E615
N01,E500,E754
N01,E501,E667
N01,E501,E677
N01,E502,E605
N01,E502,E655
N01,E502,E704
N01,E503,E608
N01,E503,E775
N01,E504,E623
N01,E504,E665
N01,E504,E718
N01,E504,E794
N01,E505,E618
N01,E505,E626
N01,E505,E656
N01,E505,E790
N01,E506,E645
N01,E506,E664
N01,E507,E721
N01,E508,E654
N01,E508,E707
N01,E508,E712
N01,E508,E767
N01,E509,E609
N01,E509,E686
N01,E509,E742
N01,E510,E765
N01,E511,E683
N01,E511,E706
N01,E511,E787
N01,E512,E616
N01,E512,E636
N01,E512,E765
N01,E513,E609
N01,E513,E776
N01,E513,E777
N01,E514,E651
N01,E515,E646
N01,E516,E604
N01,E516,E656
N01,E516,E726
N01,E516,E774
N01,E517,E659
N01,E518,E762
N01,E518,E778
N01,E518,E780
N01,E518,E799
N01,E519,E610
N01,E519,E728
N01,E519,E797
N01,E520,E724
N01,E521,E773
N01,E522,E631
N01,E522,E741
N01,E522,E771
N01,E523,E749
N01,E524,E687
N01,E524,E713
N01,E525,E713
N01,E526,E718
N01,E526,E788
N01,E528,E691
N01,E528,E747
N01,E528,E753
N01,E529,E765
N01,E529,E772
N01,E530,E694
N01,E530,E709
N01,E530,E744
N01,E530,E782
N01,E530,E798
N01,E531,E656
N01,E531,E692
N01,E531,E789
N01,E531,E796
N01,E532,E702
N01,E532,E753
N01,E533,E624
N01,E534,E671
N01,E534,E766
N01,E535,E607
N01,E535,E707
N01,E536,E618
N01,E536,E685
N01,E537,E664
N01,E537,E679
N01,E539,E650
N01,E539,E677
N01,E539,E746
N01,E539,E749
N01,E539,E774
N01,E540,E614
N01,E540,E665
N01,E540,E704
N01,E540,E797
N01,E541,E660
N01,E542,E664
N01,E542,E697
N01,E542,E735
N01,E542,E774
N01,E543,E616
N01,E543,E726
N01,E543,E769
N01,E544,E673
N01,E544,E708
N01,E544,E718
N01,E545,E756
N01,E546,E638
N01,E547,E609
N01,E548,E621
N01,E548,E662
N01,E548,E753
N01,E549,E652
N01,E549,E678
N01,E549,E706
N01,E551,E666
N01,E551,E677
N01,E552,E639
N01,E552,E671
N01,E552,E729
N01,E553,E787
N01,E554,E675
N01,E554,E727
N01,E554,E732
N01,E554,E733
N01,E556,E663
N01,E556,E752
N01,E556,E777
N01,E558,E641
N01,E558,E702
N01,E558,E758
N01,E558,E785
N01,E558,E791
N01,E560,E643
N01,E562,E647
N01,E563,E715
N01,E564,E610
N01,E564,E785
N01,E565,E711
N01,E565,E730
N01,E565,E758
N01,E565,E769
N01,E565,E781
N01,E567,E606
N01,E567,E649
N01,E567,E696
N01,E567,E703
N01,E568,E736
N01,E568,E781
N01,E569,E617
N01,E569,E719
N01,E569,E732
N01,E569,E796
N01,E570,E600
N01,E570,E630
N01,E571,E611
N01,E572,E637
N01,E573,E636
N01,E573,E725
N01,E574,E661
N01,E575,E708
N01,E575,E777
N01,E576,E683
N01,E576,E722
N01,E577,E714
N01,E578,E602
N01,E578,E751
N01,E578,E789
N01,E579,E789
N01,E580,E662
N01,E581,E628
N01,E582,E695
N01,E583,E696
N01,E584,E686
N01,E585,E681
N01,E585,E756
N01,E586,E730
N01,E587,E614
N01,E587,E674
N01,E587,E763
N01,E588,E712
N01,E588,E736
N01,E588,E750
N01,E589,E633
N01,E589,E650
N01,E589,E749
N01,E590,E629
N01,E591,E642
N01,E592,E681
N01,E592,E686
N01,E592,E692
N01,E593,E657
N01,E593,E691
N01,E594,E644
N01,E594,E678
N01,E594,E683
N01,E595,E622
N01,E595,E658
N01,E595,E688
N01,E596,E663
N01,E597,E712
N01,E597,E797
N01,E597,E798
N01,E598,E727
N01,E599,E613
N01,E599,E754
N01,E601,E966
N01,E602,E889
N01,E602,E981
N01,E603,E996
N01,E604,E992
N01,E605,E872
N01,E605,E878
N01,E605,E897
N01,E606,E821
N01,E606,E923
N01,E607,E894
N01,E608,E965
N01,E609,E914
N01,E609,E923
N01,E610,E846
N01,E610,E855
N01,E610,E865
N01,E610,E994
N01,E611,E838
N01,E612,E893
N01,E613,E833
N01,E613,E909
N01,E613,E917
N01,E614,E815
N01,E614,E851
N01,E616,E822
N01,E616,E973
N01,E617,E921
N01,E617,E944
N01,E618,E829
N01,E618,E916
N01,E618,E939
N01,E618,E966
N01,E619,E802
N01,E619,E819
N01,E619,E970
N01,E619,E983
N01,E620,E978
N01,E621,E862
N01,E621,E934
N01,E621,E952
N01,E622,E848
N01,E622,E912
N01,E623,E946
N01,E623,E953
N01,E623,E979
N01,E625,E841
N01,E625,E852
N01,E625,E860
N01,E625,E930
N01,E625,E955
N01,E626,E809
N01,E626,E817
N01,E626,E997
N01,E627,E842
N01,E627,E940
N01,E628,E918
N01,E628,E923
N01,E629,E838
N01,E630,E842
N01,E631,E974
N01,E632,E829
N01,E632,E925
N01,E632,E933
N01,E632,E967
N01,E633,E864
N01,E633,E916
N01,E633,E988
N01,E635,E871
N01,E635,E926
N01,E635,E991
N01,E636,E888
N01,E636,E946
N01,E637,E868
N01,E637,E875
N01,E637,E975
N01,E638,E804
N01,E638,E898
N01,E638,E943
N01,E638,E984
N01,E638,E996
N01,E640,E932
N01,E641,E826
N01,E641,E857
N01,E642,E883
N01,E642,E973
N01,E643,E844
N01,E643,E879
N01,E643,E995
N01,E644,E818
N01,E644,E836
N01,E644,E994
N01,E645,E985
N01,E646,E936
N01,E647,E920
N01,E648,E807
N01,E649,E881
N01,E649,E997
N01,E650,E989
N01,E651,E929
N01,E651,E986
N01,E652,E865
N01,E653,E902
N01,E653,E945
N01,E654,E901
N01,E654,E927
N01,E655,E872
N01,E655,E876
N01,E655,E961
N01,E656,E882
N01,E656,E892
N01,E656,E911
N01,E657,E877
N01,E657,E936
N01,E657,E950
N01,E658,E828
N01,E659,E845
N01,E660,E904
N01,E660,E926
N01,E660,E957
N01,E661,E915
N01,E662,E851
N01,E662,E971
N01,E663,E849
N01,E663,E937
N01,E663,E950
N01,E663,E987
N01,E663,E993
N01,E664,E911
N01,E666,E803
N01,E666,E866
N01,E666,E938
N01,E666,E948
N01,E667,E847
N01,E668,E820
N01,E669,E990
N01,E670,E873
N01,E670,E906
N01,E671,E859
N01,E671,E905
N01,E671,E949
N01,E671,E954
N01,E673,E959
N01,E674,E852
N01,E674,E975
N01,E675,E955
N01,E676,E992
N01,E678,E810
N01,E678,E910
N01,E680,E830
N01,E680,E916
N01,E681,E853
N01,E681,E870
N01,E682,E822
N01,E683,E801
N01,E683,E961
N01,E684,E855
N01,E684,E896
N01,E684,E922
N01,E685,E841
N01,E685,E919
N01,E686,E887
N01,E688,E855
N01,E689,E974
N01,E690,E856
N01,E690,E863
N01,E691,E930
N01,E692,E843
N01,E693,E884
N01,E693,E927
N01,E694,E922
N01,E695,E980
N01,E696,E875
N01,E696,E917
N01,E696,E960
N01,E698,E853
N01,E698,E890
N01,E698,E902
N01,E699,E918
N01,E700,E807
N01,E701,E922
N01,E701,E982
N01,E702,E821
N01,E702,E864
N01,E702,E941
N01,E703,E812
N01,E703,E847
N01,E703,E956
N01,E703,E972
N01,E704,E850
N01,E705,E860
N01,E705,E945
N01,E706,E806
N01,E706,E959
N01,E708,E832
N01,E708,E950
N01,E708,E993
N01,E709,E841
N01,E709,E918
N01,E710,E808
N01,E710,E817
N01,E710,E899
N01,E710,E928
N01,E711,E803
N01,E712,E871
N01,E713,E814
N01,E713,E826
N01,E713,E933
N01,E714,E889
N01,E715,E825
N01,E715,E877
N01,E715,E914
N01,E716,E879
N01,E716,E909
N01,E716,E937
N01,E717,E919
N01,E717,E935
N01,E718,E886
N01,E718,E962
N01,E719,E846
N01,E720,E834
N01,E720,E884
N01,E720,E909
N01,E720,E957
N01,E720,E980
N01,E720,E987
N01,E721,E892
N01,E721,E926
N01,E721,E989
N01,E722,E948
N01,E722,E968
N01,E724,E930
N01,E724,E963
N01,E725,E815
N01,E726,E849
N01,E726,E866
N01,E726,E983
N01,E726,E996
N01,E727,E840
N01,E727,E988
N01,E728,E880
N01,E728,E907
N01,E728,E931
N01,E728,E947
N01,E728,E954
N01,E729,E858
N01,E729,E861
N01,E729,E998
N01,E730,E932
N01,E730,E964
N01,E730,E973
N01,E730,E988
N01,E732,E816
N01,E732,E846
N01,E732,E938
N01,E734,E869
N01,E734,E933
N01,E735,E898
N01,E736,E837
N01,E737,E811
N01,E737,E881
N01,E737,E884
N01,E738,E811
N01,E738,E833
N01,E738,E931
N01,E738,E940
N01,E740,E850
N01,E741,E885
N01,E742,E834
N01,E742,E858
N01,E743,E921
N01,E743,E941
N01,E744,E893
N01,E744,E984
N01,E745,E813
N01,E745,E852
N01,E745,E897
N01,E745,E990
N01,E747,E869
N01,E747,E985
N01,E747,E993
N01,E748,E839
N01,E748,E870
N01,E748,E951
N01,E749,E872
N01,E750,E927
N01,E752,E806
N01,E752,E829
N01,E752,E874
N01,E754,E924
N01,E754,E928
N01,E755,E838
N01,E755,E893
N01,E755,E911
N01,E756,E953
N01,E757,E891
N01,E757,E936
N01,E758,E977
N01,E759,E963
N01,E760,E866
N01,E760,E980
N01,E761,E919
N01,E761,E929
N01,E762,E814
N01,E762,E890
N01,E762,E938
N01,E763,E831
N01,E763,E958
N01,E763,E970
N01,E764,E827
N01,E764,E871
N01,E764,E970
N01,E765,E818
N01,E765,E906
N01,E767,E818
N01,E767,E937
N01,E769,E812
N01,E769,E814
N01,E769,E890
N01,E769,E932
N01,E770,E941
N01,E771,E960
N01,E771,E987
N01,E772,E844
N01,E773,E827
N01,E773,E976
N01,E774,E823
N01,E774,E832
N01,E774,E914
N01,E775,E824
N01,E775,E913
N01,E776,E802
N01,E776,E820
N01,E776,E878
N01,E776,E947
N01,E777,E878
N01,E777,E903
N01,E778,E835
N01,E780,E979
N01,E780,E986
N01,E781,E874
N01,E781,E900
N01,E781,E915
N01,E781,E982
N01,E782,E854
N01,E782,E897
N01,E782,E999
N01,E783,E895
N01,E786,E910
N01,E786,E947
N01,E787,E815
N01,E787,E943
N01,E788,E976
N01,E789,E862
N01,E789,E960
N01,E789,E965
N01,E789,E974
N01,E790,E879
N01,E790,E920
N01,E790,E921
N01,E791,E851
N01,E791,E925
N01,E791,E942
N01,E791,E963
N01,E792,E805
N01,E792,E928
N01,E792,E969
N01,E792,E975
N01,E794,E821
N01,E794,E835
N01,E794,E867
N01,E794,E888
N01,E794,E899
N01,E796,E849
N01,E797,E858
N01,E797,E931
N01,E798,E848
N01,E798,E865
N01,E799,E800
N01,E799,E864
N01,E799,E908
N01,E799,E924
N01,E799,E985
N02,E001,E219
N02,E001,E332
N02,E001,E354
N02,E003,E385
N02,E004,E210
N02,E004,E274
N02,E004,E284
N02,E005,E366
N02,E005,E383
N02,E005,E389
N02,E006,E319
N02,E007,E206
N02,E007,E235
N02,E007,E241
N02,E007,E266
N02,E007,E308
N02,E008,E300
N02,E009,E217
N02,E009,E257
N02,E010,E348
N02,E011,E296
N02,E012,E331
N02,E013,E297
N02,E013,E367
N02,E014,E232
N02,E015,E224
N02,E015,E255
N02,E015,E359
N02,E016,E249
N02,E016,E258
N02,E016,E262
N02,E016,E293
N02,E016,E391
N02,E017,E239
N02,E017,E299
N02,E017,E379
N02,E018,E247
N02,E018,E359
N02,E019,E214
N02,E019,E264
N02,E019,E316
N02,E019,E334
N02,E019,E352
N02,E020,E279
N02,E022,E215
N02,E022,E397
N02,E023,E201
N02,E023,E295
N02,E023,E300
N02,E024,E235
N02,E024,E250
N02,E026,E295
N02,E026,E296
N02,E026,E311
N02,E027,E239
N02,E027,E324
N02,E027,E327
N02,E028,E249
N02,E029,E374
N02,E030,E264
N02,E030,E276
N02,E030,E291
N02,E030,E372
N02,E030,E397
N02,E031,E233
N02,E031,E255
N02,E031,E336
N02,E032,E233
N02,E032,E267
N02,E033,E212
N02,E033,E360
N02,E033,E380
N02,E034,E329
N02,E034,E364
N02,E035,E261
N02,E035,E385
N02,E036,E353
N02,E036,E371
N02,E037,E233
N02,E038,E210
N02,E038,E217
N02,E038,E261
N02,E038,E274
N02,E039,E369
N02,E041,E202
N02,E041,E327
N02,E042,E216
N02,E042,E272
N02,E042,E352
N02,E042,E384
N02,E043,E266
N02,E043,E283
N02,E043,E303
N02,E045,E296
N02,E045,E331
N02,E045,E355
N02,E046,E225
N02,E046,E301
N02,E046,E357
N02,E046,E393
N02,E046,E394
N02,E047,E298
N02,E048,E209
N02,E049,E273
N02,E049,E352
N02,E050,E323
N02,E051,E221
N02,E051,E253
N02,E051,E259
N02,E051,E289
N02,E051,E298
N02,E051,E308
N02,E052,E317
N02,E053,E377
N02,E054,E268
N02,E054,E334
N02,E055,E223
N02,E055,E227
N02,E055,E244
N02,E055,E321
N02,E055,E375
N02,E056,E353
N02,E058,E341
N02,E058,E347
N02,E059,E229
N02,E061,E259
N02,E061,E362
N02,E062,E292
N02,E062,E314
N02,E064,E213
N02,E064,E248
N02,E064,E278
N02,E065,E350
N02,E066,E365
N02,E067,E234
N02,E067,E307
N02,E067,E331
N02,E068,E268
N02,E068,E285
N02,E069,E373
N02,E070,E396
N02,E071,E262
N02,E071,E274
N02,E071,E377
N02,E072,E330
N02,E073,E265
N02,E073,E329
N02,E074,E306
N02,E075,E304
N02,E075,E330
N02,E075,E361
N02,E076,E263
N02,E076,E299
N02,E076,E396
N02,E077,E243
N02,E077,E249
N02,E077,E364
N02,E079,E245
N02,E079,E280
N02,E080,E240
N02,E081,E312
N02,E081,E320
N02,E081,E363
N02,E081,E376
N02,E082,E382
N02,E084,E240
N02,E084,E242
N02,E085,E244
N02,E085,E256
N02,E085,E262
N02,E086,E316
N02,E087,E356
N02,E087,E395
N02,E088,E298
N02,E088,E303
N02,E089,E216
N02,E090,E286
N02,E091,E290
N02,E091,E358
N02,E092,E230
N02,E093,E270
N02,E095,E203
N02,E095,E239
N02,E096,E202
N02,E096,E387
N02,E098,E307
N02,E098,E347
N02,E099,E275
N02,E100,E215
N02,E102,E282
N02,E102,E390
N02,E103,E254
N02,E103,E292
N02,E103,E340
N02,E104,E202
N02,E105,E265
N02,E105,E320
N02,E105,E343
N02,E105,E374
N02,E107,E345
N02,E107,E377
N02,E108,E289
N02,E109,E345
N02,E110,E364
N02,E111,E225
N02,E111,E388
N02,E112,E318
N02,E112,E354
N02,E112,E368
N02,E112,E369
N02,E113,E293
N02,E113,E324
N02,E113,E340
N02,E114,E263
N02,E114,E281
N02,E114,E294
N02,E114,E349
N02,E114,E386
N02,E115,E232
N02,E115,E277
N02,E116,E291
N02,E117,E255
N02,E117,E370
N02,E119,E241
N02,E119,E254
N02,E119,E266
N02,E119,E286
N02,E119,E335
N02,E119,E369
N02,E120,E230
N02,E120,E267
N02,E120,E295
N02,E120,E386
N02,E121,E234
N02,E121,E309
N02,E121,E325
N02,E121,E335
N02,E121,E345
N02,E123,E264
N02,E123,E271
N02,E123,E305
N02,E123,E394
N02,E123,E395
N02,E124,E237
N02,E124,E302
N02,E124,E380
N02,E125,E242
N02,E125,E319
N02,E126,E207
N02,E126,E313
N02,E126,E346
N02,E127,E367
N02,E128,E209
N02,E128,E243
N02,E128,E246
N02,E128,E257
N02,E128,E310
N02,E128,E322
N02,E129,E388
N02,E129,E391
N02,E130,E313
N02,E130,E387
N02,E131,E272
N02,E131,E292
N02,E132,E356
N02,E132,E383
N02,E132,E384
N02,E133,E297
N02,E134,E271
N02,E135,E227
N02,E135,E240
N02,E135,E254
N02,E135,E306
N02,E135,E326
N02,E135,E348
N02,E135,E353
N02,E135,E371
N02,E137,E222
N02,E137,E328
N02,E137,E332
N02,E138,E341
N02,E139,E277
N02,E139,E378
N02,E140,E312
N02,E140,E380
N02,E140,E392
N02,E141,E350
N02,E141,E399
N02,E142,E215
N02,E142,E238
N02,E142,E299
N02,E143,E279
N02,E143,E316
N02,E143,E324
N02,E143,E346
N02,E143,E379
N02,E144,E203
N02,E144,E210
N02,E144,E306
N02,E146,E204
N02,E146,E223
N02,E146,E383
N02,E148,E220
N02,E148,E293
N02,E148,E318
N02,E149,E359
N02,E150,E339
N02,E150,E351
N02,E150,E371
N02,E151,E214
N02,E151,E230
N02,E152,E283
N02,E153,E270
N02,E153,E370
N02,E154,E278
N02,E154,E304
N02,E155,E205
N02,E155,E218
N02,E156,E208
N02,E156,E349
N02,E157,E228
N02,E157,E263
N02,E157,E319
N02,E158,E287
N02,E158,E288
N02,E158,E318
N02,E159,E291
N02,E159,E367
N02,E160,E308
N02,E160,E396
N02,E161,E300
N02,E161,E385
N02,E162,E211
N02,E162,E320
N02,E162,E339
N02,E162,E397
N02,E164,E394
N02,E165,E260
N02,E165,E269
N02,E165,E313
N02,E165,E386
N02,E166,E203
N02,E166,E234
N02,E167,E208
N02,E167,E322
N02,E168,E260
N02,E168,E355
N02,E169,E257
N02,E169,E329
N02,E170,E252
N02,E173,E277
N02,E174,E315
N02,E174,E348
N02,E175,E212
N02,E175,E325
N02,E175,E339
N02,E176,E226
N02,E176,E268
N02,E178,E382
N02,E179,E208
N02,E179,E333
N02,E180,E244
N02,E180,E393
N02,E181,E207
N02,E181,E275
N02,E181,E281
N02,E181,E393
N02,E183,E342
N02,E184,E270
N02,E184,E358
N02,E185,E251
N02,E185,E285
N02,E185,E335
N02,E185,E337
N02,E185,E343
N02,E186,E231
N02,E186,E379
N02,E187,E209
N02,E187,E281
N02,E187,E303
N02,E187,E338
N02,E187,E381
N02,E188,E285
N02,E188,E366
N02,E190,E395
N02,E191,E207
N02,E191,E260
N02,E191,E342
N02,E192,E232
N02,E192,E355
N02,E194,E200
N02,E195,E342
N02,E196,E220
N02,E196,E398
N02,E197,E271
N02,E197,E312
N02,E198,E221
N02,E198,E322
N02,E198,E328
N02,E198,E340
N02,E199,E204
N02,E199,E236
N02,E199,E344
N02,E200,E430
N02,E201,E540
N02,E201,E563
N02,E201,E592
N02,E203,E453
N02,E204,E404
N02,E205,E433
N02,E205,E498
N02,E205,E531
N02,E206,E503
N02,E207,E423
N02,E207,E457
N02,E207,E470
N02,E208,E502
N02,E208,E550
N02,E208,E589
N02,E209,E542
N02,E210,E443
N02,E210,E593
N02,E211,E406
N02,E211,E436
N02,E211,E486
N02,E211,E504
N02,E212,E477
N02,E212,E519
N02,E212,E575
N02,E213,E595
N02,E214,E485
N02,E214,E580
N02,E215,E446
N02,E215,E503
N02,E215,E510
N02,E215,E570
N02,E217,E419
N02,E217,E529
N02,E217,E538
N02,E218,E407
N02,E218,E422
N02,E218,E458
N02,E218,E519
N02,E219,E507
N02,E220,E509
N02,E222,E408
N02,E222,E477
N02,E222,E579
N02,E223,E545
N02,E224,E447
N02,E224,E501
N02,E224,E513
N02,E225,E431
N02,E225,E557
N02,E225,E579
N02,E226,E464
N02,E226,E591
N02,E227,E456
N02,E228,E414
N02,E228,E559
N02,E229,E465
N02,E229,E529
N02,E229,E538
N02,E230,E514
N02,E230,E597
N02,E231,E411
N02,E231,E461
N02,E231,E487
N02,E231,E555
N02,E232,E466
N02,E232,E498
N02,E232,E541
N02,E233,E491
N02,E234,E404
N02,E234,E443
N02,E234,E510
N02,E235,E515
N02,E235,E539
N02,E236,E430
N02,E237,E437
N02,E237,E577
N02,E238,E404
N02,E238,E525
N02,E238,E588
N02,E239,E540
N02,E241,E496
N02,E241,E526
N02,E241,E585
N02,E241,E594
N02,E242,E414
N02,E243,E470
N02,E243,E496
N02,E243,E576
N02,E244,E486
N02,E244,E570
N02,E245,E564
N02,E246,E443
N02,E246,E569
N02,E247,E408
N02,E247,E565
N02,E249,E540
N02,E250,E460
N02,E250,E469
N02,E250,E544
N02,E251,E444
N02,E251,E589
N02,E252,E452
N02,E253,E528
N02,E254,E425
N02,E254,E496
N02,E254,E556
N02,E255,E400
N02,E255,E406
N02,E255,E420
N02,E255,E467
N02,E256,E450
N02,E256,E477
N02,E256,E489
N02,E257,E426
N02,E257,E568
N02,E257,E573
N02,E259,E438
N02,E259,E472
N02,E259,E558
N02,E260,E426
N02,E261,E455
N02,E261,E592
N02,E262,E424
N02,E262,E572
N02,E263,E533
N02,E264,E538
N02,E264,E560
N02,E264,E588
N02,E265,E578
N02,E266,E412
N02,E266,E435
N02,E266,E448
N02,E266,E515
N02,E267,E555
N02,E267,E564
N02,E268,E520
N02,E268,E524
N02,E268,E578
N02,E268,E579
N02,E269,E592
N02,E270,E409
N02,E270,E575
N02,E271,E458
N02,E271,E471
N02,E271,E509
N02,E272,E463
N02,E272,E523
N02,E272,E564
N02,E273,E536
N02,E273,E567
N02,E273,E597
N02,E274,E480
N02,E274,E562
N02,E276,E417
N02,E276,E467
N02,E276,E574
N02,E277,E405
N02,E278,E555
N02,E279,E561
N02,E280,E515
N02,E281,E431
N02,E281,E459
N02,E282,E430
N02,E282,E444
N02,E283,E482
N02,E283,E500
N02,E283,E599
N02,E284,E429
N02,E285,E476
N02,E285,E590
N02,E286,E559
N02,E287,E411
N02,E287,E500
N02,E287,E537
N02,E287,E566
N02,E289,E428
N02,E289,E451
N02,E290,E448
N02,E290,E449
N02,E291,E407
N02,E291,E425
N02,E292,E476
N02,E292,E493
N02,E292,E495
N02,E293,E435
N02,E293,E599
N02,E294,E467
N02,E294,E469
N02,E294,E516
N02,E294,E518
N02,E294,E534
N02,E295,E400
N02,E295,E511
N02,E295,E583
N02,E295,E588
N02,E296,E424
N02,E296,E578
N02,E297,E480
N02,E298,E436
N02,E299,E530
N02,E300,E565
N02,E301,E516
N02,E302,E492
N02,E302,E502
N02,E302,E549
N02,E303,E546
N02,E304,E457
N02,E305,E414
N02,E306,E447
N02,E306,E512
N02,E307,E440
N02,E307,E517
N02,E307,E518
N02,E308,E539
N02,E309,E422
N02,E309,E440
N02,E311,E442
N02,E311,E471
N02,E311,E534
N02,E312,E406
N02,E312,E438
N02,E312,E473
N02,E312,E488
N02,E312,E590
N02,E313,E405
N02,E313,E552
N02,E314,E405
N02,E314,E457
N02,E314,E563
N02,E314,E566
N02,E315,E401
N02,E315,E529
N02,E316,E439
N02,E316,E468
N02,E316,E506
N02,E316,E511
N02,E317,E548
N02,E318,E475
N02,E318,E512
N02,E318,E525
N02,E319,E445
N02,E319,E582
N02,E320,E433
N02,E320,E517
N02,E320,E526
N02,E321,E411
N02,E321,E497
N02,E321,E519
N02,E323,E522
N02,E324,E541
N02,E326,E448
N02,E326,E469
N02,E326,E511
N02,E326,E596
N02,E327,E429
N02,E327,E483
N02,E327,E544
N02,E328,E421
N02,E328,E423
N02,E328,E449
N02,E328,E527
N02,E329,E590
N02,E330,E445
N02,E330,E524
N02,E330,E574
N02,E331,E462
N02,E331,E484
N02,E332,E415
N02,E332,E416
N02,E332,E525
N02,E333,E407
N02,E333,E513
N02,E333,E536
N02,E334,E465
N02,E334,E551
N02,E335,E413
N02,E335,E432
N02,E335,E532
N02,E335,E542
N02,E337,E595
N02,E339,E565
N02,E339,E575
N02,E340,E454
N02,E340,E536
N02,E340,E556
N02,E342,E451
N02,E342,E478
N02,E342,E534
N02,E342,E543
N02,E343,E475
N02,E343,E512
N02,E343,E572
N02,E345,E450
N02,E345,E596
N02,E346,E483
N02,E346,E494
N02,E346,E502
N02,E347,E481
N02,E347,E522
N02,E347,E566
N02,E348,E418
N02,E348,E509
N02,E348,E516
N02,E348,E572
N02,E350,E495
N02,E350,E558
N02,E351,E402
N02,E351,E434
N02,E351,E541
N02,E352,E424
N02,E352,E491
N02,E352,E518
N02,E353,E434
N02,E354,E599
N02,E355,E429
N02,E357,E547
N02,E358,E530
N02,E360,E410
N02,E360,E491
N02,E360,E530
N02,E362,E442
N02,E363,E459
N02,E363,E474
N02,E364,E427
N02,E364,E558
N02,E365,E586
N02,E366,E408
N02,E367,E432
N02,E368,E427
N02,E368,E508
N02,E368,E531
N02,E368,E554
N02,E368,E586
N02,E368,E587
N02,E368,E598
N02,E369,E431
N02,E369,E478
N02,E369,E537
N02,E369,E593
N02,E370,E463
N02,E370,E593
N02,E371,E446
N02,E372,E450
N02,E372,E459
N02,E372,E490
N02,E372,E535
N02,E372,E571
N02,E372,E584
N02,E373,E486
N02,E373,E499
N02,E374,E416
N02,E374,E497
N02,E375,E421
N02,E375,E513
N02,E376,E479
N02,E376,E521
N02,E376,E595
N02,E377,E444
N02,E377,E539
N02,E378,E403
N02,E378,E474
N02,E378,E521
N02,E379,E500
N02,E381,E483
N02,E381,E505
N02,E381,E506
N02,E382,E409
N02,E382,E413
N02,E382,E506
N02,E382,E580
N02,E382,E589
N02,E383,E481
N02,E384,E401
N02,E384,E472
N02,E384,E581
N02,E385,E461
N02,E385,E597
N02,E386,E494
N02,E386,E533
N02,E387,E435
N02,E387,E440
N02,E387,E474
N02,E387,E573
N02,E387,E596
N02,E388,E433
N02,E388,E441
N02,E388,E569
N02,E389,E425
N02,E389,E427
N02,E389,E522
N02,E389,E542
N02,E390,E551
N02,E391,E434
N02,E391,E569
N02,E392,E460
N02,E393,E409
N02,E394,E504
N02,E394,E543
N02,E395,E447
N02,E395,E553
N02,E396,E489
N02,E397,E528
N02,E397,E580
N02,E398,E415
N02,E398,E470
N02,E398,E494
N02,E399,E586
N02,E400,E722
N02,E400,E762
N02,E401,E657
N02,E401,E678
N02,E401,E686
N02,E401,E729
N02,E401,E741
N02,E402,E642
N02,E402,E651
N02,E402,E759
N02,E402,E794
N02,E403,E626
N02,E403,E644
N02,E403,E744
N02,E404,E606
N02,E404,E724
N02,E405,E693
N02,E406,E630
N02,E407,E613
N02,E407,E761
N02,E407,E774
N02,E408,E722
N02,E409,E704
N02,E411,E631
N02,E412,E633
N02,E412,E732
N02,E412,E734
N02,E413,E617
N02,E413,E660
N02,E413,E662
N02,E413,E705
N02,E413,E775
N02,E413,E784
N02,E414,E620
N02,E414,E790
N02,E415,E650
N02,E415,E696
N02,E415,E726
N02,E415,E774
N02,E415,E796
N02,E416,E709
N02,E417,E629
N02,E417,E651
N02,E417,E694
N02,E417,E695
N02,E417,E726
N02,E417,E741
N02,E417,E743
N02,E418,E619
N02,E418,E714
N02,E419,E692
N02,E419,E770
N02,E420,E636
N02,E420,E649
N02,E420,E728
N02,E420,E739
N02,E420,E765
N02,E421,E616
N02,E421,E671
N02,E421,E742
N02,E421,E760
N02,E421,E762
N02,E421,E787
N02,E422,E653
N02,E422,E716
N02,E424,E630
N02,E424,E685
N02,E424,E695
N02,E424,E790
N02,E425,E682
N02,E425,E683
N02,E426,E615
N02,E426,E632
N02,E426,E785
N02,E427,E643
N02,E428,E606
N02,E428,E641
N02,E429,E725
N02,E430,E606
N02,E430,E758
N02,E430,E799
N02,E431,E616
N02,E431,E725
N02,E431,E759
N02,E432,E601
N02,E432,E633
N02,E432,E710
N02,E433,E730
N02,E433,E798
N02,E434,E612
N02,E434,E624
N02,E434,E663
N02,E434,E698
N02,E435,E604
N02,E435,E699
N02,E435,E784
N02,E436,E626
N02,E437,E696
N02,E437,E703
N02,E437,E746
N02,E437,E775
N02,E437,E781
N02,E438,E624
N02,E438,E761
N02,E438,E795
N02,E439,E680
N02,E440,E639
N02,E440,E702
N02,E441,E607
N02,E441,E675
N02,E442,E655
N02,E442,E691
N02,E442,E763
N02,E443,E628
N02,E443,E673
N02,E443,E698
N02,E444,E632
N02,E444,E645
N02,E444,E771
N02,E444,E793
N02,E445,E640
N02,E445,E674
N02,E445,E750
N02,E445,E759
N02,E446,E668
N02,E446,E717
N02,E447,E740
N02,E448,E722
N02,E449,E625
N02,E449,E716
N02,E449,E717
N02,E450,E736
N02,E450,E758
N02,E451,E764
N02,E451,E792
N02,E452,E780
N02,E453,E690
N02,E453,E782
N02,E455,E640
N02,E456,E755
N02,E456,E769
N02,E456,E773
N02,E458,E600
N02,E458,E777
N02,E459,E615
N02,E459,E617
N02,E459,E793
N02,E460,E687
N02,E461,E713
N02,E461,E793
N02,E462,E799
N02,E463,E693
N02,E464,E604
N02,E464,E692
N02,E464,E747
N02,E464,E752
N02,E464,E776
N02,E465,E659
N02,E466,E718
N02,E466,E727
N02,E466,E765
N02,E467,E676
N02,E468,E688
N02,E469,E764
N02,E469,E786
N02,E470,E765
N02,E471,E649
N02,E471,E751
N02,E472,E618
N02,E472,E782
N02,E473,E623
N02,E473,E652
N02,E473,E689
N02,E473,E742
N02,E474,E796
N02,E476,E625
N02,E476,E780
N02,E478,E600
N02,E478,E656
N02,E478,E671
N02,E478,E694
N02,E478,E751
N02,E478,E782
N02,E478,E786
N02,E478,E788
N02,E479,E608
N02,E479,E611
N02,E479,E783
N02,E480,E635
N02,E481,E731
N02,E482,E681
N02,E482,E745
N02,E482,E757
N02,E483,E656
N02,E483,E754
N02,E484,E763
N02,E484,E769
N02,E486,E694
N02,E486,E706
N02,E486,E719
N02,E486,E733
N02,E486,E748
N02,E487,E641
N02,E487,E724
N02,E489,E612
N02,E489,E721
N02,E489,E748
N02,E489,E754
N02,E490,E628
N02,E490,E663
N02,E490,E702
N02,E490,E738
N02,E490,E785
N02,E491,E647
N02,E493,E769
N02,E493,E786
N02,E494,E751
N02,E494,E789
N02,E495,E602
N02,E498,E689
N02,E499,E668
N02,E499,E670
N02,E499,E698
N02,E499,E748
N02,E500,E647
N02,E500,E745
N02,E501,E682
N02,E501,E697
N02,E501,E700
N02,E501,E742
N02,E501,E743
N02,E502,E638
N02,E502,E709
N02,E502,E787
N02,E504,E646
N02,E504,E750
N02,E505,E632
N02,E506,E755
N02,E506,E778
N02,E506,E787
N02,E507,E671
N02,E507,E784
N02,E508,E692
N02,E508,E731
N02,E508,E733
N02,E508,E792
N02,E509,E658
N02,E509,E719
N02,E509,E741
N02,E510,E625
N02,E511,E745
N02,E512,E681
N02,E512,E755
N02,E512,E772
N02,E513,E749
N02,E514,E610
N02,E514,E669
N02,E514,E792
N02,E515,E612
N02,E515,E622
N02,E515,E679
N02,E515,E701
N02,E516,E677
N02,E517,E717
N02,E517,E718
N02,E517,E727
N02,E520,E702
N02,E520,E707
N02,E520,E734
N02,E521,E661
N02,E521,E682
N02,E523,E664
N02,E523,E736
N02,E523,E778
N02,E523,E798
N02,E524,E756
N02,E524,E764
N02,E527,E617
N02,E527,E676
N02,E527,E760
N02,E528,E601
N02,E528,E666
N02,E529,E719
N02,E530,E641
N02,E531,E768
N02,E531,E789
N02,E535,E707
N02,E535,E753
N02,E536,E619
N02,E536,E683
N02,E537,E614
N02,E538,E673
N02,E538,E684
N02,E538,E731
N02,E538,E739
N02,E539,E668
N02,E539,E795
N02,E540,E608
N02,E540,E762
N02,E540,E791
N02,E540,E797
N02,E541,E633
N02,E541,E666
N02,E541,E677
N02,E541,E737
N02,E542,E619
N02,E543,E614
N02,E543,E622
N02,E543,E673
N02,E543,E735
N02,E544,E627
N02,E546,E615
N02,E546,E756
N02,E547,E708
N02,E548,E639
N02,E548,E654
N02,E548,E753
N02,E548,E779
N02,E550,E631
N02,E550,E660
N02,E550,E666
N02,E550,E708
N02,E551,E700
N02,E552,E704
N02,E554,E679
N02,E554,E715
N02,E554,E761
N02,E555,E746
N02,E556,E655
N02,E556,E723
N02,E557,E614
N02,E559,E738
N02,E560,E605
N02,E560,E713
N02,E560,E720
N02,E560,E747
N02,E561,E684
N02,E561,E688
N02,E561,E778
N02,E561,E799
N02,E562,E630
N02,E562,E636
N02,E562,E773
N02,E563,E635
N02,E563,E650
N02,E563,E672
N02,E563,E691
N02,E564,E611
N02,E564,E715
N02,E566,E634
N02,E567,E766
N02,E568,E665
N02,E568,E690
N02,E569,E635
N02,E569,E674
N02,E569,E711
N02,E571,E603
N02,E571,E637
N02,E571,E703
N02,E571,E776
N02,E573,E781
N02,E573,E783
N02,E574,E613
N02,E574,E642
N02,E574,E684
N02,E575,E654
N02,E575,E664
N02,E575,E667
N02,E575,E749
N02,E576,E733
N02,E576,E735
N02,E577,E626
N02,E577,E664
N02,E578,E647
N02,E579,E734
N02,E580,E627
N02,E580,E661
N02,E580,E727
N02,E581,E767
N02,E581,E773
N02,E582,E648
N02,E582,E746
N02,E583,E677
N02,E583,E712
N02,E583,E750
N02,E584,E650
N02,E584,E703
N02,E585,E634
N02,E585,E644
N02,E585,E772
N02,E586,E756
N02,E587,E609
N02,E588,E621
N02,E589,E763
N02,E589,E779
N02,E592,E779
N02,E594,E608
N02,E594,E645
N02,E594,E798
N02,E595,E651
N02,E595,E753
N02,E595,E783
N02,E596,E700
N02,E596,E704
N02,E596,E726
N02,E596,E767
N02,E597,E636
N02,E597,E780
N02,E598,E736
N02,E598,E794
N02,E599,E795
N02,E601,E836
N02,E601,E871
N02,E601,E935
N02,E602,E956
N02,E603,E829
N02,E603,E916
N02,E603,E925
N02,E603,E934
N02,E603,E978
N02,E604,E816
N02,E604,E888
N02,E604,E995
N02,E606,E867
N02,E607,E860
N02,E607,E924
N02,E607,E953
N02,E608,E859
N02,E608,E909
N02,E608,E991
N02,E608,E997
N02,E609,E813
N02,E609,E880
N02,E610,E838
N02,E610,E981
N02,E611,E893
N02,E611,E961
N02,E613,E819
N02,E614,E950
N02,E614,E973
N02,E615,E865
N02,E615,E998
N02,E616,E959
N02,E616,E983
N02,E617,E832
N02,E617,E879
N02,E617,E955
N02,E618,E983
N02,E619,E993
N02,E620,E863
N02,E620,E877
N02,E621,E801
N02,E621,E837
N02,E621,E855
N02,E622,E922
N02,E622,E941
N02,E623,E814
N02,E623,E867
N02,E623,E887
N02,E623,E992
N02,E624,E810
N02,E625,E852
N02,E625,E910
N02,E625,E936
N02,E626,E817
N02,E626,E898
N02,E627,E846
N02,E627,E949
N02,E628,E825
N02,E628,E901
N02,E628,E912
N02,E628,E939
N02,E630,E812
N02,E630,E826
N02,E631,E954
N02,E632,E954
N02,E632,E985
N02,E633,E800
N02,E633,E848
N02,E634,E937
N02,E634,E965
N02,E635,E819
N02,E635,E898
N02,E635,E966
N02,E636,E883
N02,E636,E888
N02,E637,E885
N02,E637,E897
N02,E638,E863
N02,E640,E817
N02,E640,E887
N02,E640,E953
N02,E640,E995
N02,E641,E914
N02,E641,E918
N02,E641,E923
N02,E641,E967
N02,E642,E828
N02,E642,E841
N02,E642,E855
N02,E643,E828
N02,E643,E857
N02,E644,E884
N02,E644,E911
N02,E644,E918
N02,E645,E869
N02,E645,E920
N02,E646,E871
N02,E646,E997
N02,E647,E958
N02,E648,E996
N02,E649,E928
N02,E650,E829
N02,E650,E867
N02,E651,E909
N02,E652,E806
N02,E652,E900
N02,E653,E897
N02,E653,E978
N02,E654,E834
N02,E655,E849
N02,E655,E877
N02,E655,E933
N02,E655,E967
N02,E656,E919
N02,E657,E830
N02,E657,E908
N02,E658,E980
N02,E659,E864
N02,E659,E876
N02,E660,E943
N02,E661,E916
N02,E662,E824
N02,E662,E832
N02,E662,E907
N02,E663,E963
N02,E664,E868
N02,E665,E945
N02,E666,E888
N02,E666,E910
N02,E667,E810
N02,E667,E924
N02,E668,E849
N02,E668,E902
N02,E668,E968
N02,E670,E870
N02,E670,E902
N02,E671,E907
N02,E671,E923
N02,E671,E968
N02,E671,E973
N02,E673,E914
N02,E673,E936
N02,E674,E834
N02,E674,E894
N02,E674,E913
N02,E674,E967
N02,E676,E827
N02,E676,E852
N02,E676,E853
N02,E676,E928
N02,E676,E950
N02,E677,E919
N02,E678,E850
N02,E678,E868
N02,E679,E921
N02,E679,E987
N02,E681,E817
N02,E682,E864
N02,E683,E844
N02,E684,E807
N02,E684,E823
N02,E685,E916
N02,E685,E934
N02,E686,E823
N02,E686,E845
N02,E686,E903
N02,E686,E938
N02,E686,E991
N02,E687,E868
N02,E687,E875
N02,E687,E877
N02,E687,E895
N02,E687,E904
N02,E687,E906
N02,E688,E897
N02,E688,E951
N02,E690,E803
N02,E690,E846
N02,E690,E926
N02,E690,E974
N02,E691,E802
N02,E691,E833
N02,E692,E883
N02,E692,E957
N02,E693,E856
N02,E694,E812
N02,E695,E802
N02,E695,E844
N02,E695,E944
N02,E696,E839
N02,E696,E977
N02,E697,E818
N02,E697,E959
N02,E697,E998
N02,E698,E835
N02,E698,E863
N02,E698,E891
N02,E698,E932
N02,E699,E917
N02,E699,E968
N02,E699,E990
N02,E700,E997
N02,E701,E822
N02,E701,E856
N02,E701,E942
N02,E702,E882
N02,E702,E920
N02,E702,E965
N02,E703,E852
N02,E703,E970
N02,E703,E979
N02,E704,E851
N02,E704,E906
N02,E704,E960
N02,E705,E972
N02,E705,E989
N02,E707,E864
N02,E707,E878
N02,E707,E963
N02,E708,E883
N02,E709,E940
N02,E711,E907
N02,E711,E965
N02,E712,E813
N02,E712,E919
N02,E713,E841
N02,E715,E875
N02,E715,E930
N02,E717,E822
N02,E717,E964
N02,E718,E960
N02,E719,E806
N02,E719,E823
N02,E719,E861
N02,E719,E865
N02,E719,E912
N02,E719,E955
N02,E720,E873
N02,E720,E909
N02,E721,E957
N02,E722,E918
N02,E723,E811
N02,E723,E835
N02,E723,E846
N02,E723,E866
N02,E725,E805
N02,E725,E929
N02,E725,E931
N02,E725,E952
N02,E726,E891
N02,E726,E960
N02,E727,E861
N02,E727,E890
N02,E727,E947
N02,E727,E971
N02,E728,E901
N02,E728,E933
N02,E729,E803
N02,E729,E927
N02,E729,E962
N02,E730,E848
N02,E730,E987
N02,E732,E930
N02,E733,E999
N02,E734,E987
N02,E735,E896
N02,E735,E929
N02,E737,E854
N02,E737,E922
N02,E737,E943
N02,E737,E976
N02,E737,E984
N02,E737,E988
N02,E738,E976
N02,E738,E982
N02,E739,E804
N02,E739,E999
N02,E741,E815
N02,E741,E829
N02,E741,E901
N02,E741,E973
N02,E741,E990
N02,E741,E998
N02,E742,E862
N02,E742,E873
N02,E742,E889
N02,E743,E850
N02,E743,E896
N02,E745,E844
N02,E745,E932
N02,E746,E874
N02,E746,E946
N02,E746,E969
N02,E746,E994
N02,E747,E815
N02,E747,E821
N02,E747,E931
N02,E747,E938
N02,E748,E870
N02,E748,E872
N02,E749,E905
N02,E752,E875
N02,E754,E871
N02,E754,E928
N02,E754,E934
N02,E755,E813
N02,E755,E881
N02,E755,E887
N02,E755,E958
N02,E755,E994
N02,E756,E843
N02,E756,E926
N02,E756,E941
N02,E756,E978
N02,E757,E851
N02,E757,E874
N02,E757,E977
N02,E757,E989
N02,E757,E990
N02,E758,E860
N02,E759,E970
N02,E759,E988
N02,E761,E842
N02,E761,E876
N02,E761,E957
N02,E762,E917
N02,E762,E986
N02,E763,E866
N02,E764,E840
N02,E764,E933
N02,E764,E946
N02,E764,E959
N02,E765,E805
N02,E765,E849
N02,E765,E858
N02,E766,E886
N02,E767,E931
N02,E767,E969
N02,E768,E895
N02,E768,E955
N02,E769,E818
N02,E769,E948
N02,E771,E802
N02,E771,E824
N02,E771,E847
N02,E771,E878
N02,E774,E800
N02,E774,E808
N02,E774,E899
N02,E775,E860
N02,E775,E983
N02,E776,E819
N02,E776,E821
N02,E776,E977
N02,E777,E988
N02,E778,E811
N02,E778,E815
N02,E778,E896
N02,E778,E913
N02,E779,E876
N02,E779,E892
N02,E779,E994
N02,E780,E824
N02,E780,E900
N02,E780,E974
N02,E781,E826
N02,E781,E843
N02,E781,E975
N02,E781,E985
N02,E782,E808
N02,E783,E892
N02,E784,E972
N02,E785,E898
N02,E786,E822
N02,E786,E833
N02,E787,E806
N02,E787,E899
N02,E788,E809
N02,E788,E835
N02,E788,E938
N02,E788,E984
N02,E789,E862
N02,E790,E936
N02,E790,E944
N02,E790,E981
N02,E792,E851
N02,E792,E865
N02,E792,E951
N02,E793,E945
N02,E794,E807
N02,E794,E820
N02,E794,E902
N02,E794,E950
N02,E794,E972
N02,E795,E855
N02,E795,E963
N02,E795,E984
N02,E796,E924
N02,E796,E927
N02,E797,E915
N02,E798,E889
N02,E798,E912
N02,E798,E948
N02,E799,E831
N02,E799,E937
N02,E799,E969
N02,E799,E981
N02,E799,E999
N03,E000,E310
N03,E001,E351
N03,E002,E227
N03,E003,E326
N03,E004,E277
N03,E004,E279
N03,E004,E377
N03,E006,E223
N03,E006,E233
N03,E006,E259
N03,E007,E253
N03,E007,E299
N03,E007,E303
N03,E007,E378
N03,E007,E389
N03,E008,E263
N03,E008,E357
N03,E008,E360
N03,E009,E239
N03,E009,E282
N03,E010,E219
N03,E010,E234
N03,E010,E312
N03,E010,E316
N03,E011,E304
N03,E011,E341
N03,E011,E361
N03,E011,E375
N03,E012,E204
N03,E012,E228
N03,E012,E286
N03,E013,E306
N03,E015,E223
N03,E015,E296
N03,E016,E221
N03,E016,E283
N03,E016,E304
N03,E016,E361
N03,E017,E214
N03,E017,E217
N03,E017,E273
N03,E018,E213
N03,E019,E334
N03,E019,E335
N03,E019,E372
N03,E020,E210
N03,E020,E255
N03,E020,E297
N03,E020,E341
N03,E021,E226
N03,E021,E240
N03,E021,E250
N03,E021,E288
N03,E022,E214
N03,E022,E256
N03,E022,E262
N03,E023,E203
N03,E023,E242
N03,E023,E289
N03,E024,E219
N03,E024,E291
N03,E025,E213
N03,E025,E241
N03,E025,E263
N03,E026,E257
N03,E026,E270
N03,E027,E295
N03,E028,E225
N03,E028,E328
N03,E029,E239
N03,E032,E202
N03,E032,E276
N03,E032,E293
N03,E032,E351
N03,E032,E366
N03,E033,E201
N03,E033,E208
N03,E033,E240
N03,E033,E263
N03,E034,E362
N03,E035,E248
N03,E035,E376
N03,E037,E280
N03,E037,E312
N03,E037,E314
N03,E038,E368
N03,E040,E231
N03,E041,E209
N03,E042,E360
N03,E042,E370
N03,E043,E256
N03,E043,E278
N03,E045,E219
N03,E045,E257
N03,E046,E224
N03,E046,E300
N03,E046,E302
N03,E047,E336
N03,E049,E243
N03,E050,E326
N03,E050,E359
N03,E051,E309
N03,E051,E319
N03,E052,E275
N03,E052,E358
N03,E053,E295
N03,E053,E342
N03,E054,E262
N03,E056,E200
N03,E056,E279
N03,E056,E292
N03,E057,E205
N03,E057,E248
N03,E057,E254
N03,E058,E325
N03,E059,E256
N03,E059,E273
N03,E059,E291
N03,E059,E389
N03,E060,E264
N03,E060,E293
N03,E063,E247
N03,E063,E269
N03,E063,E382
N03,E064,E284
N03,E064,E302
N03,E064,E360
N03,E065,E329
N03,E065,E368
N03,E066,E248
N03,E066,E250
N03,E066,E258
N03,E067,E245
N03,E067,E340
N03,E067,E381
N03,E068,E258
N03,E068,E265
N03,E069,E295
N03,E070,E235
N03,E070,E286
N03,E070,E289
N03,E071,E210
N03,E071,E353
N03,E071,E365
N03,E072,E231
N03,E072,E294
N03,E072,E323
N03,E072,E383
N03,E073,E323
N03,E073,E386
N03,E074,E212
N03,E074,E244
N03,E074,E344
N03,E074,E382
N03,E075,E390
N03,E077,E242
N03,E077,E289
N03,E077,E359
N03,E078,E288
N03,E079,E209
N03,E079,E278
N03,E079,E376
N03,E080,E215
N03,E080,E251
N03,E080,E255
N03,E080,E269
N03,E080,E334
N03,E080,E347
N03,E081,E264
N03,E081,E277
N03,E082,E254
N03,E083,E396
N03,E084,E332
N03,E085,E238
N03,E085,E331
N03,E086,E236
N03,E086,E271
N03,E086,E374
N03,E086,E390
N03,E087,E254
N03,E087,E268
N03,E087,E380
N03,E087,E396
N03,E088,E239
N03,E088,E305
N03,E088,E350
N03,E089,E257
N03,E089,E281
N03,E089,E342
N03,E091,E306
N03,E092,E336
N03,E092,E345
N03,E093,E284
N03,E093,E343
N03,E094,E298
N03,E095,E381
N03,E096,E397
N03,E097,E244
N03,E097,E252
N03,E097,E332
N03,E097,E393
N03,E097,E399
N03,E098,E290
N03,E098,E294
N03,E099,E357
N03,E100,E232
N03,E100,E321
N03,E101,E230
N03,E101,E264
N03,E101,E394
N03,E102,E249
N03,E103,E279
N03,E104,E274
N03,E104,E347
N03,E105,E284
N03,E105,E314
N03,E105,E336
N03,E105,E371
N03,E106,E236
N03,E106,E265
N03,E107,E200
N03,E107,E206
N03,E108,E240
N03,E109,E213
N03,E109,E273
N03,E109,E364
N03,E110,E233
N03,E110,E244
N03,E111,E204
N03,E111,E260
N03,E113,E282
N03,E114,E359
N03,E114,E390
N03,E115,E281
N03,E115,E385
N03,E117,E276
N03,E117,E346
N03,E117,E380
N03,E118,E267
N03,E118,E281
N03,E118,E366
N03,E119,E209
N03,E120,E311
N03,E123,E202
N03,E123,E221
N03,E123,E385
N03,E124,E293
N03,E126,E217
N03,E126,E222
N03,E126,E361
N03,E126,E363
N03,E127,E229
N03,E127,E397
N03,E128,E300
N03,E128,E315
N03,E128,E374
N03,E128,E385
N03,E130,E204
N03,E130,E396
N03,E131,E324
N03,E131,E395
N03,E132,E332
N03,E132,E337
N03,E132,E342
N03,E132,E355
N03,E132,E392
N03,E133,E300
N03,E133,E333
N03,E134,E218
N03,E135,E287
N03,E136,E301
N03,E136,E331
N03,E136,E392
N03,E137,E251
N03,E137,E270
N03,E137,E322
N03,E139,E330
N03,E140,E272
N03,E140,E292
N03,E141,E237
N03,E141,E287
N03,E141,E379
N03,E143,E277
N03,E143,E353
N03,E143,E379
N03,E144,E207
N03,E144,E265
N03,E146,E303
N03,E147,E266
N03,E147,E269
N03,E148,E211
N03,E148,E225
N03,E148,E337
N03,E148,E357
N03,E149,E203
N03,E150,E242
N03,E150,E320
N03,E150,E367
N03,E150,E378
N03,E152,E200
N03,E152,E296
N03,E152,E384
N03,E152,E386
N03,E153,E216
N03,E153,E294
N03,E153,E320
N03,E154,E233
N03,E154,E355
N03,E154,E379
N03,E155,E215
N03,E155,E271
N03,E156,E302
N03,E156,E322
N03,E157,E373
N03,E158,E253
N03,E158,E314
N03,E159,E203
N03,E159,E212
N03,E159,E325
N03,E159,E349
N03,E159,E362
N03,E161,E246
N03,E161,E348
N03,E161,E371
N03,E162,E230
N03,E163,E245
N03,E163,E251
N03,E164,E241
N03,E164,E287
N03,E164,E399
N03,E165,E214
N03,E165,E241
N03,E166,E210
N03,E166,E368
N03,E167,E211
N03,E167,E318
N03,E167,E363
N03,E167,E369
N03,E168,E354
N03,E170,E391
N03,E171,E250
N03,E171,E261
N03,E171,E323
N03,E171,E324
N03,E171,E337
N03,E171,E374
N03,E171,E382
N03,E173,E208
N03,E173,E387
N03,E173,E389
N03,E173,E398
N03,E174,E252
N03,E174,E371
N03,E176,E211
N03,E176,E352
N03,E177,E388
N03,E179,E260
N03,E179,E286
N03,E180,E245
N03,E180,E304
N03,E180,E326
N03,E180,E369
N03,E181,E238
N03,E181,E307
N03,E181,E356
N03,E181,E398
N03,E182,E317
N03,E183,E339
N03,E183,E365
N03,E184,E319
N03,E185,E236
N03,E185,E292
N03,E186,E377
N03,E187,E278
N03,E187,E338
N03,E187,E377
N03,E188,E247
N03,E188,E308
N03,E188,E350
N03,E189,E267
N03,E190,E313
N03,E192,E225
N03,E192,E274
N03,E192,E285
N03,E193,E208
N03,E193,E246
N03,E193,E393
N03,E194,E327
N03,E195,E220
N03,E195,E299
N03,E196,E260
N03,E196,E388
N03,E196,E392
N03,E199,E270
N03,E199,E313
N03,E200,E418
N03,E200,E466
N03,E200,E536
N03,E200,E548
N03,E202,E503
N03,E202,E506
N03,E204,E431
N03,E206,E418
N03,E206,E493
N03,E207,E454
N03,E208,E410
N03,E209,E591
N03,E210,E451
N03,E210,E508
N03,E210,E519
N03,E211,E557
N03,E212,E449
N03,E213,E528
N03,E213,E549
N03,E213,E588
N03,E214,E495
N03,E215,E465
N03,E215,E490
N03,E215,E511
N03,E215,E560
N03,E215,E566
N03,E215,E582
N03,E216,E497
N03,E217,E524
N03,E217,E556
N03,E218,E450
N03,E218,E498
N03,E219,E599
N03,E220,E494
N03,E221,E493
N03,E221,E496
N03,E222,E441
N03,E222,E460
N03,E222,E517
N03,E222,E520
N03,E222,E531
N03,E222,E578
N03,E224,E412
N03,E225,E581
N03,E225,E594
N03,E226,E424
N03,E226,E587
N03,E227,E569
N03,E228,E425
N03,E228,E525
N03,E229,E554
N03,E230,E476
N03,E233,E415
N03,E233,E568
N03,E235,E442
N03,E236,E516
N03,E237,E402
N03,E237,E418
N03,E237,E451
N03,E237,E513
N03,E237,E594
N03,E238,E482
N03,E239,E406
N03,E240,E473
N03,E241,E408
N03,E241,E458
N03,E244,E423
N03,E244,E447
N03,E244,E505
N03,E245,E474
N03,E245,E574
N03,E246,E562
N03,E246,E592
N03,E247,E403
N03,E247,E409
N03,E247,E462
N03,E247,E509
N03,E248,E580
N03,E249,E402
N03,E249,E428
N03,E249,E488
N03,E249,E504
N03,E249,E510
N03,E249,E587
N03,E250,E487
N03,E250,E535
N03,E251,E530
N03,E251,E568
N03,E253,E441
N03,E254,E510
N03,E255,E514
N03,E255,E531
N03,E255,E573
N03,E256,E567
N03,E257,E542
N03,E258,E560
N03,E259,E401
N03,E259,E565
N03,E260,E529
N03,E261,E422
N03,E262,E451
N03,E262,E557
N03,E263,E488
N03,E263,E521
N03,E264,E423
N03,E264,E446
N03,E264,E447
N03,E264,E488
N03,E265,E423
N03,E266,E477
N03,E266,E517
N03,E267,E519
N03,E268,E400
N03,E268,E440
N03,E268,E453
N03,E268,E522
N03,E268,E523
N03,E268,E582
N03,E270,E483
N03,E270,E515
N03,E270,E546
N03,E270,E552
N03,E270,E562
N03,E271,E428
N03,E271,E438
N03,E271,E484
N03,E271,E574
N03,E271,E593
N03,E271,E599
N03,E272,E431
N03,E273,E414
N03,E274,E408
N03,E274,E427
N03,E274,E442
N03,E274,E508
N03,E276,E405
N03,E276,E570
N03,E277,E415
N03,E277,E417
N03,E277,E535
N03,E278,E400
N03,E278,E549
N03,E278,E577
N03,E279,E439
N03,E279,E512
N03,E279,E517
N03,E279,E534
N03,E279,E545
N03,E279,E596
N03,E280,E446
N03,E280,E491
N03,E281,E405
N03,E281,E435
N03,E282,E411
N03,E282,E457
N03,E282,E461
N03,E282,E532
N03,E282,E599
N03,E283,E593
N03,E283,E596
N03,E285,E597
N03,E286,E465
N03,E286,E468
N03,E286,E541
N03,E286,E569
N03,E287,E492
N03,E288,E445
N03,E288,E518
N03,E288,E526
N03,E291,E479
N03,E291,E499
N03,E292,E527
N03,E293,E436
N03,E293,E493
N03,E293,E530
N03,E295,E414
N03,E295,E527
N03,E295,E529
N03,E295,E545
N03,E296,E413
N03,E296,E469
N03,E296,E580
N03,E297,E400
N03,E298,E552
N03,E299,E429
N03,E299,E455
N03,E301,E424
N03,E301,E519
N03,E301,E543
N03,E301,E558
N03,E302,E592
N03,E303,E481
N03,E303,E540
N03,E303,E551
N03,E304,E456
N03,E304,E576
N03,E305,E431
N03,E305,E471
N03,E305,E594
N03,E306,E491
N03,E306,E585
N03,E306,E586
N03,E307,E447
N03,E307,E540
N03,E308,E507
N03,E310,E459
N03,E311,E458
N03,E312,E475
N03,E314,E575
N03,E315,E401
N03,E316,E583
N03,E317,E581
N03,E318,E554
N03,E318,E556
N03,E319,E444
N03,E319,E457
N03,E319,E473
N03,E320,E416
N03,E320,E464
N03,E320,E573
N03,E321,E547
N03,E321,E564
N03,E321,E575
N03,E322,E432
N03,E322,E553
N03,E322,E575
N03,E324,E508
N03,E324,E521
N03,E325,E507
N03,E325,E530
N03,E326,E420
N03,E326,E456
N03,E326,E467
N03,E326,E472
N03,E326,E480
N03,E326,E537
N03,E327,E484
N03,E327,E500
N03,E327,E598
N03,E329,E465
N03,E329,E489
N03,E329,E494
N03,E330,E528
N03,E330,E571
N03,E331,E486
N03,E331,E524
N03,E331,E563
N03,E331,E598
N03,E332,E404
N03,E332,E589
N03,E333,E433
N03,E335,E460
N03,E335,E475
N03,E335,E511
N03,E335,E576
N03,E336,E437
N03,E336,E440
N03,E336,E495
N03,E336,E537
N03,E336,E569
N03,E337,E442
N03,E337,E499
N03,E337,E559
N03,E338,E429
N03,E338,E463
N03,E339,E415
N03,E339,E453
N03,E340,E503
N03,E340,E555
N03,E343,E405
N03,E343,E430
N03,E344,E448
N03,E345,E497
N03,E346,E484
N03,E347,E401
N03,E347,E541
N03,E347,E591
N03,E348,E509
N03,E348,E523
N03,E349,E414
N03,E349,E501
N03,E349,E561
N03,E350,E426
N03,E350,E491
N03,E350,E543
N03,E350,E595
N03,E351,E475
N03,E351,E497
N03,E351,E539
N03,E353,E434
N03,E353,E507
N03,E353,E541
N03,E354,E445
N03,E354,E509
N03,E355,E461
N03,E355,E570
N03,E355,E579
N03,E356,E534
N03,E356,E559
N03,E356,E572
N03,E357,E404
N03,E357,E412
N03,E357,E452
N03,E357,E501
N03,E357,E552
N03,E357,E590
N03,E358,E448
N03,E359,E477
N03,E360,E441
N03,E360,E455
N03,E360,E477
N03,E360,E481
N03,E362,E433
N03,E363,E529
N03,E364,E476
N03,E364,E503
N03,E364,E562
N03,E365,E452
N03,E365,E462
N03,E365,E548
N03,E366,E467
N03,E367,E425
N03,E367,E577
N03,E368,E419
N03,E368,E438
N03,E368,E485
N03,E369,E527
N03,E370,E406
N03,E370,E407
N03,E370,E443
N03,E370,E460
N03,E370,E597
N03,E371,E429
N03,E371,E461
N03,E371,E544
N03,E371,E593
N03,E372,E502
N03,E373,E416
N03,E373,E427
N03,E373,E478
N03,E373,E486
N03,E373,E559
N03,E373,E580
N03,E374,E428
N03,E374,E445
N03,E374,E470
N03,E374,E471
N03,E374,E521
N03,E374,E525
N03,E375,E467
N03,E376,E576
N03,E377,E470
N03,E377,E485
N03,E377,E518
N03,E378,E598
N03,E379,E584
N03,E380,E448
N03,E380,E554
N03,E380,E592
N03,E381,E534
N03,E382,E427
N03,E382,E545
N03,E383,E550
N03,E383,E591
N03,E384,E430
N03,E385,E472
N03,E385,E522
N03,E386,E522
N03,E386,E533
N03,E387,E437
N03,E387,E483
N03,E387,E589
N03,E388,E454
N03,E388,E470
N03,E389,E404
N03,E390,E433
N03,E390,E590
N03,E390,E595
N03,E391,E438
N03,E393,E413
N03,E393,E458
N03,E394,E403
N03,E394,E450
N03,E394,E556
N03,E395,E421
N03,E395,E440
N03,E395,E468
N03,E395,E476
N03,E395,E505
N03,E395,E550
N03,E396,E542
N03,E396,E588
N03,E397,E471
N03,E397,E524
N03,E397,E573
N03,E398,E437
N03,E398,E492
N03,E398,E538
N03,E399,E512
N03,E400,E726
N03,E401,E660
N03,E401,E675
N03,E402,E785
N03,E403,E672
N03,E403,E702
N03,E403,E741
N03,E403,E792
N03,E404,E713
N03,E404,E753
N03,E404,E758
N03,E404,E791
N03,E405,E628
N03,E405,E630
N03,E405,E634
N03,E406,E647
N03,E406,E653
N03,E406,E669
N03,E406,E674
N03,E406,E678
N03,E406,E766
N03,E407,E702
N03,E407,E703
N03,E408,E644
N03,E408,E710
N03,E409,E621
N03,E409,E781
N03,E410,E651
N03,E410,E736
N03,E410,E754
N03,E410,E795
N03,E412,E633
N03,E413,E713
N03,E414,E670
N03,E414,E717
N03,E414,E784
N03,E415,E613
N03,E415,E759
N03,E416,E631
N03,E418,E756
N03,E419,E727
N03,E420,E616
N03,E420,E722
N03,E420,E738
N03,E421,E601
N03,E421,E650
N03,E423,E642
N03,E425,E656
N03,E425,E674
N03,E425,E688
N03,E425,E747
N03,E425,E757
N03,E426,E725
N03,E426,E797
N03,E428,E684
N03,E428,E706
N03,E428,E732
N03,E429,E683
N03,E429,E695
N03,E429,E760
N03,E429,E788
N03,E430,E653
N03,E430,E679
N03,E430,E788
N03,E430,E799
N03,E431,E638
N03,E431,E649
N03,E432,E609
N03,E433,E665
N03,E434,E661
N03,E434,E752
N03,E435,E628
N03,E435,E684
N03,E435,E729
N03,E435,E791
N03,E436,E716
N03,E436,E774
N03,E437,E705
N03,E439,E740
N03,E439,E754
N03,E440,E635
N03,E440,E686
N03,E441,E690
N03,E441,E733
N03,E441,E742
N03,E442,E733
N03,E443,E626
N03,E443,E658
N03,E444,E629
N03,E444,E708
N03,E444,E760
N03,E445,E686
N03,E445,E705
N03,E445,E754
N03,E446,E623
N03,E446,E641
N03,E446,E749
N03,E447,E675
N03,E448,E620
N03,E449,E748
N03,E450,E699
N03,E450,E716
N03,E450,E726
N03,E450,E747
N03,E450,E770
N03,E451,E666
N03,E452,E661
N03,E452,E731
N03,E453,E682
N03,E453,E700
N03,E455,E630
N03,E455,E642
N03,E455,E685
N03,E455,E720
N03,E455,E790
N03,E457,E683
N03,E457,E693
N03,E457,E719
N03,E457,E778
N03,E457,E786
N03,E458,E606
N03,E458,E794
N03,E459,E647
N03,E460,E646
N03,E460,E666
N03,E461,E724
N03,E462,E680
N03,E462,E688
N03,E462,E738
N03,E462,E787
N03,E463,E657
N03,E463,E773
N03,E464,E674
N03,E464,E693
N03,E464,E789
N03,E465,E627
N03,E465,E649
N03,E465,E655
N03,E465,E687
N03,E465,E726
N03,E466,E601
N03,E466,E671
N03,E466,E682
N03,E466,E735
N03,E466,E781
N03,E467,E664
N03,E467,E673
N03,E467,E707
N03,E467,E729
N03,E467,E756
N03,E468,E632
N03,E469,E679
N03,E470,E614
N03,E470,E656
N03,E471,E600
N03,E471,E642
N03,E471,E654
N03,E471,E672
N03,E471,E710
N03,E471,E711
N03,E471,E715
N03,E473,E675
N03,E474,E654
N03,E474,E695
N03,E474,E789
N03,E475,E632
N03,E475,E694
N03,E475,E750
N03,E476,E719
N03,E477,E607
N03,E477,E783
N03,E478,E645
N03,E478,E755
N03,E479,E751
N03,E480,E667
N03,E480,E779
N03,E481,E616
N03,E481,E663
N03,E481,E772
N03,E482,E721
N03,E482,E780
N03,E482,E795
N03,E483,E651
N03,E483,E710
N03,E484,E664
N03,E484,E745
N03,E485,E743
N03,E487,E615
N03,E488,E657
N03,E488,E717
N03,E488,E727
N03,E489,E620
N03,E490,E624
N03,E491,E633
N03,E491,E645
N03,E491,E648
N03,E491,E677
N03,E491,E690
N03,E491,E763
N03,E491,E797
N03,E492,E748
N03,E492,E787
N03,E493,E741
N03,E495,E637
N03,E496,E603
N03,E497,E605
N03,E497,E662
N03,E498,E650
N03,E498,E656
N03,E499,E753
N03,E499,E765
N03,E499,E768
N03,E500,E758
N03,E501,E648
N03,E501,E662
N03,E502,E701
N03,E502,E723
N03,E504,E775
N03,E506,E615
N03,E506,E665
N03,E506,E688
N03,E506,E695
N03,E506,E775
N03,E507,E731
N03,E507,E778
N03,E507,E783
N03,E508,E613
N03,E508,E645
N03,E508,E671
N03,E508,E728
N03,E509,E616
N03,E509,E689
N03,E509,E707
N03,E509,E736
N03,E510,E635
N03,E511,E716
N03,E511,E730
N03,E512,E777
N03,E512,E779
N03,E513,E600
N03,E513,E635
N03,E513,E648
N03,E513,E705
N03,E513,E751
N03,E515,E646
N03,E515,E696
N03,E515,E719
N03,E515,E761
N03,E516,E713
N03,E516,E735
N03,E516,E742
N03,E516,E760
N03,E517,E660
N03,E517,E698
N03,E518,E732
N03,E519,E652
N03,E519,E668
N03,E520,E707
N03,E521,E795
N03,E522,E625
N03,E522,E697
N03,E523,E787
N03,E523,E797
N03,E524,E604
N03,E524,E744
N03,E525,E643
N03,E526,E607
N03,E526,E715
N03,E527,E789
N03,E528,E611
N03,E528,E646
N03,E528,E712
N03,E529,E638
N03,E529,E681
N03,E530,E668
N03,E530,E709
N03,E530,E749
N03,E531,E621
N03,E531,E639
N03,E532,E602
N03,E532,E660
N03,E533,E625
N03,E533,E636
N03,E533,E659
N03,E534,E622
N03,E534,E676
N03,E534,E793
N03,E535,E790
N03,E536,E600
N03,E536,E779
N03,E537,E680
N03,E537,E684
N03,E538,E637
N03,E538,E669
N03,E538,E723
N03,E538,E728
N03,E539,E689
N03,E540,E669
N03,E540,E697
N03,E540,E756
N03,E541,E613
N03,E542,E630
N03,E544,E691
N03,E544,E742
N03,E544,E748
N03,E544,E788
N03,E545,E704
N03,E545,E732
N03,E546,E717
N03,E546,E751
N03,E547,E734
N03,E547,E762
N03,E548,E606
N03,E549,E617
N03,E550,E626
N03,E550,E765
N03,E550,E778
N03,E551,E617
N03,E551,E622
N03,E551,E666
N03,E551,E785
N03,E552,E610
N03,E552,E734
N03,E553,E667
N03,E553,E670
N03,E554,E612
N03,E554,E743
N03,E555,E737
N03,E557,E612
N03,E557,E776
N03,E558,E773
N03,E559,E692
N03,E561,E622
N03,E561,E663
N03,E561,E796
N03,E562,E662
N03,E562,E687
N03,E563,E636
N03,E563,E692
N03,E563,E769
N03,E565,E671
N03,E566,E781
N03,E567,E640
N03,E568,E678
N03,E570,E782
N03,E571,E623
N03,E571,E679
N03,E571,E714
N03,E573,E634
N03,E573,E798
N03,E574,E720
N03,E574,E722
N03,E574,E761
N03,E574,E798
N03,E575,E618
N03,E575,E741
N03,E575,E762
N03,E576,E663
N03,E576,E678
N03,E576,E766
N03,E577,E606
N03,E577,E718
N03,E577,E766
N03,E579,E608
N03,E579,E654
N03,E579,E658
N03,E580,E615
N03,E580,E694
N03,E580,E798
N03,E581,E637
N03,E581,E693
N03,E581,E794
N03,E582,E691
N03,E582,E746
N03,E582,E782
N03,E583,E610
N03,E583,E641
N03,E583,E647
N03,E583,E651
N03,E584,E706
N03,E584,E783
N03,E585,E639
N03,E585,E772
N03,E585,E774
N03,E586,E612
N03,E586,E619
N03,E586,E653
N03,E586,E655
N03,E587,E665
N03,E587,E715
N03,E587,E758
N03,E589,E683
N03,E589,E743
N03,E590,E624
N03,E590,E767
N03,E591,E698
N03,E591,E768
N03,E592,E626
N03,E592,E696
N03,E592,E714
N03,E592,E749
N03,E593,E628
N03,E593,E728
N03,E594,E655
N03,E594,E676
N03,E595,E700
N03,E595,E724
N03,E595,E764
N03,E595,E771
N03,E596,E734
N03,E596,E771
N03,E597,E703
N03,E598,E676
N03,E599,E672
N03,E599,E727
N03,E599,E739
N03,E602,E880
N03,E602,E901
N03,E604,E869
N03,E604,E878
N03,E604,E899
N03,E604,E903
N03,E604,E981
N03,E605,E804
N03,E605,E837
N03,E605,E889
N03,E605,E911
N03,E605,E917
N03,E605,E952
N03,E605,E995
N03,E606,E835
N03,E606,E853
N03,E607,E816
N03,E607,E912
N03,E607,E968
N03,E609,E851
N03,E609,E870
N03,E609,E949
N03,E609,E953
N03,E611,E809
N03,E612,E856
N03,E612,E894
N03,E613,E934
N03,E615,E886
N03,E615,E894
N03,E615,E904
N03,E615,E926
N03,E615,E937
N03,E616,E987
N03,E616,E991
N03,E618,E854
N03,E618,E962
N03,E621,E896
N03,E621,E999
N03,E622,E901
N03,E622,E924
N03,E622,E935
N03,E623,E806
N03,E623,E879
N03,E623,E916
N03,E623,E954
N03,E624,E819
N03,E624,E890
N03,E624,E966
N03,E624,E993
N03,E625,E829
N03,E625,E925
N03,E626,E863
N03,E626,E988
N03,E627,E865
N03,E627,E881
N03,E627,E968
N03,E629,E843
N03,E629,E862
N03,E629,E980
N03,E630,E905
N03,E631,E883
N03,E632,E938
N03,E633,E808
N03,E633,E855
N03,E633,E926
N03,E633,E962
N03,E633,E979
N03,E634,E959
N03,E634,E967
N03,E634,E972
N03,E634,E975
N03,E634,E990
N03,E635,E837
N03,E635,E944
N03,E636,E863
N03,E636,E939
N03,E637,E860
N03,E637,E866
N03,E637,E904
N03,E637,E951
N03,E638,E901
N03,E640,E824
N03,E640,E828
N03,E640,E910
N03,E642,E969
N03,E643,E885
N03,E643,E923
N03,E643,E945
N03,E644,E818
N03,E645,E852
N03,E645,E864
N03,E645,E877
N03,E647,E891
N03,E648,E804
N03,E648,E900
N03,E649,E830
N03,E651,E827
N03,E652,E850
N03,E652,E920
N03,E652,E925
N03,E653,E842
N03,E653,E850
N03,E653,E853
N03,E653,E874
N03,E654,E965
N03,E656,E920
N03,E657,E940
N03,E657,E963
N03,E657,E978
N03,E657,E987
N03,E658,E813
N03,E658,E825
N03,E659,E973
N03,E660,E897
N03,E661,E811
N03,E661,E847
N03,E661,E977
N03,E662,E927
N03,E663,E926
N03,E663,E928
N03,E663,E976
N03,E665,E849
N03,E665,E877
N03,E666,E801
N03,E666,E815
N03,E666,E873
N03,E667,E837
N03,E669,E846
N03,E669,E959
N03,E670,E814
N03,E671,E845
N03,E671,E866
N03,E673,E827
N03,E673,E841
N03,E673,E975
N03,E674,E882
N03,E674,E894
N03,E674,E922
N03,E674,E947
N03,E674,E980
N03,E674,E983
N03,E676,E824
N03,E676,E836
N03,E676,E892
N03,E676,E939
N03,E677,E961
N03,E678,E842
N03,E678,E989
N03,E679,E810
N03,E681,E842
N03,E681,E850
N03,E684,E834
N03,E685,E804
N03,E685,E824
N03,E685,E928
N03,E685,E948
N03,E686,E811
N03,E686,E817
N03,E686,E895
N03,E686,E912
N03,E686,E916
N03,E686,E991
N03,E687,E812
N03,E688,E815
N03,E688,E822
N03,E688,E957
N03,E689,E872
N03,E690,E861
N03,E690,E882
N03,E690,E960
N03,E692,E825
N03,E692,E985
N03,E693,E814
N03,E693,E874
N03,E693,E889
N03,E693,E913
N03,E693,E987
N03,E694,E878
N03,E695,E806
N03,E695,E840
N03,E696,E819
N03,E696,E915
N03,E696,E946
N03,E697,E808
N03,E698,E933
N03,E699,E929
N03,E700,E803
N03,E700,E918
N03,E700,E944
N03,E701,E807
N03,E701,E812
N03,E701,E964
N03,E702,E808
N03,E702,E879
N03,E702,E900
N03,E703,E853
N03,E703,E919
N03,E703,E973
N03,E703,E983
N03,E703,E998
N03,E704,E814
N03,E705,E807
N03,E705,E935
N03,E706,E881
N03,E707,E964
N03,E708,E867
N03,E708,E919
N03,E708,E982
N03,E709,E875
N03,E710,E801
N03,E710,E825
N03,E710,E857
N03,E710,E885
N03,E710,E970
N03,E712,E816
N03,E712,E817
N03,E712,E880
N03,E713,E867
N03,E715,E839
N03,E716,E819
N03,E716,E891
N03,E716,E969
N03,E717,E875
N03,E717,E997
N03,E718,E805
N03,E718,E940
N03,E718,E943
N03,E720,E833
N03,E720,E864
N03,E720,E914
N03,E720,E931
N03,E721,E900
N03,E722,E826
N03,E722,E843
N03,E722,E882
N03,E722,E930
N03,E722,E972
N03,E723,E921
N03,E725,E984
N03,E727,E920
N03,E727,E948
N03,E727,E964
N03,E727,E985
N03,E728,E821
N03,E728,E919
N03,E730,E835
N03,E730,E848
N03,E730,E886
N03,E730,E952
N03,E730,E991
N03,E730,E994
N03,E731,E877
N03,E732,E855
N03,E732,E867
N03,E733,E811
N03,E733,E876
N03,E733,E971
N03,E733,E975
N03,E734,E800
N03,E734,E818
N03,E735,E866
N03,E736,E929
N03,E736,E941
N03,E737,E816
N03,E737,E821
N03,E737,E967
N03,E738,E956
N03,E739,E874
N03,E740,E831
N03,E740,E950
N03,E740,E976
N03,E741,E893
N03,E742,E859
N03,E742,E898
N03,E744,E854
N03,E744,E986
N03,E745,E902
N03,E745,E912
N03,E745,E976
N03,E745,E992
N03,E746,E812
N03,E746,E902
N03,E747,E815
N03,E747,E886
N03,E747,E914
N03,E747,E915
N03,E748,E802
N03,E748,E885
N03,E748,E917
N03,E748,E938
N03,E749,E856
N03,E749,E871
N03,E749,E997
N03,E750,E868
N03,E750,E869
N03,E750,E974
N03,E751,E879
N03,E751,E996
N03,E752,E863
N03,E752,E929
N03,E754,E983
N03,E755,E864
N03,E755,E998
N03,E756,E979
N03,E757,E952
N03,E757,E969
N03,E758,E831
N03,E758,E893
N03,E758,E947
N03,E759,E845
N03,E760,E823
N03,E760,E942
N03,E762,E925
N03,E762,E960
N03,E763,E907
N03,E764,E831
N03,E766,E820
N03,E766,E936
N03,E767,E995
N03,E768,E813
N03,E768,E902
N03,E768,E911
N03,E768,E914
N03,E768,E979
N03,E769,E906
N03,E769,E935
N03,E769,E958
N03,E770,E805
N03,E770,E848
N03,E770,E911
N03,E771,E801
N03,E771,E897
N03,E771,E921
N03,E772,E832
N03,E772,E980
N03,E773,E974
N03,E773,E985
N03,E774,E905
N03,E774,E918
N03,E774,E937
N03,E774,E947
N03,E775,E844
N03,E775,E927
N03,E775,E937
N03,E776,E933
N03,E776,E974
N03,E777,E988
N03,E778,E973
N03,E780,E890
N03,E780,E908
N03,E780,E928
N03,E780,E990
N03,E781,E840
N03,E781,E858
N03,E782,E949
N03,E782,E999
N03,E783,E884
N03,E783,E967
N03,E784,E984
N03,E785,E830
N03,E786,E803
N03,E786,E854
N03,E786,E883
N03,E787,E940
N03,E787,E945
N03,E787,E968
N03,E788,E883
N03,E788,E888
N03,E788,E909
N03,E789,E828
N03,E789,E931
N03,E790,E938
N03,E790,E942
N03,E791,E955
N03,E791,E997
N03,E792,E922
N03,E793,E834
N03,E793,E909
N03,E794,E897
N03,E794,E909
N03,E795,E817
N03,E795,E821
N03,E795,E833
N03,E796,E835
N03,E796,E859
N03,E796,E932
N03,E796,E959
N03,E797,E838
N03,E797,E884
N03,E797,E998
N03,E798,E913
N03,E798,E933
N03,E798,E990
N03,E799,E818
N03,E799,E887
N03,E799,E891
N03,E799,E951
N04,E000,E212
N04,E000,E289
N04,E000,E385
N04,E001,E240
N04,E001,E248
N04,E001,E364
N04,E002,E374
N04,E002,E384
N04,E003,E236
N04,E003,E298
N04,E003,E304
N04,E003,E330
N04,E003,E368
N04,E004,E283
N04,E004,E342
N04,E004,E376
N04,E004,E382
N04,E005,E334
N04,E006,E203
N04,E006,E222
N04,E006,E368
N04,E007,E271
N04,E007,E327
N04,E007,E381
N04,E008,E213
N04,E008,E247
N04,E008,E352
N04,E009,E263
N04,E009,E326
N04,E009,E350
N04,E010,E281
N04,E010,E310
N04,E010,E361
N04,E011,E281
N04,E015,E210
N04,E015,E215
N04,E015,E227
N04,E015,E261
N04,E015,E263
N04,E015,E274
N04,E016,E204
N04,E017,E251
N04,E017,E305
N04,E017,E353
N04,E017,E396
N04,E018,E314
N04,E018,E324
N04,E019,E269
N04,E019,E274
N04,E019,E354
N04,E021,E259
N04,E022,E205
N04,E022,E267
N04,E022,E373
N04,E024,E226
N04,E024,E320
N04,E025,E260
N04,E025,E340
N04,E027,E249
N04,E027,E313
N04,E028,E297
N04,E028,E398
N04,E031,E375
N04,E033,E216
N04,E033,E279
N04,E033,E311
N04,E033,E316
N04,E034,E221
N04,E034,E287
N04,E035,E212
N04,E035,E388
N04,E037,E391
N04,E038,E225
N04,E038,E331
N04,E038,E342
N04,E039,E306
N04,E040,E238
N04,E040,E328
N04,E041,E337
N04,E041,E362
N04,E041,E383
N04,E042,E250
N04,E042,E288
N04,E042,E317
N04,E042,E379
N04,E044,E260
N04,E045,E338
N04,E046,E222
N04,E046,E228
N04,E046,E279
N04,E046,E281
N04,E046,E389
N04,E047,E250
N04,E047,E267
N04,E047,E291
N04,E047,E347
N04,E049,E277
N04,E050,E217
N04,E051,E223
N04,E052,E285
N04,E052,E322
N04,E052,E343
N04,E053,E271
N04,E053,E347
N04,E054,E343
N04,E057,E265
N04,E057,E372
N04,E058,E262
N04,E058,E276
N04,E060,E238
N04,E060,E350
N04,E061,E214
N04,E061,E229
N04,E061,E268
N04,E062,E337
N04,E062,E343
N04,E064,E222
N04,E064,E327
N04,E065,E216
N04,E065,E262
N04,E065,E292
N04,E065,E323
N04,E066,E366
N04,E067,E332
N04,E067,E349
N04,E067,E363
N04,E068,E215
N04,E068,E253
N04,E068,E313
N04,E069,E353
N04,E069,E385
N04,E070,E387
N04,E073,E328
N04,E073,E336
N04,E073,E362
N04,E074,E381
N04,E076,E251
N04,E076,E267
N04,E077,E244
N04,E077,E253
N04,E077,E389
N04,E078,E316
N04,E078,E362
N04,E079,E259
N04,E079,E284
N04,E079,E293
N04,E079,E322
N04,E080,E246
N04,E080,E328
N04,E080,E397
N04,E081,E210
N04,E081,E311
N04,E082,E232
N04,E082,E292
N04,E082,E377
N04,E083,E392
N04,E084,E256
N04,E084,E277
N04,E084,E297
N04,E084,E390
N04,E085,E204
N04,E086,E206
N04,E086,E265
N04,E086,E323
N04,E086,E324
N04,E087,E213
N04,E087,E237
N04,E087,E299
N04,E087,E335
N04,E087,E355
N04,E087,E377
N04,E088,E290
N04,E088,E385
N04,E088,E386
N04,E089,E338
N04,E090,E242
N04,E090,E285
N04,E090,E360
N04,E092,E200
N04,E092,E285
N04,E094,E312
N04,E095,E317
N04,E095,E355
N04,E096,E250
N04,E098,E238
N04,E098,E290
N04,E098,E314
N04,E099,E226
N04,E099,E257
N04,E099,E275
N04,E100,E299
N04,E100,E365
N04,E100,E397
N04,E102,E303
N04,E102,E306
N04,E102,E312
N04,E103,E203
N04,E103,E239
N04,E103,E255
N04,E103,E282
N04,E103,E302
N04,E103,E391
N04,E104,E278
N04,E104,E326
N04,E104,E346
N04,E104,E359
N04,E104,E390
N04,E106,E243
N04,E107,E290
N04,E107,E300
N04,E108,E231
N04,E108,E273
N04,E108,E294
N04,E108,E321
N04,E109,E217
N04,E109,E329
N04,E109,E339
N04,E110,E228
N04,E110,E300
N04,E111,E226
N04,E111,E243
N04,E111,E358
N04,E111,E366
N04,E112,E395
N04,E113,E361
N04,E114,E202
N04,E114,E224
N04,E114,E241
N04,E114,E325
N04,E115,E205
N04,E115,E230
N04,E115,E304
N04,E115,E393
N04,E116,E219
N04,E117,E371
N04,E118,E236
N04,E118,E300
N04,E118,E367
N04,E119,E355
N04,E120,E252
N04,E120,E394
N04,E121,E204
N04,E121,E260
N04,E121,E264
N04,E121,E346
N04,E121,E386
N04,E122,E239
N04,E122,E301
N04,E122,E309
N04,E123,E320
N04,E124,E341
N04,E124,E399
N04,E125,E248
N04,E125,E345
N04,E125,E369
N04,E127,E320
N04,E127,E357
N04,E128,E205
N04,E128,E228
N04,E128,E336
N04,E129,E251
N04,E129,E341
N04,E130,E229
N04,E130,E340
N04,E131,E236
N04,E131,E351
N04,E131,E380
N04,E132,E322
N04,E133,E308
N04,E133,E340
N04,E134,E359
N04,E135,E272
N04,E135,E375
N04,E136,E246
N04,E137,E298
N04,E137,E356
N04,E138,E202
N04,E138,E302
N04,E138,E318
N04,E139,E210
N04,E139,E302
N04,E139,E319
N04,E139,E346
N04,E140,E225
N04,E140,E280
N04,E141,E212
N04,E141,E234
N04,E141,E270
N04,E143,E200
N04,E143,E293
N04,E145,E233
N04,E145,E296
N04,E147,E382
N04,E148,E206
N04,E148,E245
N04,E149,E221
N04,E149,E315
N04,E149,E353
N04,E150,E305
N04,E152,E240
N04,E152,E358
N04,E152,E370
N04,E153,E292
N04,E153,E325
N04,E153,E395
N04,E154,E339
N04,E154,E389
N04,E155,E233
N04,E155,E256
N04,E155,E261
N04,E155,E307
N04,E157,E282
N04,E158,E339
N04,E158,E344
N04,E158,E348
N04,E158,E359
N04,E159,E280
N04,E159,E314
N04,E159,E370
N04,E159,E395
N04,E160,E242
N04,E160,E327
N04,E160,E330
N04,E160,E370
N04,E161,E231
N04,E162,E303
N04,E162,E364
N04,E163,E224
N04,E163,E266
N04,E163,E312
N04,E163,E390
N04,E164,E208
N04,E164,E278
N04,E164,E298
N04,E164,E306
N04,E165,E399
N04,E166,E291
N04,E169,E344
N04,E170,E329
N04,E170,E374
N04,E170,E379
N04,E171,E207
N04,E173,E254
N04,E173,E323
N04,E174,E209
N04,E174,E354
N04,E175,E211
N04,E175,E242
N04,E175,E283
N04,E175,E286
N04,E176,E319
N04,E177,E207
N04,E177,E232
N04,E178,E214
N04,E178,E265
N04,E178,E295
N04,E179,E277
N04,E179,E282
N04,E179,E397
N04,E180,E313
N04,E180,E329
N04,E181,E239
N04,E181,E240
N04,E182,E258
N04,E183,E207
N04,E183,E381
N04,E184,E201
N04,E184,E295
N04,E185,E235
N04,E186,E223
N04,E186,E308
N04,E186,E347
N04,E186,E392
N04,E189,E342
N04,E190,E221
N04,E190,E378
N04,E191,E232
N04,E192,E294
N04,E192,E326
N04,E193,E220
N04,E193,E392
N04,E194,E270
N04,E194,E351
N04,E195,E218
N04,E195,E361
N04,E196,E310
N04,E197,E214
N04,E197,E219
N04,E198,E333
N04,E199,E345
N04,E200,E497
N04,E201,E458
N04,E202,E513
N04,E202,E562
N04,E203,E487
N04,E203,E592
N04,E204,E460
N04,E204,E484
N04,E204,E573
N04,E206,E553
N04,E207,E409
N04,E207,E543
N04,E208,E530
N04,E209,E406
N04,E210,E406
N04,E212,E437
N04,E212,E479
N04,E212,E572
N04,E213,E518
N04,E215,E474
N04,E215,E540
N04,E215,E555
N04,E215,E590
N04,E217,E512
N04,E217,E565
N04,E218,E418
N04,E218,E526
N04,E219,E469
N04,E219,E485
N04,E220,E485
N04,E220,E488
N04,E221,E505
N04,E221,E533
N04,E221,E559
N04,E222,E571
N04,E223,E415
N04,E223,E537
N04,E224,E552
N04,E225,E462
N04,E226,E402
N04,E226,E427
N04,E226,E523
N04,E226,E535
N04,E226,E567
N04,E227,E500
N04,E228,E558
N04,E229,E458
N04,E229,E541
N04,E229,E579
N04,E230,E432
N04,E230,E478
N04,E230,E511
N04,E230,E592
N04,E231,E482
N04,E232,E407
N04,E232,E442
N04,E232,E579
N04,E233,E401
N04,E234,E466
N04,E234,E477
N04,E234,E519
N04,E234,E522
N04,E235,E415
N04,E235,E431
N04,E235,E444
N04,E235,E498
N04,E236,E514
N04,E237,E435
N04,E237,E501
N04,E237,E507
N04,E237,E571
N04,E238,E454
N04,E238,E463
N04,E238,E529
N04,E239,E497
N04,E240,E453
N04,E241,E442
N04,E242,E461
N04,E242,E522
N04,E243,E438
N04,E243,E443
N04,E243,E488
N04,E243,E533
N04,E245,E519
N04,E245,E531
N04,E246,E403
N04,E246,E502
N04,E247,E407
N04,E247,E459
N04,E247,E462
N04,E248,E450
N04,E248,E580
N04,E249,E412
N04,E250,E504
N04,E250,E522
N04,E250,E529
N04,E252,E477
N04,E252,E550
N04,E252,E578
N04,E254,E434
N04,E254,E490
N04,E254,E521
N04,E254,E566
N04,E255,E520
N04,E255,E548
N04,E255,E599
N04,E256,E469
N04,E256,E471
N04,E256,E509
N04,E257,E447
N04,E257,E485
N04,E258,E413
N04,E260,E461
N04,E260,E539
N04,E261,E495
N04,E262,E467
N04,E263,E419
N04,E263,E482
N04,E264,E446
N04,E264,E461
N04,E264,E547
N04,E265,E473
N04,E265,E596
N04,E266,E410
N04,E266,E438
N04,E266,E549
N04,E267,E425
N04,E268,E452
N04,E269,E419
N04,E269,E431
N04,E270,E483
N04,E270,E574
N04,E270,E595
N04,E270,E596
N04,E271,E440
N04,E271,E449
N04,E271,E472
N04,E271,E530
N04,E272,E410
N04,E272,E429
N04,E272,E476
N04,E272,E555
N04,E274,E400
N04,E275,E475
N04,E275,E481
N04,E276,E450
N04,E276,E481
N04,E276,E591
N04,E277,E497
N04,E278,E405
N04,E278,E568
N04,E279,E510
N04,E279,E514
N04,E279,E547
N04,E279,E551
N04,E279,E575
N04,E281,E420
N04,E281,E421
N04,E281,E426
N04,E281,E431
N04,E281,E466
N04,E281,E528
N04,E281,E596
N04,E281,E599
N04,E282,E490
N04,E282,E530
N04,E283,E402
N04,E283,E549
N04,E283,E580
N04,E284,E411
N04,E284,E490
N04,E285,E401
N04,E285,E440
N04,E285,E558
N04,E285,E560
N04,E286,E590
N04,E287,E583
N04,E288,E466
N04,E288,E566
N04,E288,E574
N04,E289,E468
N04,E289,E480
N04,E289,E494
N04,E289,E594
N04,E291,E557
N04,E291,E559
N04,E292,E548
N04,E294,E424
N04,E294,E563
N04,E295,E414
N04,E295,E418
N04,E295,E425
N04,E296,E449
N04,E297,E506
N04,E297,E578
N04,E298,E470
N04,E299,E476
N04,E299,E498
N04,E300,E498
N04,E301,E419
N04,E301,E524
N04,E301,E570
N04,E301,E582
N04,E302,E471
N04,E302,E509
N04,E302,E516
N04,E303,E436
N04,E304,E400
N04,E304,E460
N04,E304,E521
N04,E304,E537
N04,E304,E558
N04,E305,E549
N04,E305,E557
N04,E306,E463
N04,E307,E508
N04,E308,E514
N04,E309,E418
N04,E309,E573
N04,E309,E587
N04,E310,E472
N04,E311,E407
N04,E311,E532
N04,E311,E581
N04,E312,E409
N04,E312,E598
N04,E313,E474
N04,E313,E517
N04,E315,E559
N04,E315,E561
N04,E315,E572
N04,E316,E402
N04,E316,E446
N04,E318,E450
N04,E318,E544
N04,E319,E453
N04,E319,E483
N04,E320,E499
N04,E322,E417
N04,E322,E426
N04,E322,E543
N04,E323,E540
N04,E324,E430
N04,E324,E475
N04,E324,E574
N04,E324,E579
N04,E325,E479
N04,E325,E527
N04,E325,E548
N04,E325,E556
N04,E328,E449
N04,E328,E480
N04,E330,E491
N04,E330,E532
N04,E330,E567
N04,E331,E489
N04,E331,E597
N04,E332,E429
N04,E332,E516
N04,E332,E555
N04,E333,E468
N04,E333,E569
N04,E333,E592
N04,E334,E472
N04,E334,E517
N04,E335,E510
N04,E335,E581
N04,E336,E441
N04,E336,E589
N04,E337,E515
N04,E339,E401
N04,E339,E483
N04,E339,E499
N04,E339,E586
N04,E340,E404
N04,E340,E422
N04,E340,E442
N04,E340,E515
N04,E341,E493
N04,E341,E554
N04,E341,E578
N04,E342,E460
N04,E342,E581
N04,E343,E551
N04,E344,E446
N04,E344,E517
N04,E344,E525
N04,E344,E542
N04,E344,E546
N04,E345,E426
N04,E345,E432
N04,E345,E464
N04,E345,E470
N04,E345,E503
N04,E345,E594
N04,E346,E428
N04,E346,E437
N04,E346,E576
N04,E348,E479
N04,E348,E591
N04,E349,E576
N04,E350,E423
N04,E350,E495
N04,E351,E444
N04,E351,E489
N04,E351,E550
N04,E352,E423
N04,E352,E482
N04,E352,E533
N04,E353,E412
N04,E353,E414
N04,E353,E480
N04,E353,E488
N04,E354,E422
N04,E354,E476
N04,E354,E575
N04,E354,E583
N04,E354,E585
N04,E356,E456
N04,E357,E536
N04,E357,E537
N04,E359,E524
N04,E360,E593
N04,E361,E404
N04,E361,E510
N04,E361,E545
N04,E362,E496
N04,E362,E499
N04,E362,E531
N04,E363,E414
N04,E363,E477
N04,E364,E444
N04,E365,E478
N04,E366,E484
N04,E367,E544
N04,E368,E421
N04,E368,E443
N04,E368,E513
N04,E368,E584
N04,E369,E429
N04,E369,E430
N04,E369,E538
N04,E369,E585
N04,E371,E467
N04,E371,E469
N04,E371,E547
N04,E372,E554
N04,E372,E567
N04,E373,E452
N04,E373,E493
N04,E373,E544
N04,E374,E519
N04,E374,E564
N04,E374,E588
N04,E375,E417
N04,E377,E439
N04,E378,E420
N04,E378,E421
N04,E378,E473
N04,E378,E566
N04,E379,E542
N04,E380,E484
N04,E380,E575
N04,E381,E408
N04,E381,E416
N04,E381,E511
N04,E381,E595
N04,E382,E455
N04,E382,E470
N04,E382,E486
N04,E382,E573
N04,E383,E523
N04,E384,E409
N04,E384,E518
N04,E387,E425
N04,E387,E433
N04,E387,E464
N04,E387,E512
N04,E387,E515
N04,E387,E577
N04,E388,E435
N04,E388,E463
N04,E388,E535
N04,E388,E564
N04,E389,E471
N04,E390,E400
N04,E390,E465
N04,E390,E516
N04,E390,E531
N04,E390,E591
N04,E391,E534
N04,E391,E562
N04,E392,E523
N04,E393,E415
N04,E393,E437
N04,E393,E492
N04,E394,E410
N04,E394,E445
N04,E394,E478
N04,E395,E489
N04,E396,E445
N04,E396,E448
N04,E396,E583
N04,E397,E457
N04,E398,E432
N04,E398,E451
N04,E399,E412
N04,E399,E417
N04,E399,E433
N04,E399,E557
N04,E399,E593
N04,E400,E779
N04,E401,E669
N04,E401,E722
N04,E401,E766
N04,E402,E709
N04,E402,E762
N04,E403,E795
N04,E404,E641
N04,E405,E600
N04,E405,E606
N04,E405,E677
N04,E406,E634
N04,E406,E799
N04,E407,E672
N04,E407,E778
N04,E408,E702
N04,E408,E718
N04,E409,E708
N04,E409,E716
N04,E409,E736
N04,E409,E743
N04,E410,E656
N04,E410,E786
N04,E411,E624
N04,E411,E668
N04,E411,E731
N04,E412,E653
N04,E413,E629
N04,E413,E687
N04,E413,E699
N04,E413,E742
N04,E413,E758
N04,E414,E704
N04,E414,E755
N04,E414,E764
N04,E414,E777
N04,E414,E798
N04,E415,E637
N04,E415,E641
N04,E415,E669
N04,E415,E737
N04,E415,E748
N04,E416,E687
N04,E417,E790
N04,E418,E778
N04,E418,E785
N04,E419,E696
N04,E420,E600
N04,E420,E664
N04,E420,E703
N04,E421,E617
N04,E421,E677
N04,E421,E779
N04,E422,E748
N04,E422,E783
N04,E423,E795
N04,E424,E750
N04,E425,E724
N04,E425,E747
N04,E425,E761
N04,E426,E682
N04,E426,E794
N04,E427,E753
N04,E429,E669
N04,E429,E674
N04,E429,E691
N04,E430,E619
N04,E431,E614
N04,E431,E649
N04,E431,E655
N04,E431,E690
N04,E431,E756
N04,E432,E745
N04,E433,E621
N04,E433,E698
N04,E433,E758
N04,E434,E609
N04,E434,E620
N04,E434,E748
N04,E435,E663
N04,E436,E659
N04,E436,E671
N04,E436,E696
N04,E436,E782
N04,E436,E797
N04,E437,E670
N04,E437,E678
N04,E437,E769
N04,E437,E787
N04,E438,E661
N04,E438,E693
N04,E438,E744
N04,E438,E755
N04,E439,E613
N04,E439,E615
N04,E439,E673
N04,E439,E786
N04,E441,E668
N04,E441,E766
N04,E442,E681
N04,E442,E740
N04,E443,E611
N04,E443,E629
N04,E444,E740
N04,E445,E693
N04,E445,E712
N04,E446,E640
N04,E446,E641
N04,E446,E730
N04,E447,E610
N04,E447,E707
N04,E447,E713
N04,E447,E723
N04,E448,E681
N04,E448,E774
N04,E448,E775
N04,E448,E797
N04,E450,E628
N04,E450,E675
N04,E450,E719
N04,E450,E722
N04,E451,E646
N04,E451,E738
N04,E452,E713
N04,E452,E729
N04,E452,E767
N04,E452,E771
N04,E452,E773
N04,E453,E648
N04,E453,E658
N04,E453,E676
N04,E453,E694
N04,E453,E715
N04,E455,E656
N04,E455,E680
N04,E456,E636
N04,E456,E648
N04,E456,E787
N04,E457,E744
N04,E457,E752
N04,E458,E702
N04,E458,E763
N04,E459,E772
N04,E460,E630
N04,E460,E791
N04,E461,E615
N04,E461,E794
N04,E462,E626
N04,E464,E653
N04,E464,E676
N04,E465,E612
N04,E465,E624
N04,E465,E706
N04,E466,E605
N04,E469,E631
N04,E470,E683
N04,E471,E623
N04,E471,E633
N04,E472,E673
N04,E472,E762
N04,E472,E789
N04,E473,E632
N04,E473,E795
N04,E474,E616
N04,E474,E696
N04,E474,E702
N04,E474,E709
N04,E474,E732
N04,E474,E782
N04,E475,E625
N04,E475,E665
N04,E475,E684
N04,E476,E617
N04,E476,E679
N04,E477,E767
N04,E479,E636
N04,E481,E751
N04,E482,E602
N04,E482,E639
N04,E482,E727
N04,E483,E626
N04,E483,E634
N04,E483,E757
N04,E484,E634
N04,E484,E726
N04,E484,E738
N04,E484,E747
N04,E485,E621
N04,E485,E789
N04,E485,E796
N04,E486,E666
N04,E486,E735
N04,E486,E785
N04,E487,E638
N04,E487,E646
N04,E487,E727
N04,E488,E760
N04,E488,E779
N04,E488,E794
N04,E489,E735
N04,E489,E792
N04,E490,E670
N04,E490,E675
N04,E490,E688
N04,E490,E744
N04,E490,E780
N04,E490,E786
N04,E491,E691
N04,E492,E753
N04,E494,E652
N04,E494,E657
N04,E494,E775
N04,E494,E782
N04,E495,E776
N04,E496,E675
N04,E496,E769
N04,E497,E637
N04,E497,E729
N04,E497,E798
N04,E498,E601
N04,E499,E645
N04,E500,E717
N04,E500,E727
N04,E500,E728
N04,E502,E628
N04,E502,E684
N04,E504,E614
N04,E504,E635
N04,E504,E710
N04,E504,E770
N04,E505,E642
N04,E506,E700
N04,E506,E747
N04,E507,E622
N04,E507,E724
N04,E507,E738
N04,E508,E606
N04,E508,E618
N04,E508,E697
N04,E508,E753
N04,E509,E725
N04,E509,E764
N04,E510,E752
N04,E510,E759
N04,E511,E685
N04,E511,E708
N04,E512,E618
N04,E512,E637
N04,E512,E659
N04,E512,E769
N04,E513,E773
N04,E514,E604
N04,E514,E750
N04,E515,E621
N04,E515,E689
N04,E516,E674
N04,E516,E686
N04,E516,E692
N04,E516,E720
N04,E516,E790
N04,E517,E700
N04,E518,E718
N04,E519,E623
N04,E519,E705
N04,E519,E796
N04,E520,E789
N04,E521,E692
N04,E522,E612
N04,E522,E660
N04,E522,E677
N04,E522,E756
N04,E523,E731
N04,E523,E735
N04,E524,E729
N04,E524,E740
N04,E525,E717
N04,E525,E743
N04,E526,E662
N04,E526,E678
N04,E526,E717
N04,E527,E602
N04,E527,E655
N04,E527,E714
N04,E528,E615
N04,E528,E694
N04,E528,E706
N04,E530,E607
N04,E530,E622
N04,E531,E733
N04,E531,E793
N04,E532,E749
N04,E533,E643
N04,E533,E663
N04,E533,E689
N04,E533,E734
N04,E533,E755
N04,E534,E714
N04,E535,E607
N04,E535,E674
N04,E535,E716
N04,E535,E784
N04,E536,E612
N04,E536,E622
N04,E536,E676
N04,E536,E679
N04,E536,E788
N04,E537,E648
N04,E537,E754
N04,E538,E628
N04,E538,E685
N04,E539,E695
N04,E540,E642
N04,E541,E623
N04,E541,E749
N04,E542,E743
N04,E542,E749
N04,E543,E600
N04,E543,E633
N04,E543,E673
N04,E544,E660
N04,E545,E724
N04,E546,E706
N04,E546,E732
N04,E548,E720
N04,E548,E775
N04,E550,E619
N04,E551,E761
N04,E555,E605
N04,E555,E606
N04,E555,E662
N04,E555,E736
N04,E556,E679
N04,E556,E733
N04,E557,E761
N04,E558,E664
N04,E559,E746
N04,E560,E639
N04,E560,E765
N04,E560,E781
N04,E561,E632
N04,E561,E710
N04,E562,E601
N04,E562,E760
N04,E562,E767
N04,E563,E643
N04,E564,E649
N04,E565,E625
N04,E566,E698
N04,E566,E732
N04,E567,E671
N04,E569,E647
N04,E569,E791
N04,E570,E630
N04,E571,E646
N04,E572,E671
N04,E573,E613
N04,E574,E698
N04,E574,E777
N04,E574,E797
N04,E575,E650
N04,E575,E651
N04,E575,E692
N04,E577,E654
N04,E577,E657
N04,E578,E605
N04,E578,E688
N04,E579,E695
N04,E579,E768
N04,E580,E602
N04,E580,E784
N04,E580,E793
N04,E581,E691
N04,E581,E722
N04,E582,E688
N04,E582,E770
N04,E583,E614
N04,E583,E711
N04,E584,E618
N04,E585,E616
N04,E585,E683
N04,E586,E619
N04,E586,E639
N04,E586,E642
N04,E586,E667
N04,E586,E693
N04,E586,E758
N04,E586,E773
N04,E587,E664
N04,E587,E683
N04,E587,E739
N04,E588,E627
N04,E588,E650
N04,E588,E654
N04,E588,E689
N04,E588,E734
N04,E588,E757
N04,E588,E762
N04,E589,E609
N04,E589,E701
N04,E589,E721
N04,E590,E625
N04,E591,E644
N04,E591,E690
N04,E592,E603
N04,E592,E741
N04,E592,E766
N04,E593,E613
N04,E593,E631
N04,E593,E699
N04,E594,E799
N04,E595,E627
N04,E595,E663
N04,E596,E608
N04,E596,E654
N04,E597,E636
N04,E597,E655
N04,E597,E764
N04,E598,E687
N04,E598,E757
N04,E598,E768
N04,E599,E709
N04,E600,E854
N04,E601,E818
N04,E601,E856
N04,E602,E868
N04,E602,E881
N04,E603,E950
N04,E603,E978
N04,E604,E984
N04,E604,E998
N04,E605,E919
N04,E606,E843
N04,E607,E817
N04,E607,E879
N04,E608,E812
N04,E608,E891
N04,E609,E805
N04,E609,E943
N04,E610,E887
N04,E611,E907
N04,E612,E810
N04,E612,E821
N04,E612,E997
N04,E613,E880
N04,E613,E899
N04,E613,E912
N04,E613,E925
N04,E614,E816
N04,E614,E891
N04,E614,E999
N04,E615,E877
N04,E615,E893
N04,E615,E959
N04,E615,E979
N04,E616,E915
N04,E616,E916
N04,E616,E981
N04,E616,E986
N04,E617,E856
N04,E617,E865
N04,E617,E930
N04,E617,E984
N04,E618,E840
N04,E619,E809
N04,E619,E814
N04,E620,E879
N04,E620,E901
N04,E620,E935
N04,E621,E928
N04,E621,E945
N04,E623,E832
N04,E623,E941
N04,E624,E816
N04,E624,E837
N04,E624,E904
N04,E624,E942
N04,E624,E977
N04,E625,E839
N04,E625,E850
N04,E626,E933
N04,E626,E953
N04,E628,E898
N04,E629,E874
N04,E629,E964
N04,E630,E815
N04,E630,E936
N04,E631,E891
N04,E631,E950
N04,E632,E994
N04,E633,E844
N04,E634,E883
N04,E634,E964
N04,E634,E976
N04,E635,E803
N04,E635,E866
N04,E635,E882
N04,E635,E957
N04,E635,E974
N04,E637,E837
N04,E637,E909
N04,E637,E942
N04,E638,E813
N04,E638,E817
N04,E638,E859
N04,E638,E884
N04,E639,E863
N04,E640,E830
N04,E640,E942
N04,E641,E827
N04,E641,E831
N04,E641,E871
N04,E642,E855
N04,E645,E842
N04,E645,E873
N04,E646,E901
N04,E647,E993
N04,E648,E903
N04,E649,E966
N04,E650,E807
N04,E650,E828
N04,E650,E846
N04,E650,E867
N04,E650,E885
N04,E650,E895
N04,E651,E904
N04,E651,E989
N04,E652,E823
N04,E652,E931
N04,E653,E808
N04,E653,E851
N04,E654,E834
N04,E654,E872
N04,E654,E919
N04,E655,E951
N04,E655,E969
N04,E655,E999
N04,E656,E802
N04,E656,E986
N04,E657,E948
N04,E657,E957
N04,E657,E987
N04,E657,E992
N04,E657,E998
N04,E658,E870
N04,E658,E984
N04,E659,E881
N04,E660,E848
N04,E660,E924
N04,E661,E957
N04,E662,E806
N04,E662,E840
N04,E662,E862
N04,E662,E866
N04,E662,E937
N04,E662,E961
N04,E662,E972
N04,E663,E804
N04,E663,E827
N04,E663,E829
N04,E663,E923
N04,E663,E958
N04,E663,E975
N04,E664,E949
N04,E665,E815
N04,E665,E921
N04,E665,E940
N04,E666,E808
N04,E666,E858
N04,E666,E917
N04,E666,E953
N04,E667,E872
N04,E667,E931
N04,E667,E994
N04,E668,E951
N04,E669,E902
N04,E670,E804
N04,E670,E818
N04,E670,E884
N04,E670,E931
N04,E671,E826
N04,E672,E838
N04,E672,E955
N04,E674,E877
N04,E674,E892
N04,E674,E952
N04,E675,E814
N04,E675,E988
N04,E676,E965
N04,E677,E875
N04,E677,E910
N04,E679,E820
N04,E679,E825
N04,E681,E892
N04,E681,E978
N04,E682,E910
N04,E682,E945
N04,E683,E826
N04,E683,E878
N04,E683,E954
N04,E683,E963
N04,E684,E914
N04,E685,E801
N04,E685,E913
N04,E686,E843
N04,E686,E970
N04,E687,E831
N04,E687,E996
N04,E688,E864
N04,E689,E821
N04,E689,E822
N04,E689,E850
N04,E689,E869
N04,E689,E880
N04,E689,E936
N04,E689,E948
N04,E690,E913
N04,E692,E918
N04,E692,E934
N04,E693,E886
N04,E693,E906
N04,E694,E864
N04,E694,E897
N04,E694,E924
N04,E694,E962
N04,E694,E988
N04,E695,E889
N04,E695,E954
N04,E695,E994
N04,E696,E939
N04,E697,E947
N04,E697,E970
N04,E698,E813
N04,E698,E843
N04,E698,E881
N04,E698,E917
N04,E698,E978
N04,E699,E991
N04,E700,E899
N04,E700,E903
N04,E701,E802
N04,E702,E875
N04,E702,E906
N04,E702,E985
N04,E703,E880
N04,E703,E932
N04,E706,E803
N04,E706,E882
N04,E706,E982
N04,E707,E830
N04,E707,E889
N04,E708,E955
N04,E709,E823
N04,E709,E887
N04,E709,E964
N04,E709,E974
N04,E710,E988
N04,E710,E991
N04,E711,E806
N04,E711,E838
N04,E711,E845
N04,E711,E983
N04,E712,E800
N04,E712,E819
N04,E712,E904
N04,E713,E990
N04,E714,E872
N04,E714,E927
N04,E715,E947
N04,E716,E834
N04,E716,E919
N04,E716,E968
N04,E717,E905
N04,E717,E956
N04,E718,E812
N04,E718,E893
N04,E719,E801
N04,E719,E897
N04,E719,E912
N04,E720,E899
N04,E721,E917
N04,E721,E920
N04,E721,E966
N04,E722,E884
N04,E723,E828
N04,E723,E886
N04,E723,E926
N04,E725,E887
N04,E726,E911
N04,E726,E914
N04,E727,E833
N04,E728,E806
N04,E728,E841
N04,E728,E849
N04,E729,E861
N04,E731,E838
N04,E731,E911
N04,E731,E968
N04,E732,E824
N04,E732,E878
N04,E732,E897
N04,E732,E980
N04,E733,E892
N04,E733,E922
N04,E734,E968
N04,E735,E916
N04,E735,E925
N04,E736,E812
N04,E736,E862
N04,E737,E815
N04,E737,E853
N04,E737,E885
N04,E738,E878
N04,E738,E934
N04,E738,E945
N04,E738,E973
N04,E739,E944
N04,E740,E852
N04,E740,E871
N04,E741,E960
N04,E741,E975
N04,E742,E857
N04,E742,E985
N04,E742,E997
N04,E743,E948
N04,E746,E934
N04,E746,E996
N04,E747,E833
N04,E747,E888
N04,E747,E995
N04,E748,E821
N04,E748,E836
N04,E748,E861
N04,E748,E971
N04,E748,E985
N04,E749,E946
N04,E750,E973
N04,E751,E839
N04,E751,E866
N04,E751,E908
N04,E751,E962
N04,E752,E954
N04,E752,E963
N04,E753,E840
N04,E753,E920
N04,E754,E810
N04,E754,E855
N04,E754,E898
N04,E755,E810
N04,E755,E890
N04,E755,E894
N04,E755,E963
N04,E756,E949
N04,E756,E982
N04,E757,E952
N04,E757,E977
N04,E758,E944
N04,E758,E956
N04,E759,E915
N04,E759,E960
N04,E759,E974
N04,E760,E804
N04,E760,E958
N04,E760,E976
N04,E761,E832
N04,E761,E940
N04,E762,E876
N04,E763,E836
N04,E763,E949
N04,E765,E972
N04,E766,E907
N04,E766,E938
N04,E767,E845
N04,E768,E818
N04,E768,E868
N04,E768,E990
N04,E769,E860
N04,E769,E879
N04,E770,E860
N04,E770,E898
N04,E770,E987
N04,E771,E890
N04,E771,E961
N04,E772,E909
N04,E772,E928
N04,E773,E823
N04,E773,E858
N04,E773,E973
N04,E773,E977
N04,E773,E983
N04,E773,E992
N04,E774,E905
N04,E775,E845
N04,E775,E863
N04,E775,E882
N04,E775,E966
N04,E775,E990
N04,E776,E946
N04,E776,E979
N04,E777,E920
N04,E778,E830
N04,E778,E989
N04,E779,E835
N04,E780,E896
N04,E781,E847
N04,E781,E916
N04,E782,E811
N04,E782,E909
N04,E782,E925
N04,E782,E926
N04,E782,E967
N04,E782,E982
N04,E783,E824
N04,E783,E865
N04,E783,E938
N04,E784,E885
N04,E784,E944
N04,E785,E900
N04,E786,E852
N04,E786,E853
N04,E786,E901
N04,E786,E918
N04,E788,E816
N04,E788,E889
N04,E788,E947
N04,E789,E819
N04,E789,E856
N04,E789,E903
N04,E789,E955
N04,E790,E991
N04,E791,E950
N04,E792,E930
N04,E793,E819
N04,E793,E859
N04,E793,E862
N04,E794,E913
N04,E794,E939
N04,E795,E921
N04,E796,E929
N04,E796,E933
N04,E797,E802
N04,E797,E865
N04,E799,E915
N05,E000,E366
N05,E002,E264
N05,E002,E361
N05,E003,E284
N05,E003,E309
N05,E003,E396
N05,E004,E351
N05,E005,E225
N05,E005,E302
N05,E006,E209
N05,E006,E339
N05,E006,E386
N05,E007,E227
N05,E007,E247
N05,E007,E277
N05,E007,E281
N05,E007,E328
N05,E007,E346
N05,E008,E254
N05,E008,E309
N05,E008,E320
N05,E009,E250
N05,E009,E330
N05,E011,E324
N05,E012,E214
N05,E013,E238
N05,E013,E303
N05,E014,E293
N05,E014,E342
N05,E015,E204
N05,E015,E254
N05,E017,E385
N05,E017,E389
N05,E018,E344
N05,E019,E266
N05,E019,E332
N05,E020,E340
N05,E020,E378
N05,E022,E282
N05,E022,E304
N05,E023,E265
N05,E024,E286
N05,E024,E370
N05,E025,E245
N05,E025,E285
N05,E025,E323
N05,E026,E271
N05,E026,E371
N05,E026,E382
N05,E027,E200
N05,E027,E257
N05,E028,E240
N05,E028,E305
N05,E028,E340
N05,E030,E212
N05,E030,E213
N05,E030,E346
N05,E032,E209
N05,E032,E304
N05,E033,E287
N05,E033,E290
N05,E033,E318
N05,E034,E341
N05,E034,E346
N05,E035,E289
N05,E036,E208
N05,E036,E236
N05,E036,E355
N05,E036,E370
N05,E037,E228
N05,E038,E205
N05,E038,E396
N05,E039,E209
N05,E039,E226
N05,E039,E340
N05,E039,E368
N05,E040,E310
N05,E040,E390
N05,E041,E376
N05,E041,E383
N05,E042,E221
N05,E042,E375
N05,E044,E223
N05,E044,E224
N05,E044,E285
N05,E045,E262
N05,E045,E313
N05,E045,E366
N05,E046,E291
N05,E047,E333
N05,E048,E202
N05,E048,E265
N05,E048,E295
N05,E049,E336
N05,E049,E363
N05,E049,E364
N05,E050,E337
N05,E051,E321
N05,E051,E359
N05,E052,E314
N05,E053,E246
N05,E053,E349
N05,E053,E374
N05,E053,E397
N05,E054,E255
N05,E054,E278
N05,E054,E370
N05,E055,E239
N05,E055,E292
N05,E055,E296
N05,E056,E394
N05,E058,E268
N05,E059,E279
N05,E060,E252
N05,E060,E274
N05,E060,E397
N05,E061,E259
N05,E061,E279
N05,E061,E338
N05,E061,E350
N05,E061,E352
N05,E062,E334
N05,E062,E377
N05,E063,E215
N05,E063,E234
N05,E063,E367
N05,E063,E374
N05,E065,E259
N05,E065,E262
N05,E068,E378
N05,E069,E260
N05,E069,E330
N05,E069,E393
N05,E070,E348
N05,E070,E356
N05,E073,E217
N05,E074,E300
N05,E075,E214
N05,E075,E303
N05,E075,E391
N05,E076,E257
N05,E077,E211
N05,E077,E270
N05,E077,E276
N05,E077,E367
N05,E078,E297
N05,E079,E228
N05,E081,E377
N05,E081,E399
N05,E083,E228
N05,E083,E246
N05,E083,E396
N05,E084,E373
N05,E085,E375
N05,E086,E242
N05,E086,E261
N05,E086,E328
N05,E087,E203
N05,E087,E318
N05,E087,E339
N05,E087,E360
N05,E088,E391
N05,E089,E357
N05,E090,E301
N05,E091,E227
N05,E091,E237
N05,E091,E368
N05,E091,E384
N05,E092,E317
N05,E093,E244
N05,E093,E307
N05,E094,E205
N05,E094,E276
N05,E094,E291
N05,E094,E387
N05,E095,E283
N05,E096,E241
N05,E097,E347
N05,E098,E285
N05,E099,E229
N05,E099,E312
N05,E099,E367
N05,E100,E221
N05,E100,E359
N05,E101,E306
N05,E101,E362
N05,E101,E384
N05,E103,E287
N05,E104,E274
N05,E104,E280
N05,E104,E312
N05,E104,E319
N05,E104,E333
N05,E104,E349
N05,E105,E234
N05,E105,E320
N05,E106,E290
N05,E107,E251
N05,E108,E220
N05,E109,E230
N05,E110,E211
N05,E110,E232
N05,E110,E253
N05,E110,E327
N05,E110,E351
N05,E110,E354
N05,E110,E366
N05,E110,E387
N05,E111,E299
N05,E111,E300
N05,E111,E356
N05,E112,E221
N05,E112,E233
N05,E112,E243
N05,E112,E278
N05,E113,E217
N05,E113,E328
N05,E114,E306
N05,E114,E321
N05,E115,E270
N05,E115,E359
N05,E117,E323
N05,E117,E355
N05,E117,E390
N05,E118,E266
N05,E118,E347
N05,E118,E372
N05,E119,E222
N05,E119,E352
N05,E120,E307
N05,E120,E344
N05,E121,E365
N05,E122,E213
N05,E122,E349
N05,E123,E361
N05,E124,E289
N05,E124,E303
N05,E124,E316
N05,E124,E325
N05,E125,E220
N05,E125,E230
N05,E125,E250
N05,E125,E397
N05,E126,E271
N05,E126,E325
N05,E127,E242
N05,E127,E294
N05,E129,E206
N05,E129,E322
N05,E130,E306
N05,E130,E344
N05,E131,E210
N05,E131,E269
N05,E131,E369
N05,E132,E249
N05,E132,E282
N05,E132,E354
N05,E133,E267
N05,E133,E395
N05,E134,E247
N05,E134,E288
N05,E134,E375
N05,E135,E326
N05,E135,E376
N05,E135,E390
N05,E136,E262
N05,E136,E271
N05,E136,E308
N05,E137,E325
N05,E137,E395
N05,E138,E201
N05,E138,E392
N05,E140,E298
N05,E141,E214
N05,E141,E227
N05,E141,E257
N05,E141,E273
N05,E141,E393
N05,E142,E238
N05,E142,E329
N05,E142,E356
N05,E142,E380
N05,E143,E382
N05,E143,E387
N05,E144,E232
N05,E144,E288
N05,E145,E275
N05,E145,E321
N05,E146,E296
N05,E146,E317
N05,E146,E329
N05,E147,E246
N05,E148,E298
N05,E148,E381
N05,E149,E253
N05,E150,E304
N05,E150,E334
N05,E152,E332
N05,E152,E371
N05,E153,E281
N05,E153,E348
N05,E153,E372
N05,E153,E388
N05,E154,E250
N05,E155,E258
N05,E155,E274
N05,E155,E312
N05,E157,E273
N05,E157,E276
N05,E157,E372
N05,E158,E205
N05,E158,E382
N05,E159,E277
N05,E159,E398
N05,E160,E263
N05,E160,E365
N05,E161,E256
N05,E161,E287
N05,E162,E331
N05,E162,E355
N05,E162,E378
N05,E163,E202
N05,E163,E357
N05,E165,E280
N05,E165,E379
N05,E167,E229
N05,E167,E230
N05,E167,E270
N05,E167,E279
N05,E167,E315
N05,E168,E284
N05,E169,E219
N05,E169,E252
N05,E170,E345
N05,E170,E383
N05,E170,E395
N05,E171,E201
N05,E172,E249
N05,E172,E252
N05,E172,E277
N05,E173,E286
N05,E173,E384
N05,E174,E296
N05,E175,E290
N05,E175,E305
N05,E175,E311
N05,E175,E365
N05,E176,E353
N05,E176,E358
N05,E176,E381
N05,E177,E201
N05,E177,E248
N05,E177,E333
N05,E178,E216
N05,E179,E204
N05,E179,E240
N05,E179,E313
N05,E180,E289
N05,E180,E307
N05,E180,E318
N05,E180,E371
N05,E181,E305
N05,E181,E343
N05,E182,E374
N05,E183,E218
N05,E183,E399
N05,E184,E200
N05,E184,E207
N05,E184,E272
N05,E185,E258
N05,E185,E338
N05,E186,E235
N05,E187,E293
N05,E187,E294
N05,E187,E320
N05,E188,E224
N05,E188,E231
N05,E188,E292
N05,E188,E323
N05,E189,E399
N05,E190,E235
N05,E190,E254
N05,E190,E260
N05,E191,E357
N05,E192,E242
N05,E192,E335
N05,E193,E294
N05,E193,E316
N05,E194,E237
N05,E195,E226
N05,E195,E317
N05,E195,E342
N05,E196,E204
N05,E196,E243
N05,E197,E202
N05,E197,E243
N05,E200,E409
N05,E200,E581
N05,E201,E484
N05,E201,E542
N05,E202,E436
N05,E202,E437
N05,E203,E414
N05,E203,E435
N05,E203,E502
N05,E203,E519
N05,E203,E533
N05,E203,E553
N05,E203,E594
N05,E205,E515
N05,E205,E529
N05,E205,E539
N05,E206,E403
N05,E206,E453
N05,E206,E459
N05,E206,E530
N05,E207,E485
N05,E208,E434
N05,E208,E460
N05,E208,E562
N05,E209,E495
N05,E210,E400
N05,E210,E459
N05,E210,E534
N05,E210,E544
N05,E211,E462
N05,E212,E418
N05,E212,E426
N05,E212,E577
N05,E213,E581
N05,E213,E589
N05,E214,E409
N05,E214,E566
N05,E217,E498
N05,E217,E567
N05,E218,E449
N05,E218,E595
N05,E219,E419
N05,E219,E422
N05,E219,E555
N05,E219,E559
N05,E219,E560
N05,E219,E578
N05,E220,E593
N05,E222,E548
N05,E223,E457
N05,E223,E485
N05,E224,E511
N05,E224,E593
N05,E225,E578
N05,E226,E417
N05,E227,E411
N05,E227,E427
N05,E227,E442
N05,E227,E582
N05,E227,E591
N05,E229,E404
N05,E229,E419
N05,E229,E442
N05,E230,E527
N05,E230,E582
N05,E231,E507
N05,E231,E594
N05,E232,E487
N05,E232,E519
N05,E232,E598
N05,E233,E405
N05,E233,E536
N05,E234,E431
N05,E235,E409
N05,E235,E576
N05,E236,E489
N05,E238,E428
N05,E238,E439
N05,E238,E487
N05,E238,E497
N05,E238,E546
N05,E238,E548
N05,E239,E432
N05,E239,E457
N05,E240,E414
N05,E240,E436
N05,E240,E487
N05,E241,E570
N05,E242,E575
N05,E243,E416
N05,E243,E552
N05,E244,E429
N05,E244,E525
N05,E245,E501
N05,E245,E543
N05,E245,E556
N05,E246,E443
N05,E247,E402
N05,E247,E422
N05,E247,E590
N05,E248,E463
N05,E248,E496
N05,E249,E468
N05,E249,E474
N05,E249,E543
N05,E250,E459
N05,E250,E467
N05,E250,E494
N05,E251,E416
N05,E251,E425
N05,E251,E492
N05,E251,E522
N05,E252,E455
N05,E252,E506
N05,E253,E476
N05,E253,E531
N05,E254,E514
N05,E255,E430
N05,E255,E509
N05,E255,E526
N05,E255,E531
N05,E256,E415
N05,E257,E441
N05,E257,E464
N05,E258,E447
N05,E258,E461
N05,E258,E469
N05,E260,E574
N05,E261,E449
N05,E262,E439
N05,E262,E472
N05,E262,E478
N05,E262,E541
N05,E262,E576
N05,E263,E547
N05,E264,E418
N05,E264,E502
N05,E265,E539
N05,E266,E517
N05,E266,E583
N05,E267,E490
N05,E267,E512
N05,E267,E550
N05,E268,E530
N05,E269,E480
N05,E270,E562
N05,E271,E510
N05,E271,E545
N05,E272,E532
N05,E273,E506
N05,E273,E566
N05,E274,E433
N05,E274,E482
N05,E274,E513
N05,E274,E514
N05,E274,E516
N05,E274,E545
N05,E274,E582
N05,E275,E445
N05,E275,E513
N05,E275,E554
N05,E275,E577
N05,E276,E447
N05,E276,E526
N05,E276,E570
N05,E276,E587
N05,E278,E524
N05,E278,E537
N05,E279,E524
N05,E280,E458
N05,E280,E481
N05,E280,E564
N05,E281,E410
N05,E281,E485
N05,E281,E577
N05,E282,E420
N05,E282,E435
N05,E282,E540
N05,E283,E451
N05,E284,E438
N05,E285,E431
N05,E286,E413
N05,E286,E440
N05,E286,E478
N05,E286,E573
N05,E288,E402
N05,E288,E494
N05,E289,E407
N05,E291,E439
N05,E292,E450
N05,E292,E598
N05,E293,E503
N05,E293,E596
N05,E294,E410
N05,E294,E453
N05,E294,E474
N05,E294,E556
N05,E294,E579
N05,E295,E444
N05,E295,E586
N05,E296,E452
N05,E296,E456
N05,E296,E466
N05,E296,E476
N05,E296,E522
N05,E297,E597
N05,E298,E496
N05,E298,E512
N05,E298,E547
N05,E299,E518
N05,E299,E550
N05,E300,E457
N05,E302,E502
N05,E302,E579
N05,E303,E475
N05,E303,E525
N05,E304,E421
N05,E304,E529
N05,E305,E448
N05,E307,E434
N05,E307,E554
N05,E309,E429
N05,E309,E572
N05,E309,E594
N05,E310,E466
N05,E310,E593
N05,E311,E521
N05,E311,E565
N05,E312,E402
N05,E313,E432
N05,E313,E455
N05,E314,E425
N05,E314,E564
N05,E315,E501
N05,E315,E578
N05,E316,E527
N05,E317,E448
N05,E317,E506
N05,E318,E413
N05,E318,E499
N05,E318,E505
N05,E319,E516
N05,E320,E484
N05,E321,E424
N05,E321,E428
N05,E321,E479
N05,E323,E447
N05,E323,E529
N05,E323,E557
N05,E323,E570
N05,E324,E423
N05,E324,E483
N05,E325,E473
N05,E325,E552
N05,E326,E401
N05,E326,E426
N05,E326,E433
N05,E326,E488
N05,E327,E469
N05,E327,E537
N05,E328,E522
N05,E329,E576
N05,E330,E538
N05,E330,E588
N05,E331,E436
N05,E331,E449
N05,E331,E518
N05,E332,E443
N05,E333,E430
N05,E333,E432
N05,E333,E497
N05,E333,E544
N05,E335,E476
N05,E335,E558
N05,E335,E559
N05,E336,E565
N05,E337,E421
N05,E337,E491
N05,E337,E504
N05,E338,E406
N05,E338,E521
N05,E338,E552
N05,E339,E464
N05,E339,E520
N05,E339,E528
N05,E340,E423
N05,E341,E465
N05,E341,E591
N05,E342,E467
N05,E342,E486
N05,E343,E403
N05,E343,E475
N05,E343,E479
N05,E344,E411
N05,E345,E544
N05,E347,E538
N05,E347,E551
N05,E348,E405
N05,E348,E446
N05,E348,E471
N05,E348,E501
N05,E348,E553
N05,E349,E426
N05,E349,E572
N05,E350,E551
N05,E350,E586
N05,E351,E451
N05,E351,E541
N05,E352,E412
N05,E352,E470
N05,E352,E491
N05,E352,E513
N05,E353,E400
N05,E353,E430
N05,E353,E531
N05,E353,E548
N05,E353,E549
N05,E354,E438
N05,E354,E537
N05,E354,E540
N05,E354,E567
N05,E355,E435
N05,E355,E469
N05,E357,E442
N05,E358,E454
N05,E359,E411
N05,E359,E431
N05,E360,E553
N05,E360,E589
N05,E361,E419
N05,E361,E490
N05,E361,E493
N05,E361,E498
N05,E361,E571
N05,E362,E440
N05,E362,E478
N05,E363,E410
N05,E363,E450
N05,E363,E483
N05,E365,E486
N05,E365,E555
N05,E365,E568
N05,E366,E417
N05,E366,E433
N05,E367,E496
N05,E368,E424
N05,E368,E497
N05,E369,E498
N05,E369,E508
N05,E370,E481
N05,E370,E535
N05,E370,E565
N05,E370,E584
N05,E371,E523
N05,E372,E414
N05,E372,E475
N05,E372,E500
N05,E373,E563
N05,E374,E407
N05,E374,E551
N05,E374,E569
N05,E375,E401
N05,E375,E550
N05,E376,E453
N05,E376,E482
N05,E377,E480
N05,E377,E516
N05,E379,E472
N05,E379,E484
N05,E379,E521
N05,E380,E404
N05,E380,E470
N05,E380,E556
N05,E381,E427
N05,E381,E585
N05,E382,E408
N05,E382,E458
N05,E382,E470
N05,E382,E472
N05,E382,E561
N05,E382,E589
N05,E383,E580
N05,E384,E416
N05,E385,E422
N05,E385,E455
N05,E385,E477
N05,E385,E514
N05,E385,E590
N05,E386,E400
N05,E387,E437
N05,E388,E558
N05,E388,E560
N05,E388,E571
N05,E389,E483
N05,E389,E547
N05,E390,E401
N05,E390,E403
N05,E390,E554
N05,E390,E583
N05,E390,E592
N05,E391,E590
N05,E392,E412
N05,E392,E495
N05,E392,E527
N05,E393,E526
N05,E393,E599
N05,E395,E407
N05,E395,E481
N05,E396,E437
N05,E396,E491
N05,E396,E525
N05,E396,E562
N05,E398,E443
N05,E398,E592
N05,E399,E404
N05,E399,E505
N05,E399,E584
N05,E400,E605
N05,E400,E684
N05,E400,E748
N05,E400,E756
N05,E401,E643
N05,E402,E630
N05,E402,E688
N05,E402,E697
N05,E402,E744
N05,E402,E766
N05,E402,E783
N05,E403,E698
N05,E404,E655
N05,E404,E772
N05,E405,E624
N05,E405,E664
N05,E406,E679
N05,E406,E711
N05,E406,E761
N05,E407,E608
N05,E407,E635
N05,E407,E639
N05,E408,E710
N05,E408,E724
N05,E409,E687
N05,E409,E692
N05,E410,E696
N05,E410,E784
N05,E411,E672
N05,E411,E688
N05,E411,E698
N05,E413,E740
N05,E414,E640
N05,E414,E671
N05,E414,E707
N05,E414,E753
N05,E415,E617
N05,E415,E723
N05,E415,E733
N05,E416,E789
N05,E417,E639
N05,E418,E692
N05,E418,E699
N05,E419,E667
N05,E419,E685
N05,E419,E715
N05,E419,E763
N05,E420,E715
N05,E421,E606
N05,E421,E695
N05,E421,E723
N05,E422,E648
N05,E422,E651
N05,E422,E680
N05,E423,E727
N05,E423,E796
N05,E427,E666
N05,E427,E699
N05,E428,E678
N05,E428,E725
N05,E429,E621
N05,E429,E661
N05,E429,E780
N05,E431,E603
N05,E431,E613
N05,E431,E695
N05,E431,E781
N05,E432,E701
N05,E432,E732
N05,E432,E798
N05,E434,E752
N05,E434,E785
N05,E434,E795
N05,E435,E626
N05,E435,E677
N05,E435,E703
N05,E435,E715
N05,E435,E766
N05,E436,E629
N05,E436,E673
N05,E436,E685
N05,E438,E609
N05,E438,E739
N05,E438,E761
N05,E439,E656
N05,E439,E666
N05,E439,E676
N05,E439,E738
N05,E440,E618
N05,E440,E736
N05,E440,E768
N05,E441,E609
N05,E441,E665
N05,E441,E765
N05,E442,E632
N05,E443,E669
N05,E444,E791
N05,E445,E610
N05,E445,E667
N05,E445,E738
N05,E446,E664
N05,E447,E605
N05,E447,E693
N05,E448,E618
N05,E448,E634
N05,E448,E786
N05,E449,E607
N05,E449,E675
N05,E451,E748
N05,E451,E771
N05,E451,E793
N05,E452,E658
N05,E454,E702
N05,E455,E767
N05,E458,E682
N05,E458,E724
N05,E459,E703
N05,E460,E710
N05,E460,E771
N05,E460,E798
N05,E461,E615
N05,E461,E737
N05,E461,E787
N05,E462,E754
N05,E463,E677
N05,E464,E605
N05,E464,E641
N05,E464,E749
N05,E465,E760
N05,E466,E607
N05,E466,E789
N05,E467,E617
N05,E467,E722
N05,E467,E729
N05,E467,E762
N05,E468,E674
N05,E468,E799
N05,E469,E600
N05,E469,E728
N05,E470,E620
N05,E470,E794
N05,E471,E602
N05,E471,E745
N05,E472,E630
N05,E473,E662
N05,E473,E769
N05,E474,E656
N05,E475,E608
N05,E475,E717
N05,E475,E732
N05,E475,E751
N05,E475,E755
N05,E476,E649
N05,E476,E654
N05,E477,E624
N05,E477,E657
N05,E478,E618
N05,E478,E736
N05,E479,E704
N05,E480,E782
N05,E481,E642
N05,E481,E683
N05,E481,E759
N05,E482,E622
N05,E482,E690
N05,E483,E613
N05,E484,E644
N05,E484,E733
N05,E486,E678
N05,E487,E601
N05,E487,E673
N05,E487,E740
N05,E488,E643
N05,E488,E647
N05,E488,E748
N05,E488,E754
N05,E488,E778
N05,E489,E631
N05,E491,E601
N05,E491,E638
N05,E491,E687
N05,E491,E723
N05,E491,E739
N05,E492,E646
N05,E492,E681
N05,E493,E612
N05,E494,E619
N05,E494,E670
N05,E494,E709
N05,E494,E725
N05,E495,E703
N05,E495,E751
N05,E496,E611
N05,E496,E665
N05,E496,E777
N05,E497,E651
N05,E497,E660
N05,E497,E754
N05,E499,E702
N05,E499,E721
N05,E500,E627
N05,E500,E730
N05,E501,E600
N05,E502,E653
N05,E503,E613
N05,E503,E634
N05,E503,E701
N05,E503,E739
N05,E503,E760
N05,E504,E793
N05,E505,E637
N05,E505,E747
N05,E505,E781
N05,E506,E672
N05,E506,E737
N05,E508,E636
N05,E508,E659
N05,E508,E693
N05,E508,E706
N05,E508,E779
N05,E509,E659
N05,E511,E790
N05,E512,E615
N05,E512,E745
N05,E512,E797
N05,E514,E662
N05,E515,E637
N05,E516,E636
N05,E516,E763
N05,E517,E600
N05,E517,E750
N05,E517,E797
N05,E518,E621
N05,E518,E786
N05,E519,E666
N05,E519,E720
N05,E519,E731
N05,E519,E742
N05,E520,E615
N05,E520,E617
N05,E521,E795
N05,E522,E724
N05,E523,E742
N05,E523,E775
N05,E524,E721
N05,E525,E601
N05,E525,E716
N05,E525,E762
N05,E525,E769
N05,E526,E705
N05,E527,E625
N05,E527,E676
N05,E528,E660
N05,E530,E636
N05,E530,E726
N05,E531,E746
N05,E533,E700
N05,E533,E713
N05,E534,E725
N05,E535,E720
N05,E537,E710
N05,E537,E742
N05,E537,E744
N05,E537,E796
N05,E538,E623
N05,E538,E779
N05,E539,E606
N05,E539,E744
N05,E539,E746
N05,E540,E773
N05,E541,E712
N05,E541,E791
N05,E542,E623
N05,E542,E736
N05,E544,E698
N05,E544,E799
N05,E545,E623
N05,E545,E691
N05,E545,E694
N05,E545,E752
N05,E546,E770
N05,E547,E697
N05,E547,E727
N05,E547,E740
N05,E547,E763
N05,E547,E772
N05,E548,E640
N05,E548,E761
N05,E549,E624
N05,E550,E792
N05,E552,E604
N05,E552,E614
N05,E552,E653
N05,E552,E692
N05,E552,E776
N05,E553,E644
N05,E555,E641
N05,E555,E653
N05,E555,E668
N05,E555,E718
N05,E555,E790
N05,E555,E795
N05,E556,E684
N05,E556,E688
N05,E556,E701
N05,E556,E727
N05,E557,E616
N05,E557,E645
N05,E557,E650
N05,E557,E667
N05,E557,E681
N05,E559,E787
N05,E559,E790
N05,E561,E627
N05,E561,E758
N05,E562,E602
N05,E562,E633
N05,E562,E649
N05,E562,E682
N05,E562,E687
N05,E563,E632
N05,E563,E640
N05,E563,E659
N05,E563,E707
N05,E564,E641
N05,E564,E712
N05,E565,E609
N05,E566,E635
N05,E566,E732
N05,E568,E764
N05,E569,E630
N05,E570,E681
N05,E570,E685
N05,E570,E786
N05,E570,E787
N05,E571,E773
N05,E572,E646
N05,E572,E652
N05,E572,E693
N05,E572,E741
N05,E573,E638
N05,E573,E728
N05,E574,E671
N05,E574,E745
N05,E574,E780
N05,E575,E656
N05,E576,E602
N05,E576,E672
N05,E576,E753
N05,E577,E626
N05,E577,E780
N05,E578,E757
N05,E579,E674
N05,E579,E682
N05,E580,E689
N05,E580,E695
N05,E581,E608
N05,E581,E662
N05,E581,E684
N05,E581,E694
N05,E581,E779
N05,E582,E610
N05,E582,E690
N05,E583,E670
N05,E584,E648
N05,E585,E708
N05,E585,E756
N05,E585,E788
N05,E586,E673
N05,E586,E700
N05,E586,E762
N05,E586,E797
N05,E587,E735
N05,E588,E652
N05,E588,E756
N05,E589,E734
N05,E590,E663
N05,E591,E632
N05,E591,E755
N05,E593,E676
N05,E593,E743
N05,E593,E772
N05,E594,E612
N05,E594,E686
N05,E594,E719
N05,E594,E737
N05,E595,E628
N05,E595,E638
N05,E595,E670
N05,E596,E798
N05,E597,E774
N05,E598,E714
N05,E599,E631
N05,E599,E649
N05,E599,E708
N05,E599,E720
N05,E602,E887
N05,E602,E920
N05,E603,E962
N05,E605,E847
N05,E605,E858
N05,E605,E878
N05,E605,E934
N05,E606,E878
N05,E606,E894
N05,E606,E932
N05,E607,E916
N05,E607,E996
N05,E608,E819
N05,E608,E842
N05,E608,E977
N05,E610,E812
N05,E610,E820
N05,E610,E983
N05,E612,E852
N05,E612,E963
N05,E613,E834
N05,E614,E849
N05,E614,E894
N05,E614,E913
N05,E614,E953
N05,E615,E861
N05,E615,E927
N05,E616,E860
N05,E616,E918
N05,E616,E972
N05,E617,E912
N05,E618,E897
N05,E619,E809
N05,E619,E903
N05,E619,E960
N05,E620,E889
N05,E620,E938
N05,E620,E964
N05,E621,E959
N05,E621,E976
N05,E622,E843
N05,E622,E850
N05,E622,E947
N05,E623,E873
N05,E624,E807
N05,E624,E840
N05,E624,E922
N05,E625,E801
N05,E626,E942
N05,E627,E805
N05,E627,E846
N05,E627,E880
N05,E627,E944
N05,E628,E812
N05,E628,E864
N05,E628,E906
N05,E629,E939
N05,E629,E970
N05,E629,E980
N05,E629,E982
N05,E631,E949
N05,E632,E945
N05,E633,E810
N05,E633,E823
N05,E633,E835
N05,E633,E895
N05,E633,E899
N05,E634,E954
N05,E635,E800
N05,E635,E853
N05,E635,E883
N05,E635,E890
N05,E636,E891
N05,E636,E904
N05,E637,E825
N05,E637,E950
N05,E638,E854
N05,E638,E856
N05,E638,E867
N05,E638,E932
N05,E639,E800
N05,E639,E928
N05,E640,E925
N05,E640,E935
N05,E640,E941
N05,E641,E910
N05,E643,E811
N05,E643,E971
N05,E644,E809
N05,E644,E974
N05,E645,E832
N05,E645,E870
N05,E646,E811
N05,E647,E919
N05,E647,E931
N05,E649,E813
N05,E649,E827
N05,E651,E882
N05,E651,E981
N05,E652,E803
N05,E652,E897
N05,E652,E911
N05,E652,E916
N05,E652,E953
N05,E653,E867
N05,E654,E992
N05,E655,E887
N05,E656,E841
N05,E657,E825
N05,E657,E844
N05,E657,E994
N05,E658,E818
N05,E658,E879
N05,E658,E924
N05,E658,E936
N05,E659,E902
N05,E659,E921
N05,E661,E879
N05,E661,E957
N05,E661,E972
N05,E662,E818
N05,E662,E891
N05,E663,E892
N05,E663,E974
N05,E663,E988
N05,E663,E997
N05,E664,E837
N05,E664,E947
N05,E665,E952
N05,E666,E922
N05,E666,E976
N05,E666,E991
N05,E668,E986
N05,E669,E830
N05,E670,E919
N05,E671,E873
N05,E673,E929
N05,E673,E930
N05,E673,E975
N05,E674,E893
N05,E674,E915
N05,E676,E931
N05,E677,E932
N05,E677,E939
N05,E677,E955
N05,E678,E815
N05,E678,E875
N05,E678,E915
N05,E679,E903
N05,E679,E977
N05,E680,E877
N05,E681,E831
N05,E681,E942
N05,E682,E821
N05,E682,E835
N05,E682,E923
N05,E682,E951
N05,E683,E863
N05,E683,E865
N05,E683,E885
N05,E684,E831
N05,E684,E836
N05,E684,E874
N05,E684,E903
N05,E684,E978
N05,E685,E837
N05,E685,E944
N05,E686,E857
N05,E687,E983
N05,E689,E846
N05,E689,E969
N05,E689,E971
N05,E690,E837
N05,E690,E846
N05,E690,E921
N05,E691,E909
N05,E691,E973
N05,E693,E984
N05,E694,E933
N05,E695,E857
N05,E695,E887
N05,E695,E985
N05,E696,E819
N05,E696,E822
N05,E697,E944
N05,E698,E920
N05,E698,E931
N05,E699,E969
N05,E699,E996
N05,E700,E817
N05,E700,E965
N05,E701,E812
N05,E701,E968
N05,E703,E807
N05,E703,E934
N05,E703,E967
N05,E703,E991
N05,E704,E826
N05,E704,E860
N05,E704,E986
N05,E705,E836
N05,E705,E880
N05,E705,E948
N05,E705,E968
N05,E707,E897
N05,E707,E982
N05,E708,E937
N05,E708,E980
N05,E709,E828
N05,E709,E908
N05,E709,E938
N05,E710,E942
N05,E710,E956
N05,E710,E995
N05,E711,E838
N05,E711,E839
N05,E712,E871
N05,E712,E875
N05,E712,E886
N05,E712,E888
N05,E712,E891
N05,E713,E827
N05,E713,E863
N05,E713,E912
N05,E713,E954
N05,E714,E815
N05,E714,E845
N05,E714,E929
N05,E715,E825
N05,E715,E865
N05,E715,E970
N05,E716,E816
N05,E717,E933
N05,E717,E989
N05,E718,E828
N05,E718,E832
N05,E718,E926
N05,E719,E909
N05,E719,E946
N05,E719,E967
N05,E719,E994
N05,E720,E863
N05,E720,E884
N05,E720,E945
N05,E720,E977
N05,E721,E960
N05,E722,E853
N05,E722,E870
N05,E723,E869
N05,E723,E913
N05,E724,E898
N05,E724,E907
N05,E725,E861
N05,E725,E966
N05,E726,E912
N05,E726,E999
N05,E727,E817
N05,E727,E833
N05,E727,E857
N05,E728,E856
N05,E728,E881
N05,E728,E900
N05,E728,E989
N05,E729,E815
N05,E730,E935
N05,E731,E833
N05,E731,E964
N05,E732,E849
N05,E732,E901
N05,E733,E990
N05,E734,E807
N05,E734,E824
N05,E735,E906
N05,E735,E920
N05,E735,E986
N05,E736,E823
N05,E736,E941
N05,E737,E966
N05,E737,E985
N05,E738,E855
N05,E738,E866
N05,E738,E867
N05,E738,E990
N05,E738,E992
N05,E739,E876
N05,E739,E967
N05,E740,E818
N05,E740,E940
N05,E741,E909
N05,E741,E948
N05,E742,E848
N05,E742,E998
N05,E743,E829
N05,E744,E802
N05,E744,E884
N05,E744,E943
N05,E744,E987
N05,E745,E999
N05,E746,E861
N05,E747,E804
N05,E747,E998
N05,E749,E893
N05,E750,E828
N05,E750,E838
N05,E751,E978
N05,E753,E816
N05,E753,E963
N05,E754,E875
N05,E755,E814
N05,E756,E813
N05,E756,E953
N05,E757,E872
N05,E757,E876
N05,E758,E816
N05,E758,E858
N05,E758,E913
N05,E758,E917
N05,E759,E810
N05,E759,E996
N05,E760,E829
N05,E760,E852
N05,E762,E940
N05,E762,E958
N05,E763,E836
N05,E764,E809
N05,E764,E911
N05,E765,E806
N05,E766,E872
N05,E766,E979
N05,E766,E984
N05,E767,E868
N05,E767,E902
N05,E767,E978
N05,E769,E813
N05,E770,E848
N05,E770,E987
N05,E771,E972
N05,E772,E852
N05,E772,E870
N05,E772,E880
N05,E773,E938
N05,E773,E961
N05,E773,E998
N05,E774,E833
N05,E774,E838
N05,E774,E851
N05,E774,E878
N05,E774,E911
N05,E774,E957
N05,E774,E997
N05,E775,E949
N05,E775,E952
N05,E777,E975
N05,E778,E970
N05,E780,E821
N05,E780,E905
N05,E780,E919
N05,E780,E928
N05,E780,E941
N05,E780,E974
N05,E783,E948
N05,E785,E862
N05,E785,E866
N05,E785,E890
N05,E786,E899
N05,E786,E995
N05,E787,E808
N05,E787,E914
N05,E787,E946
N05,E787,E976
N05,E788,E915
N05,E788,E934
N05,E789,E804
N05,E789,E859
N05,E789,E993
N05,E790,E823
N05,E791,E896
N05,E792,E923
N05,E793,E829
N05,E793,E872
N05,E793,E889
N05,E793,E961
N05,E794,E963
N05,E795,E831
N05,E795,E860
N05,E796,E907
N05,E796,E964
N05,E798,E940
N05,E799,E866
N05,E799,E892
N06,E000,E263
N06,E001,E264
N06,E002,E222
N06,E003,E293
N06,E003,E305
N06,E003,E385
N06,E004,E217
N06,E004,E385
N06,E005,E287
N06,E005,E361
N06,E005,E379
N06,E006,E279
N06,E006,E307
N06,E006,E386
N06,E006,E391
N06,E007,E222
N06,E007,E240
N06,E008,E221
N06,E008,E231
N06,E009,E396
N06,E010,E240
N06,E010,E254
N06,E010,E391
N06,E011,E206
N06,E011,E370
N06,E012,E213
N06,E012,E237
N06,E012,E390
N06,E015,E244
N06,E015,E297
N06,E015,E306
N06,E016,E344
N06,E016,E384
N06,E017,E261
N06,E017,E272
N06,E017,E295
N06,E017,E323
N06,E017,E335
N06,E017,E348
N06,E017,E379
N06,E018,E232
N06,E018,E338
N06,E018,E393
N06,E019,E250
N06,E019,E306
N06,E019,E330
N06,E020,E253
N06,E021,E256
N06,E021,E322
N06,E022,E209
N06,E022,E271
N06,E022,E340
N06,E023,E363
N06,E024,E208
N06,E024,E217
N06,E025,E294
N06,E028,E370
N06,E028,E393
N06,E029,E332
N06,E030,E271
N06,E030,E303
N06,E030,E353
N06,E030,E394
N06,E031,E203
N06,E031,E210
N06,E031,E309
N06,E031,E330
N06,E031,E352
N06,E031,E374
N06,E032,E346
N06,E032,E371
N06,E036,E298
N06,E036,E354
N06,E036,E363
N06,E038,E221
N06,E038,E341
N06,E039,E274
N06,E040,E286
N06,E041,E227
N06,E041,E340
N06,E042,E307
N06,E044,E276
N06,E044,E277
N06,E045,E203
N06,E045,E250
N06,E045,E340
N06,E046,E382
N06,E047,E252
N06,E047,E296
N06,E047,E314
N06,E047,E335
N06,E047,E344
N06,E048,E219
N06,E048,E226
N06,E048,E286
N06,E048,E299
N06,E048,E337
N06,E050,E236
N06,E051,E262
N06,E051,E333
N06,E052,E211
N06,E052,E234
N06,E053,E204
N06,E053,E323
N06,E054,E223
N06,E054,E284
N06,E054,E333
N06,E055,E261
N06,E055,E345
N06,E056,E352
N06,E056,E366
N06,E057,E227
N06,E057,E233
N06,E057,E259
N06,E057,E293
N06,E057,E396
N06,E058,E345
N06,E058,E363
N06,E058,E371
N06,E059,E256
N06,E059,E279
N06,E059,E336
N06,E059,E349
N06,E060,E304
N06,E061,E225
N06,E061,E297
N06,E062,E300
N06,E063,E232
N06,E063,E328
N06,E063,E331
N06,E064,E238
N06,E066,E257
N06,E066,E345
N06,E066,E367
N06,E067,E208
N06,E067,E316
N06,E067,E372
N06,E068,E213
N06,E068,E253
N06,E070,E214
N06,E071,E386
N06,E071,E394
N06,E072,E216
N06,E073,E218
N06,E073,E299
N06,E073,E368
N06,E074,E326
N06,E075,E228
N06,E075,E313
N06,E076,E206
N06,E076,E269
N06,E077,E293
N06,E077,E329
N06,E077,E395
N06,E078,E214
N06,E078,E270
N06,E078,E343
N06,E079,E383
N06,E080,E268
N06,E080,E327
N06,E081,E279
N06,E082,E204
N06,E082,E253
N06,E082,E317
N06,E082,E397
N06,E083,E261
N06,E083,E273
N06,E084,E233
N06,E084,E259
N06,E084,E339
N06,E085,E266
N06,E086,E291
N06,E087,E207
N06,E087,E281
N06,E087,E337
N06,E089,E338
N06,E089,E357
N06,E091,E202
N06,E091,E212
N06,E091,E267
N06,E091,E358
N06,E092,E307
N06,E092,E347
N06,E093,E237
N06,E093,E320
N06,E093,E351
N06,E094,E204
N06,E095,E217
N06,E095,E274
N06,E096,E229
N06,E097,E262
N06,E097,E265
N06,E098,E375
N06,E099,E236
N06,E099,E264
N06,E099,E322
N06,E099,E385
N06,E099,E387
N06,E100,E212
N06,E100,E383
N06,E101,E218
N06,E101,E234
N06,E101,E258
N06,E101,E360
N06,E101,E369
N06,E102,E200
N06,E102,E354
N06,E102,E374
N06,E103,E285
N06,E103,E346
N06,E103,E347
N06,E103,E367
N06,E104,E260
N06,E104,E291
N06,E104,E328
N06,E105,E284
N06,E106,E332
N06,E106,E337
N06,E106,E376
N06,E106,E396
N06,E107,E214
N06,E107,E299
N06,E107,E336
N06,E107,E356
N06,E107,E362
N06,E108,E231
N06,E108,E320
N06,E108,E365
N06,E109,E259
N06,E109,E327
N06,E109,E335
N06,E110,E246
N06,E110,E342
N06,E111,E231
N06,E111,E238
N06,E111,E275
N06,E111,E312
N06,E111,E364
N06,E112,E224
N06,E113,E215
N06,E113,E382
N06,E114,E243
N06,E114,E247
N06,E114,E397
N06,E115,E312
N06,E116,E215
N06,E116,E255
N06,E116,E267
N06,E117,E222
N06,E117,E229
N06,E117,E278
N06,E117,E285
N06,E117,E350
N06,E118,E232
N06,E118,E278
N06,E119,E220
N06,E120,E245
N06,E120,E321
N06,E121,E215
N06,E121,E226
N06,E121,E290
N06,E121,E393
N06,E121,E399
N06,E122,E230
N06,E122,E378
N06,E123,E267
N06,E123,E318
N06,E123,E353
N06,E124,E294
N06,E124,E359
N06,E125,E203
N06,E126,E301
N06,E128,E269
N06,E128,E296
N06,E128,E397
N06,E129,E275
N06,E129,E325
N06,E129,E386
N06,E130,E216
N06,E130,E381
N06,E131,E249
N06,E131,E355
N06,E132,E314
N06,E133,E288
N06,E133,E311
N06,E133,E384
N06,E135,E378
N06,E135,E383
N06,E136,E260
N06,E136,E390
N06,E137,E200
N06,E137,E220
N06,E137,E277
N06,E137,E321
N06,E137,E324
N06,E138,E297
N06,E138,E376
N06,E138,E382
N06,E139,E311
N06,E140,E202
N06,E140,E398
N06,E141,E218
N06,E141,E399
N06,E143,E323
N06,E143,E325
N06,E145,E219
N06,E145,E355
N06,E146,E201
N06,E146,E246
N06,E147,E236
N06,E147,E274
N06,E147,E315
N06,E148,E206
N06,E148,E238
N06,E148,E272
N06,E148,E399
N06,E149,E288
N06,E150,E239
N06,E151,E273
N06,E151,E308
N06,E152,E286
N06,E152,E344
N06,E152,E387
N06,E152,E389
N06,E153,E234
N06,E153,E242
N06,E153,E251
N06,E154,E350
N06,E156,E320
N06,E156,E350
N06,E156,E353
N06,E157,E326
N06,E157,E395
N06,E158,E370
N06,E158,E371
N06,E159,E268
N06,E159,E288
N06,E159,E310
N06,E159,E326
N06,E159,E360
N06,E160,E244
N06,E160,E359
N06,E161,E221
N06,E162,E229
N06,E162,E305
N06,E163,E201
N06,E164,E269
N06,E164,E327
N06,E164,E380
N06,E165,E255
N06,E165,E262
N06,E166,E210
N06,E166,E305
N06,E166,E319
N06,E167,E242
N06,E167,E355
N06,E167,E394
N06,E168,E237
N06,E169,E205
N06,E169,E268
N06,E169,E280
N06,E170,E281
N06,E170,E329
N06,E172,E242
N06,E172,E330
N06,E173,E213
N06,E173,E235
N06,E173,E256
N06,E173,E264
N06,E173,E271
N06,E173,E289
N06,E173,E372
N06,E173,E398
N06,E174,E292
N06,E175,E220
N06,E175,E247
N06,E177,E258
N06,E177,E285
N06,E177,E296
N06,E178,E301
N06,E178,E373
N06,E178,E392
N06,E179,E300
N06,E179,E387
N06,E180,E395
N06,E181,E283
N06,E182,E212
N06,E182,E302
N06,E182,E343
N06,E183,E230
N06,E183,E248
N06,E183,E361
N06,E184,E308
N06,E184,E324
N06,E184,E365
N06,E184,E377
N06,E185,E249
N06,E185,E367
N06,E186,E241
N06,E186,E251
N06,E187,E313
N06,E187,E356
N06,E188,E311
N06,E188,E316
N06,E189,E280
N06,E189,E338
N06,E190,E282
N06,E190,E354
N06,E192,E211
N06,E192,E334
N06,E194,E263
N06,E194,E365
N06,E194,E388
N06,E196,E250
N06,E196,E358
N06,E198,E290
N06,E199,E251
N06,E200,E465
N06,E200,E488
N06,E200,E497
N06,E200,E553
N06,E200,E568
N06,E201,E545
N06,E201,E552
N06,E202,E473
N06,E202,E533
N06,E202,E559
N06,E203,E570
N06,E204,E438
N06,E204,E448
N06,E205,E455
N06,E205,E468
N06,E206,E435
N06,E206,E469
N06,E206,E485
N06,E206,E486
N06,E206,E488
N06,E206,E558
N06,E207,E496
N06,E208,E453
N06,E209,E521
N06,E210,E481
N06,E211,E472
N06,E212,E402
N06,E212,E439
N06,E213,E545
N06,E214,E589
N06,E215,E441
N06,E215,E550
N06,E215,E565
N06,E215,E599
N06,E216,E406
N06,E216,E451
N06,E216,E511
N06,E217,E576
N06,E217,E585
N06,E218,E405
N06,E218,E447
N06,E218,E491
N06,E218,E536
N06,E219,E418
N06,E219,E421
N06,E219,E431
N06,E219,E477
N06,E219,E520
N06,E219,E567
N06,E221,E530
N06,E221,E536
N06,E221,E592
N06,E222,E551
N06,E222,E564
N06,E222,E566
N06,E222,E597
N06,E223,E408
N06,E223,E513
N06,E224,E409
N06,E224,E422
N06,E224,E515
N06,E224,E590
N06,E225,E471
N06,E225,E509
N06,E226,E470
N06,E226,E502
N06,E226,E513
N06,E226,E554
N06,E226,E578
N06,E228,E493
N06,E230,E427
N06,E230,E428
N06,E230,E437
N06,E230,E515
N06,E230,E540
N06,E230,E587
N06,E231,E458
N06,E231,E496
N06,E231,E517
N06,E231,E522
N06,E232,E425
N06,E232,E438
N06,E232,E475
N06,E232,E512
N06,E233,E426
N06,E233,E489
N06,E233,E594
N06,E234,E424
N06,E234,E469
N06,E234,E490
N06,E234,E493
N06,E235,E589
N06,E236,E506
N06,E236,E558
N06,E236,E579
N06,E236,E598
N06,E237,E477
N06,E237,E595
N06,E238,E478
N06,E239,E526
N06,E240,E458
N06,E240,E574
N06,E240,E592
N06,E241,E401
N06,E241,E440
N06,E241,E540
N06,E243,E537
N06,E244,E449
N06,E244,E487
N06,E244,E497
N06,E244,E533
N06,E245,E497
N06,E245,E561
N06,E245,E576
N06,E245,E596
N06,E246,E501
N06,E247,E485
N06,E248,E436
N06,E248,E441
N06,E248,E494
N06,E248,E514
N06,E248,E516
N06,E248,E529
N06,E249,E430
N06,E249,E502
N06,E250,E436
N06,E250,E483
N06,E250,E525
N06,E250,E527
N06,E250,E569
N06,E251,E445
N06,E251,E479
N06,E252,E423
N06,E253,E581
N06,E254,E442
N06,E254,E582
N06,E255,E478
N06,E255,E538
N06,E256,E459
N06,E257,E464
N06,E258,E548
N06,E258,E573
N06,E260,E408
N06,E260,E547
N06,E261,E416
N06,E261,E498
N06,E263,E405
N06,E263,E557
N06,E264,E477
N06,E265,E404
N06,E266,E466
N06,E266,E495
N06,E266,E575
N06,E266,E580
N06,E267,E461
N06,E267,E476
N06,E267,E520
N06,E267,E521
N06,E267,E562
N06,E269,E449
N06,E269,E536
N06,E269,E549
N06,E269,E586
N06,E270,E449
N06,E270,E584
N06,E271,E400
N06,E271,E476
N06,E272,E410
N06,E273,E518
N06,E273,E553
N06,E274,E519
N06,E274,E560
N06,E275,E465
N06,E275,E470
N06,E275,E527
N06,E275,E572
N06,E277,E543
N06,E278,E437
N06,E278,E598
N06,E279,E417
N06,E279,E427
N06,E279,E430
N06,E279,E532
N06,E280,E475
N06,E280,E585
N06,E281,E567
N06,E282,E407
N06,E282,E481
N06,E283,E467
N06,E283,E547
N06,E283,E582
N06,E287,E430
N06,E288,E457
N06,E288,E593
N06,E290,E530
N06,E291,E486
N06,E291,E532
N06,E292,E456
N06,E292,E528
N06,E292,E549
N06,E293,E433
N06,E293,E453
N06,E293,E516
N06,E293,E594
N06,E294,E473
N06,E294,E480
N06,E294,E572
N06,E295,E414
N06,E295,E467
N06,E295,E495
N06,E295,E573
N06,E297,E402
N06,E297,E524
N06,E299,E451
N06,E300,E542
N06,E302,E428
N06,E303,E482
N06,E305,E406
N06,E305,E416
N06,E305,E424
N06,E305,E499
N06,E305,E507
N06,E306,E549
N06,E306,E553
N06,E307,E400
N06,E307,E499
N06,E307,E520
N06,E308,E529
N06,E308,E577
N06,E309,E563
N06,E309,E566
N06,E309,E571
N06,E310,E438
N06,E310,E473
N06,E310,E514
N06,E311,E421
N06,E312,E416
N06,E312,E484
N06,E312,E547
N06,E313,E425
N06,E313,E444
N06,E313,E565
N06,E314,E403
N06,E314,E428
N06,E314,E516
N06,E315,E500
N06,E315,E559
N06,E316,E441
N06,E316,E462
N06,E316,E493
N06,E317,E406
N06,E317,E492
N06,E317,E557
N06,E317,E568
N06,E317,E583
N06,E318,E405
N06,E318,E458
N06,E318,E488
N06,E318,E503
N06,E318,E575
N06,E320,E504
N06,E321,E423
N06,E321,E535
N06,E321,E538
N06,E322,E413
N06,E322,E498
N06,E323,E534
N06,E324,E517
N06,E325,E439
N06,E325,E452
N06,E325,E522
N06,E326,E460
N06,E326,E518
N06,E328,E432
N06,E328,E587
N06,E329,E584
N06,E330,E459
N06,E330,E543
N06,E331,E462
N06,E331,E503
N06,E331,E506
N06,E331,E567
N06,E333,E445
N06,E333,E504
N06,E336,E541
N06,E337,E571
N06,E337,E584
N06,E338,E424
N06,E338,E556
N06,E338,E575
N06,E339,E420
N06,E339,E484
N06,E339,E491
N06,E340,E411
N06,E340,E434
N06,E341,E420
N06,E342,E423
N06,E342,E554
N06,E343,E415
N06,E343,E504
N06,E344,E410
N06,E344,E461
N06,E345,E523
N06,E345,E552
N06,E345,E557
N06,E346,E480
N06,E347,E510
N06,E347,E524
N06,E349,E404
N06,E349,E463
N06,E350,E505
N06,E350,E518
N06,E351,E452
N06,E351,E589
N06,E352,E412
N06,E352,E510
N06,E354,E414
N06,E355,E444
N06,E355,E569
N06,E357,E442
N06,E357,E480
N06,E357,E526
N06,E357,E555
N06,E357,E578
N06,E359,E535
N06,E360,E472
N06,E360,E546
N06,E361,E450
N06,E361,E474
N06,E361,E591
N06,E362,E483
N06,E362,E528
N06,E362,E531
N06,E364,E482
N06,E364,E489
N06,E365,E443
N06,E365,E453
N06,E365,E457
N06,E365,E527
N06,E365,E597
N06,E366,E505
N06,E366,E556
N06,E367,E455
N06,E367,E498
N06,E367,E595
N06,E368,E448
N06,E368,E521
N06,E368,E596
N06,E369,E466
N06,E369,E539
N06,E370,E422
N06,E370,E468
N06,E370,E481
N06,E370,E530
N06,E372,E444
N06,E372,E501
N06,E372,E503
N06,E373,E508
N06,E374,E429
N06,E375,E448
N06,E375,E479
N06,E375,E505
N06,E375,E573
N06,E375,E588
N06,E376,E419
N06,E376,E452
N06,E377,E407
N06,E378,E456
N06,E379,E454
N06,E380,E421
N06,E381,E523
N06,E381,E559
N06,E382,E479
N06,E382,E519
N06,E383,E445
N06,E383,E491
N06,E385,E437
N06,E385,E470
N06,E386,E598
N06,E387,E461
N06,E388,E420
N06,E388,E484
N06,E388,E551
N06,E389,E413
N06,E389,E483
N06,E389,E541
N06,E390,E439
N06,E390,E507
N06,E391,E426
N06,E391,E431
N06,E391,E442
N06,E391,E446
N06,E391,E464
N06,E391,E533
N06,E391,E543
N06,E391,E545
N06,E391,E569
N06,E391,E594
N06,E392,E475
N06,E392,E522
N06,E393,E478
N06,E393,E538
N06,E393,E544
N06,E394,E400
N06,E394,E436
N06,E394,E465
N06,E394,E506
N06,E394,E574
N06,E394,E576
N06,E396,E510
N06,E396,E535
N06,E396,E580
N06,E396,E597
N06,E397,E415
N06,E397,E460
N06,E398,E402
N06,E398,E526
N06,E399,E407
N06,E399,E434
N06,E399,E524
N06,E399,E544
N06,E400,E701
N06,E400,E795
N06,E401,E789
N06,E403,E680
N06,E403,E691
N06,E403,E737
N06,E403,E743
N06,E404,E667
N06,E404,E701
N06,E405,E613
N06,E405,E651
N06,E406,E640
N06,E406,E646
N06,E406,E707
N06,E406,E756
N06,E406,E771
N06,E406,E788
N06,E408,E680
N06,E408,E690
N06,E409,E611
N06,E409,E647
N06,E409,E654
N06,E409,E765
N06,E410,E770
N06,E410,E782
N06,E411,E723
N06,E411,E794
N06,E412,E748
N06,E413,E636
N06,E413,E672
N06,E413,E715
N06,E413,E785
N06,E414,E670
N06,E414,E672
N06,E415,E795
N06,E416,E669
N06,E416,E749
N06,E417,E701
N06,E418,E628
N06,E418,E776
N06,E418,E786
N06,E419,E600
N06,E419,E602
N06,E419,E646
N06,E419,E731
N06,E420,E687
N06,E420,E742
N06,E420,E779
N06,E421,E731
N06,E421,E770
N06,E421,E788
N06,E422,E663
N06,E422,E717
N06,E424,E610
N06,E424,E619
N06,E424,E651
N06,E424,E726
N06,E424,E758
N06,E426,E625
N06,E426,E705
N06,E426,E769
N06,E428,E649
N06,E428,E779
N06,E429,E615
N06,E430,E620
N06,E430,E757
N06,E430,E784
N06,E432,E679
N06,E433,E650
N06,E433,E658
N06,E434,E730
N06,E435,E610
N06,E435,E630
N06,E435,E792
N06,E437,E662
N06,E437,E734
N06,E438,E762
N06,E439,E791
N06,E440,E613
N06,E440,E637
N06,E440,E751
N06,E440,E764
N06,E441,E609
N06,E441,E617
N06,E441,E660
N06,E441,E726
N06,E441,E765
N06,E441,E794
N06,E442,E687
N06,E442,E705
N06,E442,E730
N06,E443,E652
N06,E443,E688
N06,E443,E733
N06,E444,E657
N06,E445,E796
N06,E447,E750
N06,E447,E781
N06,E448,E695
N06,E448,E786
N06,E450,E659
N06,E450,E708
N06,E450,E744
N06,E451,E696
N06,E452,E717
N06,E453,E663
N06,E454,E643
N06,E455,E604
N06,E456,E633
N06,E456,E739
N06,E456,E788
N06,E457,E771
N06,E458,E739
N06,E458,E789
N06,E459,E793
N06,E460,E605
N06,E460,E641
N06,E460,E778
N06,E461,E642
N06,E461,E770
N06,E462,E664
N06,E463,E667
N06,E463,E799
N06,E465,E634
N06,E465,E638
N06,E465,E651
N06,E466,E648
N06,E466,E691
N06,E467,E798
N06,E468,E614
N06,E468,E649
N06,E468,E673
N06,E468,E707
N06,E468,E742
N06,E469,E603
N06,E469,E677
N06,E470,E757
N06,E471,E761
N06,E472,E684
N06,E472,E730
N06,E472,E732
N06,E473,E666
N06,E473,E721
N06,E474,E643
N06,E474,E645
N06,E474,E670
N06,E475,E726
N06,E475,E771
N06,E476,E724
N06,E478,E700
N06,E479,E659
N06,E480,E617
N06,E480,E687
N06,E481,E698
N06,E482,E649
N06,E483,E677
N06,E483,E682
N06,E484,E768
N06,E484,E798
N06,E486,E693
N06,E486,E772
N06,E486,E787
N06,E487,E601
N06,E487,E755
N06,E489,E738
N06,E490,E612
N06,E490,E718
N06,E490,E752
N06,E490,E783
N06,E491,E682
N06,E492,E666
N06,E493,E693
N06,E493,E716
N06,E493,E746
N06,E493,E763
N06,E494,E665
N06,E494,E669
N06,E494,E751
N06,E495,E692
N06,E495,E704
N06,E496,E700
N06,E496,E760
N06,E497,E658
N06,E497,E740
N06,E497,E798
N06,E498,E735
N06,E500,E685
N06,E500,E773
N06,E500,E781
N06,E501,E706
N06,E502,E655
N06,E502,E674
N06,E503,E652
N06,E503,E699
N06,E504,E716
N06,E504,E793
N06,E505,E648
N06,E505,E688
N06,E505,E768
N06,E507,E709
N06,E507,E751
N06,E507,E761
N06,E509,E643
N06,E509,E759
N06,E510,E676
N06,E511,E632
N06,E511,E663
N06,E512,E641
N06,E512,E690
N06,E512,E707
N06,E512,E711
N06,E512,E747
N06,E513,E637
N06,E514,E765
N06,E514,E768
N06,E515,E614
N06,E515,E658
N06,E515,E665
N06,E515,E749
N06,E517,E708
N06,E517,E712
N06,E518,E797
N06,E519,E656
N06,E520,E660
N06,E520,E716
N06,E520,E747
N06,E521,E678
N06,E522,E631
N06,E522,E672
N06,E522,E729
N06,E522,E793
N06,E523,E675
N06,E523,E708
N06,E524,E601
N06,E524,E668
N06,E524,E734
N06,E525,E718
N06,E525,E747
N06,E525,E777
N06,E525,E782
N06,E526,E622
N06,E527,E662
N06,E528,E689
N06,E528,E693
N06,E529,E736
N06,E530,E763
N06,E531,E676
N06,E531,E698
N06,E531,E706
N06,E532,E600
N06,E532,E607
N06,E532,E623
N06,E532,E694
N06,E532,E772
N06,E533,E635
N06,E533,E703
N06,E534,E611
N06,E535,E686
N06,E535,E691
N06,E535,E790
N06,E536,E616
N06,E536,E624
N06,E536,E697
N06,E536,E724
N06,E537,E631
N06,E537,E720
N06,E538,E667
N06,E538,E753
N06,E538,E762
N06,E539,E641
N06,E540,E605
N06,E540,E652
N06,E540,E668
N06,E540,E702
N06,E540,E742
N06,E540,E750
N06,E540,E780
N06,E541,E645
N06,E541,E754
N06,E541,E766
N06,E542,E714
N06,E543,E749
N06,E544,E752
N06,E545,E619
N06,E545,E621
N06,E545,E678
N06,E545,E767
N06,E546,E616
N06,E546,E709
N06,E546,E741
N06,E547,E637
N06,E549,E640
N06,E549,E689
N06,E550,E627
N06,E550,E638
N06,E551,E604
N06,E551,E790
N06,E552,E628
N06,E552,E718
N06,E553,E677
N06,E553,E679
N06,E553,E781
N06,E554,E620
N06,E554,E636
N06,E556,E683
N06,E556,E721
N06,E556,E767
N06,E557,E615
N06,E558,E644
N06,E558,E659
N06,E559,E602
N06,E559,E703
N06,E559,E724
N06,E560,E666
N06,E560,E698
N06,E561,E607
N06,E561,E647
N06,E562,E664
N06,E562,E745
N06,E563,E655
N06,E563,E681
N06,E563,E728
N06,E563,E774
N06,E564,E735
N06,E566,E605
N06,E566,E700
N06,E566,E704
N06,E566,E775
N06,E568,E671
N06,E568,E695
N06,E569,E759
N06,E570,E612
N06,E570,E626
N06,E570,E686
N06,E570,E725
N06,E571,E697
N06,E571,E705
N06,E571,E712
N06,E572,E737
N06,E572,E758
N06,E572,E777
N06,E572,E785
N06,E573,E653
N06,E573,E657
N06,E573,E719
N06,E574,E636
N06,E574,E639
N06,E575,E721
N06,E575,E745
N06,E576,E618
N06,E576,E706
N06,E576,E790
N06,E577,E664
N06,E577,E748
N06,E577,E777
N06,E578,E631
N06,E578,E712
N06,E579,E628
N06,E579,E629
N06,E580,E668
N06,E580,E695
N06,E581,E606
N06,E581,E727
N06,E581,E756
N06,E581,E767
N06,E582,E665
N06,E582,E744
N06,E583,E608
N06,E583,E617
N06,E583,E709
N06,E583,E755
N06,E584,E620
N06,E584,E657
N06,E584,E764
N06,E584,E797
N06,E585,E722
N06,E586,E682
N06,E586,E686
N06,E586,E746
N06,E586,E779
N06,E589,E713
N06,E589,E756
N06,E589,E761
N06,E590,E710
N06,E590,E774
N06,E590,E795
N06,E592,E607
N06,E592,E776
N06,E594,E661
N06,E594,E669
N06,E595,E729
N06,E596,E729
N06,E596,E782
N06,E597,E619
N06,E597,E760
N06,E598,E610
N06,E600,E828
N06,E600,E926
N06,E601,E922
N06,E601,E996
N06,E602,E877
N06,E604,E814
N06,E606,E886
N06,E606,E955
N06,E607,E810
N06,E607,E839
N06,E607,E905
N06,E608,E890
N06,E608,E997
N06,E609,E875
N06,E610,E938
N06,E610,E943
N06,E610,E951
N06,E611,E883
N06,E612,E942
N06,E613,E850
N06,E613,E934
N06,E614,E820
N06,E614,E942
N06,E615,E955
N06,E615,E989
N06,E616,E947
N06,E616,E958
N06,E617,E818
N06,E617,E929
N06,E618,E815
N06,E619,E912
N06,E620,E842
N06,E620,E985
N06,E621,E936
N06,E622,E927
N06,E623,E801
N06,E623,E823
N06,E624,E820
N06,E625,E823
N06,E625,E829
N06,E625,E843
N06,E626,E989
N06,E627,E810
N06,E627,E958
N06,E628,E895
N06,E628,E917
N06,E628,E959
N06,E629,E806
N06,E630,E909
N06,E630,E959
N06,E631,E843
N06,E631,E892
N06,E632,E869
N06,E633,E853
N06,E633,E921
N06,E633,E928
N06,E634,E878
N06,E634,E961
N06,E635,E859
N06,E635,E897
N06,E635,E941
N06,E635,E992
N06,E636,E863
N06,E636,E991
N06,E637,E852
N06,E637,E874
N06,E637,E994
N06,E638,E843
N06,E638,E846
N06,E638,E889
N06,E638,E986
N06,E640,E826
N06,E640,E930
N06,E640,E934
N06,E640,E942
N06,E640,E983
N06,E641,E968
N06,E641,E986
N06,E642,E851
N06,E642,E926
N06,E643,E882
N06,E644,E878
N06,E646,E825
N06,E646,E903
N06,E646,E913
N06,E646,E960
N06,E647,E920
N06,E647,E960
N06,E647,E962
N06,E648,E813
N06,E648,E830
N06,E649,E836
N06,E649,E859
N06,E649,E912
N06,E649,E914
N06,E649,E944
N06,E649,E985
N06,E652,E870
N06,E652,E962
N06,E653,E880
N06,E653,E939
N06,E653,E975
N06,E653,E980
N06,E654,E854
N06,E654,E969
N06,E655,E856
N06,E655,E931
N06,E656,E812
N06,E656,E814
N06,E656,E837
N06,E656,E977
N06,E657,E933
N06,E657,E940
N06,E658,E822
N06,E658,E840
N06,E658,E913
N06,E659,E933
N06,E659,E954
N06,E660,E939
N06,E661,E907
N06,E662,E980
N06,E663,E977
N06,E663,E996
N06,E664,E948
N06,E665,E906
N06,E666,E856
N06,E667,E885
N06,E668,E918
N06,E669,E807
N06,E669,E841
N06,E669,E999
N06,E671,E855
N06,E671,E862
N06,E671,E879
N06,E671,E926
N06,E672,E901
N06,E672,E964
N06,E674,E869
N06,E675,E829
N06,E675,E941
N06,E677,E828
N06,E678,E819
N06,E678,E821
N06,E678,E975
N06,E679,E946
N06,E680,E834
N06,E680,E888
N06,E680,E965
N06,E680,E974
N06,E681,E929
N06,E681,E937
N06,E681,E953
N06,E681,E993
N06,E682,E817
N06,E682,E911
N06,E684,E809
N06,E684,E815
N06,E684,E816
N06,E684,E919
N06,E686,E809
N06,E686,E880
N06,E687,E810
N06,E687,E976
N06,E687,E995
N06,E688,E877
N06,E688,E903
N06,E689,E833
N06,E690,E893
N06,E690,E941
N06,E690,E946
N06,E691,E815
N06,E691,E876
N06,E691,E945
N06,E692,E811
N06,E692,E838
N06,E693,E800
N06,E693,E868
N06,E693,E882
N06,E694,E905
N06,E694,E950
N06,E695,E835
N06,E695,E868
N06,E695,E949
N06,E696,E891
N06,E697,E893
N06,E698,E896
N06,E699,E896
N06,E699,E966
N06,E699,E995
N06,E700,E851
N06,E700,E937
N06,E700,E999
N06,E703,E962
N06,E703,E989
N06,E704,E971
N06,E705,E808
N06,E705,E898
N06,E705,E978
N06,E705,E993
N06,E705,E997
N06,E706,E970
N06,E707,E879
N06,E707,E922
N06,E707,E971
N06,E708,E831
N06,E709,E819
N06,E709,E822
N06,E709,E998
N06,E710,E886
N06,E710,E899
N06,E710,E904
N06,E710,E944
N06,E710,E961
N06,E710,E974
N06,E711,E867
N06,E711,E877
N06,E712,E829
N06,E712,E845
N06,E712,E864
N06,E713,E949
N06,E713,E961
N06,E714,E876
N06,E714,E881
N06,E714,E973
N06,E715,E910
N06,E715,E943
N06,E715,E990
N06,E716,E991
N06,E718,E966
N06,E719,E830
N06,E720,E830
N06,E720,E832
N06,E720,E888
N06,E720,E912
N06,E721,E923
N06,E721,E945
N06,E721,E987
N06,E722,E805
N06,E722,E864
N06,E722,E899
N06,E722,E920
N06,E722,E938
N06,E722,E952
N06,E722,E976
N06,E723,E857
N06,E724,E905
N06,E724,E909
N06,E724,E916
N06,E725,E824
N06,E725,E841
N06,E725,E885
N06,E725,E922
N06,E726,E817
N06,E726,E837
N06,E727,E889
N06,E727,E915
N06,E727,E918
N06,E728,E900
N06,E729,E952
N06,E730,E803
N06,E730,E853
N06,E730,E879
N06,E731,E802
N06,E731,E803
N06,E731,E846
N06,E731,E847
N06,E731,E906
N06,E731,E940
N06,E732,E816
N06,E732,E948
N06,E733,E861
N06,E733,E887
N06,E733,E936
N06,E733,E950
N06,E733,E963
N06,E733,E975
N06,E734,E802
N06,E734,E902
N06,E734,E970
N06,E735,E983
N06,E736,E802
N06,E736,E915
N06,E737,E855
N06,E737,E953
N06,E738,E852
N06,E738,E924
N06,E738,E988
N06,E739,E972
N06,E740,E902
N06,E740,E967
N06,E741,E812
N06,E742,E827
N06,E742,E910
N06,E742,E982
N06,E743,E807
N06,E745,E884
N06,E746,E848
N06,E746,E873
N06,E746,E977
N06,E746,E979
N06,E747,E929
N06,E748,E895
N06,E748,E957
N06,E749,E908
N06,E749,E967
N06,E750,E881
N06,E751,E808
N06,E751,E818
N06,E751,E997
N06,E752,E866
N06,E752,E895
N06,E752,E916
N06,E753,E935
N06,E754,E846
N06,E755,E849
N06,E755,E919
N06,E755,E956
N06,E755,E980
N06,E755,E992
N06,E756,E812
N06,E756,E848
N06,E758,E807
N06,E759,E891
N06,E760,E884
N06,E760,E957
N06,E761,E858
N06,E761,E872
N06,E761,E982
N06,E762,E903
N06,E762,E968
N06,E762,E985
N06,E762,E995
N06,E763,E958
N06,E764,E819
N06,E764,E873
N06,E764,E973
N06,E764,E986
N06,E765,E813
N06,E765,E884
N06,E766,E827
N06,E766,E869
N06,E766,E944
N06,E767,E804
N06,E767,E910
N06,E768,E972
N06,E768,E987
N06,E770,E827
N06,E770,E923
N06,E770,E998
N06,E771,E841
N06,E771,E864
N06,E771,E871
N06,E771,E969
N06,E772,E806
N06,E772,E936
N06,E772,E970
N06,E773,E805
N06,E773,E951
N06,E773,E984
N06,E774,E809
N06,E775,E859
N06,E776,E816
N06,E777,E844
N06,E777,E984
N06,E778,E906
N06,E778,E981
N06,E780,E874
N06,E780,E943
N06,E780,E952
N06,E780,E968
N06,E781,E873
N06,E783,E946
N06,E784,E860
N06,E784,E874
N06,E784,E969
N06,E784,E983
N06,E785,E894
N06,E786,E811
N06,E787,E839
N06,E787,E932
N06,E788,E920
N06,E789,E888
N06,E789,E934
N06,E790,E948
N06,E791,E953
N06,E791,E990
N06,E792,E865
N06,E792,E907
N06,E793,E860
N06,E793,E914
N06,E794,E808
N06,E794,E925
N06,E794,E938
N06,E795,E993
N06,E796,E878
N06,E796,E908
N06,E798,E937
N07,E000,E202
N07,E000,E206
N07,E000,E234
N07,E000,E301
N07,E001,E246
N07,E001,E381
N07,E001,E386
N07,E002,E212
N07,E002,E239
N07,E003,E201
N07,E003,E312
N07,E004,E343
N07,E004,E373
N07,E005,E334
N07,E006,E254
N07,E007,E205
N07,E007,E252
N07,E007,E253
N07,E007,E373
N07,E008,E291
N07,E009,E343
N07,E010,E209
N07,E011,E229
N07,E011,E268
N07,E012,E232
N07,E012,E377
N07,E013,E264
N07,E013,E352
N07,E014,E200
N07,E014,E351
N07,E014,E360
N07,E015,E225
N07,E015,E260
N07,E016,E245
N07,E016,E281
N07,E016,E377
N07,E016,E393
N07,E018,E205
N07,E018,E321
N07,E018,E371
N07,E019,E314
N07,E019,E353
N07,E020,E251
N07,E020,E358
N07,E021,E224
N07,E021,E243
N07,E021,E272
N07,E022,E265
N07,E022,E277
N07,E022,E294
N07,E022,E325
N07,E023,E210
N07,E023,E308
N07,E025,E218
N07,E025,E265
N07,E025,E329
N07,E026,E238
N07,E026,E391
N07,E027,E214
N07,E028,E294
N07,E030,E244
N07,E030,E367
N07,E030,E395
N07,E033,E324
N07,E033,E364
N07,E033,E382
N07,E033,E388
N07,E034,E394
N07,E035,E278
N07,E035,E340
N07,E036,E251
N07,E036,E284
N07,E038,E204
N07,E038,E288
N07,E038,E348
N07,E039,E358
N07,E040,E319
N07,E040,E335
N07,E042,E221
N07,E042,E243
N07,E042,E315
N07,E042,E318
N07,E042,E350
N07,E043,E267
N07,E043,E268
N07,E043,E327
N07,E044,E260
N07,E045,E249
N07,E046,E244
N07,E046,E253
N07,E046,E366
N07,E047,E216
N07,E047,E313
N07,E048,E274
N07,E048,E397
N07,E049,E256
N07,E049,E273
N07,E049,E300
N07,E049,E303
N07,E050,E342
N07,E051,E221
N07,E051,E293
N07,E052,E201
N07,E052,E271
N07,E052,E324
N07,E053,E304
N07,E055,E272
N07,E056,E236
N07,E057,E338
N07,E058,E200
N07,E059,E375
N07,E059,E383
N07,E060,E311
N07,E061,E227
N07,E062,E351
N07,E062,E362
N07,E062,E394
N07,E063,E232
N07,E064,E255
N07,E064,E270
N07,E065,E217
N07,E065,E294
N07,E066,E262
N07,E067,E319
N07,E069,E206
N07,E069,E240
N07,E069,E391
N07,E070,E336
N07,E071,E337
N07,E073,E210
N07,E073,E260
N07,E073,E266
N07,E073,E374
N07,E074,E273
N07,E074,E308
N07,E076,E207
N07,E077,E242
N07,E077,E289
N07,E077,E328
N07,E078,E271
N07,E078,E284
N07,E079,E382
N07,E080,E231
N07,E081,E295
N07,E081,E307
N07,E081,E357
N07,E081,E398
N07,E082,E202
N07,E083,E369
N07,E084,E269
N07,E084,E385
N07,E085,E336
N07,E085,E398
N07,E086,E345
N07,E089,E382
N07,E090,E213
N07,E090,E250
N07,E091,E324
N07,E091,E359
N07,E092,E222
N07,E093,E375
N07,E094,E226
N07,E094,E326
N07,E095,E252
N07,E095,E355
N07,E096,E356
N07,E097,E255
N07,E097,E304
N07,E097,E307
N07,E097,E317
N07,E097,E373
N07,E098,E283
N07,E098,E304
N07,E098,E361
N07,E098,E388
N07,E098,E390
N07,E099,E281
N07,E099,E385
N07,E100,E228
N07,E100,E261
N07,E100,E327
N07,E100,E375
N07,E101,E372
N07,E101,E387
N07,E102,E269
N07,E103,E205
N07,E103,E214
N07,E103,E326
N07,E103,E363
N07,E103,E379
N07,E104,E233
N07,E104,E286
N07,E104,E316
N07,E104,E350
N07,E104,E377
N07,E105,E215
N07,E105,E285
N07,E105,E330
N07,E105,E384
N07,E106,E318
N07,E106,E352
N07,E107,E256
N07,E107,E287
N07,E109,E218
N07,E110,E277
N07,E111,E301
N07,E111,E318
N07,E112,E261
N07,E112,E380
N07,E112,E385
N07,E113,E230
N07,E113,E379
N07,E114,E274
N07,E114,E392
N07,E115,E212
N07,E115,E292
N07,E116,E316
N07,E116,E364
N07,E116,E378
N07,E117,E217
N07,E117,E230
N07,E118,E235
N07,E118,E239
N07,E118,E258
N07,E118,E275
N07,E118,E279
N07,E118,E286
N07,E118,E356
N07,E119,E233
N07,E119,E332
N07,E120,E329
N07,E121,E335
N07,E121,E394
N07,E122,E263
N07,E123,E225
N07,E124,E280
N07,E124,E348
N07,E124,E392
N07,E125,E213
N07,E125,E309
N07,E126,E279
N07,E127,E241
N07,E127,E265
N07,E128,E306
N07,E128,E316
N07,E129,E285
N07,E129,E307
N07,E129,E357
N07,E129,E389
N07,E130,E225
N07,E130,E290
N07,E130,E321
N07,E130,E323
N07,E130,E334
N07,E131,E276
N07,E131,E384
N07,E131,E388
N07,E132,E203
N07,E132,E339
N07,E132,E351
N07,E132,E397
N07,E132,E398
N07,E133,E218
N07,E133,E283
N07,E133,E319
N07,E134,E247
N07,E135,E220
N07,E135,E276
N07,E135,E353
N07,E136,E248
N07,E137,E276
N07,E137,E374
N07,E138,E305
N07,E138,E322
N07,E139,E250
N07,E139,E275
N07,E139,E392
N07,E140,E217
N07,E140,E336
N07,E141,E279
N07,E141,E390
N07,E142,E310
N07,E143,E310
N07,E144,E226
N07,E144,E236
N07,E144,E326
N07,E144,E343
N07,E144,E389
N07,E145,E353
N07,E145,E356
N07,E146,E269
N07,E146,E337
N07,E148,E292
N07,E148,E308
N07,E148,E349
N07,E149,E241
N07,E150,E393
N07,E151,E219
N07,E152,E333
N07,E152,E361
N07,E154,E397
N07,E155,E344
N07,E156,E369
N07,E156,E371
N07,E157,E211
N07,E157,E321
N07,E159,E236
N07,E159,E237
N07,E159,E298
N07,E161,E241
N07,E161,E346
N07,E161,E366
N07,E162,E204
N07,E162,E250
N07,E162,E341
N07,E162,E347
N07,E162,E355
N07,E163,E215
N07,E163,E257
N07,E163,E272
N07,E163,E389
N07,E164,E277
N07,E165,E216
N07,E165,E248
N07,E165,E259
N07,E165,E302
N07,E166,E238
N07,E167,E282
N07,E167,E300
N07,E167,E325
N07,E167,E387
N07,E168,E202
N07,E169,E300
N07,E169,E365
N07,E169,E396
N07,E170,E390
N07,E171,E278
N07,E171,E297
N07,E171,E334
N07,E171,E347
N07,E171,E354
N07,E171,E359
N07,E171,E372
N07,E171,E386
N07,E172,E315
N07,E172,E340
N07,E173,E299
N07,E173,E342
N07,E173,E362
N07,E173,E369
N07,E175,E335
N07,E176,E370
N07,E178,E223
N07,E178,E317
N07,E178,E331
N07,E178,E337
N07,E178,E386
N07,E179,E305
N07,E179,E313
N07,E179,E352
N07,E180,E284
N07,E180,E315
N07,E182,E289
N07,E182,E296
N07,E183,E216
N07,E183,E281
N07,E183,E286
N07,E183,E329
N07,E184,E325
N07,E186,E399
N07,E188,E208
N07,E188,E264
N07,E188,E305
N07,E188,E376
N07,E189,E346
N07,E190,E244
N07,E190,E253
N07,E190,E362
N07,E190,E367
N07,E191,E339
N07,E191,E368
N07,E192,E254
N07,E193,E363
N07,E194,E208
N07,E194,E235
N07,E194,E287
N07,E195,E245
N07,E195,E320
N07,E195,E380
N07,E196,E208
N07,E196,E370
N07,E196,E395
N07,E198,E215
N07,E198,E367
N07,E199,E246
N07,E199,E396
N07,E200,E402
N07,E200,E405
N07,E200,E424
N07,E201,E409
N07,E201,E545
N07,E201,E574
N07,E201,E578
N07,E202,E556
N07,E202,E591
N07,E204,E543
N07,E206,E419
N07,E206,E526
N07,E207,E547
N07,E207,E556
N07,E209,E444
N07,E210,E411
N07,E211,E413
N07,E211,E452
N07,E211,E501
N07,E212,E570
N07,E213,E537
N07,E214,E518
N07,E214,E544
N07,E214,E575
N07,E215,E403
N07,E215,E436
N07,E216,E483
N07,E216,E529
N07,E216,E534
N07,E217,E489
N07,E217,E499
N07,E217,E545
N07,E217,E561
N07,E219,E433
N07,E219,E487
N07,E220,E529
N07,E220,E536
N07,E221,E468
N07,E221,E473
N07,E222,E543
N07,E223,E559
N07,E224,E428
N07,E224,E532
N07,E224,E534
N07,E224,E587
N07,E225,E429
N07,E225,E431
N07,E225,E509
N07,E226,E409
N07,E226,E501
N07,E226,E531
N07,E226,E542
N07,E227,E420
N07,E227,E481
N07,E228,E479
N07,E228,E509
N07,E228,E594
N07,E229,E559
N07,E229,E567
N07,E229,E574
N07,E230,E402
N07,E230,E463
N07,E230,E476
N07,E230,E564
N07,E231,E471
N07,E231,E522
N07,E231,E540
N07,E231,E570
N07,E232,E436
N07,E232,E519
N07,E232,E530
N07,E233,E406
N07,E233,E459
N07,E234,E493
N07,E234,E576
N07,E234,E586
N07,E235,E434
N07,E236,E441
N07,E236,E558
N07,E237,E483
N07,E237,E521
N07,E237,E572
N07,E237,E576
N07,E239,E451
N07,E239,E577
N07,E240,E590
N07,E241,E502
N07,E242,E426
N07,E242,E431
N07,E242,E590
N07,E245,E450
N07,E245,E525
N07,E246,E565
N07,E246,E586
N07,E248,E401
N07,E249,E410
N07,E249,E427
N07,E249,E448
N07,E250,E430
N07,E250,E455
N07,E251,E579
N07,E251,E599
N07,E252,E432
N07,E252,E552
N07,E252,E582
N07,E253,E442
N07,E253,E510
N07,E253,E557
N07,E254,E469
N07,E254,E559
N07,E255,E459
N07,E256,E458
N07,E256,E532
N07,E256,E573
N07,E257,E524
N07,E258,E517
N07,E259,E472
N07,E259,E490
N07,E260,E407
N07,E261,E458
N07,E261,E482
N07,E261,E512
N07,E261,E528
N07,E261,E594
N07,E262,E475
N07,E263,E427
N07,E263,E495
N07,E263,E500
N07,E263,E525
N07,E263,E583
N07,E264,E574
N07,E266,E429
N07,E266,E438
N07,E266,E503
N07,E268,E550
N07,E269,E433
N07,E269,E531
N07,E270,E465
N07,E271,E485
N07,E271,E494
N07,E271,E552
N07,E272,E523
N07,E272,E541
N07,E273,E401
N07,E273,E529
N07,E274,E429
N07,E274,E504
N07,E274,E533
N07,E274,E551
N07,E275,E450
N07,E275,E587
N07,E276,E442
N07,E276,E491
N07,E276,E516
N07,E279,E527
N07,E280,E412
N07,E280,E419
N07,E280,E486
N07,E280,E589
N07,E281,E445
N07,E281,E535
N07,E281,E558
N07,E282,E400
N07,E283,E449
N07,E283,E527
N07,E286,E461
N07,E286,E585
N07,E287,E455
N07,E287,E561
N07,E287,E577
N07,E287,E589
N07,E289,E408
N07,E289,E571
N07,E290,E445
N07,E290,E446
N07,E290,E497
N07,E290,E593
N07,E292,E421
N07,E292,E516
N07,E293,E427
N07,E294,E446
N07,E294,E456
N07,E295,E415
N07,E295,E551
N07,E296,E466
N07,E297,E584
N07,E298,E415
N07,E298,E453
N07,E298,E474
N07,E298,E560
N07,E298,E578
N07,E299,E479
N07,E300,E491
N07,E300,E496
N07,E300,E561
N07,E300,E562
N07,E301,E436
N07,E302,E412
N07,E302,E443
N07,E302,E454
N07,E302,E501
N07,E302,E543
N07,E303,E426
N07,E303,E568
N07,E304,E452
N07,E304,E566
N07,E305,E441
N07,E306,E405
N07,E306,E594
N07,E308,E508
N07,E309,E476
N07,E309,E517
N07,E310,E514
N07,E310,E567
N07,E311,E431
N07,E311,E467
N07,E311,E582
N07,E312,E424
N07,E313,E585
N07,E314,E430
N07,E315,E481
N07,E316,E462
N07,E316,E468
N07,E317,E434
N07,E317,E557
N07,E317,E595
N07,E318,E449
N07,E318,E488
N07,E318,E539
N07,E319,E415
N07,E319,E446
N07,E319,E456
N07,E320,E472
N07,E323,E465
N07,E323,E497
N07,E324,E407
N07,E324,E507
N07,E324,E523
N07,E325,E401
N07,E325,E403
N07,E325,E405
N07,E325,E461
N07,E326,E511
N07,E326,E549
N07,E326,E569
N07,E326,E598
N07,E327,E459
N07,E328,E408
N07,E328,E485
N07,E329,E412
N07,E329,E488
N07,E329,E500
N07,E329,E511
N07,E329,E535
N07,E329,E582
N07,E329,E589
N07,E329,E597
N07,E330,E416
N07,E330,E470
N07,E330,E487
N07,E330,E515
N07,E330,E545
N07,E331,E423
N07,E332,E417
N07,E332,E520
N07,E332,E528
N07,E334,E467
N07,E334,E478
N07,E334,E555
N07,E334,E573
N07,E336,E502
N07,E336,E516
N07,E337,E524
N07,E337,E590
N07,E338,E457
N07,E338,E521
N07,E339,E422
N07,E339,E440
N07,E340,E467
N07,E341,E444
N07,E343,E428
N07,E343,E437
N07,E343,E490
N07,E344,E496
N07,E345,E452
N07,E345,E554
N07,E347,E453
N07,E347,E584
N07,E348,E482
N07,E348,E553
N07,E348,E596
N07,E350,E419
N07,E350,E581
N07,E351,E514
N07,E352,E580
N07,E353,E410
N07,E353,E421
N07,E353,E478
N07,E353,E546
N07,E354,E421
N07,E354,E499
N07,E354,E505
N07,E355,E511
N07,E356,E437
N07,E356,E506
N07,E356,E512
N07,E356,E538
N07,E356,E562
N07,E357,E425
N07,E357,E432
N07,E357,E570
N07,E357,E577
N07,E357,E587
N07,E360,E503
N07,E361,E457
N07,E361,E465
N07,E361,E479
N07,E361,E552
N07,E362,E434
N07,E363,E530
N07,E364,E440
N07,E364,E565
N07,E366,E485
N07,E367,E472
N07,E367,E498
N07,E368,E486
N07,E369,E435
N07,E369,E442
N07,E369,E477
N07,E369,E535
N07,E371,E457
N07,E371,E458
N07,E371,E507
N07,E371,E548
N07,E373,E522
N07,E374,E417
N07,E374,E425
N07,E374,E580
N07,E375,E407
N07,E375,E455
N07,E375,E480
N07,E376,E433
N07,E376,E551
N07,E376,E580
N07,E377,E428
N07,E377,E492
N07,E377,E522
N07,E377,E567
N07,E378,E400
N07,E379,E564
N07,E379,E592
N07,E380,E506
N07,E381,E435
N07,E381,E444
N07,E381,E494
N07,E381,E571
N07,E382,E508
N07,E383,E568
N07,E383,E595
N07,E384,E464
N07,E384,E563
N07,E386,E418
N07,E386,E447
N07,E386,E534
N07,E386,E546
N07,E387,E462
N07,E387,E500
N07,E387,E557
N07,E388,E404
N07,E388,E513
N07,E388,E588
N07,E389,E484
N07,E390,E460
N07,E390,E575
N07,E391,E410
N07,E391,E441
N07,E391,E510
N07,E391,E528
N07,E392,E502
N07,E392,E510
N07,E393,E402
N07,E395,E440
N07,E395,E527
N07,E395,E586
N07,E396,E414
N07,E396,E490
N07,E396,E517
N07,E396,E532
N07,E396,E596
N07,E397,E432
N07,E397,E461
N07,E397,E588
N07,E398,E439
N07,E398,E456
N07,E398,E514
N07,E398,E568
N07,E399,E583
N07,E400,E719
N07,E401,E664
N07,E401,E688
N07,E401,E753
N07,E402,E675
N07,E402,E724
N07,E402,E729
N07,E404,E756
N07,E404,E775
N07,E405,E604
N07,E405,E620
N07,E405,E642
N07,E407,E608
N07,E408,E605
N07,E408,E718
N07,E408,E740
N07,E408,E749
N07,E410,E612
N07,E410,E619
N07,E410,E737
N07,E412,E600
N07,E413,E611
N07,E413,E652
N07,E413,E676
N07,E413,E695
N07,E413,E705
N07,E413,E779
N07,E415,E606
N07,E415,E745
N07,E416,E621
N07,E416,E703
N07,E416,E752
N07,E417,E656
N07,E417,E729
N07,E417,E746
N07,E417,E782
N07,E419,E715
N07,E419,E779
N07,E419,E797
N07,E420,E644
N07,E420,E785
N07,E421,E706
N07,E421,E722
N07,E421,E767
N07,E422,E701
N07,E422,E724
N07,E422,E745
N07,E422,E755
N07,E422,E784
N07,E423,E697
N07,E425,E634
N07,E425,E722
N07,E425,E786
N07,E427,E680
N07,E427,E728
N07,E427,E771
N07,E428,E667
N07,E428,E769
N07,E428,E792
N07,E429,E710
N07,E429,E785
N07,E430,E617
N07,E430,E784
N07,E431,E657
N07,E431,E762
N07,E433,E661
N07,E434,E611
N07,E435,E695
N07,E435,E717
N07,E435,E761
N07,E436,E629
N07,E436,E630
N07,E436,E639
N07,E436,E662
N07,E436,E738
N07,E437,E612
N07,E437,E693
N07,E437,E770
N07,E438,E679
N07,E438,E720
N07,E439,E661
N07,E439,E757
N07,E439,E764
N07,E439,E789
N07,E440,E673
N07,E440,E679
N07,E441,E619
N07,E441,E667
N07,E442,E607
N07,E442,E754
N07,E442,E788
N07,E444,E737
N07,E444,E769
N07,E444,E786
N07,E445,E715
N07,E445,E752
N07,E446,E610
N07,E446,E790
N07,E447,E695
N07,E447,E712
N07,E447,E780
N07,E448,E613
N07,E449,E649
N07,E449,E701
N07,E450,E607
N07,E450,E670
N07,E450,E673
N07,E451,E676
N07,E451,E711
N07,E452,E756
N07,E452,E782
N07,E452,E794
N07,E453,E712
N07,E453,E774
N07,E454,E698
N07,E454,E713
N07,E454,E781
N07,E455,E663
N07,E455,E717
N07,E455,E731
N07,E456,E606
N07,E457,E636
N07,E457,E748
N07,E457,E783
N07,E458,E620
N07,E458,E632
N07,E458,E669
N07,E458,E704
N07,E458,E739
N07,E459,E759
N07,E461,E608
N07,E461,E628
N07,E461,E676
N07,E462,E732
N07,E464,E635
N07,E464,E643
N07,E464,E702
N07,E464,E739
N07,E464,E791
N07,E465,E707
N07,E467,E614
N07,E467,E671
N07,E468,E649
N07,E469,E671
N07,E469,E699
N07,E469,E767
N07,E470,E723
N07,E470,E771
N07,E470,E775
N07,E470,E795
N07,E471,E773
N07,E472,E673
N07,E473,E668
N07,E473,E758
N07,E473,E783
N07,E473,E788
N07,E474,E668
N07,E474,E706
N07,E475,E688
N07,E476,E605
N07,E476,E718
N07,E477,E690
N07,E477,E705
N07,E477,E747
N07,E477,E761
N07,E478,E725
N07,E478,E796
N07,E479,E675
N07,E481,E613
N07,E481,E671
N07,E482,E623
N07,E482,E657
N07,E482,E728
N07,E482,E751
N07,E482,E798
N07,E483,E601
N07,E483,E710
N07,E483,E731
N07,E484,E607
N07,E484,E725
N07,E484,E733
N07,E486,E776
N07,E486,E794
N07,E487,E639
N07,E487,E670
N07,E487,E683
N07,E488,E625
N07,E488,E644
N07,E488,E683
N07,E489,E666
N07,E489,E774
N07,E489,E789
N07,E490,E625
N07,E491,E687
N07,E491,E692
N07,E491,E728
N07,E491,E757
N07,E493,E615
N07,E493,E645
N07,E493,E712
N07,E493,E751
N07,E494,E778
N07,E494,E797
N07,E496,E727
N07,E497,E650
N07,E497,E661
N07,E498,E653
N07,E498,E672
N07,E499,E624
N07,E499,E789
N07,E500,E624
N07,E500,E704
N07,E500,E793
N07,E501,E608
N07,E502,E634
N07,E502,E751
N07,E503,E697
N07,E504,E622
N07,E504,E663
N07,E504,E725
N07,E505,E616
N07,E505,E665
N07,E505,E792
N07,E506,E638
N07,E506,E703
N07,E506,E739
N07,E506,E781
N07,E506,E792
N07,E507,E626
N07,E507,E798
N07,E508,E637
N07,E508,E656
N07,E508,E763
N07,E508,E790
N07,E509,E692
N07,E509,E717
N07,E510,E655
N07,E510,E677
N07,E510,E679
N07,E510,E718
N07,E510,E723
N07,E511,E631
N07,E511,E668
N07,E512,E612
N07,E512,E702
N07,E513,E629
N07,E513,E651
N07,E513,E690
N07,E513,E780
N07,E514,E733
N07,E514,E753
N07,E514,E778
N07,E515,E601
N07,E515,E659
N07,E517,E682
N07,E518,E657
N07,E518,E734
N07,E518,E747
N07,E518,E752
N07,E518,E760
N07,E518,E768
N07,E519,E613
N07,E519,E642
N07,E519,E647
N07,E519,E685
N07,E519,E696
N07,E521,E630
N07,E521,E781
N07,E522,E618
N07,E522,E662
N07,E522,E700
N07,E522,E766
N07,E523,E703
N07,E523,E777
N07,E524,E603
N07,E524,E617
N07,E524,E715
N07,E525,E633
N07,E525,E674
N07,E525,E770
N07,E525,E783
N07,E527,E779
N07,E528,E652
N07,E528,E662
N07,E529,E628
N07,E529,E659
N07,E530,E648
N07,E530,E708
N07,E530,E767
N07,E531,E693
N07,E531,E736
N07,E532,E750
N07,E533,E681
N07,E533,E714
N07,E533,E758
N07,E534,E660
N07,E534,E694
N07,E534,E735
N07,E534,E744
N07,E535,E664
N07,E535,E726
N07,E536,E678
N07,E537,E771
N07,E538,E620
N07,E538,E686
N07,E539,E658
N07,E540,E600
N07,E540,E630
N07,E540,E741
N07,E542,E697
N07,E542,E730
N07,E543,E689
N07,E544,E672
N07,E544,E750
N07,E544,E795
N07,E545,E741
N07,E546,E638
N07,E546,E682
N07,E547,E609
N07,E547,E711
N07,E547,E759
N07,E547,E766
N07,E547,E799
N07,E548,E660
N07,E548,E743
N07,E548,E746
N07,E548,E776
N07,E549,E761
N07,E550,E641
N07,E550,E654
N07,E553,E736
N07,E553,E742
N07,E554,E669
N07,E555,E651
N07,E555,E748
N07,E557,E627
N07,E557,E640
N07,E557,E735
N07,E558,E734
N07,E558,E745
N07,E558,E782
N07,E559,E610
N07,E559,E709
N07,E560,E766
N07,E561,E637
N07,E561,E640
N07,E561,E759
N07,E561,E762
N07,E562,E642
N07,E562,E750
N07,E563,E680
N07,E563,E690
N07,E563,E757
N07,E564,E663
N07,E565,E618
N07,E566,E734
N07,E566,E738
N07,E567,E678
N07,E567,E795
N07,E568,E603
N07,E568,E639
N07,E568,E691
N07,E570,E602
N07,E571,E616
N07,E571,E647
N07,E571,E721
N07,E572,E623
N07,E572,E640
N07,E573,E651
N07,E574,E610
N07,E574,E628
N07,E574,E645
N07,E575,E649
N07,E575,E713
N07,E575,E798
N07,E576,E758
N07,E576,E765
N07,E577,E680
N07,E578,E621
N07,E578,E692
N07,E579,E627
N07,E579,E638
N07,E579,E699
N07,E580,E666
N07,E581,E631
N07,E583,E633
N07,E583,E687
N07,E583,E714
N07,E584,E617
N07,E584,E784
N07,E585,E722
N07,E585,E787
N07,E586,E738
N07,E586,E796
N07,E587,E667
N07,E588,E619
N07,E590,E724
N07,E591,E775
N07,E592,E631
N07,E592,E772
N07,E592,E786
N07,E593,E621
N07,E593,E658
N07,E593,E666
N07,E593,E716
N07,E594,E714
N07,E594,E740
N07,E595,E614
N07,E596,E646
N07,E596,E659
N07,E597,E713
N07,E598,E682
N07,E599,E652
N07,E599,E684
N07,E600,E937
N07,E601,E832
N07,E601,E904
N07,E601,E911
N07,E601,E974
N07,E602,E815
N07,E602,E871
N07,E603,E904
N07,E604,E902
N07,E604,E928
N07,E604,E964
N07,E606,E801
N07,E606,E857
N07,E606,E908
N07,E607,E893
N07,E608,E928
N07,E609,E933
N07,E610,E937
N07,E611,E868
N07,E612,E818
N07,E612,E906
N07,E613,E831
N07,E614,E829
N07,E615,E865
N07,E615,E895
N07,E615,E991
N07,E616,E899
N07,E616,E907
N07,E617,E808
N07,E618,E836
N07,E618,E893
N07,E618,E900
N07,E618,E943
N07,E618,E963
N07,E619,E801
N07,E619,E931
N07,E619,E951
N07,E620,E800
N07,E620,E883
N07,E620,E908
N07,E620,E917
N07,E620,E938
N07,E620,E962
N07,E620,E991
N07,E624,E887
N07,E625,E838
N07,E625,E899
N07,E626,E958
N07,E627,E890
N07,E628,E830
N07,E628,E919
N07,E629,E817
N07,E629,E906
N07,E629,E936
N07,E629,E976
N07,E629,E993
N07,E630,E815
N07,E630,E848
N07,E630,E937
N07,E630,E951
N07,E630,E979
N07,E631,E944
N07,E632,E868
N07,E633,E839
N07,E633,E916
N07,E634,E855
N07,E634,E865
N07,E634,E929
N07,E634,E941
N07,E635,E859
N07,E636,E804
N07,E636,E976
N07,E637,E809
N07,E637,E810
N07,E637,E901
N07,E638,E837
N07,E638,E846
N07,E639,E951
N07,E640,E905
N07,E640,E924
N07,E640,E975
N07,E641,E850
N07,E642,E998
N07,E643,E989
N07,E644,E903
N07,E645,E851
N07,E645,E898
N07,E645,E971
N07,E645,E999
N07,E646,E883
N07,E646,E963
N07,E647,E811
N07,E648,E808
N07,E648,E863
N07,E648,E998
N07,E649,E843
N07,E649,E873
N07,E649,E909
N07,E650,E849
N07,E650,E930
N07,E650,E978
N07,E651,E968
N07,E651,E994
N07,E652,E905
N07,E652,E926
N07,E653,E805
N07,E653,E872
N07,E653,E940
N07,E653,E942
N07,E655,E815
N07,E656,E818
N07,E656,E853
N07,E656,E883
N07,E656,E884
N07,E656,E986
N07,E657,E961
N07,E658,E823
N07,E658,E890
N07,E658,E948
N07,E659,E893
N07,E659,E933
N07,E660,E841
N07,E660,E941
N07,E661,E803
N07,E661,E927
N07,E661,E942
N07,E662,E864
N07,E662,E888
N07,E662,E901
N07,E662,E960
N07,E662,E964
N07,E662,E968
N07,E664,E835
N07,E664,E955
N07,E664,E965
N07,E664,E983
N07,E665,E925
N07,E665,E989
N07,E666,E960
N07,E666,E979
N07,E667,E885
N07,E667,E897
N07,E668,E865
N07,E668,E965
N07,E669,E965
N07,E671,E845
N07,E672,E852
N07,E672,E981
N07,E673,E916
N07,E673,E966
N07,E674,E811
N07,E675,E983
N07,E676,E827
N07,E676,E953
N07,E676,E954
N07,E676,E982
N07,E677,E877
N07,E677,E890
N07,E677,E949
N07,E677,E959
N07,E677,E973
N07,E677,E983
N07,E678,E966
N07,E678,E995
N07,E680,E915
N07,E680,E988
N07,E681,E807
N07,E681,E956
N07,E681,E997
N07,E682,E821
N07,E682,E957
N07,E684,E856
N07,E684,E960
N07,E684,E972
N07,E685,E814
N07,E685,E824
N07,E685,E834
N07,E686,E854
N07,E686,E919
N07,E686,E979
N07,E687,E875
N07,E688,E867
N07,E688,E870
N07,E688,E880
N07,E688,E991
N07,E689,E875
N07,E689,E876
N07,E689,E886
N07,E690,E912
N07,E691,E905
N07,E691,E987
N07,E691,E988
N07,E692,E961
N07,E694,E882
N07,E694,E999
N07,E695,E996
N07,E696,E877
N07,E697,E841
N07,E697,E945
N07,E698,E845
N07,E699,E863
N07,E699,E908
N07,E699,E922
N07,E699,E939
N07,E700,E877
N07,E702,E884
N07,E703,E821
N07,E703,E850
N07,E703,E880
N07,E703,E920
N07,E703,E969
N07,E704,E925
N07,E704,E974
N07,E705,E828
N07,E705,E857
N07,E705,E913
N07,E705,E928
N07,E705,E990
N07,E707,E847
N07,E707,E870
N07,E707,E872
N07,E708,E834
N07,E708,E931
N07,E708,E955
N07,E709,E825
N07,E710,E805
N07,E710,E819
N07,E710,E970
N07,E710,E984
N07,E711,E816
N07,E711,E818
N07,E711,E892
N07,E711,E898
N07,E712,E855
N07,E712,E950
N07,E713,E885
N07,E713,E888
N07,E714,E844
N07,E715,E833
N07,E716,E813
N07,E716,E833
N07,E716,E896
N07,E717,E967
N07,E718,E822
N07,E719,E806
N07,E719,E972
N07,E720,E916
N07,E720,E930
N07,E720,E932
N07,E720,E987
N07,E720,E992
N07,E722,E801
N07,E722,E895
N07,E722,E966
N07,E723,E860
N07,E723,E944
N07,E724,E831
N07,E725,E861
N07,E725,E913
N07,E725,E931
N07,E725,E980
N07,E726,E806
N07,E726,E822
N07,E727,E878
N07,E727,E918
N07,E727,E940
N07,E728,E837
N07,E728,E846
N07,E729,E829
N07,E729,E839
N07,E729,E844
N07,E729,E879
N07,E729,E887
N07,E729,E923
N07,E730,E847
N07,E730,E907
N07,E730,E940
N07,E732,E802
N07,E732,E921
N07,E732,E926
N07,E732,E986
N07,E733,E846
N07,E734,E897
N07,E735,E941
N07,E736,E880
N07,E736,E882
N07,E736,E927
N07,E737,E981
N07,E738,E920
N07,E739,E836
N07,E739,E844
N07,E739,E870
N07,E740,E835
N07,E740,E898
N07,E741,E840
N07,E741,E874
N07,E741,E878
N07,E741,E939
N07,E742,E832
N07,E742,E884
N07,E742,E919
N07,E743,E977
N07,E744,E858
N07,E745,E812
N07,E745,E947
N07,E745,E967
N07,E747,E902
N07,E748,E949
N07,E749,E825
N07,E749,E939
N07,E750,E812
N07,E750,E899
N07,E750,E934
N07,E750,E946
N07,E750,E999
N07,E751,E863
N07,E751,E896
N07,E751,E920
N07,E752,E984
N07,E753,E910
N07,E756,E909
N07,E757,E869
N07,E757,E885
N07,E757,E935
N07,E758,E827
N07,E758,E842
N07,E758,E922
N07,E760,E838
N07,E760,E866
N07,E760,E907
N07,E761,E921
N07,E762,E834
N07,E762,E856
N07,E763,E948
N07,E764,E891
N07,E765,E805
N07,E765,E812
N07,E765,E925
N07,E765,E959
N07,E766,E876
N07,E767,E874
N07,E767,E903
N07,E768,E800
N07,E768,E903
N07,E768,E962
N07,E768,E974
N07,E769,E838
N07,E769,E972
N07,E770,E826
N07,E771,E809
N07,E771,E856
N07,E772,E996
N07,E773,E802
N07,E773,E837
N07,E773,E892
N07,E774,E819
N07,E774,E833
N07,E774,E933
N07,E775,E948
N07,E775,E952
N07,E776,E866
N07,E776,E900
N07,E777,E985
N07,E777,E986
N07,E778,E847
N07,E778,E849
N07,E778,E912
N07,E779,E845
N07,E779,E943
N07,E780,E938
N07,E780,E944
N07,E781,E901
N07,E781,E985
N07,E782,E806
N07,E782,E889
N07,E782,E970
N07,E783,E902
N07,E783,E962
N07,E784,E827
N07,E784,E843
N07,E784,E930
N07,E785,E904
N07,E786,E909
N07,E786,E996
N07,E787,E958
N07,E787,E969
N07,E787,E992
N07,E789,E911
N07,E790,E810
N07,E790,E824
N07,E790,E915
N07,E790,E943
N07,E790,E985
N07,E790,E997
N07,E791,E942
N07,E792,E992
N07,E793,E881
N07,E793,E897
N07,E793,E914
N07,E794,E894
N07,E795,E820
N07,E795,E878
N07,E796,E950
N07,E798,E862
N07,E799,E839
N08,E001,E280
N08,E002,E266
N08,E003,E262
N08,E003,E308
N08,E004,E282
N08,E004,E321
N08,E005,E238
N08,E005,E254
N08,E005,E294
N08,E006,E299
N08,E006,E351
N08,E006,E389
N08,E006,E396
N08,E008,E206
N08,E008,E217
N08,E009,E288
N08,E009,E395
N08,E010,E266
N08,E010,E276
N08,E010,E305
N08,E011,E302
N08,E011,E311
N08,E012,E214
N08,E013,E204
N08,E013,E230
N08,E013,E247
N08,E013,E386
N08,E013,E391
N08,E014,E203
N08,E014,E209
N08,E014,E270
N08,E014,E351
N08,E015,E278
N08,E015,E317
N08,E015,E377
N08,E016,E337
N08,E017,E224
N08,E017,E282
N08,E017,E372
N08,E018,E208
N08,E018,E237
N08,E018,E324
N08,E018,E349
N08,E020,E313
N08,E021,E272
N08,E021,E373
N08,E021,E387
N08,E022,E305
N08,E023,E213
N08,E023,E356
N08,E023,E378
N08,E024,E229
N08,E026,E254
N08,E026,E313
N08,E026,E385
N08,E028,E348
N08,E029,E223
N08,E029,E339
N08,E029,E354
N08,E030,E208
N08,E030,E253
N08,E031,E215
N08,E031,E284
N08,E031,E397
N08,E032,E258
N08,E032,E269
N08,E032,E331
N08,E032,E346
N08,E033,E251
N08,E033,E321
N08,E033,E377
N08,E034,E348
N08,E035,E249
N08,E035,E363
N08,E036,E227
N08,E036,E347
N08,E038,E354
N08,E038,E386
N08,E040,E393
N08,E042,E260
N08,E042,E277
N08,E042,E293
N08,E042,E303
N08,E042,E315
N08,E043,E280
N08,E043,E359
N08,E043,E390
N08,E044,E226
N08,E045,E202
N08,E046,E325
N08,E047,E241
N08,E047,E362
N08,E047,E369
N08,E048,E207
N08,E048,E312
N08,E049,E238
N08,E049,E294
N08,E050,E203
N08,E051,E219
N08,E051,E256
N08,E051,E272
N08,E051,E332
N08,E052,E288
N08,E052,E351
N08,E052,E361
N08,E054,E236
N08,E054,E367
N08,E055,E228
N08,E055,E341
N08,E055,E371
N08,E057,E202
N08,E057,E230
N08,E058,E389
N08,E059,E244
N08,E059,E296
N08,E059,E330
N08,E060,E350
N08,E061,E207
N08,E061,E262
N08,E061,E323
N08,E062,E213
N08,E062,E347
N08,E063,E232
N08,E064,E227
N08,E064,E362
N08,E065,E261
N08,E065,E279
N08,E066,E343
N08,E067,E230
N08,E068,E217
N08,E068,E294
N08,E068,E361
N08,E068,E373
N08,E069,E218
N08,E069,E239
N08,E069,E258
N08,E069,E302
N08,E069,E363
N08,E069,E390
N08,E070,E209
N08,E070,E376
N08,E071,E293
N08,E071,E307
N08,E071,E320
N08,E072,E216
N08,E072,E242
N08,E072,E257
N08,E072,E297
N08,E073,E229
N08,E073,E237
N08,E073,E326
N08,E074,E210
N08,E074,E248
N08,E074,E361
N08,E075,E210
N08,E075,E348
N08,E075,E399
N08,E076,E265
N08,E076,E323
N08,E077,E270
N08,E077,E273
N08,E077,E310
N08,E077,E384
N08,E077,E387
N08,E077,E399
N08,E079,E201
N08,E079,E244
N08,E080,E235
N08,E080,E272
N08,E081,E225
N08,E081,E231
N08,E081,E383
N08,E082,E213
N08,E085,E212
N08,E085,E240
N08,E085,E264
N08,E085,E278
N08,E085,E284
N08,E085,E305
N08,E085,E320
N08,E085,E333
N08,E086,E276
N08,E086,E362
N08,E087,E259
N08,E087,E335
N08,E087,E374
N08,E088,E318
N08,E088,E338
N08,E089,E340
N08,E089,E365
N08,E090,E289
N08,E090,E390
N08,E091,E358
N08,E091,E376
N08,E092,E326
N08,E093,E324
N08,E093,E328
N08,E094,E232
N08,E094,E288
N08,E094,E315
N08,E094,E395
N08,E095,E225
N08,E095,E327
N08,E097,E257
N08,E097,E395
N08,E099,E228
N08,E099,E300
N08,E099,E368
N08,E100,E289
N08,E100,E319
N08,E101,E290
N08,E101,E331
N08,E102,E235
N08,E102,E247
N08,E102,E281
N08,E102,E325
N08,E102,E339
N08,E102,E358
N08,E103,E279
N08,E104,E251
N08,E104,E377
N08,E105,E218
N08,E105,E334
N08,E106,E375
N08,E106,E394
N08,E107,E304
N08,E107,E308
N08,E109,E210
N08,E109,E307
N08,E109,E358
N08,E109,E382
N08,E110,E328
N08,E110,E342
N08,E110,E345
N08,E110,E396
N08,E111,E335
N08,E112,E246
N08,E112,E322
N08,E112,E350
N08,E113,E215
N08,E114,E204
N08,E114,E239
N08,E114,E354
N08,E114,E396
N08,E115,E277
N08,E115,E314
N08,E115,E392
N08,E116,E215
N08,E116,E221
N08,E116,E399
N08,E117,E266
N08,E117,E381
N08,E119,E234
N08,E120,E241
N08,E120,E295
N08,E120,E297
N08,E120,E353
N08,E121,E246
N08,E121,E357
N08,E121,E381
N08,E122,E301
N08,E122,E333
N08,E122,E356
N08,E123,E222
N08,E123,E256
N08,E123,E283
N08,E124,E252
N08,E124,E258
N08,E124,E300
N08,E124,E313
N08,E124,E314
N08,E124,E344
N08,E125,E246
N08,E126,E389
N08,E127,E257
N08,E127,E289
N08,E127,E312
N08,E127,E319
N08,E128,E387
N08,E130,E271
N08,E130,E379
N08,E131,E256
N08,E131,E284
N08,E132,E220
N08,E132,E329
N08,E132,E340
N08,E132,E376
N08,E132,E394
N08,E134,E344
N08,E134,E359
N08,E136,E255
N08,E136,E306
N08,E136,E379
N08,E137,E233
N08,E138,E238
N08,E138,E374
N08,E139,E398
N08,E141,E331
N08,E141,E353
N08,E142,E366
N08,E142,E370
N08,E143,E309
N08,E144,E255
N08,E145,E263
N08,E145,E267
N08,E145,E321
N08,E145,E392
N08,E146,E316
N08,E148,E204
N08,E149,E236
N08,E149,E255
N08,E149,E336
N08,E149,E342
N08,E149,E345
N08,E149,E347
N08,E151,E299
N08,E152,E200
N08,E152,E344
N08,E152,E385
N08,E154,E251
N08,E154,E332
N08,E155,E221
N08,E155,E381
N08,E156,E269
N08,E156,E287
N08,E156,E291
N08,E156,E292
N08,E156,E380
N08,E156,E397
N08,E157,E228
N08,E158,E295
N08,E158,E301
N08,E158,E353
N08,E159,E205
N08,E159,E330
N08,E159,E378
N08,E160,E227
N08,E160,E311
N08,E162,E203
N08,E162,E211
N08,E162,E237
N08,E162,E355
N08,E162,E360
N08,E163,E345
N08,E163,E355
N08,E164,E232
N08,E164,E393
N08,E165,E299
N08,E165,E330
N08,E166,E282
N08,E166,E286
N08,E166,E378
N08,E167,E254
N08,E167,E308
N08,E167,E317
N08,E168,E340
N08,E169,E363
N08,E169,E370
N08,E170,E337
N08,E170,E388
N08,E171,E208
N08,E172,E248
N08,E172,E320
N08,E175,E241
N08,E175,E323
N08,E176,E209
N08,E176,E364
N08,E176,E380
N08,E177,E373
N08,E178,E245
N08,E178,E286
N08,E178,E291
N08,E178,E336
N08,E179,E335
N08,E180,E285
N08,E181,E268
N08,E182,E298
N08,E182,E302
N08,E182,E374
N08,E183,E202
N08,E183,E366
N08,E183,E391
N08,E185,E327
N08,E185,E352
N08,E186,E326
N08,E186,E359
N08,E186,E379
N08,E186,E388
N08,E187,E205
N08,E187,E249
N08,E187,E367
N08,E188,E301
N08,E188,E325
N08,E190,E262
N08,E190,E328
N08,E190,E369
N08,E191,E240
N08,E191,E327
N08,E191,E346
N08,E192,E250
N08,E192,E365
N08,E193,E229
N08,E193,E360
N08,E194,E216
N08,E194,E350
N08,E195,E386
N08,E196,E271
N08,E196,E303
N08,E198,E274
N08,E199,E243
N08,E199,E244
N08,E199,E275
N08,E199,E280
N08,E200,E401
N08,E200,E446
N08,E200,E448
N08,E200,E584
N08,E201,E407
N08,E202,E524
N08,E202,E526
N08,E203,E465
N08,E203,E542
N08,E203,E573
N08,E204,E482
N08,E204,E544
N08,E205,E437
N08,E205,E493
N08,E206,E572
N08,E207,E559
N08,E207,E584
N08,E208,E524
N08,E210,E408
N08,E211,E585
N08,E212,E594
N08,E213,E424
N08,E213,E439
N08,E213,E541
N08,E214,E404
N08,E214,E407
N08,E214,E416
N08,E214,E428
N08,E214,E565
N08,E216,E413
N08,E216,E439
N08,E216,E515
N08,E216,E530
N08,E216,E564
N08,E217,E546
N08,E218,E441
N08,E218,E496
N08,E218,E549
N08,E218,E584
N08,E218,E589
N08,E219,E423
N08,E219,E477
N08,E219,E491
N08,E219,E530
N08,E220,E432
N08,E222,E404
N08,E222,E595
N08,E223,E422
N08,E223,E558
N08,E224,E594
N08,E224,E596
N08,E225,E540
N08,E225,E590
N08,E226,E497
N08,E226,E502
N08,E226,E577
N08,E226,E590
N08,E227,E437
N08,E227,E450
N08,E228,E485
N08,E228,E580
N08,E229,E529
N08,E229,E593
N08,E230,E528
N08,E230,E566
N08,E231,E409
N08,E232,E403
N08,E232,E438
N08,E233,E414
N08,E234,E451
N08,E234,E567
N08,E236,E460
N08,E237,E406
N08,E238,E488
N08,E238,E571
N08,E240,E494
N08,E241,E475
N08,E242,E506
N08,E242,E563
N08,E242,E589
N08,E244,E414
N08,E244,E550
N08,E244,E561
N08,E244,E591
N08,E245,E407
N08,E245,E492
N08,E246,E431
N08,E246,E464
N08,E246,E495
N08,E247,E475
N08,E247,E583
N08,E248,E410
N08,E248,E590
N08,E251,E527
N08,E252,E505
N08,E252,E598
N08,E253,E466
N08,E253,E530
N08,E253,E568
N08,E254,E416
N08,E254,E476
N08,E254,E516
N08,E254,E520
N08,E256,E503
N08,E256,E554
N08,E257,E483
N08,E258,E401
N08,E258,E430
N08,E260,E486
N08,E260,E576
N08,E261,E421
N08,E261,E495
N08,E261,E549
N08,E262,E425
N08,E262,E518
N08,E263,E511
N08,E265,E593
N08,E266,E423
N08,E267,E423
N08,E267,E551
N08,E268,E459
N08,E269,E406
N08,E269,E509
N08,E269,E569
N08,E269,E586
N08,E270,E553
N08,E271,E400
N08,E272,E469
N08,E272,E470
N08,E273,E450
N08,E274,E418
N08,E275,E419
N08,E275,E467
N08,E276,E405
N08,E276,E408
N08,E276,E511
N08,E276,E553
N08,E276,E562
N08,E277,E448
N08,E277,E505
N08,E277,E541
N08,E277,E579
N08,E277,E599
N08,E278,E542
N08,E278,E565
N08,E279,E458
N08,E279,E559
N08,E280,E441
N08,E280,E444
N08,E281,E516
N08,E281,E538
N08,E282,E494
N08,E282,E532
N08,E282,E535
N08,E283,E552
N08,E284,E474
N08,E284,E478
N08,E285,E471
N08,E285,E492
N08,E285,E531
N08,E286,E426
N08,E286,E521
N08,E286,E581
N08,E287,E499
N08,E287,E564
N08,E289,E557
N08,E289,E558
N08,E290,E479
N08,E290,E490
N08,E291,E412
N08,E291,E433
N08,E291,E453
N08,E291,E527
N08,E291,E569
N08,E291,E575
N08,E292,E598
N08,E293,E419
N08,E294,E508
N08,E294,E514
N08,E295,E535
N08,E295,E551
N08,E295,E592
N08,E296,E486
N08,E296,E588
N08,E297,E416
N08,E297,E420
N08,E297,E435
N08,E297,E480
N08,E297,E491
N08,E297,E506
N08,E298,E429
N08,E298,E518
N08,E299,E531
N08,E299,E554
N08,E300,E427
N08,E300,E437
N08,E300,E479
N08,E301,E434
N08,E301,E519
N08,E301,E531
N08,E302,E450
N08,E302,E492
N08,E305,E432
N08,E305,E467
N08,E306,E495
N08,E308,E444
N08,E308,E477
N08,E308,E579
N08,E309,E583
N08,E310,E409
N08,E311,E442
N08,E311,E443
N08,E311,E520
N08,E311,E582
N08,E312,E478
N08,E312,E484
N08,E312,E487
N08,E313,E464
N08,E314,E420
N08,E314,E462
N08,E314,E490
N08,E314,E539
N08,E314,E547
N08,E315,E574
N08,E316,E455
N08,E316,E588
N08,E317,E442
N08,E318,E597
N08,E319,E461
N08,E320,E418
N08,E320,E454
N08,E320,E545
N08,E321,E513
N08,E321,E589
N08,E322,E426
N08,E322,E453
N08,E322,E498
N08,E323,E419
N08,E323,E445
N08,E323,E447
N08,E323,E505
N08,E323,E551
N08,E323,E595
N08,E324,E440
N08,E324,E571
N08,E325,E573
N08,E326,E490
N08,E326,E528
N08,E326,E581
N08,E327,E568
N08,E330,E436
N08,E330,E471
N08,E331,E456
N08,E332,E470
N08,E332,E535
N08,E332,E558
N08,E333,E408
N08,E333,E417
N08,E333,E559
N08,E334,E571
N08,E335,E489
N08,E336,E448
N08,E336,E555
N08,E336,E574
N08,E336,E581
N08,E337,E554
N08,E337,E566
N08,E337,E599
N08,E338,E483
N08,E339,E421
N08,E339,E457
N08,E339,E501
N08,E339,E580
N08,E340,E462
N08,E340,E522
N08,E340,E526
N08,E340,E555
N08,E340,E561
N08,E341,E479
N08,E342,E428
N08,E342,E452
N08,E342,E475
N08,E342,E509
N08,E342,E548
N08,E343,E441
N08,E343,E460
N08,E343,E552
N08,E343,E587
N08,E345,E404
N08,E346,E596
N08,E347,E593
N08,E348,E480
N08,E348,E579
N08,E349,E582
N08,E350,E567
N08,E351,E451
N08,E351,E498
N08,E351,E512
N08,E351,E538
N08,E352,E463
N08,E352,E471
N08,E353,E432
N08,E353,E455
N08,E353,E474
N08,E353,E568
N08,E354,E449
N08,E356,E472
N08,E356,E537
N08,E358,E482
N08,E358,E557
N08,E359,E438
N08,E359,E534
N08,E359,E549
N08,E359,E576
N08,E359,E597
N08,E360,E458
N08,E361,E541
N08,E361,E556
N08,E362,E500
N08,E362,E511
N08,E363,E516
N08,E363,E523
N08,E363,E582
N08,E363,E587
N08,E364,E401
N08,E364,E548
N08,E365,E467
N08,E366,E425
N08,E366,E428
N08,E366,E434
N08,E366,E468
N08,E366,E472
N08,E366,E504
N08,E367,E426
N08,E367,E477
N08,E367,E580
N08,E367,E588
N08,E368,E449
N08,E368,E464
N08,E368,E509
N08,E369,E594
N08,E370,E583
N08,E371,E415
N08,E371,E553
N08,E371,E555
N08,E372,E510
N08,E372,E524
N08,E372,E597
N08,E373,E526
N08,E376,E573
N08,E376,E576
N08,E377,E499
N08,E377,E506
N08,E377,E525
N08,E378,E460
N08,E378,E533
N08,E378,E545
N08,E379,E435
N08,E379,E454
N08,E379,E537
N08,E380,E517
N08,E381,E424
N08,E381,E569
N08,E381,E570
N08,E383,E461
N08,E384,E560
N08,E384,E567
N08,E384,E586
N08,E385,E414
N08,E385,E415
N08,E385,E484
N08,E385,E496
N08,E385,E504
N08,E386,E402
N08,E386,E409
N08,E386,E458
N08,E386,E473
N08,E387,E444
N08,E387,E520
N08,E388,E482
N08,E388,E539
N08,E389,E411
N08,E389,E422
N08,E389,E449
N08,E389,E586
N08,E391,E442
N08,E391,E466
N08,E391,E483
N08,E391,E489
N08,E392,E406
N08,E392,E433
N08,E392,E572
N08,E393,E459
N08,E393,E491
N08,E394,E446
N08,E394,E463
N08,E394,E473
N08,E394,E478
N08,E394,E481
N08,E394,E563
N08,E394,E578
N08,E395,E429
N08,E395,E463
N08,E395,E543
N08,E396,E417
N08,E396,E418
N08,E396,E438
N08,E396,E451
N08,E396,E496
N08,E396,E522
N08,E396,E536
N08,E396,E539
N08,E397,E440
N08,E397,E523
N08,E398,E420
N08,E398,E487
N08,E399,E507
N08,E399,E591
N08,E400,E689
N08,E400,E696
N08,E401,E658
N08,E401,E662
N08,E403,E664
N08,E404,E682
N08,E405,E691
N08,E405,E794
N08,E406,E644
N08,E406,E675
N08,E406,E676
N08,E406,E716
N08,E407,E639
N08,E408,E639
N08,E408,E709
N08,E408,E788
N08,E410,E656
N08,E410,E736
N08,E411,E649
N08,E411,E671
N08,E411,E699
N08,E413,E609
N08,E413,E728
N08,E414,E635
N08,E414,E717
N08,E415,E677
N08,E415,E716
N08,E415,E753
N08,E415,E758
N08,E415,E791
N08,E416,E628
N08,E416,E709
N08,E417,E657
N08,E417,E700
N08,E417,E757
N08,E417,E771
N08,E418,E698
N08,E418,E748
N08,E418,E765
N08,E419,E799
N08,E420,E622
N08,E421,E672
N08,E422,E638
N08,E422,E683
N08,E422,E715
N08,E422,E727
N08,E422,E750
N08,E423,E672
N08,E423,E697
N08,E423,E741
N08,E424,E632
N08,E424,E785
N08,E425,E660
N08,E425,E678
N08,E426,E614
N08,E426,E736
N08,E426,E787
N08,E427,E749
N08,E427,E762
N08,E427,E796
N08,E428,E635
N08,E428,E754
N08,E430,E605
N08,E430,E613
N08,E430,E681
N08,E431,E626
N08,E432,E763
N08,E433,E651
N08,E433,E744
N08,E434,E665
N08,E434,E715
N08,E434,E731
N08,E436,E618
N08,E436,E774
N08,E437,E614
N08,E437,E728
N08,E438,E630
N08,E438,E680
N08,E438,E709
N08,E439,E612
N08,E439,E659
N08,E439,E725
N08,E439,E772
N08,E439,E775
N08,E440,E600
N08,E440,E618
N08,E440,E684
N08,E441,E633
N08,E441,E789
N08,E442,E797
N08,E444,E626
N08,E444,E749
N08,E445,E600
N08,E445,E685
N08,E445,E690
N08,E446,E711
N08,E447,E742
N08,E447,E755
N08,E447,E770
N08,E448,E648
N08,E448,E675
N08,E448,E722
N08,E450,E772
N08,E451,E618
N08,E451,E755
N08,E452,E659
N08,E452,E666
N08,E452,E765
N08,E453,E629
N08,E453,E677
N08,E453,E771
N08,E454,E679
N08,E454,E748
N08,E455,E605
N08,E455,E681
N08,E455,E724
N08,E455,E765
N08,E456,E634
N08,E457,E641
N08,E458,E686
N08,E458,E741
N08,E458,E791
N08,E459,E698
N08,E460,E726
N08,E461,E640
N08,E461,E702
N08,E461,E722
N08,E462,E619
N08,E462,E721
N08,E462,E770
N08,E463,E608
N08,E463,E641
N08,E463,E687
N08,E464,E690
N08,E464,E731
N08,E464,E734
N08,E464,E762
N08,E464,E794
N08,E465,E700
N08,E465,E732
N08,E466,E610
N08,E466,E630
N08,E466,E745
N08,E466,E779
N08,E468,E611
N08,E468,E622
N08,E469,E642
N08,E469,E793
N08,E469,E796
N08,E471,E717
N08,E472,E719
N08,E472,E786
N08,E473,E667
N08,E474,E647
N08,E474,E683
N08,E474,E686
N08,E474,E739
N08,E474,E788
N08,E475,E602
N08,E475,E633
N08,E475,E791
N08,E477,E775
N08,E477,E776
N08,E478,E677
N08,E479,E636
N08,E479,E768
N08,E482,E629
N08,E482,E641
N08,E482,E647
N08,E482,E669
N08,E482,E688
N08,E483,E688
N08,E484,E701
N08,E484,E747
N08,E485,E783
N08,E486,E662
N08,E486,E674
N08,E486,E737
N08,E486,E746
N08,E488,E642
N08,E488,E790
N08,E489,E656
N08,E490,E715
N08,E490,E718
N08,E492,E665
N08,E492,E723
N08,E493,E607
N08,E493,E703
N08,E495,E626
N08,E495,E694
N08,E495,E708
N08,E495,E760
N08,E496,E693
N08,E496,E782
N08,E497,E609
N08,E497,E661
N08,E497,E721
N08,E497,E756
N08,E499,E713
N08,E499,E720
N08,E500,E702
N08,E501,E645
N08,E501,E743
N08,E501,E790
N08,E503,E601
N08,E503,E679
N08,E503,E696
N08,E503,E727
N08,E504,E661
N08,E504,E710
N08,E504,E761
N08,E506,E745
N08,E506,E764
N08,E507,E756
N08,E507,E777
N08,E508,E624
N08,E509,E615
N08,E509,E687
N08,E510,E661
N08,E510,E673
N08,E510,E732
N08,E510,E733
N08,E510,E799
N08,E511,E683
N08,E511,E730
N08,E511,E763
N08,E513,E625
N08,E513,E702
N08,E513,E759
N08,E513,E782
N08,E514,E697
N08,E515,E711
N08,E515,E726
N08,E515,E778
N08,E515,E794
N08,E517,E679
N08,E517,E688
N08,E518,E663
N08,E519,E687
N08,E520,E722
N08,E520,E766
N08,E520,E777
N08,E521,E620
N08,E521,E664
N08,E522,E652
N08,E522,E680
N08,E522,E707
N08,E523,E650
N08,E525,E725
N08,E525,E750
N08,E526,E608
N08,E526,E713
N08,E526,E789
N08,E527,E670
N08,E527,E735
N08,E527,E740
N08,E527,E743
N08,E527,E746
N08,E528,E645
N08,E528,E689
N08,E528,E717
N08,E529,E603
N08,E529,E609
N08,E529,E724
N08,E530,E647
N08,E530,E720
N08,E530,E753
N08,E530,E772
N08,E531,E695
N08,E531,E785
N08,E532,E614
N08,E532,E630
N08,E532,E646
N08,E532,E734
N08,E532,E757
N08,E533,E606
N08,E533,E693
N08,E533,E706
N08,E533,E780
N08,E533,E783
N08,E534,E738
N08,E534,E740
N08,E534,E766
N08,E535,E668
N08,E536,E621
N08,E536,E625
N08,E536,E633
N08,E537,E704
N08,E537,E780
N08,E539,E728
N08,E540,E627
N08,E540,E643
N08,E540,E673
N08,E540,E701
N08,E541,E718
N08,E541,E796
N08,E542,E638
N08,E542,E654
N08,E542,E691
N08,E543,E602
N08,E543,E617
N08,E543,E731
N08,E543,E735
N08,E543,E737
N08,E544,E616
N08,E544,E651
N08,E545,E619
N08,E546,E729
N08,E546,E741
N08,E548,E673
N08,E548,E705
N08,E548,E720
N08,E549,E690
N08,E551,E606
N08,E551,E621
N08,E551,E653
N08,E552,E678
N08,E552,E729
N08,E553,E790
N08,E554,E625
N08,E554,E675
N08,E554,E789
N08,E555,E639
N08,E555,E798
N08,E556,E734
N08,E557,E645
N08,E558,E655
N08,E558,E696
N08,E558,E752
N08,E559,E610
N08,E559,E775
N08,E559,E777
N08,E560,E631
N08,E560,E792
N08,E561,E611
N08,E561,E684
N08,E563,E607
N08,E563,E753
N08,E563,E784
N08,E564,E624
N08,E564,E653
N08,E564,E723
N08,E564,E781
N08,E565,E637
N08,E565,E704
N08,E566,E607
N08,E567,E668
N08,E567,E754
N08,E567,E757
N08,E568,E646
N08,E569,E774
N08,E570,E623
N08,E570,E733
N08,E570,E752
N08,E570,E773
N08,E571,E644
N08,E571,E668
N08,E571,E692
N08,E572,E604
N08,E572,E651
N08,E573,E708
N08,E573,E759
N08,E573,E769
N08,E574,E725
N08,E574,E759
N08,E575,E669
N08,E575,E799
N08,E576,E627
N08,E576,E655
N08,E577,E648
N08,E577,E681
N08,E577,E708
N08,E578,E624
N08,E578,E762
N08,E579,E665
N08,E581,E660
N08,E582,E615
N08,E583,E628
N08,E583,E714
N08,E585,E686
N08,E585,E771
N08,E585,E797
N08,E586,E600
N08,E586,E767
N08,E587,E653
N08,E587,E716
N08,E587,E744
N08,E587,E779
N08,E588,E620
N08,E588,E663
N08,E589,E667
N08,E589,E698
N08,E589,E776
N08,E589,E779
N08,E589,E795
N08,E590,E664
N08,E591,E617
N08,E592,E730
N08,E593,E617
N08,E593,E656
N08,E593,E723
N08,E593,E761
N08,E593,E776
N08,E594,E697
N08,E594,E713
N08,E595,E712
N08,E596,E612
N08,E596,E695
N08,E597,E643
N08,E597,E648
N08,E598,E743
N08,E598,E745
N08,E599,E635
N08,E599,E751
N08,E599,E766
N08,E600,E812
N08,E600,E885
N08,E600,E918
N08,E600,E921
N08,E601,E925
N08,E601,E957
N08,E602,E827
N08,E603,E827
N08,E603,E862
N08,E603,E867
N08,E603,E913
N08,E603,E916
N08,E604,E943
N08,E605,E916
N08,E606,E823
N08,E606,E917
N08,E606,E959
N08,E606,E982
N08,E607,E806
N08,E608,E883
N08,E608,E920
N08,E608,E922
N08,E608,E987
N08,E609,E806
N08,E609,E815
N08,E611,E814
N08,E611,E898
N08,E611,E933
N08,E612,E935
N08,E613,E839
N08,E613,E857
N08,E613,E942
N08,E614,E889
N08,E614,E932
N08,E614,E970
N08,E615,E832
N08,E615,E959
N08,E616,E975
N08,E617,E874
N08,E617,E917
N08,E618,E863
N08,E618,E918
N08,E620,E880
N08,E621,E948
N08,E621,E973
N08,E621,E985
N08,E622,E809
N08,E622,E830
N08,E622,E929
N08,E622,E930
N08,E622,E942
N08,E622,E982
N08,E623,E817
N08,E623,E853
N08,E623,E870
N08,E623,E888
N08,E623,E905
N08,E624,E861
N08,E624,E962
N08,E625,E802
N08,E625,E835
N08,E625,E878
N08,E627,E854
N08,E627,E873
N08,E628,E815
N08,E628,E953
N08,E628,E972
N08,E629,E806
N08,E629,E831
N08,E629,E865
N08,E629,E919
N08,E629,E954
N08,E630,E828
N08,E630,E882
N08,E630,E976
N08,E631,E908
N08,E632,E884
N08,E632,E970
N08,E632,E971
N08,E633,E990
N08,E634,E821
N08,E634,E886
N08,E636,E841
N08,E637,E901
N08,E638,E941
N08,E638,E966
N08,E638,E978
N08,E639,E848
N08,E639,E995
N08,E640,E811
N08,E640,E862
N08,E640,E917
N08,E643,E808
N08,E643,E826
N08,E643,E881
N08,E643,E882
N08,E644,E879
N08,E644,E918
N08,E644,E963
N08,E644,E969
N08,E645,E818
N08,E646,E818
N08,E646,E829
N08,E646,E914
N08,E646,E979
N08,E647,E935
N08,E648,E966
N08,E649,E863
N08,E649,E871
N08,E649,E889
N08,E650,E960
N08,E653,E822
N08,E653,E835
N08,E654,E830
N08,E654,E833
N08,E654,E864
N08,E654,E984
N08,E655,E816
N08,E655,E850
N08,E655,E882
N08,E656,E856
N08,E656,E877
N08,E658,E832
N08,E658,E874
N08,E658,E934
N08,E658,E955
N08,E659,E852
N08,E659,E861
N08,E659,E924
N08,E659,E930
N08,E659,E985
N08,E660,E905
N08,E662,E866
N08,E662,E932
N08,E663,E909
N08,E663,E973
N08,E664,E956
N08,E665,E839
N08,E665,E887
N08,E665,E983
N08,E665,E988
N08,E666,E851
N08,E666,E853
N08,E666,E856
N08,E666,E940
N08,E667,E805
N08,E668,E890
N08,E670,E910
N08,E671,E812
N08,E671,E989
N08,E672,E907
N08,E672,E978
N08,E673,E826
N08,E673,E873
N08,E673,E877
N08,E675,E989
N08,E675,E999
N08,E676,E953
N08,E677,E808
N08,E677,E849
N08,E677,E857
N08,E677,E858
N08,E677,E863
N08,E677,E940
N08,E678,E916
N08,E679,E876
N08,E679,E928
N08,E680,E846
N08,E680,E954
N08,E681,E911
N08,E681,E932
N08,E682,E819
N08,E682,E867
N08,E682,E997
N08,E683,E986
N08,E684,E914
N08,E684,E938
N08,E685,E822
N08,E685,E945
N08,E686,E833
N08,E686,E887
N08,E686,E961
N08,E686,E968
N08,E687,E925
N08,E688,E820
N08,E688,E894
N08,E689,E888
N08,E690,E924
N08,E691,E928
N08,E692,E819
N08,E693,E842
N08,E693,E867
N08,E694,E812
N08,E694,E836
N08,E694,E845
N08,E694,E868
N08,E694,E883
N08,E695,E803
N08,E695,E819
N08,E695,E825
N08,E695,E950
N08,E696,E981
N08,E696,E996
N08,E697,E898
N08,E697,E939
N08,E698,E927
N08,E698,E987
N08,E699,E834
N08,E699,E931
N08,E699,E964
N08,E700,E975
N08,E701,E836
N08,E702,E860
N08,E702,E865
N08,E702,E938
N08,E703,E803
N08,E703,E891
N08,E703,E981
N08,E706,E969
N08,E707,E851
N08,E708,E807
N08,E708,E840
N08,E709,E875
N08,E709,E891
N08,E709,E995
N08,E710,E820
N08,E710,E845
N08,E710,E853
N08,E711,E986
N08,E712,E896
N08,E713,E800
N08,E713,E838
N08,E713,E963
N08,E714,E906
N08,E714,E998
N08,E715,E907
N08,E715,E940
N08,E716,E935
N08,E717,E967
N08,E718,E824
N08,E718,E956
N08,E718,E971
N08,E719,E818
N08,E719,E969
N08,E721,E817
N08,E721,E859
N08,E721,E900
N08,E722,E821
N08,E722,E869
N08,E723,E854
N08,E723,E874
N08,E724,E816
N08,E724,E847
N08,E724,E890
N08,E724,E919
N08,E724,E924
N08,E724,E936
N08,E725,E872
N08,E725,E947
N08,E726,E840
N08,E727,E941
N08,E728,E992
N08,E729,E970
N08,E730,E822
N08,E730,E847
N08,E730,E888
N08,E731,E801
N08,E731,E823
N08,E731,E975
N08,E732,E828
N08,E732,E896
N08,E732,E977
N08,E732,E996
N08,E733,E880
N08,E733,E966
N08,E733,E977
N08,E735,E848
N08,E735,E919
N08,E735,E963
N08,E736,E834
N08,E737,E835
N08,E737,E861
N08,E738,E817
N08,E738,E999
N08,E739,E800
N08,E739,E809
N08,E739,E846
N08,E739,E860
N08,E740,E962
N08,E741,E804
N08,E741,E893
N08,E743,E980
N08,E743,E994
N08,E744,E810
N08,E744,E870
N08,E746,E884
N08,E746,E929
N08,E747,E840
N08,E748,E987
N08,E749,E965
N08,E750,E804
N08,E750,E846
N08,E750,E856
N08,E750,E946
N08,E750,E974
N08,E751,E854
N08,E751,E857
N08,E751,E954
N08,E752,E906
N08,E752,E936
N08,E753,E842
N08,E753,E936
N08,E753,E937
N08,E753,E944
N08,E753,E979
N08,E754,E843
N08,E754,E869
N08,E755,E904
N08,E756,E834
N08,E756,E968
N08,E756,E985
N08,E757,E967
N08,E758,E892
N08,E758,E903
N08,E758,E907
N08,E759,E879
N08,E759,E960
N08,E759,E991
N08,E759,E998
N08,E760,E845
N08,E760,E897
N08,E760,E997
N08,E761,E855
N08,E761,E938
N08,E762,E843
N08,E762,E852
N08,E762,E945
N08,E762,E973
N08,E763,E800
N08,E763,E823
N08,E763,E951
N08,E764,E923
N08,E765,E833
N08,E765,E842
N08,E766,E802
N08,E766,E828
N08,E766,E871
N08,E767,E851
N08,E768,E808
N08,E768,E876
N08,E768,E983
N08,E768,E992
N08,E769,E944
N08,E770,E962
N08,E771,E837
N08,E772,E980
N08,E772,E994
N08,E772,E998
N08,E773,E894
N08,E773,E937
N08,E773,E943
N08,E773,E948
N08,E773,E950
N08,E774,E826
N08,E774,E901
N08,E774,E921
N08,E776,E902
N08,E777,E838
N08,E777,E913
N08,E777,E926
N08,E778,E827
N08,E778,E948
N08,E778,E978
N08,E778,E984
N08,E779,E832
N08,E780,E968
N08,E780,E991
N08,E781,E858
N08,E781,E892
N08,E782,E804
N08,E782,E945
N08,E782,E957
N08,E782,E964
N08,E783,E830
N08,E784,E869
N08,E784,E996
N08,E785,E871
N08,E785,E877
N08,E785,E899
N08,E786,E813
N08,E787,E807
N08,E787,E980
N08,E787,E993
N08,E788,E821
N08,E788,E894
N08,E788,E920
N08,E788,E950
N08,E789,E838
N08,E789,E913
N08,E789,E949
N08,E790,E895
N08,E790,E901
N08,E790,E915
N08,E792,E958
N08,E793,E880
N08,E793,E884
N08,E793,E912
N08,E793,E926
N08,E793,E997
N08,E794,E862
N08,E794,E891
N08,E795,E831
N08,E795,E943
N08,E796,E813
N08,E797,E981
N08,E798,E905
N08,E798,E992
N08,E798,E993
N08,E799,E844
N08,E799,E848
N08,E799,E952
N09,E000,E286
N09,E000,E348
N09,E000,E389
N09,E001,E255
N09,E001,E258
N09,E002,E204
N09,E002,E256
N09,E002,E284
N09,E002,E321
N09,E003,E240
N09,E003,E249
N09,E003,E289
N09,E003,E371
N09,E004,E304
N09,E005,E238
N09,E005,E355
N09,E006,E300
N09,E008,E272
N09,E008,E377
N09,E010,E228
N09,E010,E307
N09,E010,E395
N09,E011,E254
N09,E011,E268
N09,E011,E274
N09,E011,E278
N09,E011,E288
N09,E011,E314
N09,E011,E398
N09,E011,E399
N09,E012,E201
N09,E012,E273
N09,E012,E316
N09,E012,E387
N09,E013,E232
N09,E013,E260
N09,E013,E315
N09,E013,E368
N09,E014,E339
N09,E014,E375
N09,E014,E399
N09,E015,E223
N09,E015,E287
N09,E016,E373
N09,E018,E336
N09,E018,E362
N09,E018,E384
N09,E019,E312
N09,E019,E341
N09,E020,E200
N09,E021,E231
N09,E022,E350
N09,E022,E391
N09,E023,E257
N09,E023,E312
N09,E023,E334
N09,E024,E251
N09,E024,E286
N09,E025,E235
N09,E025,E367
N09,E026,E201
N09,E026,E229
N09,E026,E258
N09,E026,E271
N09,E026,E294
N09,E027,E210
N09,E028,E203
N09,E028,E297
N09,E028,E308
N09,E028,E378
N09,E030,E310
N09,E030,E313
N09,E032,E278
N09,E032,E317
N09,E033,E292
N09,E033,E315
N09,E034,E382
N09,E035,E279
N09,E035,E387
N09,E036,E202
N09,E036,E222
N09,E036,E240
N09,E036,E272
N09,E037,E211
N09,E037,E248
N09,E037,E257
N09,E037,E314
N09,E037,E365
N09,E037,E370
N09,E037,E378
N09,E038,E273
N09,E038,E353
N09,E039,E356
N09,E040,E233
N09,E040,E253
N09,E041,E313
N09,E041,E362
N09,E042,E236
N09,E042,E250
N09,E042,E387
N09,E043,E291
N09,E043,E319
N09,E045,E305
N09,E045,E354
N09,E046,E263
N09,E047,E280
N09,E047,E328
N09,E048,E282
N09,E049,E324
N09,E050,E300
N09,E050,E329
N09,E050,E365
N09,E051,E251
N09,E051,E327
N09,E051,E369
N09,E052,E241
N09,E052,E314
N09,E054,E374
N09,E055,E207
N09,E055,E237
N09,E055,E304
N09,E056,E205
N09,E056,E223
N09,E058,E209
N09,E058,E213
N09,E058,E318
N09,E059,E336
N09,E060,E252
N09,E060,E324
N09,E060,E394
N09,E061,E222
N09,E061,E247
N09,E061,E295
N09,E062,E234
N09,E062,E301
N09,E062,E361
N09,E063,E247
N09,E063,E284
N09,E063,E286
N09,E063,E321
N09,E064,E246
N09,E064,E253
N09,E064,E330
N09,E067,E230
N09,E067,E244
N09,E067,E362
N09,E067,E395
N09,E068,E342
N09,E068,E385
N09,E068,E391
N09,E069,E265
N09,E069,E364
N09,E070,E264
N09,E071,E224
N09,E071,E277
N09,E072,E277
N09,E072,E347
N09,E073,E261
N09,E074,E235
N09,E074,E310
N09,E074,E378
N09,E074,E379
N09,E075,E329
N09,E075,E333
N09,E075,E353
N09,E075,E354
N09,E075,E371
N09,E076,E215
N09,E076,E285
N09,E077,E274
N09,E078,E275
N09,E078,E385
N09,E079,E289
N09,E079,E339
N09,E079,E347
N09,E081,E224
N09,E081,E317
N09,E082,E218
N09,E082,E267
N09,E082,E290
N09,E082,E332
N09,E083,E204
N09,E083,E328
N09,E084,E242
N09,E084,E375
N09,E085,E337
N09,E086,E297
N09,E086,E349
N09,E086,E399
N09,E087,E200
N09,E087,E215
N09,E087,E246
N09,E087,E344
N09,E088,E203
N09,E088,E219
N09,E088,E234
N09,E089,E210
N09,E090,E375
N09,E091,E220
N09,E091,E323
N09,E092,E326
N09,E092,E389
N09,E093,E219
N09,E093,E374
N09,E095,E212
N09,E096,E313
N09,E097,E363
N09,E098,E331
N09,E098,E343
N09,E098,E393
N09,E099,E346
N09,E101,E386
N09,E101,E393
N09,E102,E248
N09,E102,E308
N09,E103,E388
N09,E104,E269
N09,E105,E218
N09,E105,E237
N09,E105,E366
N09,E105,E367
N09,E106,E344
N09,E106,E345
N09,E108,E261
N09,E108,E348
N09,E109,E339
N09,E109,E388
N09,E110,E233
N09,E110,E315
N09,E112,E214
N09,E112,E216
N09,E113,E200
N09,E113,E261
N09,E113,E297
N09,E113,E380
N09,E114,E249
N09,E114,E266
N09,E115,E215
N09,E115,E260
N09,E115,E311
N09,E116,E292
N09,E116,E323
N09,E117,E217
N09,E117,E320
N09,E118,E226
N09,E118,E250
N09,E119,E340
N09,E119,E390
N09,E119,E394
N09,E121,E395
N09,E121,E396
N09,E122,E230
N09,E122,E253
N09,E122,E398
N09,E123,E341
N09,E124,E205
N09,E124,E281
N09,E125,E226
N09,E126,E233
N09,E126,E247
N09,E126,E283
N09,E126,E290
N09,E126,E307
N09,E127,E222
N09,E127,E322
N09,E129,E345
N09,E129,E360
N09,E130,E250
N09,E130,E271
N09,E131,E273
N09,E131,E310
N09,E131,E351
N09,E133,E255
N09,E133,E285
N09,E134,E376
N09,E135,E309
N09,E136,E347
N09,E137,E206
N09,E137,E227
N09,E137,E243
N09,E137,E303
N09,E137,E369
N09,E138,E204
N09,E138,E221
N09,E138,E345
N09,E140,E365
N09,E140,E381
N09,E141,E240
N09,E141,E308
N09,E142,E269
N09,E142,E312
N09,E142,E356
N09,E142,E384
N09,E143,E244
N09,E143,E349
N09,E144,E328
N09,E146,E327
N09,E146,E338
N09,E146,E382
N09,E147,E219
N09,E147,E281
N09,E148,E342
N09,E149,E244
N09,E149,E293
N09,E151,E203
N09,E151,E309
N09,E152,E266
N09,E152,E280
N09,E152,E350
N09,E152,E372
N09,E153,E259
N09,E153,E369
N09,E154,E320
N09,E154,E388
N09,E155,E265
N09,E156,E368
N09,E156,E377
N09,E156,E383
N09,E157,E270
N09,E157,E320
N09,E160,E239
N09,E160,E332
N09,E160,E385
N09,E160,E397
N09,E161,E359
N09,E161,E374
N09,E162,E344
N09,E163,E372
N09,E164,E302
N09,E164,E348
N09,E164,E372
N09,E165,E321
N09,E166,E319
N09,E168,E311
N09,E168,E377
N09,E169,E285
N09,E169,E299
N09,E169,E357
N09,E169,E358
N09,E169,E373
N09,E170,E239
N09,E170,E329
N09,E171,E225
N09,E171,E246
N09,E171,E284
N09,E171,E338
N09,E172,E202
N09,E172,E218
N09,E172,E335
N09,E174,E235
N09,E174,E295
N09,E175,E352
N09,E176,E228
N09,E176,E256
N09,E176,E317
N09,E176,E352
N09,E177,E325
N09,E177,E336
N09,E177,E380
N09,E179,E326
N09,E180,E245
N09,E180,E333
N09,E181,E386
N09,E182,E202
N09,E182,E248
N09,E182,E276
N09,E182,E392
N09,E183,E252
N09,E184,E258
N09,E185,E241
N09,E185,E257
N09,E185,E275
N09,E186,E228
N09,E186,E234
N09,E186,E296
N09,E186,E306
N09,E186,E335
N09,E187,E243
N09,E187,E298
N09,E187,E322
N09,E188,E208
N09,E188,E353
N09,E188,E359
N09,E189,E262
N09,E192,E352
N09,E192,E380
N09,E193,E259
N09,E193,E280
N09,E193,E296
N09,E193,E301
N09,E194,E220
N09,E194,E311
N09,E194,E393
N09,E195,E304
N09,E196,E201
N09,E196,E316
N09,E196,E335
N09,E197,E217
N09,E197,E225
N09,E197,E275
N09,E197,E349
N09,E198,E230
N09,E201,E449
N09,E201,E456
N09,E201,E485
N09,E202,E550
N09,E203,E524
N09,E203,E529
N09,E204,E484
N09,E206,E503
N09,E207,E463
N09,E207,E573
N09,E208,E416
N09,E208,E427
N09,E208,E493
N09,E208,E495
N09,E208,E542
N09,E208,E556
N09,E209,E413
N09,E209,E500
N09,E209,E575
N09,E210,E471
N09,E210,E500
N09,E210,E533
N09,E211,E411
N09,E211,E439
N09,E211,E520
N09,E212,E532
N09,E214,E467
N09,E214,E513
N09,E216,E419
N09,E217,E519
N09,E217,E524
N09,E219,E489
N09,E219,E596
N09,E220,E482
N09,E220,E503
N09,E220,E590
N09,E221,E402
N09,E222,E423
N09,E222,E431
N09,E222,E498
N09,E224,E435
N09,E224,E440
N09,E224,E450
N09,E224,E513
N09,E225,E466
N09,E225,E523
N09,E226,E549
N09,E226,E583
N09,E227,E447
N09,E227,E461
N09,E227,E491
N09,E230,E473
N09,E230,E599
N09,E232,E469
N09,E232,E486
N09,E233,E412
N09,E233,E468
N09,E233,E477
N09,E233,E510
N09,E233,E542
N09,E233,E592
N09,E235,E465
N09,E235,E552
N09,E235,E563
N09,E236,E476
N09,E237,E501
N09,E237,E521
N09,E237,E545
N09,E239,E434
N09,E239,E438
N09,E240,E525
N09,E241,E452
N09,E241,E486
N09,E241,E535
N09,E242,E442
N09,E242,E505
N09,E242,E551
N09,E243,E532
N09,E243,E537
N09,E243,E549
N09,E244,E514
N09,E244,E552
N09,E244,E584
N09,E245,E559
N09,E247,E455
N09,E248,E446
N09,E249,E514
N09,E249,E547
N09,E250,E414
N09,E250,E467
N09,E250,E597
N09,E252,E417
N09,E253,E426
N09,E253,E457
N09,E253,E473
N09,E253,E492
N09,E254,E400
N09,E254,E455
N09,E254,E515
N09,E254,E524
N09,E254,E531
N09,E256,E466
N09,E256,E544
N09,E256,E546
N09,E257,E454
N09,E257,E557
N09,E258,E459
N09,E258,E462
N09,E258,E474
N09,E259,E410
N09,E259,E425
N09,E259,E439
N09,E259,E530
N09,E259,E538
N09,E259,E594
N09,E261,E411
N09,E261,E459
N09,E261,E518
N09,E262,E505
N09,E262,E547
N09,E263,E413
N09,E265,E555
N09,E266,E487
N09,E266,E509
N09,E266,E538
N09,E266,E591
N09,E267,E452
N09,E267,E536
N09,E267,E573
N09,E268,E432
N09,E268,E453
N09,E268,E595
N09,E269,E552
N09,E269,E563
N09,E270,E423
N09,E271,E488
N09,E272,E410
N09,E272,E415
N09,E272,E418
N09,E273,E443
N09,E273,E455
N09,E273,E468
N09,E273,E579
N09,E274,E447
N09,E274,E582
N09,E274,E593
N09,E276,E461
N09,E276,E511
N09,E277,E428
N09,E277,E432
N09,E277,E458
N09,E278,E437
N09,E278,E532
N09,E278,E537
N09,E278,E569
N09,E279,E570
N09,E280,E456
N09,E281,E406
N09,E282,E418
N09,E282,E422
N09,E282,E569
N09,E283,E403
N09,E283,E508
N09,E283,E546
N09,E284,E506
N09,E285,E534
N09,E285,E587
N09,E286,E542
N09,E287,E412
N09,E287,E525
N09,E287,E564
N09,E287,E567
N09,E289,E401
N09,E289,E507
N09,E289,E516
N09,E289,E560
N09,E290,E516
N09,E290,E592
N09,E291,E458
N09,E292,E464
N09,E292,E481
N09,E292,E528
N09,E293,E485
N09,E293,E498
N09,E293,E558
N09,E293,E566
N09,E293,E568
N09,E294,E408
N09,E294,E409
N09,E294,E489
N09,E294,E595
N09,E295,E427
N09,E295,E428
N09,E295,E541
N09,E296,E429
N09,E296,E431
N09,E296,E453
N09,E296,E550
N09,E297,E545
N09,E297,E575
N09,E298,E459
N09,E299,E438
N09,E299,E486
N09,E299,E574
N09,E299,E577
N09,E300,E466
N09,E300,E534
N09,E301,E421
N09,E301,E444
N09,E301,E527
N09,E301,E584
N09,E302,E402
N09,E302,E405
N09,E302,E510
N09,E302,E518
N09,E302,E536
N09,E302,E554
N09,E302,E593
N09,E303,E587
N09,E303,E598
N09,E304,E463
N09,E304,E529
N09,E305,E498
N09,E305,E543
N09,E306,E451
N09,E306,E454
N09,E306,E511
N09,E307,E483
N09,E308,E565
N09,E309,E521
N09,E310,E422
N09,E310,E535
N09,E311,E501
N09,E312,E526
N09,E312,E596
N09,E313,E424
N09,E313,E479
N09,E313,E534
N09,E314,E553
N09,E315,E406
N09,E315,E482
N09,E315,E540
N09,E316,E422
N09,E316,E436
N09,E316,E454
N09,E316,E523
N09,E316,E581
N09,E317,E441
N09,E317,E448
N09,E318,E462
N09,E318,E564
N09,E319,E515
N09,E320,E475
N09,E320,E580
N09,E321,E462
N09,E321,E484
N09,E321,E547
N09,E321,E571
N09,E322,E435
N09,E323,E504
N09,E323,E509
N09,E323,E595
N09,E324,E404
N09,E324,E586
N09,E325,E511
N09,E326,E405
N09,E326,E445
N09,E326,E495
N09,E326,E515
N09,E326,E517
N09,E327,E440
N09,E327,E562
N09,E327,E578
N09,E329,E550
N09,E331,E439
N09,E331,E460
N09,E331,E481
N09,E331,E574
N09,E333,E483
N09,E333,E514
N09,E335,E560
N09,E336,E576
N09,E337,E423
N09,E337,E478
N09,E338,E470
N09,E339,E420
N09,E339,E445
N09,E339,E480
N09,E339,E572
N09,E341,E405
N09,E341,E430
N09,E341,E483
N09,E341,E548
N09,E342,E411
N09,E342,E522
N09,E342,E562
N09,E342,E581
N09,E344,E478
N09,E345,E407
N09,E345,E572
N09,E346,E431
N09,E347,E435
N09,E347,E536
N09,E348,E496
N09,E349,E478
N09,E349,E492
N09,E351,E553
N09,E352,E437
N09,E352,E512
N09,E352,E546
N09,E352,E559
N09,E353,E490
N09,E353,E580
N09,E355,E416
N09,E357,E555
N09,E357,E583
N09,E358,E541
N09,E359,E430
N09,E359,E445
N09,E359,E563
N09,E359,E579
N09,E360,E418
N09,E360,E421
N09,E360,E463
N09,E360,E523
N09,E361,E597
N09,E362,E468
N09,E362,E490
N09,E364,E535
N09,E364,E589
N09,E365,E432
N09,E365,E449
N09,E365,E490
N09,E365,E531
N09,E365,E555
N09,E367,E500
N09,E367,E507
N09,E368,E472
N09,E369,E412
N09,E369,E443
N09,E369,E448
N09,E369,E494
N09,E369,E598
N09,E370,E497
N09,E371,E476
N09,E371,E499
N09,E372,E420
N09,E372,E467
N09,E372,E470
N09,E373,E529
N09,E375,E437
N09,E376,E537
N09,E377,E427
N09,E378,E458
N09,E379,E582
N09,E379,E588
N09,E380,E474
N09,E380,E509
N09,E380,E569
N09,E381,E584
N09,E383,E420
N09,E383,E438
N09,E384,E565
N09,E385,E488
N09,E385,E557
N09,E386,E406
N09,E386,E452
N09,E387,E419
N09,E387,E433
N09,E388,E480
N09,E388,E484
N09,E388,E553
N09,E388,E561
N09,E390,E593
N09,E392,E429
N09,E392,E502
N09,E392,E539
N09,E392,E587
N09,E393,E408
N09,E393,E464
N09,E393,E539
N09,E393,E588
N09,E394,E479
N09,E394,E554
N09,E394,E556
N09,E394,E557
N09,E395,E538
N09,E395,E572
N09,E395,E583
N09,E397,E426
N09,E398,E416
N09,E398,E476
N09,E398,E544
N09,E398,E585
N09,E399,E518
N09,E399,E560
N09,E400,E782
N09,E401,E751
N09,E402,E607
N09,E403,E640
N09,E403,E700
N09,E403,E782
N09,E404,E681
N09,E404,E770
N09,E405,E668
N09,E405,E675
N09,E405,E687
N09,E406,E625
N09,E406,E673
N09,E406,E770
N09,E407,E615
N09,E407,E647
N09,E407,E698
N09,E407,E753
N09,E407,E793
N09,E409,E726
N09,E409,E776
N09,E410,E616
N09,E410,E722
N09,E410,E750
N09,E410,E791
N09,E411,E679
N09,E411,E689
N09,E411,E723
N09,E411,E762
N09,E412,E665
N09,E413,E638
N09,E413,E760
N09,E413,E766
N09,E414,E753
N09,E415,E617
N09,E415,E730
N09,E416,E647
N09,E416,E704
N09,E416,E746
N09,E418,E632
N09,E418,E737
N09,E418,E747
N09,E418,E757
N09,E419,E644
N09,E420,E628
N09,E420,E641
N09,E420,E727
N09,E421,E652
N09,E421,E661
N09,E422,E685
N09,E423,E714
N09,E423,E718
N09,E423,E728
N09,E423,E778
N09,E425,E636
N09,E426,E619
N09,E426,E627
N09,E426,E758
N09,E426,E762
N09,E427,E608
N09,E427,E734
N09,E427,E739
N09,E427,E742
N09,E427,E767
N09,E428,E623
N09,E429,E735
N09,E429,E745
N09,E429,E765
N09,E430,E686
N09,E431,E649
N09,E431,E708
N09,E431,E788
N09,E432,E691
N09,E433,E624
N09,E433,E796
N09,E434,E642
N09,E434,E659
N09,E434,E715
N09,E434,E797
N09,E435,E655
N09,E436,E603
N09,E436,E611
N09,E436,E685
N09,E436,E720
N09,E436,E743
N09,E436,E745
N09,E437,E722
N09,E437,E733
N09,E438,E627
N09,E438,E725
N09,E438,E775
N09,E440,E754
N09,E440,E784
N09,E443,E602
N09,E443,E656
N09,E443,E681
N09,E443,E706
N09,E443,E794
N09,E444,E601
N09,E444,E613
N09,E444,E705
N09,E444,E738
N09,E444,E750
N09,E444,E765
N09,E445,E632
N09,E446,E614
N09,E447,E678
N09,E447,E685
N09,E449,E683
N09,E452,E698
N09,E452,E704
N09,E453,E688
N09,E455,E615
N09,E455,E671
N09,E456,E721
N09,E457,E693
N09,E457,E707
N09,E458,E765
N09,E458,E799
N09,E459,E608
N09,E459,E639
N09,E459,E769
N09,E460,E626
N09,E460,E701
N09,E460,E786
N09,E464,E700
N09,E465,E683
N09,E465,E705
N09,E466,E663
N09,E466,E696
N09,E466,E734
N09,E466,E778
N09,E467,E616
N09,E467,E671
N09,E467,E787
N09,E468,E612
N09,E468,E657
N09,E468,E714
N09,E469,E625
N09,E469,E637
N09,E470,E729
N09,E470,E784
N09,E471,E691
N09,E472,E682
N09,E472,E772
N09,E473,E603
N09,E473,E634
N09,E473,E689
N09,E473,E694
N09,E473,E697
N09,E474,E759
N09,E475,E629
N09,E476,E604
N09,E477,E652
N09,E477,E713
N09,E478,E664
N09,E478,E714
N09,E478,E791
N09,E479,E652
N09,E479,E696
N09,E479,E730
N09,E481,E774
N09,E482,E798
N09,E483,E662
N09,E483,E721
N09,E483,E798
N09,E484,E619
N09,E484,E668
N09,E485,E614
N09,E485,E774
N09,E486,E605
N09,E486,E679
N09,E486,E736
N09,E486,E768
N09,E487,E631
N09,E487,E713
N09,E487,E728
N09,E489,E618
N09,E489,E656
N09,E489,E697
N09,E489,E791
N09,E490,E645
N09,E490,E747
N09,E490,E779
N09,E491,E711
N09,E491,E754
N09,E492,E723
N09,E492,E725
N09,E493,E651
N09,E493,E707
N09,E494,E687
N09,E494,E737
N09,E495,E638
N09,E495,E715
N09,E496,E693
N09,E496,E729
N09,E497,E673
N09,E498,E799
N09,E499,E760
N09,E499,E788
N09,E499,E790
N09,E500,E692
N09,E501,E654
N09,E501,E744
N09,E501,E777
N09,E502,E648
N09,E504,E707
N09,E505,E749
N09,E505,E776
N09,E507,E742
N09,E507,E750
N09,E508,E626
N09,E508,E684
N09,E509,E617
N09,E509,E672
N09,E509,E718
N09,E510,E615
N09,E510,E755
N09,E511,E611
N09,E511,E679
N09,E511,E712
N09,E511,E763
N09,E512,E622
N09,E512,E642
N09,E512,E751
N09,E512,E760
N09,E513,E674
N09,E513,E681
N09,E515,E635
N09,E516,E654
N09,E516,E766
N09,E517,E643
N09,E518,E772
N09,E518,E773
N09,E518,E795
N09,E519,E667
N09,E519,E710
N09,E520,E727
N09,E520,E756
N09,E520,E768
N09,E521,E740
N09,E521,E781
N09,E522,E620
N09,E522,E796
N09,E523,E606
N09,E523,E730
N09,E524,E660
N09,E524,E688
N09,E524,E699
N09,E526,E622
N09,E526,E624
N09,E526,E646
N09,E527,E641
N09,E527,E752
N09,E528,E688
N09,E528,E748
N09,E529,E632
N09,E529,E712
N09,E529,E762
N09,E529,E777
N09,E530,E656
N09,E531,E678
N09,E531,E710
N09,E532,E619
N09,E532,E646
N09,E532,E732
N09,E533,E708
N09,E533,E709
N09,E534,E716
N09,E534,E759
N09,E534,E778
N09,E535,E732
N09,E535,E792
N09,E536,E634
N09,E536,E717
N09,E536,E729
N09,E536,E740
N09,E537,E670
N09,E537,E671
N09,E537,E709
N09,E537,E755
N09,E537,E789
N09,E538,E695
N09,E538,E702
N09,E538,E747
N09,E538,E761
N09,E539,E739
N09,E540,E641
N09,E540,E667
N09,E540,E696
N09,E540,E724
N09,E541,E633
N09,E541,E640
N09,E541,E657
N09,E541,E665
N09,E541,E701
N09,E541,E727
N09,E542,E659
N09,E542,E680
N09,E542,E792
N09,E543,E719
N09,E546,E699
N09,E547,E653
N09,E547,E717
N09,E547,E785
N09,E548,E741
N09,E549,E676
N09,E550,E669
N09,E551,E600
N09,E553,E759
N09,E553,E787
N09,E554,E692
N09,E554,E771
N09,E554,E783
N09,E555,E670
N09,E555,E739
N09,E556,E609
N09,E556,E644
N09,E556,E755
N09,E557,E613
N09,E557,E620
N09,E558,E677
N09,E558,E775
N09,E560,E610
N09,E560,E623
N09,E560,E726
N09,E562,E660
N09,E562,E677
N09,E562,E692
N09,E563,E606
N09,E563,E621
N09,E563,E764
N09,E564,E618
N09,E564,E690
N09,E564,E772
N09,E565,E640
N09,E566,E620
N09,E566,E746
N09,E566,E758
N09,E566,E794
N09,E567,E722
N09,E568,E606
N09,E568,E703
N09,E568,E711
N09,E568,E780
N09,E569,E723
N09,E570,E684
N09,E571,E622
N09,E571,E701
N09,E573,E653
N09,E573,E691
N09,E573,E718
N09,E573,E766
N09,E573,E786
N09,E574,E687
N09,E574,E768
N09,E575,E694
N09,E575,E697
N09,E576,E602
N09,E576,E781
N09,E576,E784
N09,E576,E795
N09,E577,E650
N09,E577,E663
N09,E577,E713
N09,E577,E742
N09,E578,E618
N09,E578,E711
N09,E578,E724
N09,E578,E731
N09,E579,E712
N09,E582,E630
N09,E582,E733
N09,E583,E706
N09,E583,E738
N09,E584,E666
N09,E584,E741
N09,E585,E607
N09,E585,E698
N09,E586,E602
N09,E586,E775
N09,E588,E720
N09,E588,E753
N09,E588,E779
N09,E590,E670
N09,E590,E756
N09,E592,E603
N09,E592,E642
N09,E592,E690
N09,E592,E693
N09,E592,E695
N09,E592,E796
N09,E593,E636
N09,E593,E663
N09,E593,E745
N09,E593,E779
N09,E593,E780
N09,E594,E668
N09,E594,E788
N09,E595,E773
N09,E595,E792
N09,E596,E660
N09,E596,E741
N09,E596,E746
N09,E597,E654
N09,E597,E658
N09,E598,E628
N09,E598,E721
N09,E598,E731
N09,E598,E771
N09,E598,E795
N09,E600,E801
N09,E600,E812
N09,E600,E815
N09,E600,E852
N09,E600,E945
N09,E601,E803
N09,E601,E828
N09,E601,E857
N09,E601,E880
N09,E601,E891
N09,E601,E919
N09,E601,E944
N09,E602,E840
N09,E602,E939
N09,E602,E988
N09,E603,E864
N09,E603,E978
N09,E603,E984
N09,E604,E928
N09,E604,E972
N09,E605,E848
N09,E606,E824
N09,E606,E870
N09,E607,E868
N09,E607,E900
N09,E608,E882
N09,E608,E933
N09,E608,E967
N09,E610,E812
N09,E611,E847
N09,E611,E975
N09,E613,E849
N09,E613,E856
N09,E613,E925
N09,E614,E805
N09,E614,E899
N09,E614,E967
N09,E615,E817
N09,E615,E870
N09,E615,E886
N09,E616,E824
N09,E616,E847
N09,E617,E804
N09,E617,E832
N09,E617,E833
N09,E617,E933
N09,E618,E820
N09,E618,E843
N09,E619,E813
N09,E619,E853
N09,E619,E879
N09,E619,E880
N09,E620,E922
N09,E621,E948
N09,E622,E850
N09,E622,E965
N09,E622,E993
N09,E623,E967
N09,E624,E829
N09,E624,E908
N09,E625,E842
N09,E625,E888
N09,E625,E949
N09,E625,E976
N09,E625,E992
N09,E626,E816
N09,E627,E830
N09,E629,E996
N09,E630,E903
N09,E631,E854
N09,E632,E841
N09,E632,E909
N09,E632,E931
N09,E632,E952
N09,E633,E873
N09,E634,E902
N09,E637,E834
N09,E638,E923
N09,E639,E932
N09,E640,E812
N09,E640,E836
N09,E641,E948
N09,E641,E958
N09,E642,E861
N09,E642,E977
N09,E643,E987
N09,E644,E842
N09,E644,E865
N09,E645,E824
N09,E645,E987
N09,E646,E866
N09,E647,E921
N09,E648,E827
N09,E648,E830
N09,E648,E890
N09,E648,E925
N09,E649,E810
N09,E649,E839
N09,E649,E878
N09,E650,E851
N09,E650,E934
N09,E650,E981
N09,E650,E989
N09,E651,E968
N09,E652,E809
N09,E652,E945
N09,E653,E802
N09,E653,E840
N09,E653,E861
N09,E654,E830
N09,E654,E839
N09,E654,E873
N09,E654,E935
N09,E654,E977
N09,E655,E889
N09,E656,E916
N09,E656,E938
N09,E656,E970
N09,E656,E979
N09,E657,E834
N09,E657,E854
N09,E657,E888
N09,E657,E954
N09,E659,E887
N09,E659,E939
N09,E659,E964
N09,E660,E801
N09,E660,E894
N09,E662,E845
N09,E663,E811
N09,E663,E911
N09,E664,E826
N09,E664,E995
N09,E664,E998
N09,E665,E838
N09,E665,E847
N09,E665,E879
N09,E665,E883
N09,E666,E813
N09,E667,E822
N09,E667,E971
N09,E668,E820
N09,E669,E982
N09,E670,E903
N09,E671,E872
N09,E672,E857
N09,E673,E927
N09,E674,E818
N09,E674,E832
N09,E675,E871
N09,E675,E938
N09,E676,E948
N09,E676,E950
N09,E677,E868
N09,E677,E915
N09,E678,E849
N09,E678,E876
N09,E678,E897
N09,E678,E974
N09,E679,E894
N09,E679,E956
N09,E679,E966
N09,E679,E989
N09,E680,E905
N09,E681,E987
N09,E682,E861
N09,E682,E914
N09,E684,E973
N09,E685,E831
N09,E686,E988
N09,E687,E985
N09,E688,E897
N09,E688,E926
N09,E688,E976
N09,E689,E891
N09,E689,E942
N09,E690,E800
N09,E690,E804
N09,E690,E878
N09,E690,E960
N09,E690,E968
N09,E691,E969
N09,E693,E817
N09,E693,E825
N09,E693,E881
N09,E694,E832
N09,E694,E836
N09,E694,E907
N09,E694,E919
N09,E694,E961
N09,E694,E995
N09,E695,E827
N09,E695,E998
N09,E696,E934
N09,E696,E980
N09,E697,E864
N09,E697,E893
N09,E698,E872
N09,E699,E956
N09,E699,E963
N09,E700,E883
N09,E700,E885
N09,E701,E888
N09,E702,E810
N09,E702,E894
N09,E702,E915
N09,E702,E960
N09,E702,E991
N09,E703,E819
N09,E703,E833
N09,E704,E911
N09,E705,E857
N09,E705,E885
N09,E706,E874
N09,E706,E878
N09,E706,E937
N09,E708,E917
N09,E709,E931
N09,E709,E974
N09,E710,E912
N09,E710,E962
N09,E710,E994
N09,E711,E875
N09,E711,E943
N09,E712,E897
N09,E712,E913
N09,E714,E892
N09,E714,E949
N09,E714,E994
N09,E715,E859
N09,E715,E889
N09,E715,E896
N09,E715,E923
N09,E715,E993
N09,E717,E895
N09,E717,E911
N09,E718,E862
N09,E718,E962
N09,E719,E853
N09,E719,E926
N09,E719,E951
N09,E719,E957
N09,E720,E844
N09,E720,E886
N09,E721,E834
N09,E721,E874
N09,E721,E906
N09,E721,E935
N09,E722,E835
N09,E722,E959
N09,E722,E972
N09,E725,E842
N09,E725,E908
N09,E725,E992
N09,E726,E952
N09,E727,E908
N09,E727,E968
N09,E728,E883
N09,E728,E956
N09,E728,E997
N09,E729,E846
N09,E729,E976
N09,E730,E851
N09,E730,E862
N09,E730,E920
N09,E731,E831
N09,E732,E806
N09,E732,E893
N09,E733,E809
N09,E733,E818
N09,E733,E843
N09,E733,E941
N09,E733,E986
N09,E734,E814
N09,E734,E815
N09,E734,E886
N09,E734,E899
N09,E734,E942
N09,E735,E877
N09,E735,E887
N09,E735,E957
N09,E736,E927
N09,E736,E929
N09,E737,E813
N09,E737,E934
N09,E737,E997
N09,E738,E885
N09,E739,E942
N09,E739,E946
N09,E740,E915
N09,E741,E980
N09,E743,E973
N09,E744,E892
N09,E744,E898
N09,E745,E806
N09,E745,E829
N09,E745,E901
N09,E745,E922
N09,E746,E800
N09,E746,E918
N09,E746,E965
N09,E747,E928
N09,E748,E954
N09,E749,E822
N09,E750,E918
N09,E750,E995
N09,E751,E848
N09,E751,E924
N09,E751,E936
N09,E752,E922
N09,E753,E940
N09,E754,E852
N09,E754,E992
N09,E755,E905
N09,E755,E947
N09,E756,E851
N09,E756,E881
N09,E756,E951
N09,E757,E914
N09,E758,E811
N09,E759,E953
N09,E760,E841
N09,E760,E927
N09,E760,E971
N09,E760,E981
N09,E761,E930
N09,E762,E844
N09,E763,E827
N09,E763,E866
N09,E763,E998
N09,E764,E863
N09,E764,E909
N09,E764,E954
N09,E765,E836
N09,E766,E867
N09,E767,E807
N09,E767,E926
N09,E767,E999
N09,E768,E821
N09,E769,E840
N09,E769,E900
N09,E769,E910
N09,E769,E944
N09,E771,E906
N09,E773,E807
N09,E773,E889
N09,E773,E921
N09,E773,E964
N09,E773,E990
N09,E774,E853
N09,E774,E909
N09,E775,E933
N09,E775,E978
N09,E776,E862
N09,E777,E984
N09,E778,E803
N09,E778,E823
N09,E778,E829
N09,E779,E828
N09,E779,E869
N09,E780,E837
N09,E780,E864
N09,E781,E817
N09,E781,E835
N09,E781,E858
N09,E782,E808
N09,E782,E890
N09,E782,E892
N09,E782,E896
N09,E786,E936
N09,E787,E935
N09,E788,E860
N09,E788,E938
N09,E788,E959
N09,E789,E872
N09,E790,E893
N09,E790,E906
N09,E791,E884
N09,E791,E904
N09,E791,E944
N09,E791,E958
N09,E792,E955
N09,E794,E855
N09,E794,E880
N09,E794,E903
N09,E796,E899
N09,E797,E971
N09,E798,E947
N09,E798,E983
N09,E798,E990
N09,E799,E852
N10,E000,E303
N10,E001,E329
N10,E002,E222
N10,E002,E318
N10,E003,E200
N10,E003,E209
N10,E003,E273
N10,E003,E331
N10,E004,E214
N10,E004,E261
N10,E004,E338
N10,E005,E264
N10,E005,E288
N10,E005,E381
N10,E006,E228
N10,E006,E280
N10,E008,E204
N10,E008,E218
N10,E008,E254
N10,E008,E323
N10,E008,E342
N10,E008,E385
N10,E009,E241
N10,E009,E344
N10,E009,E357
N10,E010,E248
N10,E010,E314
N10,E010,E344
N10,E011,E267
N10,E011,E275
N10,E011,E314
N10,E012,E327
N10,E013,E239
N10,E013,E294
N10,E013,E387
N10,E014,E237
N10,E014,E321
N10,E015,E392
N10,E016,E222
N10,E016,E234
N10,E016,E255
N10,E017,E267
N10,E018,E336
N10,E018,E348
N10,E019,E201
N10,E019,E206
N10,E019,E278
N10,E020,E238
N10,E020,E302
N10,E020,E313
N10,E020,E316
N10,E020,E330
N10,E020,E374
N10,E021,E251
N10,E022,E204
N10,E023,E252
N10,E023,E254
N10,E024,E319
N10,E025,E208
N10,E025,E384
N10,E026,E226
N10,E027,E265
N10,E028,E260
N10,E028,E311
N10,E029,E261
N10,E029,E283
N10,E030,E284
N10,E032,E291
N10,E033,E220
N10,E033,E251
N10,E033,E393
N10,E035,E211
N10,E035,E220
N10,E035,E230
N10,E035,E257
N10,E035,E309
N10,E035,E369
N10,E035,E377
N10,E035,E397
N10,E036,E227
N10,E037,E298
N10,E038,E300
N10,E039,E230
N10,E039,E284
N10,E039,E340
N10,E040,E329
N10,E041,E271
N10,E041,E350
N10,E042,E202
N10,E042,E388
N10,E043,E214
N10,E043,E355
N10,E044,E327
N10,E045,E375
N10,E046,E231
N10,E048,E219
N10,E048,E351
N10,E050,E205
N10,E050,E224
N10,E051,E360
N10,E052,E332
N10,E052,E335
N10,E052,E377
N10,E053,E244
N10,E054,E203
N10,E054,E292
N10,E054,E367
N10,E054,E374
N10,E055,E213
N10,E055,E216
N10,E055,E248
N10,E055,E346
N10,E055,E384
N10,E055,E387
N10,E055,E395
N10,E056,E252
N10,E056,E345
N10,E057,E232
N10,E058,E258
N10,E059,E288
N10,E060,E323
N10,E060,E356
N10,E061,E347
N10,E061,E385
N10,E061,E386
N10,E062,E278
N10,E062,E324
N10,E062,E377
N10,E065,E280
N10,E065,E319
N10,E065,E387
N10,E066,E269
N10,E066,E301
N10,E066,E358
N10,E066,E381
N10,E067,E233
N10,E068,E216
N10,E068,E219
N10,E069,E227
N10,E069,E234
N10,E069,E289
N10,E069,E334
N10,E070,E226
N10,E071,E262
N10,E071,E391
N10,E071,E398
N10,E072,E264
N10,E072,E266
N10,E072,E274
N10,E072,E380
N10,E073,E285
N10,E073,E399
N10,E074,E282
N10,E074,E316
N10,E074,E327
N10,E074,E396
N10,E075,E229
N10,E075,E286
N10,E075,E295
N10,E075,E351
N10,E076,E215
N10,E076,E224
N10,E077,E269
N10,E077,E316
N10,E078,E311
N10,E078,E315
N10,E078,E360
N10,E079,E357
N10,E080,E219
N10,E080,E221
N10,E080,E386
N10,E082,E229
N10,E083,E231
N10,E083,E320
N10,E084,E246
N10,E084,E260
N10,E084,E376
N10,E085,E300
N10,E085,E398
N10,E086,E208
N10,E086,E217
N10,E086,E293
N10,E087,E221
N10,E087,E352
N10,E087,E358
N10,E087,E365
N10,E088,E306
N10,E088,E321
N10,E088,E346
N10,E089,E303
N10,E089,E398
N10,E090,E301
N10,E091,E317
N10,E093,E349
N10,E093,E370
N10,E094,E227
N10,E094,E277
N10,E094,E286
N10,E094,E325
N10,E094,E332
N10,E094,E339
N10,E094,E375
N10,E095,E217
N10,E096,E281
N10,E096,E325
N10,E096,E348
N10,E096,E393
N10,E097,E255
N10,E097,E369
N10,E098,E293
N10,E099,E281
N10,E103,E231
N10,E103,E232
N10,E103,E342
N10,E103,E371
N10,E104,E364
N10,E105,E287
N10,E105,E331
N10,E105,E337
N10,E105,E347
N10,E107,E291
N10,E108,E268
N10,E108,E276
N10,E108,E319
N10,E110,E300
N10,E110,E307
N10,E110,E354
N10,E112,E376
N10,E113,E218
N10,E113,E296
N10,E113,E354
N10,E113,E361
N10,E113,E362
N10,E114,E326
N10,E114,E353
N10,E115,E223
N10,E115,E311
N10,E115,E322
N10,E115,E383
N10,E116,E238
N10,E116,E314
N10,E117,E213
N10,E117,E215
N10,E117,E283
N10,E117,E323
N10,E117,E379
N10,E117,E399
N10,E118,E290
N10,E118,E305
N10,E118,E340
N10,E118,E352
N10,E118,E373
N10,E120,E244
N10,E120,E320
N10,E120,E329
N10,E120,E373
N10,E121,E286
N10,E121,E346
N10,E122,E202
N10,E123,E333
N10,E123,E350
N10,E125,E236
N10,E125,E288
N10,E125,E308
N10,E125,E366
N10,E126,E206
N10,E126,E240
N10,E127,E267
N10,E127,E312
N10,E128,E202
N10,E128,E254
N10,E128,E373
N10,E129,E278
N10,E129,E347
N10,E130,E207
N10,E130,E209
N10,E130,E245
N10,E130,E379
N10,E132,E328
N10,E132,E340
N10,E133,E376
N10,E134,E290
N10,E134,E296
N10,E134,E388
N10,E135,E226
N10,E135,E295
N10,E136,E235
N10,E136,E271
N10,E136,E274
N10,E136,E318
N10,E137,E239
N10,E137,E343
N10,E138,E225
N10,E138,E239
N10,E139,E228
N10,E139,E247
N10,E139,E296
N10,E139,E389
N10,E140,E259
N10,E140,E299
N10,E141,E310
N10,E142,E243
N10,E142,E258
N10,E142,E328
N10,E142,E393
N10,E145,E242
N10,E146,E208
N10,E146,E252
N10,E147,E370
N10,E147,E378
N10,E148,E358
N10,E148,E389
N10,E149,E306
N10,E149,E345
N10,E150,E348
N10,E150,E362
N10,E150,E367
N10,E151,E280
N10,E151,E306
N10,E151,E341
N10,E151,E343
N10,E152,E210
N10,E152,E256
N10,E152,E309
N10,E152,E338
N10,E153,E276
N10,E154,E232
N10,E154,E249
N10,E154,E364
N10,E154,E396
N10,E156,E245
N10,E156,E390
N10,E157,E354
N10,E157,E359
N10,E158,E297
N10,E159,E383
N10,E160,E211
N10,E161,E253
N10,E161,E292
N10,E162,E332
N10,E162,E360
N10,E163,E261
N10,E165,E378
N10,E166,E273
N10,E167,E368
N10,E168,E264
N10,E168,E302
N10,E169,E240
N10,E169,E272
N10,E170,E279
N10,E171,E370
N10,E172,E206
N10,E173,E294
N10,E173,E310
N10,E173,E363
N10,E174,E335
N10,E174,E382
N10,E175,E270
N10,E175,E293
N10,E175,E334
N10,E175,E372
N10,E176,E221
N10,E176,E367
N10,E177,E212
N10,E177,E222
N10,E177,E242
N10,E177,E244
N10,E177,E245
N10,E177,E263
N10,E177,E349
N10,E180,E241
N10,E183,E270
N10,E183,E283
N10,E184,E301
N10,E184,E331
N10,E185,E320
N10,E185,E386
N10,E186,E279
N10,E186,E339
N10,E187,E368
N10,E188,E325
N10,E189,E201
N10,E189,E337
N10,E189,E380
N10,E189,E383
N10,E190,E250
N10,E190,E385
N10,E190,E394
N10,E193,E247
N10,E193,E308
N10,E193,E381
N10,E195,E298
N10,E195,E304
N10,E196,E330
N10,E198,E213
N10,E198,E220
N10,E198,E380
N10,E199,E251
N10,E199,E302
N10,E199,E341
N10,E200,E420
N10,E200,E421
N10,E200,E443
N10,E200,E513
N10,E200,E565
N10,E202,E508
N10,E203,E429
N10,E204,E463
N10,E204,E540
N10,E204,E557
N10,E205,E418
N10,E206,E410
N10,E207,E435
N10,E207,E444
N10,E207,E460
N10,E207,E542
N10,E208,E456
N10,E209,E556
N10,E210,E430
N10,E210,E471
N10,E210,E499
N10,E210,E547
N10,E211,E587
N10,E211,E589
N10,E212,E432
N10,E212,E457
N10,E212,E476
N10,E212,E478
N10,E213,E432
N10,E213,E484
N10,E214,E507
N10,E214,E518
N10,E215,E436
N10,E216,E515
N10,E216,E556
N10,E217,E566
N10,E219,E467
N10,E219,E491
N10,E219,E547
N10,E219,E584
N10,E220,E483
N10,E222,E443
N10,E222,E496
N10,E222,E597
N10,E223,E509
N10,E224,E579
N10,E225,E576
N10,E225,E588
N10,E226,E448
N10,E226,E533
N10,E227,E455
N10,E227,E530
N10,E228,E544
N10,E229,E445
N10,E229,E472
N10,E229,E592
N10,E230,E583
N10,E231,E553
N10,E231,E567
N10,E232,E408
N10,E232,E462
N10,E232,E539
N10,E232,E551
N10,E233,E401
N10,E233,E475
N10,E234,E468
N10,E234,E485
N10,E234,E563
N10,E235,E524
N10,E236,E471
N10,E236,E520
N10,E236,E558
N10,E236,E574
N10,E237,E411
N10,E237,E415
N10,E238,E460
N10,E239,E514
N10,E239,E559
N10,E239,E561
N10,E239,E569
N10,E240,E443
N10,E241,E515
N10,E241,E575
N10,E242,E427
N10,E242,E505
N10,E242,E521
N10,E243,E444
N10,E243,E537
N10,E243,E595
N10,E244,E441
N10,E244,E551
N10,E246,E468
N10,E246,E578
N10,E248,E408
N10,E249,E544
N10,E250,E406
N10,E250,E414
N10,E250,E473
N10,E250,E500
N10,E250,E547
N10,E251,E575
N10,E251,E594
N10,E252,E461
N10,E252,E470
N10,E253,E405
N10,E253,E533
N10,E254,E467
N10,E254,E523
N10,E254,E538
N10,E254,E574
N10,E254,E588
N10,E255,E526
N10,E255,E536
N10,E255,E590
N10,E256,E405
N10,E256,E440
N10,E256,E454
N10,E256,E497
N10,E257,E441
N10,E258,E552
N10,E259,E454
N10,E259,E489
N10,E259,E519
N10,E259,E520
N10,E259,E527
N10,E261,E522
N10,E261,E596
N10,E262,E492
N10,E263,E415
N10,E264,E416
N10,E264,E470
N10,E264,E528
N10,E266,E599
N10,E267,E438
N10,E267,E492
N10,E267,E570
N10,E268,E427
N10,E268,E589
N10,E269,E450
N10,E269,E516
N10,E270,E476
N10,E270,E480
N10,E270,E580
N10,E271,E523
N10,E273,E412
N10,E273,E564
N10,E274,E470
N10,E274,E550
N10,E275,E479
N10,E277,E469
N10,E277,E532
N10,E278,E442
N10,E279,E563
N10,E279,E575
N10,E279,E598
N10,E280,E430
N10,E281,E510
N10,E281,E549
N10,E282,E414
N10,E282,E427
N10,E282,E518
N10,E282,E596
N10,E283,E500
N10,E284,E511
N10,E284,E579
N10,E285,E413
N10,E285,E461
N10,E285,E502
N10,E286,E431
N10,E286,E451
N10,E286,E474
N10,E286,E498
N10,E287,E403
N10,E287,E494
N10,E287,E511
N10,E287,E590
N10,E288,E459
N10,E288,E517
N10,E288,E579
N10,E289,E418
N10,E289,E535
N10,E290,E458
N10,E291,E462
N10,E293,E491
N10,E294,E572
N10,E295,E527
N10,E295,E535
N10,E296,E521
N10,E296,E586
N10,E297,E511
N10,E297,E522
N10,E297,E529
N10,E298,E448
N10,E298,E491
N10,E298,E495
N10,E298,E557
N10,E299,E438
N10,E299,E533
N10,E300,E532
N10,E300,E592
N10,E301,E454
N10,E305,E599
N10,E306,E480
N10,E306,E555
N10,E306,E593
N10,E307,E409
N10,E307,E422
N10,E307,E519
N10,E307,E584
N10,E308,E407
N10,E308,E498
N10,E309,E418
N10,E310,E507
N10,E310,E577
N10,E312,E493
N10,E312,E509
N10,E312,E513
N10,E312,E546
N10,E312,E594
N10,E313,E452
N10,E313,E569
N10,E314,E438
N10,E314,E536
N10,E314,E571
N10,E315,E522
N10,E316,E497
N10,E316,E506
N10,E317,E540
N10,E318,E458
N10,E319,E501
N10,E320,E484
N10,E320,E508
N10,E320,E527
N10,E320,E543
N10,E321,E525
N10,E321,E562
N10,E322,E434
N10,E322,E554
N10,E323,E452
N10,E323,E479
N10,E323,E595
N10,E324,E410
N10,E324,E421
N10,E324,E531
N10,E325,E411
N10,E325,E459
N10,E326,E570
N10,E326,E592
N10,E327,E456
N10,E327,E565
N10,E327,E580
N10,E328,E508
N10,E328,E512
N10,E329,E426
N10,E329,E599
N10,E330,E415
N10,E330,E476
N10,E330,E496
N10,E330,E501
N10,E331,E499
N10,E332,E534
N10,E332,E581
N10,E333,E425
N10,E333,E442
N10,E333,E449
N10,E333,E468
N10,E333,E562
N10,E334,E548
N10,E334,E582
N10,E335,E437
N10,E335,E471
N10,E335,E504
N10,E335,E506
N10,E336,E497
N10,E336,E523
N10,E336,E559
N10,E337,E549
N10,E337,E577
N10,E338,E453
N10,E338,E465
N10,E338,E480
N10,E339,E484
N10,E339,E535
N10,E339,E566
N10,E340,E482
N10,E340,E493
N10,E340,E570
N10,E341,E403
N10,E342,E496
N10,E342,E546
N10,E342,E566
N10,E343,E423
N10,E344,E582
N10,E345,E556
N10,E346,E555
N10,E346,E572
N10,E347,E449
N10,E347,E514
N10,E348,E531
N10,E349,E487
N10,E349,E528
N10,E350,E405
N10,E350,E419
N10,E350,E458
N10,E350,E479
N10,E350,E524
N10,E350,E545
N10,E351,E408
N10,E351,E466
N10,E351,E505
N10,E351,E562
N10,E351,E569
N10,E352,E472
N10,E352,E489
N10,E354,E432
N10,E354,E472
N10,E355,E490
N10,E355,E567
N10,E356,E488
N10,E357,E531
N10,E357,E578
N10,E357,E595
N10,E358,E459
N10,E358,E499
N10,E358,E555
N10,E358,E588
N10,E359,E425
N10,E359,E462
N10,E359,E474
N10,E359,E503
N10,E359,E534
N10,E359,E563
N10,E359,E586
N10,E359,E591
N10,E359,E594
N10,E360,E451
N10,E360,E550
N10,E361,E413
N10,E361,E452
N10,E361,E520
N10,E361,E540
N10,E361,E573
N10,E361,E583
N10,E364,E488
N10,E364,E493
N10,E365,E557
N10,E365,E577
N10,E366,E420
N10,E367,E421
N10,E367,E444
N10,E367,E477
N10,E367,E576
N10,E369,E473
N10,E369,E482
N10,E369,E498
N10,E369,E526
N10,E369,E576
N10,E370,E439
N10,E370,E477
N10,E370,E486
N10,E370,E560
N10,E370,E568
N10,E373,E400
N10,E373,E412
N10,E373,E433
N10,E373,E460
N10,E373,E505
N10,E373,E526
N10,E374,E416
N10,E374,E448
N10,E376,E487
N10,E377,E464
N10,E379,E409
N10,E379,E514
N10,E379,E582
N10,E381,E402
N10,E381,E422
N10,E381,E464
N10,E381,E586
N10,E382,E585
N10,E383,E447
N10,E384,E401
N10,E385,E400
N10,E385,E552
N10,E386,E401
N10,E386,E446
N10,E388,E425
N10,E388,E434
N10,E388,E465
N10,E388,E539
N10,E388,E553
N10,E389,E587
N10,E390,E403
N10,E390,E424
N10,E390,E589
N10,E391,E477
N10,E391,E503
N10,E391,E544
N10,E392,E411
N10,E392,E580
N10,E393,E417
N10,E393,E423
N10,E393,E542
N10,E394,E419
N10,E394,E428
N10,E394,E481
N10,E394,E559
N10,E395,E461
N10,E395,E521
N10,E396,E404
N10,E396,E456
N10,E396,E561
N10,E397,E451
N10,E397,E474
N10,E398,E437
N10,E398,E469
N10,E398,E541
N10,E399,E414
N10,E399,E510
N10,E400,E605
N10,E400,E757
N10,E401,E619
N10,E401,E664
N10,E401,E670
N10,E401,E715
N10,E402,E618
N10,E403,E611
N10,E403,E628
N10,E404,E611
N10,E404,E620
N10,E404,E730
N10,E404,E746
N10,E404,E772
N10,E404,E778
N10,E404,E782
N10,E405,E660
N10,E405,E762
N10,E406,E731
N10,E407,E631
N10,E408,E742
N10,E408,E749
N10,E409,E739
N10,E410,E697
N10,E410,E732
N10,E411,E656
N10,E412,E794
N10,E413,E700
N10,E413,E751
N10,E414,E756
N10,E414,E779
N10,E417,E608
N10,E417,E642
N10,E417,E712
N10,E418,E653
N10,E419,E702
N10,E420,E734
N10,E420,E780
N10,E421,E648
N10,E425,E666
N10,E425,E680
N10,E425,E702
N10,E426,E659
N10,E426,E773
N10,E427,E644
N10,E427,E689
N10,E427,E723
N10,E427,E778
N10,E428,E632
N10,E428,E745
N10,E429,E726
N10,E429,E788
N10,E430,E643
N10,E430,E671
N10,E430,E778
N10,E431,E642
N10,E432,E691
N10,E432,E763
N10,E432,E764
N10,E432,E794
N10,E433,E657
N10,E435,E646
N10,E435,E761
N10,E436,E751
N10,E438,E615
N10,E438,E695
N10,E439,E672
N10,E439,E759
N10,E441,E710
N10,E441,E729
N10,E443,E653
N10,E443,E660
N10,E443,E699
N10,E444,E641
N10,E444,E715
N10,E445,E706
N10,E445,E717
N10,E445,E765
N10,E445,E780
N10,E447,E615
N10,E447,E705
N10,E447,E787
N10,E448,E650
N10,E448,E768
N10,E448,E794
N10,E449,E686
N10,E449,E699
N10,E449,E793
N10,E450,E749
N10,E451,E624
N10,E451,E663
N10,E451,E665
N10,E451,E684
N10,E451,E722
N10,E451,E724
N10,E451,E737
N10,E453,E604
N10,E453,E622
N10,E453,E675
N10,E453,E785
N10,E454,E600
N10,E454,E747
N10,E454,E762
N10,E455,E623
N10,E455,E695
N10,E455,E733
N10,E455,E769
N10,E455,E776
N10,E456,E680
N10,E456,E741
N10,E457,E613
N10,E457,E637
N10,E457,E682
N10,E458,E626
N10,E458,E677
N10,E458,E742
N10,E459,E754
N10,E460,E667
N10,E460,E691
N10,E462,E720
N10,E462,E776
N10,E463,E636
N10,E463,E643
N10,E463,E693
N10,E464,E695
N10,E464,E777
N10,E464,E792
N10,E465,E634
N10,E465,E638
N10,E465,E644
N10,E465,E655
N10,E465,E658
N10,E466,E698
N10,E468,E738
N10,E469,E630
N10,E469,E756
N10,E470,E755
N10,E470,E760
N10,E471,E686
N10,E471,E724
N10,E473,E690
N10,E473,E747
N10,E474,E796
N10,E475,E611
N10,E475,E693
N10,E475,E729
N10,E476,E674
N10,E477,E760
N10,E477,E768
N10,E477,E771
N10,E477,E790
N10,E477,E798
N10,E478,E681
N10,E478,E783
N10,E479,E684
N10,E479,E703
N10,E479,E795
N10,E480,E621
N10,E480,E701
N10,E480,E789
N10,E481,E678
N10,E484,E682
N10,E484,E685
N10,E484,E709
N10,E484,E749
N10,E484,E776
N10,E485,E607
N10,E485,E609
N10,E485,E654
N10,E486,E610
N10,E486,E701
N10,E486,E718
N10,E486,E754
N10,E486,E771
N10,E488,E773
N10,E489,E606
N10,E489,E775
N10,E491,E602
N10,E491,E645
N10,E493,E673
N10,E494,E635
N10,E494,E704
N10,E494,E798
N10,E495,E731
N10,E495,E744
N10,E495,E755
N10,E497,E647
N10,E498,E604
N10,E498,E638
N10,E498,E773
N10,E499,E606
N10,E499,E726
N10,E500,E607
N10,E500,E751
N10,E501,E743
N10,E502,E688
N10,E502,E727
N10,E504,E601
N10,E505,E601
N10,E505,E633
N10,E505,E639
N10,E505,E686
N10,E506,E650
N10,E506,E671
N10,E506,E676
N10,E506,E682
N10,E506,E739
N10,E507,E609
N10,E507,E679
N10,E507,E755
N10,E508,E662
N10,E508,E679
N10,E509,E612
N10,E509,E614
N10,E509,E799
N10,E510,E626
N10,E510,E683
N10,E510,E687
N10,E510,E744
N10,E511,E627
N10,E512,E665
N10,E512,E685
N10,E513,E649
N10,E513,E716
N10,E513,E792
N10,E514,E636
N10,E514,E649
N10,E514,E666
N10,E514,E668
N10,E514,E706
N10,E514,E740
N10,E515,E615
N10,E516,E761
N10,E517,E747
N10,E518,E641
N10,E519,E729
N10,E519,E746
N10,E519,E750
N10,E520,E795
N10,E521,E629
N10,E522,E608
N10,E523,E684
N10,E523,E702
N10,E524,E602
N10,E524,E635
N10,E524,E655
N10,E524,E738
N10,E524,E787
N10,E526,E697
N10,E526,E726
N10,E527,E690
N10,E527,E760
N10,E528,E696
N10,E529,E632
N10,E529,E655
N10,E529,E768
N10,E529,E786
N10,E530,E640
N10,E531,E676
N10,E531,E705
N10,E532,E784
N10,E533,E632
N10,E533,E735
N10,E534,E642
N10,E534,E647
N10,E534,E691
N10,E534,E788
N10,E535,E707
N10,E535,E733
N10,E537,E758
N10,E539,E641
N10,E539,E705
N10,E540,E694
N10,E540,E769
N10,E542,E692
N10,E542,E716
N10,E542,E775
N10,E543,E699
N10,E544,E604
N10,E544,E648
N10,E544,E797
N10,E545,E630
N10,E546,E625
N10,E546,E736
N10,E547,E634
N10,E547,E701
N10,E547,E728
N10,E547,E774
N10,E549,E652
N10,E549,E692
N10,E549,E708
N10,E549,E774
N10,E549,E791
N10,E550,E752
N10,E551,E700
N10,E552,E602
N10,E552,E674
N10,E552,E711
N10,E553,E668
N10,E554,E622
N10,E554,E672
N10,E554,E677
N10,E554,E784
N10,E555,E624
N10,E555,E781
N10,E556,E637
N10,E556,E713
N10,E556,E787
N10,E557,E625
N10,E557,E767
N10,E557,E780
N10,E558,E616
N10,E558,E651
N10,E559,E649
N10,E560,E675
N10,E560,E694
N10,E561,E774
N10,E562,E721
N10,E562,E740
N10,E562,E769
N10,E562,E777
N10,E563,E610
N10,E564,E627
N10,E564,E644
N10,E564,E744
N10,E565,E619
N10,E565,E748
N10,E566,E711
N10,E566,E770
N10,E567,E763
N10,E568,E661
N10,E568,E718
N10,E569,E621
N10,E569,E634
N10,E570,E653
N10,E570,E711
N10,E571,E603
N10,E573,E781
N10,E575,E743
N10,E576,E757
N10,E576,E767
N10,E578,E612
N10,E578,E721
N10,E578,E798
N10,E579,E619
N10,E579,E697
N10,E579,E797
N10,E580,E617
N10,E580,E621
N10,E580,E661
N10,E581,E790
N10,E583,E772
N10,E584,E610
N10,E584,E721
N10,E585,E636
N10,E585,E742
N10,E586,E743
N10,E586,E793
N10,E587,E788
N10,E588,E665
N10,E588,E792
N10,E589,E733
N10,E589,E766
N10,E590,E603
N10,E590,E629
N10,E590,E637
N10,E590,E675
N10,E590,E725
N10,E590,E782
N10,E591,E717
N10,E591,E761
N10,E592,E714
N10,E592,E719
N10,E593,E603
N10,E593,E771
N10,E594,E734
N10,E595,E753
N10,E595,E757
N10,E595,E772
N10,E596,E740
N10,E597,E613
N10,E597,E685
N10,E597,E782
N10,E598,E668
N10,E599,E669
N10,E599,E693
N10,E599,E710
N10,E600,E833
N10,E600,E874
N10,E603,E811
N10,E603,E824
N10,E603,E837
N10,E603,E959
N10,E604,E844
N10,E605,E885
N10,E606,E816
N10,E606,E833
N10,E606,E944
N10,E608,E875
N10,E609,E856
N10,E609,E926
N10,E610,E935
N10,E612,E871
N10,E612,E884
N10,E613,E862
N10,E613,E981
N10,E614,E830
N10,E614,E957
N10,E615,E880
N10,E615,E901
N10,E615,E917
N10,E615,E985
N10,E616,E944
N10,E616,E996
N10,E617,E909
N10,E617,E968
N10,E619,E813
N10,E620,E835
N10,E621,E856
N10,E622,E990
N10,E623,E917
N10,E624,E818
N10,E625,E982
N10,E626,E842
N10,E626,E897
N10,E626,E997
N10,E629,E842
N10,E629,E935
N10,E630,E801
N10,E630,E849
N10,E630,E983
N10,E630,E989
N10,E630,E993
N10,E631,E816
N10,E632,E961
N10,E632,E964
N10,E633,E953
N10,E633,E959
N10,E633,E991
N10,E634,E900
N10,E634,E920
N10,E635,E882
N10,E635,E910
N10,E637,E822
N10,E637,E825
N10,E637,E841
N10,E637,E904
N10,E637,E927
N10,E638,E934
N10,E639,E821
N10,E639,E834
N10,E639,E868
N10,E641,E826
N10,E641,E832
N10,E641,E942
N10,E642,E821
N10,E642,E848
N10,E642,E854
N10,E642,E859
N10,E642,E903
N10,E642,E932
N10,E642,E985
N10,E644,E956
N10,E647,E808
N10,E647,E882
N10,E647,E968
N10,E648,E891
N10,E648,E912
N10,E648,E983
N10,E649,E849
N10,E649,E879
N10,E650,E809
N10,E650,E869
N10,E650,E931
N10,E650,E960
N10,E651,E992
N10,E652,E875
N10,E652,E883
N10,E653,E906
N10,E654,E886
N10,E654,E913
N10,E654,E970
N10,E654,E999
N10,E655,E941
N10,E655,E953
N10,E656,E907
N10,E656,E923
N10,E656,E940
N10,E657,E890
N10,E657,E957
N10,E658,E806
N10,E658,E884
N10,E658,E922
N10,E658,E984
N10,E659,E810
N10,E659,E830
N10,E659,E861
N10,E659,E886
N10,E660,E882
N10,E660,E983
N10,E661,E845
N10,E661,E851
N10,E661,E975
N10,E663,E877
N10,E663,E910
N10,E663,E943
N10,E665,E990
N10,E666,E896
N10,E666,E897
N10,E666,E976
N10,E667,E831
N10,E667,E885
N10,E670,E810
N10,E670,E895
N10,E670,E920
N10,E670,E978
N10,E673,E952
N10,E675,E970
N10,E676,E804
N10,E676,E964
N10,E677,E938
N10,E678,E904
N10,E680,E846
N10,E680,E895
N10,E680,E898
N10,E681,E819
N10,E681,E941
N10,E682,E873
N10,E683,E818
N10,E683,E849
N10,E683,E860
N10,E683,E963
N10,E683,E965
N10,E685,E903
N10,E686,E911
N10,E687,E876
N10,E688,E812
N10,E689,E837
N10,E690,E873
N10,E690,E898
N10,E690,E933
N10,E692,E836
N10,E692,E858
N10,E692,E962
N10,E693,E827
N10,E693,E835
N10,E695,E859
N10,E695,E866
N10,E695,E988
N10,E696,E805
N10,E696,E937
N10,E696,E978
N10,E697,E951
N10,E698,E954
N10,E699,E814
N10,E699,E853
N10,E700,E876
N10,E700,E951
N10,E700,E963
N10,E701,E950
N10,E701,E992
N10,E702,E805
N10,E702,E876
N10,E702,E982
N10,E704,E974
N10,E705,E934
N10,E705,E947
N10,E705,E964
N10,E706,E918
N10,E706,E995
N10,E707,E895
N10,E707,E979
N10,E707,E990
N10,E708,E844
N10,E709,E813
N10,E709,E867
N10,E709,E870
N10,E709,E949
N10,E709,E960
N10,E709,E992
N10,E710,E809
N10,E711,E803
N10,E711,E870
N10,E711,E881
N10,E711,E958
N10,E711,E989
N10,E712,E902
N10,E712,E946
N10,E713,E902
N10,E714,E982
N10,E715,E897
N10,E715,E931
N10,E716,E820
N10,E719,E924
N10,E720,E823
N10,E721,E961
N10,E722,E829
N10,E722,E973
N10,E723,E941
N10,E723,E980
N10,E724,E920
N10,E724,E958
N10,E725,E877
N10,E725,E936
N10,E726,E804
N10,E726,E811
N10,E726,E903
N10,E726,E908
N10,E728,E917
N10,E728,E939
N10,E729,E864
N10,E730,E864
N10,E730,E940
N10,E730,E995
N10,E731,E802
N10,E731,E807
N10,E731,E825
N10,E731,E857
N10,E732,E800
N10,E733,E839
N10,E733,E850
N10,E734,E808
N10,E735,E816
N10,E735,E863
N10,E735,E912
N10,E736,E802
N10,E736,E815
N10,E737,E956
N10,E737,E993
N10,E738,E969
N10,E739,E948
N10,E739,E969
N10,E739,E994
N10,E740,E928
N10,E741,E921
N10,E742,E961
N10,E743,E893
N10,E743,E940
N10,E743,E946
N10,E743,E963
N10,E745,E869
N10,E745,E918
N10,E745,E965
N10,E746,E831
N10,E746,E888
N10,E748,E852
N10,E749,E850
N10,E749,E976
N10,E750,E857
N10,E750,E860
N10,E750,E945
N10,E752,E905
N10,E752,E958
N10,E752,E967
N10,E752,E973
N10,E753,E907
N10,E753,E908
N10,E753,E919
N10,E753,E966
N10,E753,E973
N10,E754,E855
N10,E754,E859
N10,E755,E930
N10,E756,E802
N10,E756,E894
N10,E756,E939
N10,E757,E843
N10,E757,E883
N10,E757,E971
N10,E758,E888
N10,E758,E946
N10,E759,E834
N10,E760,E846
N10,E760,E881
N10,E760,E902
N10,E760,E925
N10,E760,E942
N10,E760,E955
N10,E761,E888
N10,E761,E986
N10,E762,E821
N10,E762,E833
N10,E762,E871
N10,E762,E936
N10,E763,E874
N10,E763,E887
N10,E763,E914
N10,E763,E965
N10,E764,E975
N10,E765,E861
N10,E765,E878
N10,E765,E884
N10,E765,E892
N10,E766,E937
N10,E766,E962
N10,E767,E809
N10,E768,E906
N10,E769,E892
N10,E770,E865
N10,E770,E972
N10,E771,E880
N10,E772,E828
N10,E772,E862
N10,E772,E872
N10,E772,E999
N10,E773,E817
N10,E773,E899
N10,E773,E930
N10,E774,E826
N10,E774,E929
N10,E774,E966
N10,E775,E804
N10,E775,E834
N10,E775,E857
N10,E775,E962
N10,E775,E996
N10,E776,E829
N10,E776,E866
N10,E776,E908
N10,E776,E997
N10,E777,E978
N10,E778,E829
N10,E779,E955
N10,E779,E960
N10,E779,E985
N10,E780,E932
N10,E781,E998
N10,E782,E808
N10,E782,E915
N10,E782,E929
N10,E783,E840
N10,E783,E957
N10,E784,E825
N10,E784,E898
N10,E784,E910
N10,E784,E938
N10,E784,E995
N10,E785,E803
N10,E785,E856
N10,E785,E906
N10,E785,E955
N10,E786,E867
N10,E786,E899
N10,E786,E977
N10,E787,E815
N10,E787,E838
N10,E787,E950
N10,E787,E968
N10,E788,E819
N10,E788,E847
N10,E788,E858
N10,E788,E889
N10,E789,E867
N10,E790,E846
N10,E791,E934
N10,E791,E943
N10,E792,E815
N10,E792,E931
N10,E793,E848
N10,E793,E969
N10,E793,E971
N10,E794,E948
N10,E794,E959
N10,E795,E838
N10,E795,E881
N10,E796,E814
N10,E796,E966
N10,E797,E885
N10,E797,E916
N10,E797,E949
N10,E798,E880
N10,E798,E909
N10,E798,E987
N10,E799,E923
N10,E799,E974
N11,E000,E238
N11,E001,E376
N11,E003,E248
N11,E003,E263
N11,E004,E323
N11,E004,E350
N11,E005,E243
N11,E005,E298
N11,E005,E357
N11,E006,E213
N11,E006,E230
N11,E006,E337
N11,E006,E382
N11,E006,E388
N11,E006,E392
N11,E006,E395
N11,E007,E217
N11,E009,E332
N11,E009,E339
N11,E009,E371
N11,E010,E227
N11,E011,E231
N11,E012,E326
N11,E013,E219
N11,E013,E318
N11,E014,E336
N11,E014,E339
N11,E014,E340
N11,E016,E217
N11,E017,E265
N11,E017,E335
N11,E018,E282
N11,E019,E209
N11,E019,E228
N11,E019,E283
N11,E020,E268
N11,E020,E328
N11,E020,E348
N11,E020,E387
N11,E021,E268
N11,E021,E370
N11,E022,E226
N11,E023,E256
N11,E023,E278
N11,E024,E352
N11,E025,E235
N11,E025,E270
N11,E025,E305
N11,E026,E266
N11,E026,E336
N11,E027,E204
N11,E027,E238
N11,E028,E378
N11,E029,E327
N11,E029,E361
N11,E031,E391
N11,E033,E366
N11,E034,E254
N11,E034,E289
N11,E035,E294
N11,E035,E397
N11,E036,E212
N11,E036,E255
N11,E037,E212
N11,E038,E270
N11,E038,E369
N11,E039,E296
N11,E039,E302
N11,E040,E347
N11,E040,E355
N11,E040,E373
N11,E040,E380
N11,E041,E281
N11,E042,E202
N11,E042,E356
N11,E042,E360
N11,E043,E252
N11,E044,E213
N11,E045,E228
N11,E045,E274
N11,E045,E393
N11,E045,E395
N11,E048,E251
N11,E048,E288
N11,E048,E302
N11,E048,E315
N11,E048,E328
N11,E048,E380
N11,E049,E376
N11,E049,E385
N11,E050,E363
N11,E052,E204
N11,E052,E291
N11,E052,E312
N11,E052,E359
N11,E053,E371
N11,E054,E247
N11,E054,E248
N11,E055,E295
N11,E055,E353
N11,E056,E229
N11,E056,E301
N11,E056,E395
N11,E057,E256
N11,E057,E290
N11,E057,E367
N11,E057,E372
N11,E058,E220
N11,E058,E221
N11,E058,E379
N11,E058,E388
N11,E059,E317
N11,E060,E243
N11,E060,E256
N11,E060,E308
N11,E061,E244
N11,E061,E253
N11,E061,E322
N11,E062,E255
N11,E063,E200
N11,E063,E234
N11,E063,E286
N11,E064,E314
N11,E065,E245
N11,E065,E340
N11,E066,E338
N11,E066,E373
N11,E067,E247
N11,E067,E295
N11,E068,E247
N11,E068,E266
N11,E068,E274
N11,E068,E296
N11,E068,E326
N11,E069,E364
N11,E069,E377
N11,E069,E385
N11,E070,E230
N11,E072,E219
N11,E073,E211
N11,E073,E222
N11,E073,E272
N11,E073,E322
N11,E073,E383
N11,E073,E387
N11,E074,E316
N11,E074,E325
N11,E075,E302
N11,E075,E312
N11,E076,E222
N11,E076,E362
N11,E077,E237
N11,E077,E288
N11,E077,E368
N11,E078,E306
N11,E078,E310
N11,E079,E396
N11,E080,E284
N11,E080,E358
N11,E080,E388
N11,E081,E246
N11,E082,E225
N11,E082,E258
N11,E082,E266
N11,E082,E318
N11,E082,E390
N11,E084,E282
N11,E084,E321
N11,E085,E233
N11,E085,E398
N11,E086,E324
N11,E086,E360
N11,E087,E224
N11,E087,E263
N11,E088,E337
N11,E089,E358
N11,E090,E236
N11,E090,E324
N11,E090,E348
N11,E091,E205
N11,E092,E267
N11,E092,E347
N11,E094,E209
N11,E095,E279
N11,E095,E360
N11,E095,E382
N11,E096,E268
N11,E096,E311
N11,E097,E227
N11,E097,E260
N11,E097,E378
N11,E098,E264
N11,E098,E378
N11,E100,E207
N11,E101,E334
N11,E101,E352
N11,E102,E246
N11,E104,E269
N11,E105,E201
N11,E105,E202
N11,E105,E320
N11,E105,E337
N11,E105,E384
N11,E106,E284
N11,E106,E291
N11,E107,E399
N11,E108,E279
N11,E108,E366
N11,E109,E291
N11,E109,E367
N11,E109,E391
N11,E110,E214
N11,E110,E393
N11,E111,E203
N11,E111,E334
N11,E111,E392
N11,E112,E394
N11,E113,E236
N11,E113,E260
N11,E113,E278
N11,E114,E249
N11,E115,E277
N11,E115,E324
N11,E115,E333
N11,E116,E272
N11,E116,E315
N11,E117,E271
N11,E118,E368
N11,E122,E254
N11,E122,E300
N11,E122,E342
N11,E123,E226
N11,E123,E272
N11,E125,E262
N11,E125,E275
N11,E125,E377
N11,E125,E397
N11,E126,E347
N11,E126,E383
N11,E127,E279
N11,E127,E289
N11,E128,E238
N11,E128,E328
N11,E128,E357
N11,E129,E205
N11,E129,E373
N11,E131,E271
N11,E131,E368
N11,E132,E209
N11,E132,E257
N11,E132,E274
N11,E132,E292
N11,E132,E331
N11,E132,E344
N11,E133,E232
N11,E134,E292
N11,E134,E297
N11,E134,E314
N11,E134,E354
N11,E135,E210
N11,E135,E223
N11,E135,E343
N11,E135,E349
N11,E135,E354
N11,E135,E355
N11,E135,E375
N11,E136,E200
N11,E136,E283
N11,E136,E300
N11,E138,E217
N11,E138,E241
N11,E138,E309
N11,E139,E261
N11,E139,E313
N11,E139,E327
N11,E139,E331
N11,E139,E391
N11,E140,E314
N11,E140,E345
N11,E141,E211
N11,E141,E320
N11,E142,E259
N11,E143,E303
N11,E144,E241
N11,E144,E399
N11,E145,E222
N11,E145,E254
N11,E145,E301
N11,E145,E304
N11,E146,E370
N11,E147,E206
N11,E148,E219
N11,E148,E309
N11,E149,E258
N11,E150,E255
N11,E150,E319
N11,E151,E341
N11,E151,E351
N11,E153,E264
N11,E153,E311
N11,E154,E200
N11,E154,E208
N11,E154,E218
N11,E154,E280
N11,E154,E298
N11,E154,E313
N11,E154,E374
N11,E154,E386
N11,E156,E287
N11,E156,E329
N11,E156,E346
N11,E157,E295
N11,E157,E384
N11,E158,E240
N11,E158,E309
N11,E159,E232
N11,E159,E246
N11,E159,E315
N11,E159,E357
N11,E159,E367
N11,E161,E216
N11,E161,E250
N11,E161,E251
N11,E161,E319
N11,E162,E241
N11,E162,E286
N11,E162,E307
N11,E164,E205
N11,E164,E366
N11,E164,E370
N11,E165,E304
N11,E165,E364
N11,E165,E384
N11,E166,E293
N11,E167,E394
N11,E168,E229
N11,E168,E276
N11,E168,E312
N11,E169,E273
N11,E172,E239
N11,E172,E259
N11,E172,E299
N11,E172,E320
N11,E172,E365
N11,E173,E226
N11,E173,E265
N11,E173,E305
N11,E175,E273
N11,E175,E280
N11,E175,E283
N11,E175,E346
N11,E177,E206
N11,E177,E316
N11,E178,E257
N11,E178,E317
N11,E178,E319
N11,E179,E215
N11,E179,E257
N11,E180,E212
N11,E180,E242
N11,E180,E301
N11,E181,E293
N11,E181,E372
N11,E181,E381
N11,E183,E264
N11,E183,E278
N11,E183,E330
N11,E185,E296
N11,E185,E393
N11,E186,E229
N11,E186,E262
N11,E186,E376
N11,E187,E204
N11,E187,E213
N11,E189,E269
N11,E189,E300
N11,E190,E211
N11,E190,E252
N11,E190,E334
N11,E191,E282
N11,E192,E389
N11,E193,E287
N11,E193,E382
N11,E194,E379
N11,E195,E327
N11,E195,E341
N11,E196,E358
N11,E196,E397
N11,E197,E208
N11,E197,E289
N11,E197,E371
N11,E198,E260
N11,E198,E285
N11,E198,E286
N11,E198,E336
N11,E198,E374
N11,E198,E394
N11,E200,E582
N11,E201,E422
N11,E201,E522
N11,E202,E553
N11,E204,E503
N11,E204,E548
N11,E204,E554
N11,E205,E402
N11,E205,E454
N11,E205,E520
N11,E206,E484
N11,E206,E568
N11,E206,E577
N11,E207,E460
N11,E207,E580
N11,E208,E404
N11,E210,E436
N11,E210,E529
N11,E210,E551
N11,E211,E453
N11,E211,E565
N11,E212,E520
N11,E212,E539
N11,E212,E547
N11,E214,E486
N11,E214,E512
N11,E214,E552
N11,E214,E589
N11,E215,E525
N11,E215,E586
N11,E216,E420
N11,E216,E530
N11,E216,E554
N11,E217,E435
N11,E217,E494
N11,E218,E411
N11,E218,E446
N11,E218,E449
N11,E218,E526
N11,E220,E542
N11,E221,E476
N11,E221,E515
N11,E221,E530
N11,E221,E549
N11,E221,E569
N11,E223,E568
N11,E223,E581
N11,E225,E430
N11,E225,E550
N11,E225,E591
N11,E226,E491
N11,E226,E559
N11,E226,E586
N11,E226,E590
N11,E227,E499
N11,E228,E425
N11,E228,E509
N11,E228,E518
N11,E230,E414
N11,E230,E422
N11,E230,E424
N11,E230,E484
N11,E231,E443
N11,E231,E589
N11,E232,E401
N11,E232,E428
N11,E232,E465
N11,E232,E478
N11,E233,E446
N11,E233,E572
N11,E234,E450
N11,E235,E411
N11,E235,E433
N11,E235,E482
N11,E235,E495
N11,E236,E466
N11,E236,E473
N11,E236,E498
N11,E236,E504
N11,E237,E407
N11,E237,E479
N11,E238,E423
N11,E238,E498
N11,E238,E540
N11,E238,E587
N11,E239,E488
N11,E239,E529
N11,E239,E571
N11,E240,E401
N11,E241,E589
N11,E242,E527
N11,E242,E563
N11,E242,E585
N11,E242,E599
N11,E244,E424
N11,E244,E511
N11,E244,E519
N11,E245,E500
N11,E245,E506
N11,E247,E505
N11,E247,E525
N11,E248,E431
N11,E248,E450
N11,E249,E406
N11,E249,E420
N11,E249,E501
N11,E249,E533
N11,E250,E427
N11,E250,E551
N11,E250,E591
N11,E250,E593
N11,E252,E436
N11,E252,E516
N11,E252,E553
N11,E253,E410
N11,E253,E459
N11,E253,E507
N11,E253,E579
N11,E254,E541
N11,E255,E450
N11,E255,E471
N11,E255,E549
N11,E255,E586
N11,E256,E482
N11,E256,E518
N11,E256,E566
N11,E257,E493
N11,E258,E452
N11,E260,E454
N11,E261,E563
N11,E261,E599
N11,E262,E462
N11,E262,E546
N11,E262,E598
N11,E263,E524
N11,E263,E577
N11,E263,E596
N11,E264,E413
N11,E264,E552
N11,E264,E559
N11,E265,E410
N11,E266,E457
N11,E266,E535
N11,E266,E547
N11,E267,E401
N11,E267,E441
N11,E267,E509
N11,E267,E534
N11,E268,E451
N11,E268,E537
N11,E268,E578
N11,E269,E488
N11,E269,E534
N11,E269,E559
N11,E270,E541
N11,E270,E550
N11,E270,E568
N11,E271,E505
N11,E271,E596
N11,E272,E417
N11,E272,E468
N11,E272,E573
N11,E274,E577
N11,E277,E536
N11,E277,E561
N11,E278,E427
N11,E279,E440
N11,E280,E490
N11,E280,E516
N11,E280,E552
N11,E282,E400
N11,E282,E406
N11,E282,E408
N11,E282,E525
N11,E283,E517
N11,E283,E526
N11,E284,E462
N11,E284,E575
N11,E285,E498
N11,E285,E590
N11,E285,E594
N11,E287,E415
N11,E287,E468
N11,E287,E491
N11,E287,E537
N11,E287,E560
N11,E288,E432
N11,E288,E470
N11,E289,E445
N11,E290,E400
N11,E290,E453
N11,E290,E459
N11,E290,E492
N11,E291,E402
N11,E291,E454
N11,E291,E464
N11,E291,E480
N11,E291,E564
N11,E292,E437
N11,E292,E445
N11,E292,E501
N11,E294,E416
N11,E294,E529
N11,E294,E532
N11,E295,E551
N11,E297,E443
N11,E297,E582
N11,E298,E562
N11,E298,E593
N11,E299,E471
N11,E299,E475
N11,E300,E412
N11,E300,E419
N11,E300,E538
N11,E300,E583
N11,E300,E593
N11,E301,E584
N11,E302,E436
N11,E302,E476
N11,E302,E506
N11,E303,E499
N11,E303,E523
N11,E303,E556
N11,E304,E400
N11,E304,E465
N11,E304,E509
N11,E304,E574
N11,E305,E402
N11,E305,E555
N11,E307,E405
N11,E307,E502
N11,E307,E561
N11,E308,E419
N11,E308,E426
N11,E308,E477
N11,E308,E530
N11,E308,E597
N11,E309,E461
N11,E310,E528
N11,E311,E416
N11,E311,E561
N11,E311,E587
N11,E311,E599
N11,E313,E421
N11,E313,E476
N11,E314,E536
N11,E315,E501
N11,E315,E569
N11,E316,E447
N11,E317,E542
N11,E317,E585
N11,E318,E482
N11,E320,E420
N11,E320,E543
N11,E321,E438
N11,E321,E510
N11,E321,E524
N11,E321,E545
N11,E321,E550
N11,E321,E578
N11,E322,E404
N11,E322,E544
N11,E322,E579
N11,E323,E409
N11,E323,E588
N11,E324,E425
N11,E324,E488
N11,E325,E475
N11,E325,E504
N11,E325,E543
N11,E325,E592
N11,E326,E416
N11,E326,E597
N11,E327,E429
N11,E327,E520
N11,E327,E576
N11,E327,E595
N11,E328,E521
N11,E329,E585
N11,E331,E429
N11,E331,E548
N11,E331,E570
N11,E332,E502
N11,E333,E449
N11,E333,E513
N11,E333,E545
N11,E334,E474
N11,E337,E408
N11,E338,E419
N11,E338,E549
N11,E338,E572
N11,E339,E481
N11,E339,E489
N11,E339,E503
N11,E340,E465
N11,E340,E566
N11,E341,E473
N11,E341,E496
N11,E342,E580
N11,E342,E583
N11,E343,E467
N11,E344,E469
N11,E345,E463
N11,E346,E523
N11,E346,E542
N11,E347,E590
N11,E348,E553
N11,E348,E554
N11,E348,E557
N11,E349,E521
N11,E349,E527
N11,E350,E414
N11,E350,E543
N11,E351,E458
N11,E351,E462
N11,E351,E515
N11,E351,E558
N11,E351,E584
N11,E352,E516
N11,E353,E480
N11,E355,E531
N11,E355,E565
N11,E356,E495
N11,E356,E535
N11,E357,E455
N11,E357,E470
N11,E357,E514
N11,E357,E564
N11,E358,E517
N11,E359,E439
N11,E360,E442
N11,E360,E474
N11,E361,E460
N11,E361,E508
N11,E361,E579
N11,E362,E448
N11,E363,E457
N11,E363,E570
N11,E364,E423
N11,E364,E598
N11,E365,E474
N11,E365,E512
N11,E366,E404
N11,E367,E440
N11,E367,E532
N11,E368,E555
N11,E369,E434
N11,E369,E487
N11,E370,E597
N11,E371,E504
N11,E371,E538
N11,E372,E411
N11,E372,E426
N11,E373,E468
N11,E373,E527
N11,E373,E534
N11,E373,E560
N11,E374,E427
N11,E374,E484
N11,E374,E522
N11,E374,E557
N11,E375,E486
N11,E375,E591
N11,E378,E407
N11,E378,E540
N11,E379,E447
N11,E379,E472
N11,E379,E485
N11,E380,E535
N11,E380,E569
N11,E381,E469
N11,E381,E485
N11,E381,E521
N11,E382,E406
N11,E382,E464
N11,E382,E500
N11,E383,E417
N11,E383,E587
N11,E383,E594
N11,E384,E437
N11,E384,E544
N11,E384,E567
N11,E385,E574
N11,E386,E418
N11,E386,E421
N11,E386,E515
N11,E386,E555
N11,E386,E570
N11,E387,E557
N11,E387,E566
N11,E388,E447
N11,E388,E456
N11,E388,E483
N11,E388,E539
N11,E389,E403
N11,E389,E425
N11,E389,E532
N11,E390,E497
N11,E392,E547
N11,E392,E584
N11,E393,E415
N11,E393,E443
N11,E393,E480
N11,E393,E545
N11,E393,E564
N11,E394,E431
N11,E394,E479
N11,E395,E444
N11,E395,E518
N11,E396,E448
N11,E397,E424
N11,E397,E470
N11,E397,E598
N11,E398,E512
N11,E400,E720
N11,E401,E612
N11,E402,E643
N11,E403,E684
N11,E404,E660
N11,E404,E699
N11,E404,E793
N11,E405,E673
N11,E405,E752
N11,E405,E782
N11,E406,E676
N11,E406,E780
N11,E407,E711
N11,E408,E611
N11,E409,E608
N11,E409,E629
N11,E409,E722
N11,E410,E671
N11,E410,E717
N11,E410,E762
N11,E410,E791
N11,E411,E681
N11,E411,E748
N11,E412,E679
N11,E412,E699
N11,E413,E601
N11,E413,E685
N11,E414,E605
N11,E414,E610
N11,E414,E647
N11,E415,E610
N11,E415,E614
N11,E415,E632
N11,E415,E707
N11,E416,E618
N11,E416,E689
N11,E416,E713
N11,E416,E730
N11,E416,E769
N11,E416,E788
N11,E417,E615
N11,E417,E649
N11,E417,E656
N11,E417,E658
N11,E418,E719
N11,E418,E728
N11,E419,E758
N11,E420,E636
N11,E420,E680
N11,E420,E718
N11,E420,E741
N11,E420,E746
N11,E420,E771
N11,E420,E789
N11,E421,E631
N11,E421,E693
N11,E421,E745
N11,E421,E759
N11,E421,E775
N11,E422,E630
N11,E422,E697
N11,E422,E704
N11,E422,E782
N11,E423,E669
N11,E424,E618
N11,E424,E653
N11,E424,E659
N11,E425,E677
N11,E427,E716
N11,E427,E718
N11,E427,E748
N11,E428,E696
N11,E428,E721
N11,E429,E665
N11,E429,E694
N11,E429,E793
N11,E431,E628
N11,E431,E758
N11,E433,E676
N11,E433,E683
N11,E434,E655
N11,E434,E716
N11,E435,E693
N11,E435,E783
N11,E436,E713
N11,E437,E629
N11,E437,E663
N11,E437,E670
N11,E437,E765
N11,E438,E710
N11,E438,E755
N11,E439,E607
N11,E439,E625
N11,E439,E710
N11,E439,E727
N11,E440,E605
N11,E441,E666
N11,E443,E703
N11,E443,E747
N11,E443,E774
N11,E444,E698
N11,E445,E679
N11,E445,E749
N11,E446,E777
N11,E447,E604
N11,E447,E697
N11,E448,E623
N11,E448,E632
N11,E448,E637
N11,E448,E695
N11,E448,E793
N11,E450,E617
N11,E450,E692
N11,E450,E701
N11,E450,E737
N11,E450,E762
N11,E450,E779
N11,E451,E707
N11,E451,E709
N11,E451,E727
N11,E452,E601
N11,E452,E674
N11,E453,E667
N11,E453,E776
N11,E454,E678
N11,E454,E705
N11,E454,E750
N11,E455,E683
N11,E455,E747
N11,E455,E763
N11,E457,E627
N11,E457,E729
N11,E457,E772
N11,E458,E636
N11,E458,E704
N11,E458,E706
N11,E459,E620
N11,E460,E686
N11,E461,E624
N11,E461,E681
N11,E461,E787
N11,E462,E700
N11,E462,E761
N11,E463,E653
N11,E463,E752
N11,E463,E769
N11,E464,E642
N11,E465,E625
N11,E466,E619
N11,E466,E713
N11,E466,E732
N11,E467,E736
N11,E468,E633
N11,E468,E664
N11,E468,E742
N11,E469,E647
N11,E469,E660
N11,E470,E617
N11,E471,E623
N11,E471,E642
N11,E471,E692
N11,E471,E712
N11,E472,E687
N11,E473,E632
N11,E473,E731
N11,E474,E618
N11,E474,E637
N11,E474,E782
N11,E475,E787
N11,E476,E756
N11,E477,E600
N11,E477,E745
N11,E477,E795
N11,E477,E797
N11,E478,E616
N11,E478,E619
N11,E478,E750
N11,E478,E768
N11,E480,E629
N11,E480,E720
N11,E481,E704
N11,E481,E742
N11,E482,E738
N11,E482,E741
N11,E482,E756
N11,E484,E755
N11,E486,E735
N11,E487,E696
N11,E487,E711
N11,E487,E783
N11,E487,E792
N11,E488,E614
N11,E489,E606
N11,E489,E739
N11,E489,E763
N11,E490,E602
N11,E490,E657
N11,E490,E709
N11,E491,E640
N11,E491,E691
N11,E491,E728
N11,E492,E731
N11,E493,E650
N11,E493,E712
N11,E493,E778
N11,E494,E652
N11,E495,E732
N11,E495,E771
N11,E496,E613
N11,E496,E666
N11,E497,E617
N11,E497,E756
N11,E497,E766
N11,E498,E723
N11,E499,E624
N11,E499,E752
N11,E499,E767
N11,E500,E770
N11,E501,E685
N11,E501,E754
N11,E502,E625
N11,E503,E789
N11,E504,E780
N11,E505,E667
N11,E505,E685
N11,E507,E606
N11,E508,E614
N11,E509,E724
N11,E509,E728
N11,E509,E761
N11,E510,E690
N11,E510,E792
N11,E511,E638
N11,E511,E705
N11,E511,E731
N11,E512,E669
N11,E512,E717
N11,E512,E790
N11,E512,E796
N11,E513,E664
N11,E513,E672
N11,E514,E755
N11,E515,E622
N11,E515,E725
N11,E516,E640
N11,E516,E744
N11,E517,E729
N11,E517,E759
N11,E518,E641
N11,E518,E642
N11,E518,E672
N11,E518,E751
N11,E519,E688
N11,E519,E691
N11,E519,E730
N11,E520,E676
N11,E520,E736
N11,E521,E740
N11,E522,E646
N11,E522,E763
N11,E523,E633
N11,E523,E668
N11,E524,E603
N11,E524,E643
N11,E524,E721
N11,E527,E615
N11,E527,E748
N11,E528,E702
N11,E530,E686
N11,E531,E640
N11,E531,E715
N11,E532,E621
N11,E532,E637
N11,E533,E722
N11,E533,E797
N11,E534,E675
N11,E534,E733
N11,E534,E780
N11,E535,E672
N11,E535,E702
N11,E535,E786
N11,E538,E654
N11,E539,E626
N11,E539,E703
N11,E541,E605
N11,E541,E609
N11,E541,E693
N11,E542,E634
N11,E542,E684
N11,E542,E741
N11,E542,E759
N11,E544,E666
N11,E544,E730
N11,E544,E754
N11,E544,E795
N11,E545,E784
N11,E545,E798
N11,E546,E667
N11,E546,E715
N11,E546,E773
N11,E547,E718
N11,E548,E615
N11,E548,E659
N11,E548,E698
N11,E548,E715
N11,E550,E653
N11,E550,E760
N11,E551,E743
N11,E551,E744
N11,E552,E679
N11,E552,E736
N11,E553,E686
N11,E553,E690
N11,E553,E796
N11,E554,E643
N11,E554,E661
N11,E555,E717
N11,E556,E609
N11,E556,E708
N11,E556,E732
N11,E557,E658
N11,E558,E723
N11,E558,E766
N11,E559,E688
N11,E559,E744
N11,E559,E794
N11,E560,E630
N11,E560,E753
N11,E562,E646
N11,E562,E776
N11,E563,E620
N11,E563,E627
N11,E564,E633
N11,E564,E680
N11,E564,E776
N11,E565,E688
N11,E565,E714
N11,E565,E761
N11,E567,E707
N11,E567,E738
N11,E567,E784
N11,E568,E680
N11,E568,E682
N11,E568,E734
N11,E568,E768
N11,E568,E791
N11,E570,E674
N11,E570,E785
N11,E571,E627
N11,E572,E650
N11,E572,E668
N11,E572,E727
N11,E572,E773
N11,E572,E781
N11,E574,E656
N11,E574,E657
N11,E574,E697
N11,E574,E709
N11,E575,E600
N11,E575,E654
N11,E576,E648
N11,E576,E650
N11,E576,E725
N11,E576,E743
N11,E578,E757
N11,E578,E779
N11,E579,E663
N11,E579,E787
N11,E580,E662
N11,E581,E689
N11,E582,E611
N11,E583,E794
N11,E584,E645
N11,E585,E743
N11,E585,E773
N11,E586,E635
N11,E586,E698
N11,E586,E724
N11,E586,E749
N11,E587,E639
N11,E590,E648
N11,E591,E651
N11,E591,E687
N11,E591,E719
N11,E593,E710
N11,E594,E611
N11,E594,E792
N11,E595,E656
N11,E595,E658
N11,E595,E721
N11,E595,E745
N11,E597,E621
N11,E597,E644
N11,E597,E726
N11,E597,E799
N11,E598,E775
N11,E599,E613
N11,E599,E624
N11,E599,E635
N11,E599,E764
N11,E599,E765
N11,E599,E799
N11,E600,E855
N11,E600,E910
N11,E601,E942
N11,E602,E967
N11,E604,E835
N11,E604,E865
N11,E605,E838
N11,E606,E885
N11,E606,E949
N11,E608,E905
N11,E609,E904
N11,E609,E945
N11,E609,E979
N11,E610,E800
N11,E610,E827
N11,E610,E828
N11,E610,E847
N11,E611,E888
N11,E612,E859
N11,E612,E895
N11,E613,E810
N11,E613,E953
N11,E613,E967
N11,E613,E968
N11,E614,E902
N11,E614,E959
N11,E614,E996
N11,E615,E807
N11,E615,E868
N11,E615,E962
N11,E615,E977
N11,E619,E881
N11,E619,E896
N11,E620,E806
N11,E620,E872
N11,E620,E922
N11,E620,E986
N11,E620,E987
N11,E622,E885
N11,E622,E987
N11,E623,E919
N11,E624,E843
N11,E624,E958
N11,E625,E983
N11,E626,E832
N11,E626,E908
N11,E627,E835
N11,E627,E873
N11,E627,E980
N11,E629,E802
N11,E629,E936
N11,E629,E940
N11,E630,E831
N11,E630,E903
N11,E630,E910
N11,E630,E958
N11,E631,E861
N11,E631,E966
N11,E633,E828
N11,E633,E925
N11,E633,E980
N11,E637,E849
N11,E637,E852
N11,E638,E953
N11,E638,E959
N11,E639,E853
N11,E639,E890
N11,E639,E937
N11,E639,E939
N11,E639,E961
N11,E640,E895
N11,E640,E972
N11,E641,E830
N11,E641,E917
N11,E642,E871
N11,E642,E889
N11,E642,E927
N11,E643,E915
N11,E643,E965
N11,E643,E984
N11,E644,E873
N11,E645,E906
N11,E645,E993
N11,E647,E889
N11,E647,E920
N11,E647,E969
N11,E648,E821
N11,E649,E935
N11,E650,E857
N11,E650,E908
N11,E650,E970
N11,E651,E815
N11,E651,E867
N11,E651,E971
N11,E652,E819
N11,E653,E842
N11,E653,E995
N11,E654,E856
N11,E654,E954
N11,E655,E838
N11,E656,E891
N11,E656,E994
N11,E657,E853
N11,E657,E886
N11,E657,E907
N11,E658,E841
N11,E658,E891
N11,E658,E981
N11,E659,E810
N11,E659,E916
N11,E659,E996
N11,E660,E809
N11,E661,E849
N11,E661,E851
N11,E662,E901
N11,E662,E996
N11,E663,E831
N11,E663,E911
N11,E663,E914
N11,E663,E925
N11,E663,E983
N11,E664,E975
N11,E664,E979
N11,E665,E812
N11,E666,E998
N11,E667,E877
N11,E668,E923
N11,E668,E988
N11,E669,E862
N11,E671,E808
N11,E671,E825
N11,E671,E912
N11,E671,E992
N11,E672,E943
N11,E672,E947
N11,E672,E950
N11,E673,E811
N11,E673,E884
N11,E673,E982
N11,E674,E820
N11,E674,E841
N11,E674,E899
N11,E674,E936
N11,E674,E937
N11,E675,E938
N11,E676,E804
N11,E678,E881
N11,E679,E864
N11,E679,E877
N11,E680,E943
N11,E680,E979
N11,E680,E998
N11,E681,E929
N11,E682,E814
N11,E682,E897
N11,E682,E924
N11,E683,E856
N11,E683,E859
N11,E683,E874
N11,E684,E833
N11,E684,E960
N11,E685,E870
N11,E686,E860
N11,E687,E898
N11,E688,E808
N11,E688,E823
N11,E689,E862
N11,E689,E923
N11,E689,E991
N11,E690,E803
N11,E691,E848
N11,E691,E964
N11,E691,E972
N11,E692,E878
N11,E692,E880
N11,E692,E957
N11,E693,E829
N11,E693,E840
N11,E693,E887
N11,E693,E908
N11,E693,E965
N11,E694,E972
N11,E695,E835
N11,E695,E961
N11,E696,E836
N11,E696,E930
N11,E698,E805
N11,E698,E834
N11,E698,E931
N11,E699,E828
N11,E699,E848
N11,E700,E845
N11,E701,E868
N11,E702,E816
N11,E702,E824
N11,E703,E973
N11,E704,E919
N11,E704,E967
N11,E706,E926
N11,E706,E958
N11,E707,E892
N11,E708,E857
N11,E708,E926
N11,E708,E997
N11,E709,E834
N11,E709,E946
N11,E710,E804
N11,E710,E859
N11,E710,E897
N11,E710,E963
N11,E710,E980
N11,E711,E808
N11,E711,E905
N11,E711,E936
N11,E711,E952
N11,E712,E915
N11,E712,E919
N11,E712,E929
N11,E712,E946
N11,E712,E976
N11,E713,E976
N11,E714,E801
N11,E714,E854
N11,E715,E880
N11,E715,E902
N11,E715,E985
N11,E716,E895
N11,E716,E943
N11,E717,E844
N11,E717,E873
N11,E717,E977
N11,E718,E851
N11,E718,E909
N11,E719,E803
N11,E719,E874
N11,E719,E969
N11,E720,E813
N11,E720,E885
N11,E721,E903
N11,E725,E906
N11,E726,E867
N11,E726,E893
N11,E726,E941
N11,E726,E950
N11,E727,E955
N11,E728,E823
N11,E728,E891
N11,E729,E879
N11,E729,E900
N11,E731,E883
N11,E732,E822
N11,E732,E864
N11,E733,E950
N11,E734,E818
N11,E736,E870
N11,E736,E960
N11,E737,E850
N11,E737,E989
N11,E738,E957
N11,E738,E974
N11,E739,E843
N11,E739,E846
N11,E739,E951
N11,E739,E994
N11,E740,E804
N11,E740,E960
N11,E741,E939
N11,E742,E807
N11,E742,E837
N11,E742,E989
N11,E743,E823
N11,E743,E909
N11,E743,E912
N11,E744,E875
N11,E744,E904
N11,E745,E924
N11,E746,E894
N11,E746,E990
N11,E747,E942
N11,E749,E927
N11,E749,E928
N11,E750,E921
N11,E750,E999
N11,E751,E817
N11,E751,E884
N11,E751,E929
N11,E752,E856
N11,E752,E905
N11,E752,E945
N11,E753,E872
N11,E753,E922
N11,E753,E978
N11,E753,E992
N11,E754,E915
N11,E754,E948
N11,E754,E956
N11,E755,E807
N11,E755,E876
N11,E755,E977
N11,E756,E824
N11,E756,E888
N11,E756,E963
N11,E757,E999
N11,E758,E881
N11,E759,E815
N11,E759,E830
N11,E759,E889
N11,E760,E809
N11,E760,E926
N11,E761,E826
N11,E761,E985
N11,E762,E821
N11,E763,E880
N11,E764,E932
N11,E765,E902
N11,E765,E925
N11,E766,E810
N11,E766,E899
N11,E766,E968
N11,E768,E845
N11,E768,E938
N11,E769,E900
N11,E769,E987
N11,E770,E813
N11,E770,E864
N11,E770,E994
N11,E771,E931
N11,E771,E984
N11,E772,E882
N11,E772,E884
N11,E773,E945
N11,E773,E951
N11,E774,E802
N11,E774,E858
N11,E774,E921
N11,E774,E928
N11,E774,E944
N11,E774,E948
N11,E776,E839
N11,E777,E838
N11,E777,E953
N11,E777,E984
N11,E781,E833
N11,E781,E846
N11,E781,E855
N11,E781,E862
N11,E781,E863
N11,E781,E948
N11,E783,E860
N11,E784,E845
N11,E787,E812
N11,E787,E928
N11,E787,E932
N11,E789,E816
N11,E789,E866
N11,E789,E913
N11,E789,E918
N11,E789,E930
N11,E789,E982
N11,E790,E876
N11,E790,E916
N11,E790,E946
N11,E790,E976
N11,E791,E931
N11,E792,E819
N11,E792,E831
N11,E792,E920
N11,E793,E869
N11,E793,E930
N11,E793,E934
N11,E794,E834
N11,E794,E907
N11,E794,E983
N11,E794,E989
N11,E795,E820
N11,E795,E933
N11,E797,E872
N11,E799,E959
N11,E799,E965
N12,E000,E268
N12,E000,E368
N12,E001,E285
N12,E001,E299
N12,E001,E362
N12,E002,E286
N12,E003,E389
N12,E004,E209
N12,E004,E317
N12,E004,E358
N12,E005,E260
N12,E005,E346
N12,E006,E322
N12,E007,E200
N12,E007,E236
N12,E008,E375
N12,E009,E229
N12,E009,E355
N12,E009,E373
N12,E010,E250
N12,E011,E226
N12,E011,E262
N12,E011,E333
N12,E012,E257
N12,E013,E273
N12,E014,E222
N12,E014,E322
N12,E015,E279
N12,E016,E368
N12,E017,E230
N12,E017,E257
N12,E017,E326
N12,E018,E295
N12,E018,E333
N12,E019,E269
N12,E020,E207
N12,E020,E239
N12,E020,E253
N12,E020,E347
N12,E021,E358
N12,E021,E389
N12,E023,E295
N12,E023,E350
N12,E023,E374
N12,E023,E384
N12,E024,E214
N12,E024,E273
N12,E024,E313
N12,E024,E361
N12,E025,E220
N12,E025,E318
N12,E025,E337
N12,E026,E237
N12,E026,E356
N12,E026,E389
N12,E028,E206
N12,E028,E255
N12,E028,E328
N12,E028,E397
N12,E030,E204
N12,E030,E261
N12,E030,E299
N12,E032,E224
N12,E032,E267
N12,E032,E346
N12,E032,E376
N12,E032,E379
N12,E033,E216
N12,E033,E259
N12,E034,E232
N12,E036,E235
N12,E036,E294
N12,E037,E265
N12,E037,E277
N12,E037,E333
N12,E038,E218
N12,E039,E308
N12,E039,E314
N12,E039,E399
N12,E040,E366
N12,E042,E250
N12,E043,E232
N12,E043,E252
N12,E044,E249
N12,E044,E332
N12,E045,E201
N12,E045,E222
N12,E045,E276
N12,E045,E323
N12,E045,E335
N12,E046,E382
N12,E047,E220
N12,E048,E228
N12,E050,E324
N12,E050,E345
N12,E050,E372
N12,E050,E399
N12,E051,E219
N12,E051,E231
N12,E051,E359
N12,E051,E397
N12,E052,E365
N12,E053,E385
N12,E054,E207
N12,E054,E308
N12,E054,E397
N12,E055,E325
N12,E055,E364
N12,E056,E305
N12,E056,E327
N12,E057,E396
N12,E058,E331
N12,E058,E339
N12,E058,E370
N12,E058,E392
N12,E059,E245
N12,E059,E330
N12,E060,E320
N12,E060,E327
N12,E062,E281
N12,E063,E377
N12,E063,E391
N12,E064,E200
N12,E064,E348
N12,E065,E215
N12,E065,E219
N12,E065,E390
N12,E066,E203
N12,E066,E228
N12,E066,E344
N12,E066,E361
N12,E067,E214
N12,E067,E266
N12,E067,E338
N12,E067,E383
N12,E068,E303
N12,E068,E375
N12,E068,E388
N12,E069,E240
N12,E069,E271
N12,E070,E227
N12,E071,E274
N12,E071,E282
N12,E071,E329
N12,E072,E254
N12,E074,E290
N12,E074,E315
N12,E075,E205
N12,E075,E259
N12,E075,E360
N12,E077,E234
N12,E078,E264
N12,E078,E319
N12,E078,E369
N12,E079,E310
N12,E080,E246
N12,E080,E338
N12,E081,E247
N12,E081,E257
N12,E081,E287
N12,E081,E340
N12,E082,E266
N12,E082,E285
N12,E082,E353
N12,E083,E301
N12,E083,E309
N12,E083,E329
N12,E083,E343
N12,E087,E235
N12,E089,E208
N12,E089,E275
N12,E090,E371
N12,E091,E380
N12,E092,E373
N12,E093,E223
N12,E093,E225
N12,E095,E265
N12,E095,E273
N12,E097,E206
N12,E097,E284
N12,E097,E297
N12,E098,E299
N12,E098,E307
N12,E098,E388
N12,E099,E378
N12,E099,E386
N12,E100,E256
N12,E101,E324
N12,E101,E349
N12,E102,E202
N12,E102,E316
N12,E103,E268
N12,E103,E355
N12,E103,E360
N12,E105,E243
N12,E105,E261
N12,E106,E361
N12,E106,E374
N12,E106,E393
N12,E107,E252
N12,E108,E387
N12,E109,E260
N12,E109,E274
N12,E109,E304
N12,E110,E270
N12,E110,E276
N12,E111,E292
N12,E111,E313
N12,E112,E335
N12,E112,E398
N12,E113,E288
N12,E114,E214
N12,E114,E236
N12,E114,E247
N12,E114,E248
N12,E114,E351
N12,E115,E230
N12,E115,E298
N12,E116,E289
N12,E117,E249
N12,E117,E355
N12,E119,E394
N12,E120,E221
N12,E120,E260
N12,E121,E209
N12,E121,E298
N12,E123,E326
N12,E123,E354
N12,E124,E233
N12,E124,E312
N12,E124,E352
N12,E125,E283
N12,E127,E328
N12,E128,E360
N12,E129,E203
N12,E129,E277
N12,E131,E242
N12,E131,E379
N12,E131,E396
N12,E132,E261
N12,E133,E312
N12,E134,E244
N12,E134,E278
N12,E134,E357
N12,E135,E212
N12,E135,E369
N12,E136,E328
N12,E137,E210
N12,E137,E243
N12,E137,E384
N12,E138,E212
N12,E138,E271
N12,E138,E396
N12,E139,E269
N12,E139,E290
N12,E140,E341
N12,E140,E374
N12,E142,E244
N12,E142,E363
N12,E144,E228
N12,E144,E256
N12,E145,E208
N12,E145,E300
N12,E145,E321
N12,E145,E329
N12,E145,E352
N12,E146,E243
N12,E146,E262
N12,E148,E256
N12,E149,E280
N12,E150,E312
N12,E150,E341
N12,E150,E381
N12,E151,E254
N12,E151,E296
N12,E152,E265
N12,E153,E268
N12,E153,E363
N12,E153,E398
N12,E155,E320
N12,E158,E206
N12,E158,E255
N12,E159,E239
N12,E159,E343
N12,E160,E272
N12,E160,E311
N12,E161,E239
N12,E163,E314
N12,E164,E266
N12,E165,E327
N12,E166,E247
N12,E166,E314
N12,E166,E331
N12,E167,E325
N12,E167,E395
N12,E168,E201
N12,E168,E357
N12,E169,E205
N12,E169,E251
N12,E169,E337
N12,E170,E221
N12,E170,E330
N12,E170,E336
N12,E170,E346
N12,E171,E274
N12,E172,E269
N12,E173,E378
N12,E174,E202
N12,E174,E287
N12,E175,E211
N12,E175,E293
N12,E176,E288
N12,E176,E336
N12,E177,E263
N12,E178,E272
N12,E179,E321
N12,E179,E338
N12,E179,E343
N12,E180,E278
N12,E180,E323
N12,E181,E258
N12,E181,E308
N12,E181,E317
N12,E181,E351
N12,E181,E381
N12,E182,E217
N12,E182,E262
N12,E183,E213
N12,E183,E237
N12,E183,E291
N12,E183,E324
N12,E184,E217
N12,E184,E229
N12,E184,E306
N12,E184,E319
N12,E185,E302
N12,E186,E241
N12,E187,E264
N12,E187,E293
N12,E188,E278
N12,E188,E364
N12,E188,E379
N12,E189,E291
N12,E189,E295
N12,E190,E317
N12,E191,E234
N12,E191,E368
N12,E192,E315
N12,E192,E334
N12,E193,E275
N12,E193,E334
N12,E193,E337
N12,E193,E340
N12,E193,E344
N12,E194,E367
N12,E195,E221
N12,E195,E249
N12,E195,E334
N12,E195,E372
N12,E196,E216
N12,E196,E307
N12,E197,E238
N12,E197,E281
N12,E198,E336
N12,E198,E342
N12,E198,E366
N12,E198,E372
N12,E199,E296
N12,E199,E377
N12,E200,E501
N12,E200,E548
N12,E202,E577
N12,E204,E414
N12,E205,E508
N12,E205,E582
N12,E206,E429
N12,E206,E471
N12,E206,E481
N12,E206,E492
N12,E206,E579
N12,E207,E473
N12,E207,E490
N12,E208,E490
N12,E209,E540
N12,E209,E554
N12,E209,E587
N12,E210,E455
N12,E210,E515
N12,E210,E567
N12,E211,E533
N12,E213,E464
N12,E214,E466
N12,E215,E506
N12,E215,E518
N12,E215,E546
N12,E217,E513
N12,E218,E442
N12,E218,E533
N12,E219,E470
N12,E219,E538
N12,E219,E590
N12,E220,E400
N12,E220,E414
N12,E220,E599
N12,E221,E428
N12,E221,E449
N12,E222,E588
N12,E223,E454
N12,E223,E580
N12,E224,E404
N12,E224,E522
N12,E224,E529
N12,E225,E449
N12,E226,E413
N12,E226,E422
N12,E226,E509
N12,E226,E537
N12,E226,E578
N12,E227,E573
N12,E228,E457
N12,E228,E515
N12,E231,E444
N12,E231,E465
N12,E232,E528
N12,E233,E475
N12,E233,E493
N12,E234,E560
N12,E234,E583
N12,E235,E505
N12,E235,E510
N12,E237,E530
N12,E237,E570
N12,E238,E532
N12,E238,E595
N12,E239,E532
N12,E239,E543
N12,E239,E579
N12,E240,E478
N12,E241,E455
N12,E243,E554
N12,E243,E576
N12,E244,E561
N12,E245,E480
N12,E245,E549
N12,E245,E574
N12,E246,E432
N12,E246,E520
N12,E246,E543
N12,E246,E584
N12,E247,E405
N12,E247,E468
N12,E247,E544
N12,E248,E421
N12,E248,E547
N12,E248,E575
N12,E249,E598
N12,E251,E551
N12,E252,E443
N12,E252,E487
N12,E253,E416
N12,E253,E440
N12,E253,E526
N12,E253,E560
N12,E254,E429
N12,E254,E553
N12,E255,E428
N12,E255,E522
N12,E256,E460
N12,E256,E596
N12,E257,E400
N12,E257,E509
N12,E257,E539
N12,E258,E439
N12,E259,E411
N12,E259,E442
N12,E259,E541
N12,E259,E569
N12,E261,E412
N12,E261,E451
N12,E261,E489
N12,E261,E573
N12,E262,E511
N12,E262,E522
N12,E263,E474
N12,E263,E476
N12,E263,E521
N12,E264,E518
N12,E265,E497
N12,E266,E417
N12,E266,E420
N12,E266,E542
N12,E267,E448
N12,E268,E502
N12,E268,E564
N12,E270,E512
N12,E270,E534
N12,E270,E574
N12,E271,E504
N12,E271,E539
N12,E272,E498
N12,E273,E557
N12,E274,E557
N12,E276,E548
N12,E277,E558
N12,E278,E419
N12,E278,E441
N12,E278,E589
N12,E279,E590
N12,E280,E409
N12,E280,E421
N12,E280,E431
N12,E280,E517
N12,E280,E544
N12,E280,E593
N12,E281,E521
N12,E283,E482
N12,E284,E462
N12,E284,E546
N12,E286,E449
N12,E286,E450
N12,E286,E574
N12,E287,E566
N12,E288,E575
N12,E288,E582
N12,E289,E459
N12,E289,E461
N12,E289,E505
N12,E290,E572
N12,E291,E483
N12,E291,E552
N12,E291,E573
N12,E291,E581
N12,E292,E407
N12,E292,E469
N12,E292,E592
N12,E293,E400
N12,E293,E402
N12,E294,E415
N12,E295,E502
N12,E295,E514
N12,E297,E455
N12,E297,E482
N12,E298,E479
N12,E298,E513
N12,E298,E525
N12,E298,E575
N12,E299,E486
N12,E300,E565
N12,E301,E413
N12,E301,E527
N12,E302,E446
N12,E302,E488
N12,E303,E537
N12,E304,E469
N12,E304,E487
N12,E304,E552
N12,E304,E559
N12,E304,E586
N12,E306,E426
N12,E306,E509
N12,E307,E406
N12,E308,E418
N12,E310,E561
N12,E311,E463
N12,E311,E511
N12,E312,E402
N12,E312,E582
N12,E313,E429
N12,E313,E474
N12,E313,E508
N12,E313,E549
N12,E314,E409
N12,E314,E439
N12,E314,E529
N12,E315,E475
N12,E316,E483
N12,E317,E427
N12,E317,E436
N12,E317,E523
N12,E318,E464
N12,E318,E498
N12,E318,E505
N12,E319,E416
N12,E319,E458
N12,E319,E463
N12,E319,E465
N12,E319,E504
N12,E321,E403
N12,E321,E459
N12,E321,E592
N12,E323,E460
N12,E323,E480
N12,E324,E456
N12,E324,E487
N12,E325,E425
N12,E325,E560
N12,E327,E532
N12,E329,E404
N12,E330,E401
N12,E331,E412
N12,E331,E469
N12,E331,E473
N12,E331,E475
N12,E331,E504
N12,E331,E543
N12,E332,E535
N12,E333,E416
N12,E333,E453
N12,E333,E507
N12,E333,E570
N12,E334,E434
N12,E335,E466
N12,E335,E542
N12,E335,E569
N12,E335,E583
N12,E336,E430
N12,E336,E470
N12,E336,E519
N12,E336,E528
N12,E337,E448
N12,E337,E498
N12,E337,E542
N12,E338,E494
N12,E338,E588
N12,E338,E590
N12,E339,E538
N12,E340,E413
N12,E340,E439
N12,E340,E447
N12,E340,E506
N12,E340,E527
N12,E340,E571
N12,E341,E571
N12,E342,E464
N12,E342,E524
N12,E343,E472
N12,E343,E531
N12,E344,E485
N12,E344,E500
N12,E344,E571
N12,E345,E440
N12,E346,E568
N12,E347,E424
N12,E347,E530
N12,E347,E555
N12,E348,E597
N12,E349,E411
N12,E349,E466
N12,E349,E479
N12,E350,E482
N12,E350,E494
N12,E350,E526
N12,E350,E556
N12,E351,E404
N12,E351,E405
N12,E353,E410
N12,E353,E452
N12,E354,E409
N12,E354,E458
N12,E354,E580
N12,E355,E533
N12,E355,E599
N12,E356,E556
N12,E357,E456
N12,E357,E576
N12,E357,E589
N12,E358,E421
N12,E358,E488
N12,E358,E524
N12,E358,E527
N12,E358,E536
N12,E359,E437
N12,E359,E442
N12,E359,E538
N12,E359,E576
N12,E360,E588
N12,E360,E591
N12,E361,E437
N12,E361,E456
N12,E361,E462
N12,E361,E472
N12,E362,E401
N12,E362,E450
N12,E362,E477
N12,E362,E486
N12,E362,E500
N12,E362,E577
N12,E362,E598
N12,E364,E425
N12,E364,E445
N12,E364,E499
N12,E364,E563
N12,E365,E495
N12,E365,E545
N12,E365,E548
N12,E365,E552
N12,E365,E558
N12,E366,E518
N12,E366,E536
N12,E366,E555
N12,E366,E567
N12,E367,E431
N12,E367,E433
N12,E367,E470
N12,E367,E496
N12,E367,E539
N12,E368,E594
N12,E369,E459
N12,E371,E435
N12,E371,E524
N12,E371,E585
N12,E371,E589
N12,E372,E462
N12,E372,E523
N12,E373,E598
N12,E374,E566
N12,E376,E401
N12,E376,E458
N12,E376,E592
N12,E377,E530
N12,E378,E474
N12,E378,E485
N12,E379,E480
N12,E379,E550
N12,E379,E556
N12,E380,E545
N12,E380,E558
N12,E381,E461
N12,E381,E467
N12,E382,E492
N12,E382,E562
N12,E383,E408
N12,E383,E540
N12,E383,E594
N12,E384,E597
N12,E385,E516
N12,E385,E572
N12,E386,E423
N12,E386,E454
N12,E386,E491
N12,E386,E596
N12,E388,E424
N12,E388,E436
N12,E389,E447
N12,E389,E553
N12,E390,E503
N12,E391,E497
N12,E392,E445
N12,E392,E467
N12,E392,E484
N12,E394,E417
N12,E395,E457
N12,E395,E485
N12,E396,E493
N12,E397,E438
N12,E397,E531
N12,E397,E553
N12,E398,E472
N12,E399,E486
N12,E400,E780
N12,E401,E791
N12,E402,E674
N12,E402,E752
N12,E403,E608
N12,E403,E613
N12,E403,E774
N12,E404,E649
N12,E404,E690
N12,E404,E792
N12,E405,E600
N12,E405,E615
N12,E405,E631
N12,E405,E678
N12,E405,E758
N12,E406,E730
N12,E407,E603
N12,E407,E629
N12,E407,E711
N12,E409,E681
N12,E409,E710
N12,E410,E742
N12,E411,E629
N12,E411,E729
N12,E412,E674
N12,E412,E723
N12,E413,E627
N12,E413,E641
N12,E413,E739
N12,E414,E749
N12,E415,E605
N12,E415,E645
N12,E415,E671
N12,E415,E682
N12,E415,E688
N12,E415,E708
N12,E416,E630
N12,E416,E631
N12,E416,E637
N12,E416,E794
N12,E417,E604
N12,E417,E607
N12,E417,E738
N12,E418,E678
N12,E418,E727
N12,E418,E753
N12,E418,E786
N12,E420,E606
N12,E421,E690
N12,E421,E707
N12,E421,E755
N12,E422,E687
N12,E422,E710
N12,E422,E744
N12,E422,E759
N12,E423,E668
N12,E423,E706
N12,E423,E719
N12,E423,E789
N12,E425,E639
N12,E425,E743
N12,E425,E763
N12,E426,E701
N12,E426,E754
N12,E426,E759
N12,E427,E618
N12,E427,E780
N12,E428,E644
N12,E428,E692
N12,E429,E618
N12,E429,E629
N12,E429,E768
N12,E430,E767
N12,E431,E601
N12,E431,E627
N12,E431,E691
N12,E432,E635
N12,E432,E667
N12,E432,E753
N12,E432,E781
N12,E433,E772
N12,E434,E611
N12,E435,E695
N12,E435,E741
N12,E436,E722
N12,E436,E776
N12,E437,E658
N12,E437,E781
N12,E437,E785
N12,E438,E617
N12,E438,E686
N12,E439,E682
N12,E440,E608
N12,E441,E620
N12,E441,E644
N12,E441,E666
N12,E441,E702
N12,E441,E769
N12,E442,E702
N12,E442,E729
N12,E442,E740
N12,E443,E785
N12,E443,E786
N12,E444,E726
N12,E445,E601
N12,E445,E612
N12,E445,E714
N12,E446,E647
N12,E446,E758
N12,E447,E798
N12,E449,E785
N12,E450,E604
N12,E450,E634
N12,E450,E639
N12,E450,E709
N12,E450,E717
N12,E450,E778
N12,E451,E604
N12,E451,E716
N12,E451,E754
N12,E451,E764
N12,E452,E799
N12,E453,E669
N12,E453,E780
N12,E454,E733
N12,E455,E611
N12,E456,E634
N12,E457,E710
N12,E458,E694
N12,E458,E705
N12,E458,E747
N12,E459,E712
N12,E459,E717
N12,E459,E797
N12,E460,E621
N12,E460,E660
N12,E461,E654
N12,E461,E731
N12,E462,E606
N12,E462,E766
N12,E463,E642
N12,E464,E712
N12,E465,E612
N12,E465,E725
N12,E466,E614
N12,E466,E711
N12,E467,E687
N12,E468,E649
N12,E470,E750
N12,E471,E619
N12,E474,E626
N12,E474,E769
N12,E475,E657
N12,E475,E663
N12,E475,E798
N12,E477,E720
N12,E477,E721
N12,E477,E755
N12,E479,E600
N12,E479,E713
N12,E479,E762
N12,E480,E601
N12,E480,E745
N12,E481,E620
N12,E481,E750
N12,E481,E756
N12,E482,E616
N12,E483,E727
N12,E483,E784
N12,E484,E641
N12,E484,E745
N12,E486,E605
N12,E487,E654
N12,E487,E741
N12,E488,E632
N12,E488,E652
N12,E488,E721
N12,E489,E638
N12,E489,E648
N12,E489,E723
N12,E490,E673
N12,E490,E722
N12,E491,E743
N12,E491,E746
N12,E492,E665
N12,E492,E685
N12,E492,E695
N12,E492,E773
N12,E493,E764
N12,E494,E632
N12,E495,E662
N12,E495,E676
N12,E495,E679
N12,E495,E724
N12,E496,E707
N12,E496,E737
N12,E496,E740
N12,E496,E783
N12,E497,E748
N12,E497,E764
N12,E497,E777
N12,E498,E635
N12,E499,E637
N12,E499,E654
N12,E499,E760
N12,E499,E766
N12,E499,E783
N12,E500,E672
N12,E501,E683
N12,E501,E754
N12,E502,E709
N12,E502,E726
N12,E502,E732
N12,E502,E774
N12,E503,E609
N12,E503,E778
N12,E503,E788
N12,E505,E650
N12,E505,E672
N12,E505,E705
N12,E507,E623
N12,E507,E650
N12,E507,E684
N12,E507,E770
N12,E508,E659
N12,E509,E600
N12,E509,E648
N12,E509,E795
N12,E510,E633
N12,E510,E643
N12,E510,E730
N12,E511,E647
N12,E511,E670
N12,E512,E679
N12,E512,E779
N12,E513,E640
N12,E513,E725
N12,E514,E624
N12,E514,E693
N12,E516,E666
N12,E517,E699
N12,E518,E660
N12,E518,E663
N12,E518,E714
N12,E518,E734
N12,E520,E641
N12,E520,E675
N12,E521,E705
N12,E522,E703
N12,E522,E738
N12,E523,E611
N12,E523,E651
N12,E523,E768
N12,E524,E680
N12,E524,E689
N12,E524,E761
N12,E525,E603
N12,E525,E616
N12,E525,E625
N12,E525,E639
N12,E525,E775
N12,E525,E791
N12,E525,E799
N12,E526,E614
N12,E526,E620
N12,E526,E751
N12,E527,E602
N12,E527,E621
N12,E527,E688
N12,E528,E630
N12,E528,E671
N12,E528,E728
N12,E529,E667
N12,E529,E752
N12,E530,E610
N12,E530,E728
N12,E532,E709
N12,E532,E769
N12,E533,E707
N12,E534,E717
N12,E534,E731
N12,E534,E793
N12,E535,E703
N12,E535,E714
N12,E535,E721
N12,E536,E656
N12,E536,E694
N12,E536,E773
N12,E536,E781
N12,E537,E744
N12,E537,E752
N12,E538,E732
N12,E538,E763
N12,E538,E765
N12,E538,E767
N12,E539,E602
N12,E539,E669
N12,E540,E622
N12,E540,E697
N12,E541,E784
N12,E542,E606
N12,E542,E759
N12,E543,E623
N12,E544,E605
N12,E544,E659
N12,E544,E731
N12,E545,E670
N12,E545,E676
N12,E545,E696
N12,E545,E777
N12,E546,E618
N12,E547,E779
N12,E548,E638
N12,E548,E699
N12,E549,E790
N12,E550,E646
N12,E550,E649
N12,E551,E697
N12,E553,E647
N12,E553,E712
N12,E553,E772
N12,E553,E778
N12,E555,E661
N12,E555,E676
N12,E555,E728
N12,E555,E742
N12,E556,E644
N12,E556,E689
N12,E556,E696
N12,E556,E715
N12,E556,E761
N12,E559,E736
N12,E559,E750
N12,E560,E677
N12,E561,E655
N12,E562,E691
N12,E564,E681
N12,E564,E730
N12,E564,E760
N12,E564,E779
N12,E565,E687
N12,E565,E756
N12,E566,E674
N12,E566,E742
N12,E567,E652
N12,E567,E796
N12,E568,E634
N12,E568,E726
N12,E568,E772
N12,E569,E790
N12,E571,E602
N12,E572,E657
N12,E572,E675
N12,E572,E743
N12,E572,E787
N12,E573,E711
N12,E574,E727
N12,E575,E643
N12,E576,E626
N12,E576,E671
N12,E576,E704
N12,E576,E757
N12,E576,E782
N12,E577,E757
N12,E578,E667
N12,E578,E761
N12,E579,E736
N12,E580,E617
N12,E580,E657
N12,E580,E663
N12,E580,E692
N12,E580,E776
N12,E580,E784
N12,E581,E653
N12,E582,E632
N12,E582,E701
N12,E582,E735
N12,E583,E691
N12,E583,E698
N12,E583,E773
N12,E584,E636
N12,E584,E646
N12,E584,E786
N12,E586,E642
N12,E586,E694
N12,E586,E702
N12,E588,E724
N12,E588,E758
N12,E589,E636
N12,E589,E688
N12,E589,E798
N12,E590,E695
N12,E590,E763
N12,E590,E771
N12,E591,E608
N12,E591,E656
N12,E592,E665
N12,E592,E744
N12,E592,E787
N12,E592,E789
N12,E593,E698
N12,E593,E740
N12,E594,E607
N12,E594,E612
N12,E594,E628
N12,E594,E700
N12,E594,E703
N12,E594,E732
N12,E594,E755
N12,E594,E762
N12,E595,E664
N12,E595,E680
N12,E595,E689
N12,E596,E725
N12,E596,E745
N12,E597,E609
N12,E597,E678
N12,E598,E787
N12,E599,E627
N12,E599,E718
N12,E602,E803
N12,E602,E894
N12,E603,E827
N12,E603,E918
N12,E604,E809
N12,E604,E862
N12,E604,E869
N12,E604,E917
N12,E605,E880
N12,E605,E945
N12,E606,E886
N12,E606,E944
N12,E607,E838
N12,E607,E876
N12,E607,E878
N12,E607,E882
N12,E607,E946
N12,E607,E976
N12,E608,E986
N12,E609,E877
N12,E609,E907
N12,E610,E823
N12,E610,E826
N12,E610,E855
N12,E610,E883
N12,E610,E999
N12,E611,E859
N12,E611,E925
N12,E611,E974
N12,E612,E834
N12,E612,E991
N12,E613,E813
N12,E613,E829
N12,E613,E867
N12,E613,E968
N12,E614,E822
N12,E614,E839
N12,E614,E987
N12,E615,E828
N12,E615,E897
N12,E616,E802
N12,E616,E973
N12,E617,E861
N12,E617,E934
N12,E618,E830
N12,E618,E904
N12,E618,E907
N12,E618,E910
N12,E618,E938
N12,E620,E958
N12,E621,E960
N12,E622,E900
N12,E622,E967
N12,E623,E803
N12,E623,E927
N12,E623,E981
N12,E625,E809
N12,E625,E928
N12,E626,E818
N12,E629,E978
N12,E630,E848
N12,E631,E808
N12,E632,E920
N12,E633,E922
N12,E633,E993
N12,E634,E955
N12,E635,E946
N12,E635,E960
N12,E637,E867
N12,E637,E998
N12,E639,E807
N12,E639,E885
N12,E639,E929
N12,E640,E935
N12,E640,E990
N12,E641,E925
N12,E641,E939
N12,E642,E872
N12,E642,E982
N12,E643,E937
N12,E643,E991
N12,E644,E864
N12,E644,E866
N12,E644,E870
N12,E644,E902
N12,E644,E904
N12,E645,E839
N12,E645,E913
N12,E645,E971
N12,E647,E864
N12,E647,E962
N12,E648,E835
N12,E648,E886
N12,E648,E902
N12,E648,E942
N12,E649,E809
N12,E649,E914
N12,E650,E817
N12,E650,E869
N12,E650,E891
N12,E650,E931
N12,E651,E857
N12,E652,E805
N12,E652,E820
N12,E652,E916
N12,E652,E927
N12,E652,E947
N12,E652,E952
N12,E652,E958
N12,E653,E933
N12,E653,E990
N12,E654,E817
N12,E655,E829
N12,E656,E887
N12,E656,E901
N12,E656,E907
N12,E656,E979
N12,E657,E893
N12,E657,E908
N12,E657,E978
N12,E657,E996
N12,E659,E854
N12,E659,E903
N12,E659,E945
N12,E660,E845
N12,E660,E923
N12,E660,E960
N12,E661,E900
N12,E661,E942
N12,E661,E986
N12,E662,E908
N12,E662,E949
N12,E662,E972
N12,E663,E909
N12,E664,E941
N12,E664,E997
N12,E665,E971
N12,E665,E983
N12,E666,E842
N12,E666,E896
N12,E666,E980
N12,E667,E858
N12,E667,E879
N12,E667,E934
N12,E667,E973
N12,E669,E896
N12,E669,E969
N12,E670,E821
N12,E670,E964
N12,E671,E816
N12,E673,E915
N12,E673,E933
N12,E674,E801
N12,E675,E837
N12,E675,E844
N12,E675,E856
N12,E676,E818
N12,E676,E843
N12,E676,E968
N12,E677,E850
N12,E677,E866
N12,E677,E874
N12,E677,E889
N12,E678,E810
N12,E678,E971
N12,E678,E998
N12,E679,E806
N12,E679,E856
N12,E680,E887
N12,E680,E983
N12,E681,E853
N12,E681,E893
N12,E683,E911
N12,E683,E965
N12,E684,E820
N12,E684,E847
N12,E684,E977
N12,E685,E894
N12,E686,E963
N12,E687,E869
N12,E688,E842
N12,E688,E991
N12,E689,E827
N12,E689,E893
N12,E690,E886
N12,E691,E844
N12,E692,E862
N12,E692,E943
N12,E693,E818
N12,E693,E881
N12,E693,E901
N12,E694,E811
N12,E694,E912
N12,E695,E802
N12,E695,E899
N12,E696,E841
N12,E696,E885
N12,E696,E916
N12,E696,E939
N12,E697,E824
N12,E698,E984
N12,E699,E863
N12,E699,E954
N12,E699,E959
N12,E699,E982
N12,E700,E908
N12,E700,E948
N12,E702,E924
N12,E702,E944
N12,E702,E955
N12,E703,E888
N12,E704,E940
N12,E705,E836
N12,E705,E861
N12,E706,E836
N12,E706,E985
N12,E707,E851
N12,E707,E906
N12,E707,E956
N12,E707,E958
N12,E708,E883
N12,E709,E815
N12,E710,E803
N12,E710,E819
N12,E710,E858
N12,E711,E854
N12,E711,E875
N12,E711,E966
N12,E712,E808
N12,E712,E931
N12,E714,E937
N12,E715,E897
N12,E715,E942
N12,E715,E988
N12,E716,E926
N12,E716,E956
N12,E717,E873
N12,E717,E919
N12,E717,E970
N12,E718,E863
N12,E718,E930
N12,E719,E800
N12,E719,E935
N12,E721,E812
N12,E721,E826
N12,E721,E925
N12,E722,E805
N12,E722,E901
N12,E722,E909
N12,E722,E912
N12,E722,E995
N12,E723,E851
N12,E723,E876
N12,E723,E954
N12,E724,E826
N12,E724,E847
N12,E724,E852
N12,E725,E855
N12,E725,E872
N12,E726,E815
N12,E727,E805
N12,E727,E847
N12,E727,E885
N12,E727,E931
N12,E727,E950
N12,E727,E967
N12,E728,E892
N12,E728,E957
N12,E729,E895
N12,E729,E970
N12,E729,E993
N12,E729,E996
N12,E729,E998
N12,E730,E871
N12,E730,E965
N12,E731,E814
N12,E731,E933
N12,E731,E961
N12,E732,E930
N12,E733,E802
N12,E733,E833
N12,E733,E904
N12,E734,E800
N12,E734,E910
N12,E735,E955
N12,E736,E880
N12,E736,E884
N12,E737,E877
N12,E737,E912
N12,E737,E943
N12,E737,E983
N12,E738,E999
N12,E739,E852
N12,E739,E921
N12,E739,E970
N12,E741,E817
N12,E741,E898
N12,E741,E962
N12,E742,E868
N12,E744,E807
N12,E744,E835
N12,E744,E845
N12,E744,E899
N12,E744,E946
N12,E745,E848
N12,E745,E870
N12,E746,E842
N12,E746,E911
N12,E746,E918
N12,E747,E883
N12,E747,E939
N12,E747,E964
N12,E748,E874
N12,E748,E909
N12,E749,E959
N12,E749,E988
N12,E750,E874
N12,E750,E890
N12,E750,E891
N12,E751,E857
N12,E751,E922
N12,E751,E964
N12,E752,E816
N12,E752,E819
N12,E752,E832
N12,E753,E985
N12,E754,E975
N12,E754,E995
N12,E755,E977
N12,E755,E986
N12,E756,E825
N12,E756,E830
N12,E757,E992
N12,E758,E861
N12,E758,E917
N12,E758,E953
N12,E759,E974
N12,E760,E812
N12,E760,E850
N12,E760,E978
N12,E762,E831
N12,E762,E873
N12,E763,E810
N12,E763,E996
N12,E763,E997
N12,E764,E985
N12,E764,E993
N12,E765,E823
N12,E765,E890
N12,E765,E928
N12,E765,E994
N12,E766,E830
N12,E766,E876
N12,E766,E987
N12,E767,E972
N12,E768,E829
N12,E769,E831
N12,E769,E848
N12,E770,E858
N12,E770,E914
N12,E770,E953
N12,E771,E857
N12,E772,E823
N12,E772,E840
N12,E772,E922
N12,E773,E989
N12,E775,E822
N12,E775,E936
N12,E776,E917
N12,E776,E951
N12,E776,E953
N12,E777,E905
N12,E777,E916
N12,E777,E989
N12,E778,E849
N12,E780,E915
N12,E781,E860
N12,E781,E918
N12,E782,E832
N12,E782,E855
N12,E783,E867
N12,E783,E950
N12,E784,E824
N12,E784,E865
N12,E785,E982
N12,E786,E806
N12,E786,E882
N12,E787,E856
N12,E787,E894
N12,E787,E945
N12,E787,E966
N12,E788,E914
N12,E788,E973
N12,E789,E840
N12,E789,E913
N12,E790,E839
N12,E791,E835
N12,E791,E957
N12,E791,E976
N12,E792,E846
N12,E792,E902
N12,E793,E932
N12,E793,E943
N12,E795,E961
N12,E796,E804
N12,E797,E992
N12,E798,E822
N12,E798,E836
N12,E798,E887
N12,E798,E951
N12,E799,E927
N13,E000,E213
N13,E000,E272
N13,E001,E206
N13,E001,E374
N13,E001,E378
N13,E002,E233
N13,E002,E254
N13,E002,E327
N13,E002,E335
N13,E002,E396
N13,E003,E254
N13,E003,E278
N13,E003,E326
N13,E005,E292
N13,E005,E355
N13,E005,E365
N13,E006,E272
N13,E006,E339
N13,E006,E395
N13,E007,E226
N13,E008,E230
N13,E008,E267
N13,E009,E269
N13,E011,E306
N13,E011,E339
N13,E011,E358
N13,E012,E214
N13,E012,E229
N13,E013,E264
N13,E013,E287
N13,E013,E318
N13,E014,E291
N13,E014,E363
N13,E017,E332
N13,E018,E214
N13,E018,E234
N13,E018,E313
N13,E018,E381
N13,E020,E325
N13,E021,E258
N13,E022,E356
N13,E023,E270
N13,E023,E373
N13,E023,E394
N13,E024,E223
N13,E024,E303
N13,E024,E329
N13,E025,E255
N13,E025,E351
N13,E026,E207
N13,E026,E255
N13,E027,E212
N13,E027,E398
N13,E029,E377
N13,E030,E230
N13,E030,E348
N13,E030,E364
N13,E032,E210
N13,E032,E308
N13,E033,E266
N13,E033,E326
N13,E033,E352
N13,E034,E246
N13,E034,E360
N13,E034,E397
N13,E035,E356
N13,E036,E314
N13,E036,E378
N13,E037,E200
N13,E037,E228
N13,E037,E259
N13,E037,E340
N13,E037,E377
N13,E037,E379
N13,E038,E247
N13,E038,E293
N13,E039,E224
N13,E039,E391
N13,E040,E200
N13,E040,E239
N13,E040,E268
N13,E041,E299
N13,E041,E304
N13,E042,E209
N13,E042,E368
N13,E043,E245
N13,E043,E249
N13,E043,E275
N13,E043,E338
N13,E044,E295
N13,E045,E213
N13,E045,E353
N13,E046,E263
N13,E046,E313
N13,E046,E333
N13,E046,E367
N13,E047,E248
N13,E047,E255
N13,E048,E240
N13,E048,E317
N13,E049,E366
N13,E049,E390
N13,E050,E204
N13,E050,E350
N13,E050,E361
N13,E050,E388
N13,E051,E325
N13,E051,E342
N13,E051,E357
N13,E051,E380
N13,E052,E253
N13,E052,E280
N13,E052,E330
N13,E052,E379
N13,E053,E201
N13,E053,E209
N13,E054,E296
N13,E054,E373
N13,E054,E380
N13,E055,E274
N13,E055,E307
N13,E056,E217
N13,E057,E208
N13,E057,E212
N13,E057,E243
N13,E059,E396
N13,E060,E220
N13,E060,E299
N13,E061,E397
N13,E062,E290
N13,E062,E319
N13,E063,E261
N13,E064,E260
N13,E064,E289
N13,E064,E326
N13,E064,E344
N13,E064,E367
N13,E064,E382
N13,E065,E303
N13,E065,E381
N13,E066,E264
N13,E066,E334
N13,E066,E361
N13,E067,E285
N13,E068,E231
N13,E068,E260
N13,E068,E384
N13,E069,E213
N13,E070,E330
N13,E070,E349
N13,E073,E236
N13,E073,E297
N13,E073,E323
N13,E073,E365
N13,E074,E242
N13,E075,E309
N13,E075,E376
N13,E075,E382
N13,E075,E393
N13,E076,E321
N13,E077,E256
N13,E077,E281
N13,E077,E311
N13,E077,E376
N13,E077,E386
N13,E078,E251
N13,E078,E262
N13,E078,E303
N13,E078,E376
N13,E078,E379
N13,E080,E237
N13,E080,E359
N13,E081,E275
N13,E081,E299
N13,E082,E375
N13,E083,E251
N13,E083,E254
N13,E085,E221
N13,E085,E350
N13,E086,E232
N13,E086,E237
N13,E087,E305
N13,E088,E202
N13,E088,E320
N13,E090,E336
N13,E091,E223
N13,E091,E334
N13,E092,E209
N13,E092,E224
N13,E092,E246
N13,E092,E387
N13,E093,E216
N13,E093,E262
N13,E093,E301
N13,E093,E368
N13,E093,E372
N13,E095,E279
N13,E095,E385
N13,E096,E276
N13,E096,E343
N13,E097,E279
N13,E098,E358
N13,E099,E208
N13,E099,E210
N13,E100,E237
N13,E101,E292
N13,E102,E206
N13,E102,E234
N13,E102,E302
N13,E103,E222
N13,E103,E243
N13,E103,E300
N13,E103,E341
N13,E103,E352
N13,E105,E388
N13,E106,E309
N13,E106,E314
N13,E106,E346
N13,E106,E355
N13,E106,E363
N13,E107,E274
N13,E107,E350
N13,E109,E260
N13,E109,E286
N13,E109,E338
N13,E109,E347
N13,E110,E203
N13,E111,E369
N13,E112,E205
N13,E112,E270
N13,E113,E242
N13,E113,E287
N13,E113,E394
N13,E114,E361
N13,E115,E244
N13,E115,E320
N13,E115,E347
N13,E115,E381
N13,E117,E370
N13,E118,E300
N13,E118,E396
N13,E119,E322
N13,E120,E392
N13,E121,E349
N13,E122,E207
N13,E122,E250
N13,E123,E208
N13,E123,E334
N13,E125,E239
N13,E126,E364
N13,E127,E263
N13,E127,E266
N13,E127,E324
N13,E128,E215
N13,E128,E280
N13,E128,E371
N13,E130,E214
N13,E130,E383
N13,E131,E222
N13,E131,E234
N13,E131,E259
N13,E132,E384
N13,E134,E220
N13,E134,E312
N13,E134,E355
N13,E134,E387
N13,E135,E224
N13,E135,E264
N13,E135,E329
N13,E135,E352
N13,E137,E222
N13,E137,E382
N13,E138,E211
N13,E138,E283
N13,E138,E398
N13,E139,E221
N13,E139,E231
N13,E139,E338
N13,E140,E271
N13,E140,E294
N13,E140,E391
N13,E140,E393
N13,E141,E271
N13,E141,E289
N13,E142,E262
N13,E142,E392
N13,E143,E210
N13,E143,E256
N13,E145,E362
N13,E145,E393
N13,E146,E253
N13,E146,E293
N13,E146,E339
N13,E147,E249
N13,E148,E235
N13,E148,E283
N13,E150,E277
N13,E150,E314
N13,E151,E204
N13,E151,E240
N13,E151,E279
N13,E151,E354
N13,E152,E330
N13,E153,E341
N13,E153,E375
N13,E154,E311
N13,E154,E372
N13,E155,E201
N13,E155,E220
N13,E156,E321
N13,E156,E388
N13,E157,E377
N13,E158,E232
N13,E158,E284
N13,E158,E295
N13,E158,E305
N13,E160,E389
N13,E161,E247
N13,E161,E271
N13,E161,E351
N13,E162,E302
N13,E162,E348
N13,E162,E391
N13,E163,E211
N13,E163,E243
N13,E163,E353
N13,E164,E236
N13,E164,E290
N13,E165,E204
N13,E165,E369
N13,E165,E394
N13,E166,E203
N13,E166,E219
N13,E168,E223
N13,E168,E336
N13,E169,E329
N13,E169,E387
N13,E170,E297
N13,E170,E337
N13,E170,E343
N13,E171,E221
N13,E171,E315
N13,E171,E358
N13,E172,E252
N13,E172,E310
N13,E172,E372
N13,E174,E257
N13,E174,E265
N13,E175,E380
N13,E176,E248
N13,E176,E316
N13,E176,E374
N13,E176,E375
N13,E177,E317
N13,E178,E242
N13,E179,E313
N13,E179,E399
N13,E180,E225
N13,E180,E284
N13,E180,E290
N13,E181,E233
N13,E181,E323
N13,E182,E227
N13,E182,E249
N13,E182,E337
N13,E183,E250
N13,E183,E252
N13,E183,E293
N13,E184,E298
N13,E185,E256
N13,E185,E297
N13,E186,E356
N13,E187,E296
N13,E188,E283
N13,E189,E241
N13,E189,E307
N13,E189,E331
N13,E189,E351
N13,E190,E261
N13,E190,E282
N13,E190,E302
N13,E191,E238
N13,E191,E259
N13,E191,E321
N13,E191,E368
N13,E192,E275
N13,E193,E273
N13,E193,E328
N13,E193,E353
N13,E194,E289
N13,E195,E218
N13,E195,E232
N13,E195,E233
N13,E195,E257
N13,E195,E305
N13,E195,E345
N13,E196,E230
N13,E196,E386
N13,E197,E296
N13,E197,E385
N13,E198,E347
N13,E198,E360
N13,E199,E288
N13,E199,E346
N13,E199,E373
N13,E200,E449
N13,E200,E453
N13,E200,E524
N13,E200,E550
N13,E201,E502
N13,E201,E544
N13,E202,E566
N13,E204,E420
N13,E204,E596
N13,E204,E598
N13,E205,E444
N13,E205,E482
N13,E206,E426
N13,E206,E427
N13,E206,E477
N13,E207,E442
N13,E207,E525
N13,E207,E559
N13,E208,E498
N13,E208,E526
N13,E208,E561
N13,E208,E588
N13,E209,E410
N13,E209,E465
N13,E209,E546
N13,E210,E455
N13,E210,E562
N13,E210,E594
N13,E211,E537
N13,E212,E400
N13,E212,E427
N13,E212,E578
N13,E214,E402
N13,E216,E423
N13,E217,E431
N13,E219,E443
N13,E219,E497
N13,E219,E536
N13,E219,E569
N13,E219,E590
N13,E219,E595
N13,E220,E416
N13,E220,E512
N13,E220,E540
N13,E221,E472
N13,E221,E480
N13,E221,E502
N13,E221,E530
N13,E222,E576
N13,E224,E467
N13,E224,E577
N13,E224,E580
N13,E225,E462
N13,E225,E505
N13,E225,E582
N13,E225,E586
N13,E226,E441
N13,E226,E491
N13,E227,E401
N13,E227,E462
N13,E227,E523
N13,E228,E518
N13,E229,E404
N13,E229,E489
N13,E229,E548
N13,E230,E508
N13,E231,E419
N13,E231,E454
N13,E231,E488
N13,E231,E575
N13,E233,E595
N13,E233,E598
N13,E235,E475
N13,E236,E514
N13,E237,E407
N13,E237,E445
N13,E237,E599
N13,E238,E455
N13,E238,E540
N13,E239,E428
N13,E241,E435
N13,E241,E484
N13,E242,E489
N13,E242,E551
N13,E242,E598
N13,E243,E500
N13,E243,E506
N13,E243,E555
N13,E244,E529
N13,E245,E406
N13,E245,E463
N13,E245,E493
N13,E245,E494
N13,E246,E592
N13,E248,E564
N13,E249,E579
N13,E250,E471
N13,E250,E575
N13,E250,E589
N13,E251,E504
N13,E251,E550
N13,E252,E481
N13,E255,E507
N13,E255,E523
N13,E255,E587
N13,E256,E422
N13,E256,E517
N13,E258,E481
N13,E258,E550
N13,E261,E423
N13,E261,E552
N13,E262,E426
N13,E262,E429
N13,E262,E439
N13,E263,E561
N13,E263,E564
N13,E264,E512
N13,E264,E521
N13,E264,E558
N13,E265,E450
N13,E265,E490
N13,E266,E555
N13,E267,E461
N13,E269,E420
N13,E270,E528
N13,E271,E466
N13,E272,E426
N13,E272,E440
N13,E272,E460
N13,E273,E440
N13,E273,E537
N13,E274,E509
N13,E275,E403
N13,E275,E476
N13,E276,E458
N13,E276,E492
N13,E277,E438
N13,E277,E464
N13,E277,E509
N13,E277,E542
N13,E277,E571
N13,E278,E413
N13,E278,E415
N13,E278,E430
N13,E278,E432
N13,E278,E448
N13,E278,E474
N13,E278,E539
N13,E279,E431
N13,E279,E491
N13,E279,E519
N13,E280,E447
N13,E280,E487
N13,E281,E416
N13,E281,E447
N13,E281,E496
N13,E281,E541
N13,E282,E530
N13,E283,E446
N13,E283,E459
N13,E283,E519
N13,E284,E412
N13,E284,E415
N13,E284,E583
N13,E285,E451
N13,E285,E473
N13,E285,E544
N13,E285,E593
N13,E287,E473
N13,E287,E582
N13,E288,E439
N13,E288,E564
N13,E289,E579
N13,E290,E597
N13,E291,E407
N13,E292,E599
N13,E293,E538
N13,E294,E400
N13,E294,E483
N13,E295,E516
N13,E295,E553
N13,E296,E570
N13,E297,E415
N13,E297,E430
N13,E297,E445
N13,E298,E466
N13,E298,E469
N13,E298,E588
N13,E299,E418
N13,E299,E464
N13,E299,E468
N13,E299,E574
N13,E300,E473
N13,E300,E515
N13,E301,E430
N13,E301,E569
N13,E301,E582
N13,E302,E458
N13,E302,E486
N13,E303,E443
N13,E304,E500
N13,E304,E541
N13,E305,E508
N13,E306,E405
N13,E306,E434
N13,E306,E455
N13,E306,E522
N13,E307,E413
N13,E307,E535
N13,E308,E429
N13,E308,E483
N13,E308,E501
N13,E309,E434
N13,E309,E528
N13,E309,E532
N13,E309,E591
N13,E310,E423
N13,E310,E448
N13,E310,E501
N13,E310,E520
N13,E310,E547
N13,E310,E565
N13,E311,E486
N13,E312,E436
N13,E312,E534
N13,E313,E447
N13,E313,E522
N13,E314,E458
N13,E314,E577
N13,E315,E479
N13,E315,E491
N13,E315,E531
N13,E316,E457
N13,E316,E471
N13,E316,E586
N13,E316,E590
N13,E317,E408
N13,E317,E513
N13,E318,E460
N13,E319,E450
N13,E319,E538
N13,E319,E560
N13,E320,E446
N13,E320,E516
N13,E321,E402
N13,E321,E481
N13,E321,E490
N13,E321,E497
N13,E321,E585
N13,E321,E592
N13,E323,E437
N13,E323,E448
N13,E323,E547
N13,E324,E485
N13,E324,E581
N13,E325,E432
N13,E325,E507
N13,E326,E487
N13,E326,E505
N13,E326,E566
N13,E328,E572
N13,E329,E436
N13,E329,E518
N13,E329,E562
N13,E329,E578
N13,E330,E438
N13,E330,E588
N13,E331,E538
N13,E332,E545
N13,E332,E547
N13,E332,E577
N13,E333,E427
N13,E333,E596
N13,E335,E464
N13,E335,E467
N13,E335,E499
N13,E336,E599
N13,E337,E454
N13,E337,E592
N13,E338,E438
N13,E338,E501
N13,E338,E561
N13,E339,E425
N13,E339,E533
N13,E339,E554
N13,E339,E595
N13,E340,E469
N13,E340,E527
N13,E340,E548
N13,E340,E555
N13,E340,E586
N13,E341,E424
N13,E342,E557
N13,E343,E433
N13,E343,E534
N13,E343,E539
N13,E344,E419
N13,E344,E573
N13,E344,E574
N13,E345,E442
N13,E345,E511
N13,E345,E571
N13,E347,E495
N13,E347,E510
N13,E347,E519
N13,E347,E563
N13,E348,E429
N13,E348,E549
N13,E349,E480
N13,E350,E517
N13,E351,E502
N13,E351,E506
N13,E351,E521
N13,E352,E451
N13,E352,E453
N13,E352,E487
N13,E353,E412
N13,E353,E467
N13,E354,E478
N13,E354,E549
N13,E355,E414
N13,E358,E443
N13,E358,E543
N13,E359,E433
N13,E359,E460
N13,E362,E418
N13,E362,E441
N13,E362,E459
N13,E362,E500
N13,E363,E431
N13,E363,E435
N13,E363,E471
N13,E363,E504
N13,E364,E551
N13,E365,E563
N13,E365,E569
N13,E366,E400
N13,E366,E416
N13,E366,E442
N13,E366,E508
N13,E367,E571
N13,E368,E515
N13,E368,E540
N13,E369,E421
N13,E369,E469
N13,E369,E572
N13,E371,E518
N13,E372,E493
N13,E373,E409
N13,E373,E499
N13,E374,E449
N13,E374,E452
N13,E374,E535
N13,E374,E563
N13,E375,E403
N13,E375,E456
N13,E375,E496
N13,E376,E495
N13,E376,E565
N13,E377,E495
N13,E377,E593
N13,E378,E470
N13,E379,E437
N13,E379,E453
N13,E379,E478
N13,E379,E556
N13,E379,E560
N13,E381,E504
N13,E381,E580
N13,E382,E489
N13,E382,E517
N13,E385,E411
N13,E385,E452
N13,E385,E530
N13,E386,E533
N13,E387,E407
N13,E387,E418
N13,E387,E450
N13,E387,E565
N13,E388,E445
N13,E388,E566
N13,E389,E568
N13,E390,E444
N13,E390,E486
N13,E390,E584
N13,E391,E503
N13,E392,E452
N13,E393,E533
N13,E394,E434
N13,E394,E446
N13,E394,E535
N13,E395,E417
N13,E395,E420
N13,E395,E439
N13,E396,E404
N13,E396,E419
N13,E397,E543
N13,E398,E584
N13,E399,E435
N13,E399,E451
N13,E399,E457
N13,E399,E553
N13,E399,E567
N13,E399,E594
N13,E400,E704
N13,E401,E716
N13,E403,E646
N13,E403,E653
N13,E403,E779
N13,E404,E600
N13,E404,E729
N13,E405,E617
N13,E405,E737
N13,E406,E632
N13,E406,E767
N13,E407,E691
N13,E407,E746
N13,E409,E713
N13,E410,E603
N13,E410,E719
N13,E411,E657
N13,E411,E672
N13,E411,E706
N13,E412,E763
N13,E413,E616
N13,E413,E649
N13,E413,E685
N13,E415,E728
N13,E416,E609
N13,E417,E669
N13,E418,E613
N13,E419,E629
N13,E419,E634
N13,E419,E694
N13,E419,E718
N13,E419,E767
N13,E420,E652
N13,E420,E693
N13,E423,E666
N13,E423,E798
N13,E423,E799
N13,E425,E604
N13,E425,E616
N13,E427,E611
N13,E427,E620
N13,E427,E689
N13,E427,E782
N13,E428,E706
N13,E428,E765
N13,E429,E629
N13,E429,E647
N13,E429,E666
N13,E430,E611
N13,E430,E633
N13,E431,E639
N13,E433,E653
N13,E433,E725
N13,E433,E730
N13,E435,E605
N13,E435,E700
N13,E435,E740
N13,E435,E776
N13,E436,E713
N13,E436,E732
N13,E437,E641
N13,E437,E685
N13,E438,E671
N13,E438,E691
N13,E439,E616
N13,E439,E618
N13,E439,E663
N13,E441,E634
N13,E441,E763
N13,E441,E787
N13,E442,E676
N13,E442,E684
N13,E443,E622
N13,E443,E636
N13,E443,E747
N13,E444,E703
N13,E444,E749
N13,E446,E619
N13,E446,E724
N13,E447,E668
N13,E447,E713
N13,E448,E747
N13,E448,E753
N13,E449,E702
N13,E450,E641
N13,E450,E669
N13,E450,E759
N13,E451,E618
N13,E451,E665
N13,E451,E672
N13,E451,E718
N13,E451,E784
N13,E452,E612
N13,E452,E710
N13,E452,E760
N13,E452,E762
N13,E452,E775
N13,E453,E743
N13,E453,E798
N13,E454,E642
N13,E454,E748
N13,E454,E760
N13,E455,E610
N13,E455,E624
N13,E456,E604
N13,E457,E684
N13,E457,E728
N13,E457,E758
N13,E458,E606
N13,E458,E756
N13,E459,E619
N13,E459,E658
N13,E460,E603
N13,E460,E725
N13,E460,E734
N13,E461,E624
N13,E461,E708
N13,E462,E671
N13,E462,E698
N13,E463,E610
N13,E463,E690
N13,E463,E790
N13,E464,E637
N13,E464,E675
N13,E464,E746
N13,E465,E628
N13,E465,E788
N13,E466,E731
N13,E467,E627
N13,E467,E722
N13,E468,E673
N13,E468,E755
N13,E469,E724
N13,E469,E784
N13,E470,E669
N13,E470,E718
N13,E470,E791
N13,E471,E751
N13,E471,E792
N13,E473,E623
N13,E473,E727
N13,E473,E777
N13,E474,E617
N13,E474,E739
N13,E475,E678
N13,E475,E698
N13,E475,E790
N13,E476,E644
N13,E476,E699
N13,E476,E749
N13,E477,E670
N13,E479,E778
N13,E481,E611
N13,E481,E708
N13,E481,E711
N13,E482,E702
N13,E482,E756
N13,E483,E649
N13,E483,E686
N13,E483,E740
N13,E484,E654
N13,E484,E704
N13,E485,E681
N13,E485,E723
N13,E485,E765
N13,E485,E795
N13,E487,E651
N13,E487,E667
N13,E488,E631
N13,E488,E673
N13,E488,E777
N13,E489,E680
N13,E491,E670
N13,E491,E793
N13,E492,E643
N13,E492,E724
N13,E492,E758
N13,E493,E797
N13,E494,E660
N13,E496,E686
N13,E497,E735
N13,E498,E717
N13,E498,E742
N13,E499,E738
N13,E499,E779
N13,E500,E630
N13,E500,E685
N13,E500,E698
N13,E500,E720
N13,E500,E788
N13,E501,E635
N13,E501,E677
N13,E501,E697
N13,E501,E738
N13,E502,E799
N13,E503,E757
N13,E503,E797
N13,E504,E660
N13,E504,E757
N13,E505,E614
N13,E506,E656
N13,E506,E736
N13,E507,E695
N13,E507,E716
N13,E507,E769
N13,E508,E600
N13,E508,E651
N13,E508,E697
N13,E508,E756
N13,E508,E771
N13,E509,E626
N13,E509,E728
N13,E509,E758
N13,E509,E786
N13,E510,E748
N13,E513,E621
N13,E513,E720
N13,E514,E732
N13,E514,E737
N13,E515,E624
N13,E515,E644
N13,E515,E774
N13,E516,E785
N13,E517,E662
N13,E517,E708
N13,E517,E776
N13,E518,E721
N13,E520,E641
N13,E521,E640
N13,E521,E664
N13,E521,E687
N13,E522,E602
N13,E522,E638
N13,E522,E650
N13,E522,E752
N13,E522,E754
N13,E522,E764
N13,E523,E687
N13,E523,E753
N13,E523,E757
N13,E524,E621
N13,E524,E770
N13,E525,E661
N13,E525,E768
N13,E525,E785
N13,E525,E794
N13,E526,E679
N13,E527,E723
N13,E527,E796
N13,E528,E696
N13,E528,E700
N13,E528,E706
N13,E528,E739
N13,E528,E744
N13,E529,E664
N13,E529,E668
N13,E530,E688
N13,E530,E749
N13,E531,E741
N13,E532,E633
N13,E532,E675
N13,E533,E768
N13,E534,E635
N13,E534,E783
N13,E535,E640
N13,E537,E626
N13,E537,E680
N13,E537,E715
N13,E539,E607
N13,E539,E745
N13,E541,E603
N13,E541,E712
N13,E542,E648
N13,E542,E709
N13,E542,E720
N13,E542,E745
N13,E542,E771
N13,E543,E709
N13,E544,E614
N13,E544,E638
N13,E544,E659
N13,E545,E676
N13,E545,E780
N13,E546,E692
N13,E546,E796
N13,E547,E607
N13,E547,E617
N13,E547,E762
N13,E547,E766
N13,E547,E786
N13,E548,E620
N13,E548,E631
N13,E548,E798
N13,E549,E615
N13,E550,E600
N13,E550,E621
N13,E550,E645
N13,E550,E751
N13,E551,E653
N13,E551,E786
N13,E552,E650
N13,E552,E717
N13,E552,E726
N13,E554,E636
N13,E554,E652
N13,E555,E612
N13,E555,E699
N13,E556,E705
N13,E556,E781
N13,E557,E673
N13,E557,E722
N13,E557,E750
N13,E558,E712
N13,E558,E759
N13,E560,E674
N13,E560,E762
N13,E560,E782
N13,E561,E606
N13,E561,E656
N13,E561,E695
N13,E561,E714
N13,E561,E719
N13,E562,E665
N13,E562,E783
N13,E563,E668
N13,E563,E681
N13,E563,E705
N13,E563,E772
N13,E564,E789
N13,E565,E742
N13,E565,E761
N13,E566,E634
N13,E566,E700
N13,E567,E707
N13,E568,E680
N13,E568,E744
N13,E569,E607
N13,E569,E672
N13,E569,E766
N13,E571,E638
N13,E572,E712
N13,E572,E755
N13,E572,E764
N13,E573,E613
N13,E573,E683
N13,E573,E733
N13,E574,E636
N13,E574,E723
N13,E575,E769
N13,E576,E657
N13,E576,E753
N13,E577,E679
N13,E577,E701
N13,E577,E727
N13,E578,E717
N13,E578,E744
N13,E579,E625
N13,E580,E747
N13,E581,E623
N13,E581,E688
N13,E581,E745
N13,E581,E751
N13,E582,E655
N13,E582,E783
N13,E583,E725
N13,E584,E627
N13,E584,E678
N13,E584,E738
N13,E584,E793
N13,E585,E606
N13,E585,E627
N13,E585,E681
N13,E585,E735
N13,E585,E784
N13,E586,E620
N13,E586,E682
N13,E586,E736
N13,E586,E765
N13,E590,E670
N13,E590,E735
N13,E590,E752
N13,E590,E773
N13,E591,E612
N13,E591,E652
N13,E591,E794
N13,E592,E601
N13,E592,E663
N13,E592,E719
N13,E593,E628
N13,E594,E608
N13,E594,E709
N13,E595,E625
N13,E595,E768
N13,E596,E647
N13,E596,E704
N13,E597,E689
N13,E597,E730
N13,E598,E690
N13,E598,E731
N13,E599,E739
N13,E600,E802
N13,E600,E827
N13,E600,E997
N13,E601,E943
N13,E602,E898
N13,E603,E840
N13,E603,E864
N13,E604,E959
N13,E604,E985
N13,E605,E906
N13,E605,E962
N13,E605,E993
N13,E606,E811
N13,E606,E872
N13,E606,E910
N13,E606,E987
N13,E606,E992
N13,E607,E934
N13,E607,E993
N13,E608,E900
N13,E609,E918
N13,E610,E986
N13,E611,E870
N13,E611,E882
N13,E611,E952
N13,E612,E819
N13,E613,E968
N13,E613,E972
N13,E614,E914
N13,E614,E942
N13,E614,E971
N13,E616,E893
N13,E618,E927
N13,E618,E966
N13,E618,E975
N13,E619,E805
N13,E619,E964
N13,E620,E989
N13,E622,E938
N13,E623,E806
N13,E623,E924
N13,E623,E947
N13,E624,E850
N13,E625,E852
N13,E625,E856
N13,E625,E902
N13,E625,E940
N13,E625,E954
N13,E626,E884
N13,E627,E905
N13,E628,E806
N13,E628,E821
N13,E629,E897
N13,E629,E921
N13,E630,E854
N13,E630,E921
N13,E630,E969
N13,E631,E814
N13,E631,E862
N13,E631,E875
N13,E631,E944
N13,E631,E997
N13,E632,E917
N13,E633,E827
N13,E633,E841
N13,E633,E848
N13,E634,E812
N13,E634,E942
N13,E635,E937
N13,E635,E946
N13,E635,E998
N13,E636,E929
N13,E637,E857
N13,E637,E863
N13,E638,E821
N13,E638,E989
N13,E639,E830
N13,E640,E862
N13,E641,E891
N13,E641,E907
N13,E641,E959
N13,E642,E877
N13,E642,E899
N13,E643,E820
N13,E643,E907
N13,E644,E842
N13,E644,E861
N13,E644,E929
N13,E644,E990
N13,E645,E941
N13,E645,E984
N13,E646,E814
N13,E646,E849
N13,E646,E883
N13,E646,E983
N13,E647,E889
N13,E648,E984
N13,E649,E845
N13,E649,E900
N13,E650,E851
N13,E650,E976
N13,E651,E832
N13,E651,E847
N13,E651,E908
N13,E652,E949
N13,E653,E848
N13,E653,E872
N13,E654,E925
N13,E654,E996
N13,E655,E836
N13,E655,E880
N13,E655,E904
N13,E655,E914
N13,E655,E973
N13,E656,E828
N13,E656,E858
N13,E656,E931
N13,E657,E874
N13,E657,E933
N13,E657,E963
N13,E657,E998
N13,E658,E815
N13,E658,E838
N13,E659,E855
N13,E660,E888
N13,E661,E881
N13,E661,E952
N13,E661,E998
N13,E662,E812
N13,E662,E824
N13,E664,E846
N13,E665,E802
N13,E666,E836
N13,E666,E906
N13,E666,E926
N13,E666,E940
N13,E666,E956
N13,E667,E989
N13,E668,E867
N13,E668,E940
N13,E669,E870
N13,E669,E910
N13,E669,E939
N13,E669,E988
N13,E671,E828
N13,E671,E848
N13,E672,E904
N13,E672,E974
N13,E673,E803
N13,E673,E884
N13,E673,E895
N13,E673,E913
N13,E675,E819
N13,E675,E915
N13,E677,E820
N13,E677,E923
N13,E678,E825
N13,E678,E953
N13,E679,E854
N13,E679,E982
N13,E680,E887
N13,E682,E943
N13,E684,E821
N13,E684,E888
N13,E684,E893
N13,E684,E901
N13,E685,E863
N13,E685,E892
N13,E685,E894
N13,E685,E977
N13,E686,E920
N13,E687,E837
N13,E687,E875
N13,E687,E909
N13,E687,E956
N13,E688,E822
N13,E688,E856
N13,E688,E902
N13,E688,E932
N13,E689,E885
N13,E691,E868
N13,E691,E873
N13,E691,E897
N13,E693,E908
N13,E693,E990
N13,E694,E860
N13,E694,E890
N13,E694,E950
N13,E694,E974
N13,E695,E899
N13,E695,E969
N13,E696,E836
N13,E696,E983
N13,E697,E930
N13,E698,E825
N13,E698,E907
N13,E699,E811
N13,E699,E927
N13,E699,E935
N13,E699,E995
N13,E700,E849
N13,E700,E974
N13,E701,E866
N13,E702,E826
N13,E702,E906
N13,E702,E943
N13,E703,E965
N13,E703,E981
N13,E704,E809
N13,E705,E822
N13,E705,E863
N13,E705,E917
N13,E705,E952
N13,E706,E897
N13,E706,E925
N13,E706,E999
N13,E708,E826
N13,E708,E920
N13,E710,E865
N13,E711,E835
N13,E711,E948
N13,E712,E847
N13,E712,E870
N13,E712,E879
N13,E712,E975
N13,E713,E869
N13,E713,E884
N13,E713,E888
N13,E713,E978
N13,E713,E994
N13,E714,E903
N13,E714,E991
N13,E715,E945
N13,E716,E833
N13,E716,E880
N13,E717,E881
N13,E718,E823
N13,E718,E824
N13,E718,E842
N13,E718,E916
N13,E719,E817
N13,E719,E922
N13,E720,E852
N13,E720,E886
N13,E721,E877
N13,E721,E883
N13,E721,E997
N13,E722,E904
N13,E722,E916
N13,E723,E804
N13,E723,E992
N13,E724,E853
N13,E724,E864
N13,E725,E826
N13,E725,E856
N13,E725,E902
N13,E725,E979
N13,E726,E801
N13,E726,E885
N13,E726,E941
N13,E726,E945
N13,E726,E991
N13,E727,E844
N13,E727,E859
N13,E727,E957
N13,E727,E965
N13,E729,E831
N13,E729,E835
N13,E729,E896
N13,E730,E929
N13,E733,E842
N13,E733,E905
N13,E735,E933
N13,E735,E946
N13,E735,E961
N13,E735,E995
N13,E736,E819
N13,E736,E955
N13,E736,E968
N13,E737,E853
N13,E737,E914
N13,E737,E967
N13,E738,E984
N13,E740,E911
N13,E741,E962
N13,E742,E893
N13,E742,E963
N13,E743,E909
N13,E743,E911
N13,E743,E924
N13,E744,E829
N13,E745,E981
N13,E745,E999
N13,E746,E845
N13,E746,E911
N13,E746,E919
N13,E746,E991
N13,E748,E808
N13,E748,E905
N13,E750,E803
N13,E750,E878
N13,E751,E927
N13,E752,E818
N13,E752,E838
N13,E752,E917
N13,E753,E957
N13,E754,E810
N13,E754,E868
N13,E755,E986
N13,E756,E818
N13,E757,E924
N13,E757,E945
N13,E757,E994
N13,E761,E843
N13,E762,E849
N13,E763,E963
N13,E765,E986
N13,E766,E858
N13,E766,E953
N13,E768,E815
N13,E768,E816
N13,E768,E832
N13,E768,E951
N13,E769,E823
N13,E769,E895
N13,E769,E970
N13,E770,E872
N13,E770,E959
N13,E770,E980
N13,E771,E876
N13,E771,E894
N13,E771,E994
N13,E772,E805
N13,E773,E837
N13,E773,E864
N13,E774,E969
N13,E775,E807
N13,E776,E853
N13,E777,E810
N13,E777,E912
N13,E778,E858
N13,E778,E900
N13,E779,E850
N13,E779,E875
N13,E779,E977
N13,E780,E809
N13,E780,E813
N13,E780,E947
N13,E781,E844
N13,E783,E800
N13,E783,E845
N13,E783,E933
N13,E783,E949
N13,E784,E825
N13,E784,E983
N13,E785,E802
N13,E785,E839
N13,E787,E960
N13,E788,E881
N13,E789,E840
N13,E789,E885
N13,E790,E827
N13,E790,E830
N13,E790,E851
N13,E792,E812
N13,E792,E920
N13,E792,E936
N13,E793,E841
N13,E793,E866
N13,E793,E958
N13,E794,E928
N13,E794,E977
N13,E794,E981
N13,E794,E992
N13,E795,E810
N13,E795,E880
N13,E795,E995
N13,E796,E815
N13,E796,E839
N13,E796,E957
N13,E797,E801
N13,E797,E887
N13,E797,E916
N13,E797,E970
N13,E798,E862
N13,E799,E829
N13,E799,E834
N13,E799,E871
N13,E799,E993
N14,E001,E252
N14,E001,E345
N14,E002,E286
N14,E006,E203
N14,E006,E220
N14,E006,E265
N14,E006,E282
N14,E006,E311
N14,E007,E228
N14,E007,E277
N14,E008,E246
N14,E010,E250
N14,E010,E280
N14,E011,E236
N14,E011,E253
N14,E011,E342
N14,E012,E249
N14,E013,E264
N14,E014,E203
N14,E014,E395
N14,E015,E285
N14,E016,E223
N14,E016,E301
N14,E018,E217
N14,E018,E225
N14,E018,E230
N14,E018,E291
N14,E018,E302
N14,E018,E324
N14,E019,E206
N14,E019,E272
N14,E019,E353
N14,E019,E398
N14,E020,E263
N14,E020,E355
N14,E021,E305
N14,E021,E330
N14,E022,E258
N14,E022,E266
N14,E023,E343
N14,E023,E348
N14,E025,E243
N14,E025,E281
N14,E025,E297
N14,E025,E339
N14,E025,E353
N14,E026,E259
N14,E026,E326
N14,E026,E379
N14,E028,E242
N14,E028,E331
N14,E029,E235
N14,E031,E212
N14,E032,E227
N14,E032,E229
N14,E032,E377
N14,E033,E284
N14,E033,E309
N14,E033,E364
N14,E034,E255
N14,E034,E362
N14,E035,E275
N14,E035,E293
N14,E036,E357
N14,E036,E370
N14,E037,E266
N14,E037,E392
N14,E037,E393
N14,E039,E268
N14,E039,E304
N14,E040,E249
N14,E041,E210
N14,E041,E238
N14,E041,E318
N14,E041,E378
N14,E042,E226
N14,E042,E303
N14,E042,E306
N14,E043,E320
N14,E045,E230
N14,E045,E265
N14,E045,E270
N14,E046,E346
N14,E047,E271
N14,E047,E305
N14,E047,E390
N14,E048,E333
N14,E048,E377
N14,E049,E330
N14,E051,E212
N14,E051,E358
N14,E052,E237
N14,E052,E335
N14,E053,E208
N14,E053,E243
N14,E053,E312
N14,E053,E334
N14,E054,E233
N14,E054,E307
N14,E055,E285
N14,E055,E371
N14,E056,E237
N14,E057,E249
N14,E057,E294
N14,E057,E388
N14,E059,E366
N14,E060,E228
N14,E060,E257
N14,E061,E351
N14,E061,E378
N14,E062,E204
N14,E062,E233
N14,E062,E316
N14,E064,E340
N14,E064,E358
N14,E065,E200
N14,E065,E223
N14,E065,E311
N14,E066,E204
N14,E066,E227
N14,E067,E243
N14,E067,E264
N14,E067,E269
N14,E067,E285
N14,E068,E283
N14,E068,E352
N14,E069,E236
N14,E070,E242
N14,E070,E337
N14,E070,E388
N14,E073,E219
N14,E073,E256
N14,E074,E226
N14,E074,E232
N14,E074,E244
N14,E074,E257
N14,E074,E302
N14,E075,E209
N14,E075,E218
N14,E075,E274
N14,E076,E234
N14,E077,E226
N14,E077,E279
N14,E077,E331
N14,E078,E365
N14,E078,E370
N14,E079,E231
N14,E079,E287
N14,E079,E359
N14,E079,E389
N14,E082,E223
N14,E082,E344
N14,E083,E311
N14,E084,E207
N14,E085,E231
N14,E085,E260
N14,E087,E321
N14,E087,E325
N14,E087,E363
N14,E087,E385
N14,E089,E352
N14,E090,E210
N14,E091,E287
N14,E092,E222
N14,E092,E228
N14,E092,E298
N14,E092,E378
N14,E093,E278
N14,E093,E297
N14,E093,E308
N14,E094,E234
N14,E094,E366
N14,E094,E393
N14,E095,E251
N14,E095,E267
N14,E095,E317
N14,E096,E215
N14,E096,E383
N14,E097,E343
N14,E098,E203
N14,E098,E297
N14,E100,E210
N14,E100,E213
N14,E100,E279
N14,E100,E319
N14,E101,E305
N14,E101,E363
N14,E102,E331
N14,E104,E293
N14,E104,E295
N14,E104,E327
N14,E104,E367
N14,E104,E385
N14,E104,E391
N14,E105,E214
N14,E105,E224
N14,E105,E373
N14,E106,E270
N14,E106,E278
N14,E106,E324
N14,E106,E353
N14,E107,E262
N14,E107,E346
N14,E108,E229
N14,E108,E280
N14,E108,E295
N14,E108,E314
N14,E108,E315
N14,E109,E339
N14,E110,E229
N14,E110,E319
N14,E110,E361
N14,E111,E225
N14,E111,E329
N14,E112,E380
N14,E113,E307
N14,E113,E350
N14,E114,E222
N14,E114,E358
N14,E114,E387
N14,E115,E261
N14,E115,E363
N14,E115,E371
N14,E115,E396
N14,E116,E248
N14,E118,E303
N14,E118,E357
N14,E118,E370
N14,E119,E238
N14,E119,E381
N14,E120,E254
N14,E123,E255
N14,E123,E281
N14,E123,E282
N14,E123,E304
N14,E123,E310
N14,E123,E318
N14,E123,E383
N14,E124,E293
N14,E124,E389
N14,E125,E327
N14,E126,E222
N14,E126,E318
N14,E126,E374
N14,E126,E395
N14,E127,E224
N14,E127,E330
N14,E127,E338
N14,E128,E216
N14,E129,E268
N14,E129,E367
N14,E130,E262
N14,E131,E386
N14,E132,E276
N14,E133,E221
N14,E134,E275
N14,E134,E360
N14,E135,E263
N14,E135,E310
N14,E136,E244
N14,E136,E263
N14,E136,E369
N14,E138,E235
N14,E138,E252
N14,E138,E356
N14,E139,E235
N14,E140,E231
N14,E140,E278
N14,E140,E399
N14,E142,E390
N14,E143,E354
N14,E144,E313
N14,E145,E202
N14,E145,E289
N14,E145,E290
N14,E145,E308
N14,E145,E336
N14,E146,E341
N14,E146,E368
N14,E146,E374
N14,E147,E239
N14,E147,E272
N14,E149,E262
N14,E149,E323
N14,E149,E356
N14,E150,E287
N14,E150,E397
N14,E151,E322
N14,E152,E275
N14,E152,E360
N14,E152,E372
N14,E153,E240
N14,E153,E316
N14,E153,E329
N14,E154,E303
N14,E154,E317
N14,E154,E364
N14,E154,E381
N14,E155,E206
N14,E155,E219
N14,E155,E346
N14,E156,E277
N14,E156,E316
N14,E156,E336
N14,E156,E365
N14,E157,E371
N14,E158,E254
N14,E158,E294
N14,E158,E300
N14,E159,E351
N14,E160,E211
N14,E160,E321
N14,E160,E388
N14,E161,E273
N14,E162,E205
N14,E162,E240
N14,E162,E242
N14,E162,E294
N14,E162,E315
N14,E163,E218
N14,E165,E301
N14,E165,E332
N14,E166,E207
N14,E168,E284
N14,E168,E288
N14,E168,E355
N14,E169,E237
N14,E169,E359
N14,E170,E326
N14,E170,E374
N14,E171,E212
N14,E171,E221
N14,E171,E292
N14,E171,E345
N14,E172,E276
N14,E172,E384
N14,E173,E211
N14,E173,E256
N14,E173,E260
N14,E173,E315
N14,E173,E343
N14,E174,E218
N14,E174,E234
N14,E174,E247
N14,E174,E259
N14,E174,E399
N14,E175,E286
N14,E175,E319
N14,E175,E349
N14,E176,E351
N14,E176,E361
N14,E177,E230
N14,E178,E201
N14,E178,E253
N14,E179,E251
N14,E179,E328
N14,E179,E393
N14,E181,E298
N14,E181,E377
N14,E183,E216
N14,E183,E245
N14,E184,E254
N14,E184,E329
N14,E185,E201
N14,E186,E326
N14,E186,E376
N14,E186,E392
N14,E187,E281
N14,E187,E352
N14,E187,E375
N14,E187,E383
N14,E189,E209
N14,E189,E236
N14,E189,E241
N14,E189,E304
N14,E190,E259
N14,E190,E379
N14,E190,E382
N14,E191,E283
N14,E191,E299
N14,E191,E310
N14,E191,E317
N14,E191,E355
N14,E191,E394
N14,E192,E239
N14,E192,E248
N14,E192,E260
N14,E193,E233
N14,E194,E201
N14,E194,E252
N14,E194,E345
N14,E194,E347
N14,E195,E200
N14,E195,E274
N14,E195,E296
N14,E195,E328
N14,E195,E367
N14,E196,E267
N14,E198,E276
N14,E198,E380
N14,E199,E325
N14,E200,E475
N14,E200,E595
N14,E201,E537
N14,E201,E580
N14,E202,E405
N14,E202,E408
N14,E202,E436
N14,E202,E444
N14,E203,E438
N14,E203,E447
N14,E203,E563
N14,E204,E403
N14,E204,E429
N14,E204,E477
N14,E205,E471
N14,E205,E565
N14,E206,E430
N14,E206,E432
N14,E206,E557
N14,E206,E561
N14,E206,E586
N14,E206,E589
N14,E207,E409
N14,E207,E419
N14,E207,E420
N14,E207,E515
N14,E207,E545
N14,E207,E569
N14,E208,E415
N14,E209,E474
N14,E209,E583
N14,E210,E497
N14,E211,E571
N14,E212,E484
N14,E212,E546
N14,E213,E542
N14,E214,E419
N14,E214,E535
N14,E217,E455
N14,E218,E422
N14,E218,E599
N14,E219,E465
N14,E220,E519
N14,E221,E476
N14,E221,E543
N14,E222,E441
N14,E222,E513
N14,E223,E456
N14,E223,E496
N14,E223,E599
N14,E224,E572
N14,E225,E446
N14,E226,E459
N14,E226,E576
N14,E226,E598
N14,E227,E455
N14,E227,E464
N14,E228,E544
N14,E228,E549
N14,E229,E426
N14,E229,E452
N14,E229,E483
N14,E229,E519
N14,E229,E528
N14,E230,E413
N14,E230,E494
N14,E231,E473
N14,E231,E478
N14,E231,E576
N14,E232,E401
N14,E232,E421
N14,E232,E518
N14,E232,E520
N14,E232,E536
N14,E233,E568
N14,E234,E523
N14,E234,E585
N14,E235,E407
N14,E235,E465
N14,E235,E493
N14,E235,E511
N14,E235,E519
N14,E235,E571
N14,E236,E547
N14,E236,E591
N14,E237,E416
N14,E237,E436
N14,E237,E475
N14,E237,E525
N14,E237,E539
N14,E238,E444
N14,E238,E517
N14,E238,E536
N14,E240,E431
N14,E240,E441
N14,E240,E564
N14,E240,E584
N14,E242,E437
N14,E242,E456
N14,E242,E562
N14,E243,E475
N14,E243,E494
N14,E243,E585
N14,E244,E528
N14,E245,E466
N14,E246,E433
N14,E246,E509
N14,E246,E533
N14,E247,E411
N14,E247,E531
N14,E247,E584
N14,E248,E507
N14,E250,E552
N14,E250,E591
N14,E251,E442
N14,E251,E470
N14,E252,E540
N14,E252,E593
N14,E254,E549
N14,E254,E597
N14,E256,E401
N14,E256,E402
N14,E256,E496
N14,E256,E513
N14,E256,E578
N14,E257,E424
N14,E260,E423
N14,E262,E411
N14,E262,E429
N14,E262,E471
N14,E263,E433
N14,E263,E501
N14,E264,E471
N14,E264,E484
N14,E264,E499
N14,E264,E528
N14,E265,E481
N14,E266,E416
N14,E266,E521
N14,E267,E583
N14,E268,E479
N14,E268,E551
N14,E268,E569
N14,E269,E431
N14,E269,E445
N14,E269,E469
N14,E269,E474
N14,E269,E484
N14,E269,E574
N14,E270,E573
N14,E271,E432
N14,E271,E492
N14,E271,E534
N14,E272,E440
N14,E273,E438
N14,E273,E586
N14,E274,E486
N14,E274,E499
N14,E275,E449
N14,E275,E467
N14,E276,E516
N14,E277,E468
N14,E277,E596
N14,E278,E436
N14,E278,E523
N14,E279,E410
N14,E279,E443
N14,E279,E521
N14,E279,E582
N14,E279,E590
N14,E280,E556
N14,E282,E404
N14,E282,E505
N14,E282,E514
N14,E282,E570
N14,E282,E574
N14,E283,E527
N14,E283,E595
N14,E284,E403
N14,E284,E522
N14,E285,E424
N14,E285,E523
N14,E286,E448
N14,E286,E514
N14,E287,E502
N14,E287,E512
N14,E289,E482
N14,E289,E485
N14,E289,E548
N14,E290,E423
N14,E291,E501
N14,E292,E454
N14,E294,E453
N14,E294,E486
N14,E294,E530
N14,E295,E460
N14,E296,E551
N14,E297,E472
N14,E297,E505
N14,E298,E442
N14,E298,E503
N14,E298,E515
N14,E299,E421
N14,E299,E443
N14,E299,E565
N14,E300,E414
N14,E301,E426
N14,E301,E531
N14,E302,E422
N14,E302,E570
N14,E305,E451
N14,E305,E503
N14,E306,E460
N14,E306,E467
N14,E306,E486
N14,E306,E560
N14,E308,E559
N14,E309,E433
N14,E309,E443
N14,E309,E449
N14,E309,E530
N14,E310,E487
N14,E311,E506
N14,E312,E437
N14,E313,E527
N14,E314,E442
N14,E314,E573
N14,E315,E493
N14,E315,E581
N14,E316,E406
N14,E316,E585
N14,E317,E418
N14,E317,E525
N14,E318,E400
N14,E318,E567
N14,E320,E446
N14,E320,E490
N14,E321,E482
N14,E321,E493
N14,E321,E510
N14,E322,E432
N14,E322,E447
N14,E322,E533
N14,E322,E578
N14,E323,E590
N14,E325,E400
N14,E326,E546
N14,E327,E477
N14,E327,E594
N14,E328,E462
N14,E329,E460
N14,E329,E504
N14,E329,E507
N14,E330,E529
N14,E331,E508
N14,E332,E501
N14,E332,E517
N14,E333,E532
N14,E333,E579
N14,E333,E582
N14,E334,E401
N14,E334,E592
N14,E335,E425
N14,E335,E478
N14,E336,E488
N14,E337,E431
N14,E337,E470
N14,E337,E522
N14,E339,E424
N14,E339,E477
N14,E339,E535
N14,E341,E461
N14,E341,E490
N14,E342,E495
N14,E343,E434
N14,E343,E435
N14,E343,E485
N14,E343,E526
N14,E344,E423
N14,E344,E446
N14,E344,E557
N14,E345,E541
N14,E346,E503
N14,E346,E567
N14,E347,E410
N14,E347,E516
N14,E347,E587
N14,E348,E416
N14,E348,E439
N14,E348,E500
N14,E348,E549
N14,E349,E544
N14,E349,E545
N14,E350,E408
N14,E350,E494
N14,E350,E568
N14,E353,E403
N14,E353,E445
N14,E353,E461
N14,E353,E555
N14,E353,E566
N14,E354,E434
N14,E354,E512
N14,E354,E513
N14,E355,E506
N14,E356,E417
N14,E356,E458
N14,E356,E545
N14,E356,E558
N14,E356,E599
N14,E357,E450
N14,E357,E491
N14,E357,E596
N14,E358,E425
N14,E358,E427
N14,E358,E457
N14,E358,E506
N14,E359,E452
N14,E359,E534
N14,E359,E577
N14,E360,E409
N14,E361,E455
N14,E361,E576
N14,E362,E502
N14,E362,E543
N14,E362,E557
N14,E363,E474
N14,E363,E554
N14,E365,E412
N14,E365,E482
N14,E365,E588
N14,E366,E466
N14,E366,E508
N14,E367,E555
N14,E367,E567
N14,E368,E473
N14,E368,E492
N14,E368,E516
N14,E368,E560
N14,E368,E592
N14,E369,E400
N14,E369,E408
N14,E369,E538
N14,E370,E422
N14,E370,E552
N14,E370,E581
N14,E371,E480
N14,E371,E553
N14,E372,E402
N14,E372,E449
N14,E372,E524
N14,E373,E463
N14,E373,E580
N14,E373,E594
N14,E374,E405
N14,E374,E472
N14,E374,E515
N14,E375,E578
N14,E375,E591
N14,E376,E498
N14,E377,E485
N14,E377,E505
N14,E377,E527
N14,E377,E550
N14,E378,E489
N14,E378,E555
N14,E378,E575
N14,E378,E582
N14,E379,E590
N14,E381,E568
N14,E382,E470
N14,E382,E517
N14,E382,E520
N14,E383,E413
N14,E386,E544
N14,E387,E483
N14,E388,E428
N14,E388,E456
N14,E389,E415
N14,E389,E580
N14,E390,E420
N14,E390,E510
N14,E390,E522
N14,E391,E469
N14,E391,E581
N14,E392,E402
N14,E392,E410
N14,E392,E476
N14,E394,E529
N14,E394,E589
N14,E396,E500
N14,E396,E511
N14,E396,E577
N14,E397,E434
N14,E397,E575
N14,E397,E583
N14,E399,E586
N14,E400,E613
N14,E400,E631
N14,E400,E663
N14,E401,E622
N14,E401,E682
N14,E401,E715
N14,E401,E767
N14,E401,E768
N14,E402,E751
N14,E403,E777
N14,E403,E778
N14,E404,E601
N14,E404,E683
N14,E404,E789
N14,E405,E711
N14,E405,E746
N14,E405,E750
N14,E405,E789
N14,E406,E611
N14,E406,E634
N14,E406,E643
N14,E406,E727
N14,E406,E758
N14,E407,E686
N14,E407,E786
N14,E409,E650
N14,E409,E667
N14,E410,E724
N14,E410,E730
N14,E410,E783
N14,E411,E624
N14,E411,E632
N14,E411,E682
N14,E411,E712
N14,E411,E724
N14,E412,E650
N14,E412,E662
N14,E412,E712
N14,E412,E718
N14,E412,E741
N14,E413,E605
N14,E415,E622
N14,E415,E623
N14,E415,E787
N14,E416,E621
N14,E416,E757
N14,E416,E765
N14,E417,E685
N14,E417,E693
N14,E417,E743
N14,E417,E759
N14,E417,E785
N14,E417,E786
N14,E417,E794
N14,E418,E707
N14,E418,E748
N14,E419,E633
N14,E419,E793
N14,E420,E629
N14,E420,E654
N14,E421,E601
N14,E421,E647
N14,E422,E605
N14,E422,E652
N14,E422,E682
N14,E423,E653
N14,E423,E676
N14,E423,E740
N14,E423,E794
N14,E424,E663
N14,E424,E767
N14,E425,E699
N14,E427,E623
N14,E428,E664
N14,E428,E740
N14,E429,E615
N14,E430,E693
N14,E431,E742
N14,E432,E626
N14,E432,E722
N14,E432,E741
N14,E433,E787
N14,E434,E617
N14,E434,E673
N14,E434,E757
N14,E435,E606
N14,E435,E720
N14,E436,E602
N14,E436,E648
N14,E436,E663
N14,E436,E719
N14,E436,E723
N14,E438,E687
N14,E439,E706
N14,E440,E632
N14,E440,E758
N14,E441,E755
N14,E441,E790
N14,E443,E685
N14,E443,E737
N14,E444,E651
N14,E444,E654
N14,E444,E733
N14,E444,E760
N14,E445,E784
N14,E446,E738
N14,E447,E748
N14,E447,E756
N14,E448,E678
N14,E448,E704
N14,E448,E731
N14,E448,E740
N14,E449,E620
N14,E449,E772
N14,E449,E777
N14,E450,E726
N14,E450,E772
N14,E451,E720
N14,E451,E763
N14,E451,E785
N14,E452,E722
N14,E452,E775
N14,E453,E680
N14,E453,E714
N14,E453,E719
N14,E453,E739
N14,E454,E627
N14,E454,E691
N14,E454,E774
N14,E454,E789
N14,E455,E685
N14,E455,E721
N14,E455,E751
N14,E457,E755
N14,E457,E791
N14,E458,E721
N14,E458,E771
N14,E459,E630
N14,E460,E710
N14,E461,E640
N14,E461,E764
N14,E461,E769
N14,E463,E632
N14,E464,E747
N14,E464,E778
N14,E465,E614
N14,E465,E626
N14,E466,E644
N14,E466,E669
N14,E466,E799
N14,E467,E655
N14,E467,E760
N14,E468,E639
N14,E468,E695
N14,E468,E745
N14,E469,E651
N14,E469,E699
N14,E469,E705
N14,E469,E730
N14,E470,E668
N14,E470,E780
N14,E471,E704
N14,E472,E641
N14,E473,E614
N14,E473,E661
N14,E473,E672
N14,E474,E628
N14,E474,E642
N14,E474,E701
N14,E474,E709
N14,E474,E736
N14,E475,E649
N14,E475,E692
N14,E475,E743
N14,E476,E615
N14,E476,E684
N14,E476,E705
N14,E476,E753
N14,E477,E627
N14,E477,E797
N14,E478,E675
N14,E478,E697
N14,E478,E769
N14,E479,E741
N14,E480,E600
N14,E480,E694
N14,E480,E729
N14,E480,E753
N14,E481,E686
N14,E481,E691
N14,E481,E799
N14,E482,E643
N14,E482,E710
N14,E483,E666
N14,E483,E717
N14,E483,E734
N14,E485,E613
N14,E485,E679
N14,E486,E627
N14,E486,E656
N14,E486,E658
N14,E486,E670
N14,E490,E710
N14,E491,E613
N14,E491,E633
N14,E491,E779
N14,E492,E696
N14,E492,E761
N14,E493,E687
N14,E493,E708
N14,E493,E779
N14,E494,E637
N14,E494,E723
N14,E494,E758
N14,E495,E635
N14,E495,E688
N14,E495,E746
N14,E496,E609
N14,E497,E622
N14,E498,E612
N14,E498,E653
N14,E498,E665
N14,E498,E686
N14,E499,E659
N14,E499,E694
N14,E501,E667
N14,E501,E670
N14,E501,E672
N14,E501,E755
N14,E502,E620
N14,E502,E714
N14,E502,E748
N14,E503,E628
N14,E503,E788
N14,E506,E601
N14,E506,E695
N14,E506,E770
N14,E507,E642
N14,E507,E796
N14,E508,E620
N14,E508,E702
N14,E509,E773
N14,E509,E788
N14,E510,E638
N14,E511,E746
N14,E512,E696
N14,E512,E725
N14,E513,E618
N14,E513,E706
N14,E513,E797
N14,E514,E726
N14,E514,E727
N14,E515,E624
N14,E515,E730
N14,E516,E600
N14,E516,E657
N14,E517,E761
N14,E518,E637
N14,E518,E642
N14,E518,E660
N14,E518,E676
N14,E518,E681
N14,E518,E799
N14,E519,E608
N14,E520,E744
N14,E522,E701
N14,E522,E705
N14,E522,E715
N14,E523,E694
N14,E523,E793
N14,E524,E684
N14,E524,E759
N14,E524,E795
N14,E525,E611
N14,E525,E717
N14,E526,E687
N14,E526,E713
N14,E527,E678
N14,E528,E683
N14,E528,E713
N14,E528,E768
N14,E529,E728
N14,E530,E737
N14,E530,E781
N14,E531,E671
N14,E531,E703
N14,E532,E676
N14,E533,E609
N14,E533,E733
N14,E533,E795
N14,E534,E619
N14,E534,E647
N14,E534,E747
N14,E535,E702
N14,E536,E688
N14,E537,E604
N14,E537,E727
N14,E538,E714
N14,E538,E762
N14,E538,E782
N14,E538,E797
N14,E539,E604
N14,E539,E662
N14,E540,E608
N14,E540,E754
N14,E541,E621
N14,E542,E695
N14,E542,E701
N14,E543,E607
N14,E543,E671
N14,E543,E752
N14,E544,E738
N14,E544,E798
N14,E545,E618
N14,E545,E675
N14,E546,E636
N14,E546,E680
N14,E546,E745
N14,E547,E732
N14,E549,E617
N14,E549,E659
N14,E550,E684
N14,E551,E645
N14,E551,E732
N14,E551,E742
N14,E552,E607
N14,E552,E680
N14,E552,E720
N14,E552,E762
N14,E554,E631
N14,E555,E708
N14,E555,E731
N14,E555,E777
N14,E556,E721
N14,E558,E658
N14,E558,E688
N14,E559,E615
N14,E559,E681
N14,E560,E610
N14,E561,E692
N14,E562,E623
N14,E562,E639
N14,E562,E641
N14,E562,E698
N14,E562,E744
N14,E562,E747
N14,E563,E610
N14,E563,E648
N14,E563,E674
N14,E564,E793
N14,E565,E735
N14,E565,E743
N14,E565,E768
N14,E566,E726
N14,E566,E735
N14,E566,E763
N14,E567,E618
N14,E567,E655
N14,E567,E749
N14,E567,E778
N14,E568,E631
N14,E568,E771
N14,E568,E783
N14,E569,E616
N14,E569,E742
N14,E569,E792
N14,E571,E708
N14,E571,E716
N14,E574,E600
N14,E574,E646
N14,E574,E772
N14,E575,E603
N14,E575,E666
N14,E576,E630
N14,E576,E670
N14,E576,E766
N14,E576,E790
N14,E577,E674
N14,E578,E788
N14,E579,E689
N14,E579,E732
N14,E580,E633
N14,E581,E738
N14,E582,E744
N14,E582,E754
N14,E583,E787
N14,E584,E603
N14,E584,E784
N14,E585,E750
N14,E585,E779
N14,E586,E616
N14,E586,E731
N14,E587,E776
N14,E588,E767
N14,E589,E666
N14,E589,E704
N14,E589,E725
N14,E589,E749
N14,E590,E628
N14,E590,E652
N14,E590,E655
N14,E590,E754
N14,E591,E677
N14,E592,E639
N14,E592,E760
N14,E593,E625
N14,E593,E692
N14,E593,E770
N14,E594,E739
N14,E594,E751
N14,E594,E790
N14,E595,E611
N14,E595,E699
N14,E595,E700
N14,E595,E773
N14,E595,E781
N14,E596,E677
N14,E596,E750
N14,E597,E608
N14,E597,E630
N14,E597,E753
N14,E598,E690
N14,E598,E739
N14,E599,E667
N14,E599,E761
N14,E600,E895
N14,E600,E939
N14,E601,E915
N14,E602,E802
N14,E602,E849
N14,E603,E834
N14,E603,E972
N14,E603,E990
N14,E605,E955
N14,E605,E987
N14,E605,E992
N14,E606,E898
N14,E606,E931
N14,E606,E936
N14,E607,E801
N14,E608,E936
N14,E609,E939
N14,E610,E965
N14,E611,E805
N14,E611,E821
N14,E612,E809
N14,E612,E898
N14,E612,E910
N14,E612,E954
N14,E612,E964
N14,E613,E827
N14,E613,E857
N14,E613,E864
N14,E613,E904
N14,E613,E917
N14,E614,E930
N14,E615,E821
N14,E615,E831
N14,E615,E887
N14,E615,E942
N14,E616,E882
N14,E616,E901
N14,E616,E914
N14,E616,E935
N14,E616,E941
N14,E617,E814
N14,E617,E952
N14,E618,E888
N14,E618,E936
N14,E619,E818
N14,E619,E850
N14,E619,E918
N14,E619,E933
N14,E619,E982
N14,E620,E899
N14,E620,E906
N14,E621,E836
N14,E621,E873
N14,E622,E862
N14,E623,E800
N14,E624,E931
N14,E625,E800
N14,E625,E837
N14,E625,E908
N14,E625,E943
N14,E626,E830
N14,E626,E974
N14,E627,E840
N14,E627,E853
N14,E627,E891
N14,E627,E929
N14,E628,E815
N14,E628,E934
N14,E629,E828
N14,E631,E815
N14,E631,E905
N14,E632,E838
N14,E632,E839
N14,E632,E931
N14,E633,E811
N14,E633,E872
N14,E633,E902
N14,E633,E971
N14,E634,E838
N14,E634,E995
N14,E635,E800
N14,E635,E844
N14,E635,E856
N14,E635,E876
N14,E636,E822
N14,E636,E844
N14,E636,E880
N14,E636,E913
N14,E636,E937
N14,E637,E953
N14,E637,E993
N14,E638,E812
N14,E638,E845
N14,E638,E860
N14,E638,E926
N14,E638,E986
N14,E639,E909
N14,E639,E945
N14,E640,E835
N14,E641,E814
N14,E641,E900
N14,E642,E888
N14,E644,E903
N14,E645,E856
N14,E646,E873
N14,E646,E910
N14,E647,E810
N14,E647,E826
N14,E647,E832
N14,E647,E861
N14,E647,E944
N14,E648,E869
N14,E648,E912
N14,E648,E943
N14,E649,E801
N14,E649,E871
N14,E650,E889
N14,E650,E968
N14,E652,E920
N14,E654,E827
N14,E654,E877
N14,E654,E948
N14,E654,E965
N14,E655,E824
N14,E655,E855
N14,E655,E884
N14,E657,E850
N14,E657,E885
N14,E658,E915
N14,E658,E938
N14,E659,E991
N14,E660,E875
N14,E660,E916
N14,E660,E924
N14,E661,E992
N14,E662,E832
N14,E662,E843
N14,E662,E870
N14,E662,E922
N14,E662,E998
N14,E663,E858
N14,E663,E928
N14,E664,E842
N14,E665,E957
N14,E665,E960
N14,E666,E824
N14,E666,E875
N14,E666,E879
N14,E667,E813
N14,E667,E865
N14,E667,E912
N14,E667,E976
N14,E667,E981
N14,E668,E803
N14,E668,E845
N14,E668,E969
N14,E669,E869
N14,E669,E956
N14,E669,E980
N14,E671,E807
N14,E671,E828
N14,E671,E864
N14,E671,E907
N14,E671,E927
N14,E672,E803
N14,E672,E850
N14,E673,E837
N14,E673,E877
N14,E676,E838
N14,E676,E893
N14,E676,E927
N14,E676,E984
N14,E677,E892
N14,E678,E917
N14,E678,E983
N14,E679,E934
N14,E680,E845
N14,E680,E907
N14,E680,E948
N14,E681,E839
N14,E681,E981
N14,E682,E846
N14,E682,E881
N14,E682,E996
N14,E683,E828
N14,E683,E953
N14,E684,E894
N14,E684,E987
N14,E684,E999
N14,E685,E903
N14,E685,E998
N14,E686,E870
N14,E686,E979
N14,E688,E902
N14,E688,E965
N14,E688,E967
N14,E689,E831
N14,E689,E944
N14,E689,E957
N14,E689,E987
N14,E689,E988
N14,E689,E991
N14,E690,E991
N14,E691,E804
N14,E691,E953
N14,E692,E854
N14,E693,E876
N14,E694,E834
N14,E694,E919
N14,E694,E985
N14,E695,E992
N14,E696,E832
N14,E696,E959
N14,E697,E823
N14,E697,E883
N14,E698,E823
N14,E698,E890
N14,E699,E962
N14,E700,E833
N14,E701,E960
N14,E701,E997
N14,E702,E859
N14,E702,E882
N14,E703,E969
N14,E704,E803
N14,E705,E947
N14,E705,E999
N14,E706,E808
N14,E707,E819
N14,E707,E865
N14,E709,E861
N14,E710,E937
N14,E711,E983
N14,E712,E905
N14,E713,E971
N14,E714,E918
N14,E714,E922
N14,E714,E973
N14,E715,E806
N14,E715,E840
N14,E715,E917
N14,E716,E809
N14,E716,E823
N14,E716,E958
N14,E717,E806
N14,E717,E977
N14,E718,E889
N14,E718,E945
N14,E719,E886
N14,E720,E841
N14,E720,E919
N14,E721,E888
N14,E721,E979
N14,E721,E986
N14,E723,E873
N14,E723,E893
N14,E724,E925
N14,E725,E897
N14,E725,E971
N14,E726,E982
N14,E727,E857
N14,E727,E880
N14,E727,E901
N14,E727,E989
N14,E728,E801
N14,E728,E881
N14,E730,E941
N14,E731,E920
N14,E731,E956
N14,E731,E960
N14,E732,E814
N14,E732,E868
N14,E733,E902
N14,E734,E897
N14,E734,E999
N14,E735,E825
N14,E735,E851
N14,E735,E860
N14,E735,E975
N14,E736,E925
N14,E738,E852
N14,E738,E951
N14,E739,E819
N14,E739,E843
N14,E739,E912
N14,E739,E930
N14,E739,E998
N14,E740,E878
N14,E740,E884
N14,E740,E906
N14,E740,E920
N14,E740,E949
N14,E742,E840
N14,E742,E894
N14,E742,E950
N14,E743,E911
N14,E743,E942
N14,E743,E950
N14,E744,E824
N14,E744,E825
N14,E744,E900
N14,E744,E924
N14,E745,E887
N14,E745,E889
N14,E745,E895
N14,E745,E934
N14,E745,E942
N14,E746,E898
N14,E746,E994
N14,E747,E894
N14,E747,E946
N14,E747,E961
N14,E748,E855
N14,E748,E872
N14,E748,E983
N14,E749,E996
N14,E750,E954
N14,E750,E994
N14,E751,E830
N14,E751,E834
N14,E751,E879
N14,E752,E944
N14,E753,E825
N14,E753,E871
N14,E753,E968
N14,E753,E989
N14,E753,E996
N14,E754,E820
N14,E754,E829
N14,E754,E852
N14,E755,E874
N14,E755,E923
N14,E756,E816
N14,E756,E956
N14,E757,E857
N14,E757,E966
N14,E757,E980
N14,E757,E997
N14,E760,E911
N14,E760,E966
N14,E761,E875
N14,E761,E882
N14,E762,E896
N14,E762,E924
N14,E762,E932
N14,E763,E904
N14,E763,E913
N14,E763,E974
N14,E765,E940
N14,E766,E817
N14,E766,E819
N14,E767,E802
N14,E767,E836
N14,E767,E922
N14,E767,E963
N14,E768,E811
N14,E769,E923
N14,E770,E945
N14,E770,E961
N14,E771,E848
N14,E771,E947
N14,E772,E847
N14,E773,E804
N14,E774,E806
N14,E774,E846
N14,E775,E854
N14,E775,E997
N14,E776,E872
N14,E776,E954
N14,E777,E804
N14,E777,E874
N14,E779,E856
N14,E779,E866
N14,E779,E972
N14,E780,E970
N14,E781,E886
N14,E782,E820
N14,E782,E955
N14,E783,E896
N14,E784,E862
N14,E784,E959
N14,E784,E978
N14,E785,E863
N14,E786,E921
N14,E788,E976
N14,E789,E839
N14,E789,E951
N14,E789,E975
N14,E790,E868
N14,E790,E964
N14,E790,E968
N14,E791,E962
N14,E792,E826
N14,E792,E865
N14,E792,E959
N14,E793,E866
N14,E793,E870
N14,E794,E842
N14,E794,E950
N14,E795,E848
N14,E795,E929
N14,E795,E957
N14,E796,E820
N14,E796,E943
N14,E798,E867
N14,E799,E974
N15,E000,E306
N15,E000,E343
N15,E000,E367
N15,E001,E200
N15,E001,E206
N15,E001,E349
N15,E001,E363
N15,E002,E231
N15,E002,E303
N15,E002,E337
N15,E003,E261
N15,E004,E232
N15,E004,E253
N15,E005,E226
N15,E006,E263
N15,E008,E214
N15,E008,E230
N15,E008,E387
N15,E009,E275
N15,E009,E382
N15,E010,E239
N15,E010,E270
N15,E010,E342
N15,E011,E280
N15,E012,E223
N15,E012,E281
N15,E012,E335
N15,E013,E254
N15,E014,E211
N15,E014,E321
N15,E014,E399
N15,E015,E228
N15,E015,E234
N15,E015,E242
N15,E015,E296
N15,E016,E219
N15,E017,E368
N15,E018,E227
N15,E018,E284
N15,E018,E290
N15,E018,E317
N15,E018,E359
N15,E019,E261
N15,E019,E298
N15,E019,E307
N15,E019,E370
N15,E022,E214
N15,E024,E229
N15,E024,E246
N15,E024,E354
N15,E025,E301
N15,E026,E290
N15,E026,E397
N15,E027,E297
N15,E028,E218
N15,E028,E271
N15,E028,E318
N15,E029,E299
N15,E029,E331
N15,E029,E388
N15,E031,E237
N15,E031,E239
N15,E031,E255
N15,E031,E336
N15,E032,E334
N15,E032,E339
N15,E033,E229
N15,E034,E341
N15,E034,E392
N15,E034,E393
N15,E035,E351
N15,E036,E209
N15,E036,E323
N15,E037,E208
N15,E037,E333
N15,E037,E350
N15,E037,E369
N15,E037,E399
N15,E038,E228
N15,E038,E257
N15,E038,E317
N15,E039,E258
N15,E039,E265
N15,E041,E277
N15,E041,E311
N15,E041,E314
N15,E041,E330
N15,E041,E361
N15,E042,E235
N15,E042,E302
N15,E042,E312
N15,E042,E357
N15,E043,E320
N15,E044,E203
N15,E044,E265
N15,E044,E357
N15,E045,E391
N15,E045,E397
N15,E046,E356
N15,E047,E211
N15,E048,E246
N15,E048,E340
N15,E049,E247
N15,E049,E324
N15,E050,E306
N15,E050,E372
N15,E050,E389
N15,E050,E394
N15,E051,E249
N15,E052,E218
N15,E052,E236
N15,E052,E313
N15,E054,E252
N15,E056,E219
N15,E056,E289
N15,E056,E308
N15,E056,E325
N15,E058,E256
N15,E058,E374
N15,E059,E333
N15,E059,E393
N15,E061,E200
N15,E061,E237
N15,E061,E248
N15,E061,E310
N15,E062,E211
N15,E062,E259
N15,E062,E309
N15,E063,E208
N15,E063,E364
N15,E063,E368
N15,E063,E379
N15,E064,E204
N15,E064,E362
N15,E064,E369
N15,E065,E200
N15,E065,E312
N15,E066,E263
N15,E067,E322
N15,E067,E352
N15,E068,E396
N15,E069,E292
N15,E070,E279
N15,E070,E334
N15,E070,E398
N15,E071,E379
N15,E073,E269
N15,E073,E328
N15,E073,E330
N15,E073,E399
N15,E074,E244
N15,E074,E250
N15,E074,E270
N15,E074,E301
N15,E074,E332
N15,E074,E384
N15,E075,E239
N15,E076,E284
N15,E076,E333
N15,E076,E374
N15,E076,E376
N15,E077,E256
N15,E077,E301
N15,E077,E350
N15,E079,E311
N15,E079,E328
N15,E079,E364
N15,E080,E308
N15,E080,E338
N15,E080,E362
N15,E080,E396
N15,E081,E276
N15,E081,E309
N15,E084,E374
N15,E084,E377
N15,E085,E292
N15,E086,E274
N15,E086,E351
N15,E086,E372
N15,E087,E321
N15,E087,E365
N15,E088,E294
N15,E089,E295
N15,E089,E313
N15,E090,E234
N15,E090,E340
N15,E090,E345
N15,E090,E366
N15,E091,E213
N15,E091,E228
N15,E091,E306
N15,E091,E363
N15,E092,E279
N15,E093,E313
N15,E093,E337
N15,E094,E209
N15,E094,E278
N15,E094,E364
N15,E095,E315
N15,E096,E285
N15,E096,E288
N15,E096,E332
N15,E096,E392
N15,E097,E385
N15,E098,E248
N15,E098,E365
N15,E099,E260
N15,E100,E221
N15,E100,E272
N15,E101,E227
N15,E101,E303
N15,E101,E345
N15,E101,E359
N15,E102,E254
N15,E102,E398
N15,E103,E346
N15,E105,E243
N15,E105,E266
N15,E106,E276
N15,E107,E241
N15,E107,E283
N15,E108,E201
N15,E108,E245
N15,E108,E344
N15,E109,E267
N15,E110,E249
N15,E110,E280
N15,E110,E281
N15,E110,E360
N15,E112,E307
N15,E113,E224
N15,E114,E355
N15,E114,E393
N15,E116,E334
N15,E116,E385
N15,E117,E217
N15,E118,E212
N15,E118,E312
N15,E119,E203
N15,E119,E294
N15,E120,E205
N15,E121,E365
N15,E122,E221
N15,E122,E305
N15,E122,E353
N15,E122,E373
N15,E123,E241
N15,E123,E386
N15,E124,E262
N15,E124,E280
N15,E125,E222
N15,E125,E256
N15,E125,E276
N15,E127,E257
N15,E127,E378
N15,E128,E381
N15,E129,E298
N15,E130,E213
N15,E130,E314
N15,E131,E203
N15,E132,E356
N15,E133,E219
N15,E134,E210
N15,E134,E377
N15,E134,E395
N15,E135,E271
N15,E135,E363
N15,E135,E377
N15,E136,E278
N15,E136,E337
N15,E136,E347
N15,E137,E289
N15,E137,E317
N15,E138,E296
N15,E138,E305
N15,E138,E326
N15,E139,E215
N15,E139,E230
N15,E140,E293
N15,E141,E319
N15,E142,E232
N15,E142,E263
N15,E143,E209
N15,E143,E310
N15,E143,E369
N15,E144,E235
N15,E144,E288
N15,E144,E324
N15,E144,E376
N15,E145,E339
N15,E145,E344
N15,E146,E271
N15,E146,E344
N15,E147,E387
N15,E148,E356
N15,E148,E383
N15,E149,E216
N15,E149,E247
N15,E150,E205
N15,E150,E321
N15,E150,E385
N15,E151,E215
N15,E151,E300
N15,E152,E255
N15,E152,E383
N15,E153,E257
N15,E154,E327
N15,E154,E398
N15,E155,E264
N15,E156,E264
N15,E156,E281
N15,E156,E286
N15,E157,E289
N15,E157,E305
N15,E157,E375
N15,E158,E202
N15,E158,E299
N15,E160,E225
N15,E162,E212
N15,E162,E287
N15,E162,E329
N15,E162,E342
N15,E163,E282
N15,E163,E285
N15,E163,E304
N15,E163,E373
N15,E163,E390
N15,E164,E248
N15,E164,E371
N15,E166,E234
N15,E166,E238
N15,E167,E259
N15,E168,E273
N15,E168,E345
N15,E168,E368
N15,E170,E226
N15,E171,E318
N15,E171,E351
N15,E173,E202
N15,E173,E224
N15,E173,E268
N15,E173,E304
N15,E174,E336
N15,E174,E346
N15,E174,E353
N15,E174,E378
N15,E174,E387
N15,E176,E287
N15,E176,E318
N15,E177,E262
N15,E177,E328
N15,E177,E358
N15,E178,E240
N15,E178,E252
N15,E179,E204
N15,E179,E253
N15,E180,E249
N15,E180,E394
N15,E181,E310
N15,E182,E342
N15,E182,E392
N15,E184,E220
N15,E184,E336
N15,E185,E208
N15,E185,E226
N15,E186,E236
N15,E187,E348
N15,E188,E303
N15,E189,E311
N15,E189,E316
N15,E189,E330
N15,E189,E359
N15,E191,E221
N15,E191,E231
N15,E191,E233
N15,E191,E353
N15,E191,E367
N15,E192,E207
N15,E192,E262
N15,E192,E265
N15,E193,E366
N15,E194,E395
N15,E195,E324
N15,E196,E218
N15,E196,E229
N15,E197,E251
N15,E197,E294
N15,E197,E347
N15,E198,E210
N15,E198,E224
N15,E198,E380
N15,E199,E235
N15,E199,E291
N15,E200,E407
N15,E200,E432
N15,E200,E458
N15,E200,E572
N15,E201,E435
N15,E201,E457
N15,E201,E570
N15,E202,E441
N15,E202,E456
N15,E203,E530
N15,E203,E563
N15,E204,E477
N15,E204,E591
N15,E205,E543
N15,E207,E437
N15,E207,E444
N15,E207,E536
N15,E207,E574
N15,E208,E539
N15,E208,E586
N15,E209,E442
N15,E210,E425
N15,E210,E541
N15,E212,E426
N15,E212,E559
N15,E212,E576
N15,E214,E449
N15,E214,E525
N15,E214,E539
N15,E215,E427
N15,E215,E505
N15,E215,E546
N15,E215,E580
N15,E216,E491
N15,E216,E519
N15,E217,E453
N15,E218,E416
N15,E219,E459
N15,E219,E463
N15,E219,E472
N15,E221,E419
N15,E221,E436
N15,E222,E584
N15,E223,E478
N15,E224,E587
N15,E226,E465
N15,E226,E585
N15,E227,E410
N15,E227,E454
N15,E228,E402
N15,E228,E431
N15,E230,E589
N15,E232,E462
N15,E232,E524
N15,E232,E540
N15,E233,E415
N15,E233,E452
N15,E233,E548
N15,E234,E438
N15,E234,E557
N15,E235,E502
N15,E236,E407
N15,E238,E581
N15,E239,E490
N15,E239,E547
N15,E240,E496
N15,E240,E532
N15,E240,E564
N15,E240,E570
N15,E241,E497
N15,E241,E553
N15,E241,E565
N15,E241,E581
N15,E242,E494
N15,E242,E560
N15,E242,E587
N15,E243,E423
N15,E243,E517
N15,E243,E553
N15,E245,E470
N15,E245,E594
N15,E246,E455
N15,E246,E552
N15,E247,E547
N15,E247,E576
N15,E248,E524
N15,E248,E588
N15,E249,E453
N15,E249,E523
N15,E250,E471
N15,E250,E551
N15,E250,E567
N15,E251,E435
N15,E251,E439
N15,E251,E455
N15,E252,E447
N15,E255,E471
N15,E257,E495
N15,E258,E520
N15,E258,E532
N15,E258,E566
N15,E258,E577
N15,E259,E413
N15,E259,E456
N15,E259,E465
N15,E259,E503
N15,E259,E544
N15,E261,E476
N15,E262,E488
N15,E263,E429
N15,E263,E542
N15,E264,E477
N15,E264,E558
N15,E264,E595
N15,E265,E481
N15,E265,E490
N15,E266,E419
N15,E266,E596
N15,E267,E482
N15,E268,E494
N15,E268,E541
N15,E268,E563
N15,E269,E420
N15,E269,E493
N15,E270,E426
N15,E271,E582
N15,E272,E404
N15,E272,E408
N15,E272,E409
N15,E272,E446
N15,E273,E506
N15,E273,E540
N15,E275,E515
N15,E275,E566
N15,E275,E571
N15,E276,E428
N15,E276,E546
N15,E276,E550
N15,E277,E512
N15,E277,E545
N15,E278,E501
N15,E281,E407
N15,E282,E402
N15,E282,E430
N15,E282,E558
N15,E282,E562
N15,E283,E476
N15,E283,E488
N15,E283,E579
N15,E284,E554
N15,E285,E466
N15,E287,E500
N15,E287,E542
N15,E288,E456
N15,E288,E543
N15,E289,E425
N15,E289,E520
N15,E290,E495
N15,E290,E498
N15,E290,E590
N15,E291,E421
N15,E291,E427
N15,E291,E457
N15,E291,E459
N15,E291,E512
N15,E293,E414
N15,E293,E508
N15,E293,E521
N15,E293,E535
N15,E294,E411
N15,E294,E428
N15,E295,E400
N15,E295,E412
N15,E295,E593
N15,E296,E429
N15,E296,E473
N15,E296,E555
N15,E296,E562
N15,E296,E567
N15,E296,E590
N15,E297,E434
N15,E297,E479
N15,E297,E485
N15,E298,E435
N15,E298,E445
N15,E298,E586
N15,E299,E431
N15,E299,E511
N15,E299,E544
N15,E300,E424
N15,E300,E482
N15,E300,E509
N15,E300,E523
N15,E300,E573
N15,E301,E432
N15,E301,E546
N15,E301,E566
N15,E302,E480
N15,E302,E507
N15,E302,E535
N15,E302,E588
N15,E303,E433
N15,E303,E471
N15,E303,E510
N15,E304,E417
N15,E304,E473
N15,E304,E513
N15,E304,E530
N15,E304,E576
N15,E304,E592
N15,E305,E401
N15,E305,E507
N15,E306,E482
N15,E306,E560
N15,E307,E492
N15,E307,E522
N15,E307,E578
N15,E310,E422
N15,E310,E484
N15,E310,E504
N15,E310,E561
N15,E310,E564
N15,E310,E580
N15,E310,E588
N15,E312,E410
N15,E312,E504
N15,E313,E451
N15,E313,E464
N15,E313,E497
N15,E313,E592
N15,E314,E418
N15,E315,E458
N15,E315,E468
N15,E316,E457
N15,E317,E452
N15,E317,E593
N15,E318,E463
N15,E319,E461
N15,E319,E467
N15,E319,E492
N15,E319,E526
N15,E320,E468
N15,E321,E408
N15,E321,E519
N15,E322,E408
N15,E323,E428
N15,E323,E450
N15,E323,E475
N15,E323,E598
N15,E324,E479
N15,E325,E549
N15,E325,E557
N15,E325,E590
N15,E326,E409
N15,E326,E460
N15,E326,E487
N15,E327,E437
N15,E327,E446
N15,E327,E448
N15,E327,E502
N15,E327,E574
N15,E328,E529
N15,E329,E423
N15,E329,E432
N15,E329,E538
N15,E329,E594
N15,E330,E492
N15,E330,E508
N15,E330,E527
N15,E331,E434
N15,E331,E440
N15,E331,E441
N15,E331,E529
N15,E331,E598
N15,E332,E491
N15,E332,E494
N15,E332,E569
N15,E333,E417
N15,E333,E567
N15,E333,E599
N15,E334,E430
N15,E334,E535
N15,E334,E575
N15,E336,E419
N15,E336,E458
N15,E336,E509
N15,E337,E405
N15,E337,E545
N15,E338,E469
N15,E338,E484
N15,E338,E597
N15,E339,E474
N15,E340,E406
N15,E340,E450
N15,E340,E521
N15,E340,E534
N15,E342,E513
N15,E342,E523
N15,E343,E431
N15,E343,E543
N15,E344,E455
N15,E345,E516
N15,E346,E436
N15,E347,E467
N15,E348,E400
N15,E348,E468
N15,E348,E536
N15,E349,E424
N15,E349,E441
N15,E349,E486
N15,E349,E500
N15,E349,E518
N15,E350,E433
N15,E350,E439
N15,E351,E423
N15,E351,E584
N15,E352,E495
N15,E352,E533
N15,E353,E400
N15,E354,E476
N15,E354,E510
N15,E355,E486
N15,E355,E586
N15,E356,E575
N15,E357,E485
N15,E358,E571
N15,E359,E409
N15,E359,E593
N15,E359,E594
N15,E360,E497
N15,E361,E418
N15,E361,E500
N15,E361,E534
N15,E362,E410
N15,E362,E453
N15,E362,E498
N15,E362,E557
N15,E362,E574
N15,E363,E499
N15,E365,E403
N15,E365,E572
N15,E366,E404
N15,E366,E464
N15,E366,E504
N15,E367,E406
N15,E367,E477
N15,E368,E438
N15,E368,E502
N15,E368,E570
N15,E369,E562
N15,E370,E406
N15,E370,E418
N15,E370,E434
N15,E370,E459
N15,E370,E511
N15,E371,E437
N15,E371,E512
N15,E372,E478
N15,E372,E578
N15,E373,E483
N15,E373,E597
N15,E374,E551
N15,E374,E585
N15,E375,E531
N15,E377,E424
N15,E377,E542
N15,E378,E417
N15,E378,E581
N15,E378,E583
N15,E379,E565
N15,E381,E573
N15,E382,E537
N15,E382,E553
N15,E382,E572
N15,E383,E415
N15,E383,E474
N15,E384,E446
N15,E384,E596
N15,E385,E430
N15,E385,E514
N15,E385,E599
N15,E387,E462
N15,E387,E479
N15,E387,E510
N15,E388,E518
N15,E389,E402
N15,E389,E464
N15,E389,E598
N15,E390,E442
N15,E390,E466
N15,E390,E470
N15,E390,E568
N15,E391,E405
N15,E391,E498
N15,E392,E489
N15,E392,E522
N15,E393,E451
N15,E393,E526
N15,E393,E552
N15,E394,E443
N15,E394,E528
N15,E394,E556
N15,E394,E596
N15,E395,E496
N15,E396,E429
N15,E397,E531
N15,E398,E511
N15,E400,E719
N15,E401,E703
N15,E401,E781
N15,E403,E609
N15,E403,E688
N15,E403,E743
N15,E404,E672
N15,E404,E745
N15,E405,E653
N15,E405,E725
N15,E405,E742
N15,E405,E791
N15,E406,E607
N15,E406,E736
N15,E407,E605
N15,E408,E611
N15,E408,E631
N15,E408,E714
N15,E408,E768
N15,E409,E795
N15,E410,E600
N15,E410,E626
N15,E410,E655
N15,E411,E634
N15,E411,E699
N15,E411,E700
N15,E413,E776
N15,E414,E670
N15,E414,E734
N15,E415,E730
N15,E415,E753
N15,E416,E613
N15,E416,E693
N15,E416,E737
N15,E416,E773
N15,E417,E604
N15,E417,E619
N15,E417,E683
N15,E417,E769
N15,E418,E751
N15,E418,E762
N15,E419,E680
N15,E419,E710
N15,E420,E610
N15,E420,E671
N15,E421,E681
N15,E422,E617
N15,E422,E628
N15,E423,E632
N15,E423,E648
N15,E423,E746
N15,E423,E761
N15,E425,E724
N15,E425,E775
N15,E425,E793
N15,E426,E691
N15,E426,E793
N15,E428,E634
N15,E428,E753
N15,E429,E612
N15,E429,E643
N15,E429,E719
N15,E430,E748
N15,E431,E678
N15,E432,E673
N15,E433,E712
N15,E433,E753
N15,E434,E650
N15,E434,E729
N15,E434,E780
N15,E434,E797
N15,E435,E754
N15,E436,E658
N15,E436,E674
N15,E436,E680
N15,E437,E692
N15,E438,E602
N15,E438,E709
N15,E439,E724
N15,E439,E740
N15,E440,E603
N15,E440,E662
N15,E441,E727
N15,E443,E666
N15,E443,E745
N15,E443,E756
N15,E443,E790
N15,E444,E699
N15,E445,E711
N15,E446,E629
N15,E446,E630
N15,E446,E651
N15,E446,E660
N15,E446,E688
N15,E447,E654
N15,E447,E684
N15,E447,E725
N15,E448,E620
N15,E448,E755
N15,E449,E687
N15,E450,E624
N15,E450,E690
N15,E450,E707
N15,E450,E794
N15,E451,E731
N15,E451,E785
N15,E452,E618
N15,E452,E690
N15,E452,E711
N15,E453,E781
N15,E454,E610
N15,E454,E750
N15,E454,E778
N15,E455,E622
N15,E457,E721
N15,E458,E703
N15,E458,E739
N15,E459,E654
N15,E459,E661
N15,E459,E678
N15,E460,E710
N15,E460,E741
N15,E460,E777
N15,E461,E636
N15,E461,E727
N15,E461,E729
N15,E462,E732
N15,E463,E735
N15,E463,E778
N15,E464,E717
N15,E464,E786
N15,E467,E663
N15,E467,E731
N15,E467,E749
N15,E467,E795
N15,E468,E647
N15,E468,E722
N15,E468,E779
N15,E469,E617
N15,E469,E742
N15,E469,E758
N15,E469,E784
N15,E470,E669
N15,E470,E720
N15,E471,E619
N15,E471,E659
N15,E471,E693
N15,E472,E636
N15,E472,E738
N15,E473,E621
N15,E473,E714
N15,E474,E752
N15,E475,E643
N15,E475,E655
N15,E475,E696
N15,E475,E751
N15,E476,E640
N15,E476,E782
N15,E477,E649
N15,E477,E653
N15,E478,E660
N15,E478,E686
N15,E478,E794
N15,E479,E706
N15,E479,E782
N15,E480,E601
N15,E480,E628
N15,E480,E672
N15,E481,E631
N15,E481,E747
N15,E481,E789
N15,E482,E676
N15,E482,E679
N15,E482,E705
N15,E482,E759
N15,E483,E667
N15,E483,E768
N15,E483,E796
N15,E484,E656
N15,E484,E689
N15,E485,E665
N15,E486,E733
N15,E487,E641
N15,E488,E670
N15,E488,E676
N15,E488,E763
N15,E489,E637
N15,E489,E728
N15,E490,E652
N15,E490,E735
N15,E490,E759
N15,E492,E732
N15,E493,E696
N15,E493,E723
N15,E494,E604
N15,E494,E625
N15,E495,E656
N15,E496,E622
N15,E496,E641
N15,E496,E694
N15,E496,E756
N15,E497,E708
N15,E497,E770
N15,E498,E635
N15,E498,E698
N15,E498,E709
N15,E498,E715
N15,E498,E798
N15,E499,E659
N15,E499,E662
N15,E499,E690
N15,E499,E781
N15,E500,E794
N15,E502,E634
N15,E502,E728
N15,E502,E786
N15,E503,E630
N15,E503,E749
N15,E503,E776
N15,E505,E616
N15,E505,E738
N15,E505,E773
N15,E506,E638
N15,E506,E665
N15,E506,E721
N15,E508,E732
N15,E508,E796
N15,E509,E757
N15,E510,E629
N15,E510,E687
N15,E512,E716
N15,E512,E766
N15,E514,E692
N15,E514,E786
N15,E515,E604
N15,E515,E666
N15,E515,E731
N15,E516,E686
N15,E516,E735
N15,E516,E778
N15,E519,E655
N15,E519,E674
N15,E520,E602
N15,E520,E625
N15,E520,E648
N15,E520,E695
N15,E521,E637
N15,E521,E707
N15,E522,E672
N15,E523,E664
N15,E523,E697
N15,E523,E764
N15,E523,E799
N15,E524,E622
N15,E524,E684
N15,E524,E788
N15,E525,E772
N15,E527,E767
N15,E528,E798
N15,E529,E608
N15,E529,E614
N15,E530,E682
N15,E530,E739
N15,E530,E749
N15,E530,E766
N15,E531,E711
N15,E532,E616
N15,E532,E646
N15,E533,E639
N15,E533,E663
N15,E533,E678
N15,E533,E787
N15,E534,E620
N15,E534,E748
N15,E535,E665
N15,E535,E724
N15,E535,E779
N15,E536,E691
N15,E536,E700
N15,E537,E632
N15,E538,E675
N15,E538,E709
N15,E538,E719
N15,E539,E744
N15,E540,E716
N15,E541,E771
N15,E542,E714
N15,E542,E765
N15,E543,E644
N15,E544,E796
N15,E545,E664
N15,E545,E760
N15,E547,E624
N15,E547,E692
N15,E547,E751
N15,E548,E628
N15,E548,E637
N15,E548,E783
N15,E549,E619
N15,E549,E656
N15,E549,E705
N15,E549,E792
N15,E550,E623
N15,E550,E633
N15,E550,E635
N15,E550,E734
N15,E551,E766
N15,E553,E642
N15,E553,E666
N15,E554,E768
N15,E554,E799
N15,E555,E605
N15,E555,E758
N15,E556,E677
N15,E557,E644
N15,E558,E645
N15,E558,E660
N15,E558,E675
N15,E558,E795
N15,E559,E685
N15,E559,E726
N15,E559,E763
N15,E560,E623
N15,E560,E668
N15,E560,E734
N15,E561,E649
N15,E561,E652
N15,E561,E701
N15,E561,E704
N15,E562,E787
N15,E563,E620
N15,E563,E631
N15,E563,E640
N15,E563,E756
N15,E564,E652
N15,E564,E721
N15,E564,E774
N15,E565,E621
N15,E565,E649
N15,E566,E680
N15,E566,E790
N15,E567,E657
N15,E567,E694
N15,E568,E765
N15,E569,E686
N15,E569,E725
N15,E571,E669
N15,E571,E737
N15,E572,E612
N15,E572,E716
N15,E573,E611
N15,E573,E681
N15,E573,E748
N15,E574,E651
N15,E574,E723
N15,E575,E606
N15,E575,E733
N15,E576,E615
N15,E576,E658
N15,E577,E670
N15,E578,E603
N15,E578,E642
N15,E578,E745
N15,E579,E696
N15,E580,E627
N15,E580,E773
N15,E580,E777
N15,E581,E679
N15,E583,E654
N15,E584,E787
N15,E585,E689
N15,E585,E702
N15,E587,E607
N15,E588,E675
N15,E588,E780
N15,E590,E750
N15,E591,E651
N15,E592,E644
N15,E592,E718
N15,E592,E783
N15,E593,E767
N15,E594,E761
N15,E595,E744
N15,E596,E605
N15,E596,E770
N15,E596,E771
N15,E597,E679
N15,E597,E713
N15,E597,E739
N15,E597,E775
N15,E598,E681
N15,E598,E713
N15,E599,E718
N15,E600,E813
N15,E600,E934
N15,E601,E809
N15,E601,E842
N15,E601,E970
N15,E601,E972
N15,E602,E917
N15,E602,E930
N15,E602,E985
N15,E604,E853
N15,E605,E852
N15,E605,E926
N15,E607,E894
N15,E608,E805
N15,E608,E821
N15,E608,E926
N15,E608,E939
N15,E609,E831
N15,E609,E899
N15,E609,E946
N15,E609,E959
N15,E610,E936
N15,E611,E844
N15,E611,E854
N15,E612,E883
N15,E612,E945
N15,E612,E948
N15,E613,E853
N15,E613,E968
N15,E614,E839
N15,E614,E858
N15,E615,E860
N15,E616,E829
N15,E616,E893
N15,E616,E982
N15,E617,E981
N15,E618,E974
N15,E618,E995
N15,E619,E925
N15,E620,E818
N15,E620,E888
N15,E620,E898
N15,E621,E815
N15,E621,E837
N15,E622,E840
N15,E622,E984
N15,E623,E856
N15,E623,E996
N15,E624,E960
N15,E624,E994
N15,E625,E832
N15,E625,E884
N15,E626,E874
N15,E626,E903
N15,E627,E865
N15,E627,E906
N15,E627,E999
N15,E628,E822
N15,E628,E833
N15,E628,E949
N15,E628,E980
N15,E628,E991
N15,E629,E865
N15,E630,E820
N15,E630,E908
N15,E631,E846
N15,E631,E876
N15,E633,E816
N15,E633,E922
N15,E633,E991
N15,E634,E871
N15,E636,E841
N15,E637,E912
N15,E637,E944
N15,E638,E900
N15,E639,E803
N15,E639,E897
N15,E640,E920
N15,E640,E961
N15,E641,E886
N15,E641,E960
N15,E642,E829
N15,E642,E889
N15,E642,E922
N15,E643,E890
N15,E643,E891
N15,E643,E982
N15,E644,E951
N15,E645,E914
N15,E645,E973
N15,E646,E826
N15,E646,E869
N15,E646,E914
N15,E646,E915
N15,E647,E963
N15,E648,E811
N15,E648,E985
N15,E649,E817
N15,E650,E924
N15,E650,E927
N15,E650,E968
N15,E651,E866
N15,E651,E921
N15,E651,E928
N15,E654,E823
N15,E655,E811
N15,E655,E905
N15,E655,E928
N15,E656,E905
N15,E658,E888
N15,E658,E897
N15,E658,E902
N15,E658,E923
N15,E658,E955
N15,E658,E978
N15,E659,E848
N15,E659,E863
N15,E659,E961
N15,E662,E835
N15,E662,E855
N15,E662,E931
N15,E663,E822
N15,E663,E850
N15,E663,E967
N15,E663,E990
N15,E664,E824
N15,E664,E850
N15,E664,E885
N15,E665,E806
N15,E665,E857
N15,E665,E925
N15,E665,E941
N15,E666,E807
N15,E666,E977
N15,E667,E921
N15,E668,E886
N15,E668,E907
N15,E668,E955
N15,E671,E908
N15,E671,E962
N15,E672,E827
N15,E672,E879
N15,E672,E992
N15,E673,E822
N15,E673,E832
N15,E673,E833
N15,E673,E863
N15,E673,E964
N15,E674,E839
N15,E674,E873
N15,E674,E902
N15,E674,E918
N15,E674,E990
N15,E675,E829
N15,E676,E872
N15,E676,E891
N15,E676,E901
N15,E676,E942
N15,E676,E967
N15,E677,E800
N15,E677,E910
N15,E677,E936
N15,E678,E869
N15,E679,E905
N15,E680,E836
N15,E680,E882
N15,E680,E904
N15,E681,E870
N15,E682,E913
N15,E684,E834
N15,E685,E862
N15,E686,E861
N15,E686,E882
N15,E686,E911
N15,E686,E915
N15,E686,E959
N15,E688,E899
N15,E689,E847
N15,E689,E920
N15,E689,E938
N15,E689,E976
N15,E689,E987
N15,E690,E884
N15,E690,E925
N15,E691,E810
N15,E691,E916
N15,E691,E938
N15,E692,E830
N15,E692,E907
N15,E692,E933
N15,E693,E813
N15,E693,E856
N15,E694,E923
N15,E694,E953
N15,E695,E956
N15,E696,E858
N15,E696,E887
N15,E697,E826
N15,E698,E800
N15,E698,E818
N15,E698,E906
N15,E699,E836
N15,E700,E918
N15,E700,E952
N15,E701,E825
N15,E701,E887
N15,E701,E956
N15,E701,E993
N15,E703,E940
N15,E704,E801
N15,E704,E854
N15,E705,E875
N15,E706,E972
N15,E708,E996
N15,E708,E997
N15,E710,E823
N15,E710,E929
N15,E710,E998
N15,E711,E838
N15,E711,E852
N15,E711,E879
N15,E711,E947
N15,E712,E819
N15,E712,E835
N15,E712,E863
N15,E714,E931
N15,E714,E962
N15,E714,E976
N15,E714,E991
N15,E715,E871
N15,E715,E899
N15,E717,E859
N15,E717,E914
N15,E717,E969
N15,E717,E973
N15,E719,E859
N15,E719,E878
N15,E720,E817
N15,E720,E870
N15,E720,E930
N15,E721,E843
N15,E721,E937
N15,E722,E964
N15,E723,E804
N15,E723,E868
N15,E723,E880
N15,E724,E944
N15,E725,E883
N15,E726,E826
N15,E726,E876
N15,E726,E895
N15,E726,E972
N15,E727,E867
N15,E727,E895
N15,E728,E889
N15,E728,E910
N15,E729,E953
N15,E729,E989
N15,E730,E881
N15,E730,E935
N15,E731,E860
N15,E732,E949
N15,E733,E817
N15,E733,E954
N15,E734,E881
N15,E734,E897
N15,E735,E866
N15,E735,E958
N15,E736,E821
N15,E737,E980
N15,E739,E876
N15,E739,E986
N15,E740,E983
N15,E740,E997
N15,E741,E927
N15,E742,E921
N15,E742,E934
N15,E743,E820
N15,E743,E984
N15,E744,E804
N15,E744,E825
N15,E744,E884
N15,E744,E987
N15,E745,E933
N15,E745,E937
N15,E746,E957
N15,E747,E813
N15,E747,E864
N15,E747,E902
N15,E747,E940
N15,E747,E967
N15,E747,E969
N15,E748,E825
N15,E748,E847
N15,E748,E984
N15,E749,E803
N15,E749,E812
N15,E750,E947
N15,E750,E958
N15,E751,E924
N15,E752,E814
N15,E752,E815
N15,E752,E868
N15,E752,E941
N15,E753,E933
N15,E754,E917
N15,E754,E943
N15,E756,E830
N15,E756,E958
N15,E757,E849
N15,E758,E801
N15,E758,E853
N15,E759,E842
N15,E759,E910
N15,E760,E808
N15,E760,E943
N15,E760,E962
N15,E761,E839
N15,E761,E861
N15,E761,E977
N15,E762,E819
N15,E763,E803
N15,E763,E806
N15,E763,E812
N15,E763,E864
N15,E763,E941
N15,E763,E950
N15,E763,E986
N15,E764,E842
N15,E764,E998
N15,E765,E889
N15,E765,E923
N15,E766,E830
N15,E766,E871
N15,E768,E848
N15,E768,E928
N15,E768,E946
N15,E768,E966
N15,E769,E908
N15,E769,E929
N15,E770,E945
N15,E770,E980
N15,E771,E837
N15,E771,E900
N15,E771,E919
N15,E772,E881
N15,E772,E968
N15,E773,E872
N15,E773,E950
N15,E774,E810
N15,E774,E865
N15,E774,E886
N15,E774,E983
N15,E776,E934
N15,E776,E936
N15,E777,E959
N15,E778,E900
N15,E778,E975
N15,E779,E953
N15,E779,E979
N15,E780,E809
N15,E780,E812
N15,E780,E882
N15,E780,E971
N15,E781,E888
N15,E781,E896
N15,E781,E898
N15,E781,E929
N15,E781,E994
N15,E782,E837
N15,E782,E891
N15,E782,E979
N15,E783,E877
N15,E785,E858
N15,E785,E965
N15,E786,E807
N15,E786,E851
N15,E786,E857
N15,E786,E880
N15,E786,E890
N15,E788,E832
N15,E788,E838
N15,E788,E859
N15,E789,E973
N15,E789,E998
N15,E790,E824
N15,E790,E885
N15,E790,E932
N15,E791,E845
N15,E791,E907
N15,E791,E970
N15,E792,E806
N15,E792,E856
N15,E793,E852
N15,E793,E931
N15,E793,E947
N15,E794,E802
N15,E794,E828
N15,E794,E988
N15,E796,E849
N15,E796,E892
N15,E796,E950
N15,E797,E855
N15,E797,E909
N15,E797,E930
N15,E797,E990
N15,E798,E807
N15,E798,E932
N15,E799,E952
N16,E001,E219
N16,E002,E205
N16,E002,E220
N16,E002,E237
N16,E002,E339
N16,E003,E319
N16,E003,E354
N16,E004,E243
N16,E005,E304
N16,E006,E244
N16,E006,E302
N16,E006,E362
N16,E007,E230
N16,E007,E361
N16,E007,E390
N16,E008,E222
N16,E008,E326
N16,E008,E379
N16,E009,E294
N16,E010,E367
N16,E011,E209
N16,E011,E291
N16,E011,E293
N16,E011,E358
N16,E012,E271
N16,E012,E373
N16,E013,E374
N16,E014,E296
N16,E015,E296
N16,E015,E393
N16,E016,E223
N16,E016,E391
N16,E016,E394
N16,E017,E257
N16,E018,E303
N16,E019,E336
N16,E020,E220
N16,E020,E349
N16,E021,E254
N16,E021,E357
N16,E022,E254
N16,E022,E322
N16,E023,E281
N16,E024,E295
N16,E027,E217
N16,E028,E206
N16,E029,E211
N16,E029,E353
N16,E030,E331
N16,E031,E252
N16,E031,E346
N16,E032,E226
N16,E032,E244
N16,E032,E357
N16,E033,E223
N16,E034,E255
N16,E036,E231
N16,E036,E368
N16,E037,E286
N16,E039,E276
N16,E040,E357
N16,E041,E304
N16,E042,E344
N16,E043,E234
N16,E043,E337
N16,E044,E275
N16,E044,E284
N16,E045,E235
N16,E045,E285
N16,E046,E218
N16,E046,E267
N16,E047,E255
N16,E047,E394
N16,E049,E327
N16,E050,E395
N16,E052,E224
N16,E052,E238
N16,E052,E272
N16,E052,E327
N16,E053,E261
N16,E053,E286
N16,E056,E290
N16,E057,E221
N16,E057,E329
N16,E057,E365
N16,E057,E385
N16,E058,E229
N16,E058,E341
N16,E058,E364
N16,E058,E366
N16,E059,E208
N16,E059,E209
N16,E059,E264
N16,E059,E324
N16,E059,E379
N16,E060,E308
N16,E060,E378
N16,E061,E259
N16,E061,E273
N16,E061,E279
N16,E061,E282
N16,E062,E340
N16,E062,E347
N16,E062,E375
N16,E063,E350
N16,E064,E252
N16,E064,E297
N16,E064,E363
N16,E065,E212
N16,E065,E271
N16,E067,E309
N16,E067,E362
N16,E068,E251
N16,E068,E257
N16,E069,E236
N16,E069,E339
N16,E072,E213
N16,E072,E342
N16,E073,E335
N16,E074,E245
N16,E074,E264
N16,E074,E343
N16,E075,E265
N16,E075,E288
N16,E075,E300
N16,E075,E342
N16,E075,E366
N16,E077,E209
N16,E077,E326
N16,E077,E331
N16,E077,E336
N16,E078,E204
N16,E078,E278
N16,E078,E349
N16,E079,E245
N16,E079,E343
N16,E080,E283
N16,E080,E325
N16,E080,E394
N16,E081,E302
N16,E081,E321
N16,E083,E242
N16,E083,E384
N16,E084,E207
N16,E084,E274
N16,E086,E310
N16,E086,E355
N16,E087,E215
N16,E087,E226
N16,E087,E308
N16,E090,E292
N16,E090,E381
N16,E091,E277
N16,E092,E311
N16,E092,E389
N16,E092,E399
N16,E093,E393
N16,E094,E256
N16,E094,E355
N16,E095,E264
N16,E095,E345
N16,E095,E348
N16,E096,E381
N16,E097,E224
N16,E098,E225
N16,E098,E328
N16,E098,E334
N16,E099,E260
N16,E099,E356
N16,E100,E219
N16,E102,E202
N16,E102,E356
N16,E103,E327
N16,E103,E352
N16,E104,E360
N16,E104,E377
N16,E105,E206
N16,E105,E256
N16,E105,E380
N16,E106,E216
N16,E107,E349
N16,E107,E383
N16,E108,E374
N16,E109,E232
N16,E109,E334
N16,E109,E392
N16,E110,E333
N16,E111,E203
N16,E111,E229
N16,E111,E294
N16,E112,E274
N16,E112,E293
N16,E112,E335
N16,E114,E316
N16,E115,E282
N16,E115,E289
N16,E115,E305
N16,E115,E317
N16,E115,E382
N16,E116,E273
N16,E118,E316
N16,E118,E368
N16,E119,E332
N16,E120,E291
N16,E121,E347
N16,E122,E204
N16,E122,E251
N16,E123,E376
N16,E123,E391
N16,E124,E201
N16,E124,E246
N16,E124,E253
N16,E124,E276
N16,E124,E330
N16,E124,E347
N16,E125,E243
N16,E125,E367
N16,E126,E206
N16,E126,E249
N16,E126,E274
N16,E127,E376
N16,E128,E207
N16,E128,E373
N16,E129,E307
N16,E130,E352
N16,E131,E382
N16,E132,E227
N16,E132,E351
N16,E134,E201
N16,E134,E232
N16,E135,E219
N16,E136,E348
N16,E137,E271
N16,E137,E379
N16,E137,E388
N16,E138,E229
N16,E138,E278
N16,E138,E323
N16,E138,E384
N16,E140,E350
N16,E141,E214
N16,E141,E255
N16,E141,E289
N16,E141,E312
N16,E141,E329
N16,E141,E337
N16,E142,E318
N16,E143,E226
N16,E143,E231
N16,E143,E237
N16,E143,E326
N16,E144,E275
N16,E144,E369
N16,E145,E215
N16,E145,E259
N16,E145,E295
N16,E145,E333
N16,E146,E225
N16,E146,E315
N16,E146,E339
N16,E146,E371
N16,E148,E317
N16,E149,E214
N16,E149,E245
N16,E149,E259
N16,E149,E267
N16,E149,E275
N16,E149,E287
N16,E149,E319
N16,E150,E203
N16,E150,E205
N16,E150,E281
N16,E150,E361
N16,E151,E211
N16,E151,E213
N16,E151,E242
N16,E151,E252
N16,E151,E316
N16,E152,E254
N16,E152,E269
N16,E152,E297
N16,E153,E247
N16,E153,E358
N16,E154,E260
N16,E154,E270
N16,E154,E285
N16,E154,E306
N16,E154,E348
N16,E155,E363
N16,E156,E210
N16,E156,E233
N16,E156,E298
N16,E158,E227
N16,E159,E262
N16,E160,E276
N16,E160,E325
N16,E160,E365
N16,E161,E240
N16,E161,E378
N16,E162,E250
N16,E162,E260
N16,E162,E278
N16,E162,E279
N16,E162,E321
N16,E163,E266
N16,E163,E303
N16,E163,E313
N16,E163,E314
N16,E165,E208
N16,E166,E299
N16,E166,E370
N16,E167,E311
N16,E167,E312
N16,E168,E263
N16,E169,E238
N16,E169,E250
N16,E169,E301
N16,E170,E256
N16,E171,E228
N16,E171,E248
N16,E171,E266
N16,E171,E280
N16,E171,E324
N16,E172,E202
N16,E172,E311
N16,E174,E323
N16,E174,E359
N16,E174,E385
N16,E175,E388
N16,E176,E281
N16,E176,E301
N16,E176,E317
N16,E176,E387
N16,E177,E251
N16,E177,E258
N16,E177,E261
N16,E177,E373
N16,E178,E306
N16,E178,E389
N16,E180,E242
N16,E180,E335
N16,E181,E284
N16,E181,E363
N16,E181,E383
N16,E181,E395
N16,E182,E320
N16,E183,E246
N16,E183,E365
N16,E183,E396
N16,E184,E277
N16,E184,E333
N16,E185,E268
N16,E186,E303
N16,E187,E204
N16,E187,E378
N16,E187,E398
N16,E188,E360
N16,E188,E372
N16,E189,E261
N16,E189,E338
N16,E190,E233
N16,E190,E239
N16,E190,E246
N16,E190,E285
N16,E190,E323
N16,E191,E208
N16,E191,E295
N16,E192,E232
N16,E192,E312
N16,E192,E390
N16,E193,E265
N16,E193,E279
N16,E194,E202
N16,E194,E328
N16,E194,E332
N16,E195,E200
N16,E195,E291
N16,E195,E397
N16,E197,E355
N16,E197,E388
N16,E199,E205
N16,E199,E241
N16,E199,E386
N16,E200,E449
N16,E200,E476
N16,E201,E574
N16,E202,E485
N16,E202,E563
N16,E203,E482
N16,E203,E541
N16,E204,E437
N16,E204,E464
N16,E204,E509
N16,E204,E592
N16,E205,E491
N16,E205,E506
N16,E205,E528
N16,E206,E490
N16,E206,E532
N16,E208,E417
N16,E208,E445
N16,E208,E451
N16,E208,E511
N16,E208,E522
N16,E208,E538
N16,E208,E567
N16,E209,E415
N16,E209,E458
N16,E209,E463
N16,E210,E561
N16,E212,E551
N16,E214,E458
N16,E214,E565
N16,E215,E500
N16,E215,E535
N16,E216,E491
N16,E216,E495
N16,E216,E527
N16,E216,E536
N16,E216,E553
N16,E217,E478
N16,E217,E489
N16,E218,E502
N16,E218,E507
N16,E218,E525
N16,E218,E548
N16,E218,E566
N16,E219,E422
N16,E220,E420
N16,E220,E449
N16,E220,E543
N16,E220,E583
N16,E221,E417
N16,E221,E435
N16,E221,E451
N16,E223,E493
N16,E224,E569
N16,E224,E589
N16,E224,E594
N16,E224,E599
N16,E225,E507
N16,E226,E432
N16,E227,E534
N16,E227,E546
N16,E227,E568
N16,E227,E587
N16,E227,E596
N16,E228,E529
N16,E229,E403
N16,E229,E449
N16,E229,E578
N16,E230,E516
N16,E230,E594
N16,E231,E539
N16,E231,E542
N16,E231,E546
N16,E232,E431
N16,E232,E534
N16,E232,E543
N16,E233,E427
N16,E234,E410
N16,E234,E411
N16,E234,E415
N16,E234,E581
N16,E235,E407
N16,E235,E442
N16,E235,E501
N16,E236,E431
N16,E236,E441
N16,E236,E500
N16,E236,E526
N16,E236,E527
N16,E236,E573
N16,E237,E465
N16,E237,E593
N16,E238,E548
N16,E239,E435
N16,E240,E507
N16,E240,E519
N16,E240,E588
N16,E241,E405
N16,E241,E406
N16,E241,E417
N16,E242,E461
N16,E242,E526
N16,E243,E472
N16,E243,E476
N16,E243,E495
N16,E243,E598
N16,E244,E536
N16,E244,E571
N16,E245,E433
N16,E245,E549
N16,E246,E473
N16,E246,E587
N16,E247,E404
N16,E247,E414
N16,E248,E429
N16,E249,E477
N16,E249,E494
N16,E249,E506
N16,E250,E580
N16,E251,E447
N16,E251,E466
N16,E251,E597
N16,E252,E424
N16,E252,E470
N16,E252,E518
N16,E253,E409
N16,E253,E444
N16,E253,E553
N16,E254,E471
N16,E256,E416
N16,E257,E497
N16,E257,E568
N16,E258,E523
N16,E258,E564
N16,E258,E589
N16,E258,E592
N16,E260,E480
N16,E260,E585
N16,E261,E513
N16,E262,E492
N16,E262,E512
N16,E263,E414
N16,E263,E464
N16,E263,E505
N16,E263,E544
N16,E264,E401
N16,E264,E498
N16,E264,E500
N16,E265,E455
N16,E265,E496
N16,E265,E508
N16,E265,E524
N16,E265,E549
N16,E265,E554
N16,E267,E405
N16,E268,E460
N16,E268,E467
N16,E268,E577
N16,E269,E484
N16,E269,E486
N16,E269,E547
N16,E269,E573
N16,E270,E591
N16,E271,E482
N16,E272,E536
N16,E272,E565
N16,E273,E503
N16,E274,E437
N16,E275,E483
N16,E277,E428
N16,E277,E487
N16,E277,E552
N16,E277,E566
N16,E278,E501
N16,E279,E437
N16,E279,E440
N16,E279,E487
N16,E280,E590
N16,E281,E425
N16,E281,E539
N16,E281,E568
N16,E282,E414
N16,E282,E455
N16,E282,E456
N16,E283,E409
N16,E283,E491
N16,E283,E597
N16,E284,E456
N16,E284,E524
N16,E284,E530
N16,E285,E413
N16,E285,E575
N16,E286,E518
N16,E286,E586
N16,E287,E439
N16,E287,E468
N16,E287,E576
N16,E289,E490
N16,E290,E428
N16,E290,E577
N16,E291,E421
N16,E291,E544
N16,E293,E583
N16,E295,E426
N16,E295,E450
N16,E295,E573
N16,E296,E423
N16,E296,E528
N16,E296,E589
N16,E298,E512
N16,E298,E556
N16,E299,E413
N16,E299,E444
N16,E299,E560
N16,E300,E463
N16,E300,E521
N16,E300,E561
N16,E302,E488
N16,E302,E552
N16,E302,E598
N16,E303,E413
N16,E303,E432
N16,E304,E474
N16,E305,E438
N16,E305,E510
N16,E305,E569
N16,E307,E405
N16,E307,E421
N16,E307,E457
N16,E308,E545
N16,E308,E557
N16,E309,E528
N16,E309,E554
N16,E310,E546
N16,E311,E431
N16,E311,E550
N16,E311,E584
N16,E312,E436
N16,E312,E580
N16,E313,E497
N16,E313,E541
N16,E314,E410
N16,E314,E540
N16,E316,E532
N16,E317,E480
N16,E317,E555
N16,E318,E539
N16,E318,E564
N16,E319,E415
N16,E319,E447
N16,E320,E544
N16,E321,E430
N16,E321,E504
N16,E321,E582
N16,E322,E402
N16,E322,E593
N16,E323,E509
N16,E323,E516
N16,E323,E529
N16,E323,E586
N16,E324,E490
N16,E325,E508
N16,E327,E408
N16,E327,E531
N16,E329,E575
N16,E330,E592
N16,E331,E453
N16,E332,E529
N16,E333,E514
N16,E333,E548
N16,E333,E558
N16,E333,E587
N16,E334,E579
N16,E334,E580
N16,E337,E411
N16,E337,E461
N16,E339,E409
N16,E339,E427
N16,E339,E520
N16,E340,E470
N16,E340,E594
N16,E341,E553
N16,E341,E572
N16,E343,E475
N16,E344,E464
N16,E344,E517
N16,E345,E487
N16,E345,E590
N16,E346,E433
N16,E346,E462
N16,E347,E400
N16,E347,E443
N16,E347,E498
N16,E347,E502
N16,E347,E537
N16,E348,E477
N16,E348,E495
N16,E348,E571
N16,E349,E438
N16,E350,E410
N16,E350,E591
N16,E351,E412
N16,E351,E470
N16,E351,E488
N16,E351,E561
N16,E352,E400
N16,E352,E450
N16,E352,E467
N16,E352,E476
N16,E352,E486
N16,E352,E499
N16,E353,E428
N16,E353,E465
N16,E353,E478
N16,E354,E524
N16,E355,E457
N16,E355,E481
N16,E355,E485
N16,E356,E425
N16,E356,E460
N16,E356,E588
N16,E357,E435
N16,E357,E454
N16,E357,E510
N16,E357,E581
N16,E358,E436
N16,E359,E416
N16,E359,E430
N16,E360,E538
N16,E361,E459
N16,E361,E492
N16,E361,E585
N16,E362,E407
N16,E362,E566
N16,E364,E406
N16,E364,E463
N16,E364,E467
N16,E365,E456
N16,E365,E494
N16,E365,E520
N16,E365,E526
N16,E365,E559
N16,E366,E406
N16,E366,E570
N16,E366,E571
N16,E367,E418
N16,E367,E518
N16,E368,E416
N16,E369,E448
N16,E369,E498
N16,E369,E576
N16,E371,E511
N16,E371,E523
N16,E371,E533
N16,E371,E545
N16,E372,E402
N16,E373,E514
N16,E373,E525
N16,E374,E503
N16,E374,E562
N16,E375,E458
N16,E375,E519
N16,E375,E595
N16,E376,E567
N16,E377,E443
N16,E377,E452
N16,E377,E554
N16,E378,E411
N16,E378,E420
N16,E379,E430
N16,E379,E459
N16,E380,E598
N16,E381,E595
N16,E382,E551
N16,E383,E429
N16,E384,E550
N16,E385,E433
N16,E385,E446
N16,E385,E459
N16,E386,E427
N16,E386,E494
N16,E386,E551
N16,E387,E570
N16,E388,E469
N16,E388,E547
N16,E389,E478
N16,E389,E479
N16,E390,E424
N16,E390,E434
N16,E391,E419
N16,E391,E420
N16,E391,E452
N16,E391,E563
N16,E394,E488
N16,E395,E465
N16,E395,E525
N16,E395,E565
N16,E396,E515
N16,E397,E443
N16,E397,E457
N16,E397,E593
N16,E398,E514
N16,E398,E540
N16,E398,E576
N16,E399,E408
N16,E399,E421
N16,E399,E432
N16,E400,E701
N16,E400,E711
N16,E401,E702
N16,E401,E710
N16,E402,E678
N16,E403,E637
N16,E403,E748
N16,E404,E694
N16,E404,E768
N16,E405,E639
N16,E405,E646
N16,E408,E637
N16,E408,E647
N16,E410,E645
N16,E410,E688
N16,E410,E692
N16,E410,E718
N16,E410,E730
N16,E411,E607
N16,E411,E616
N16,E411,E662
N16,E411,E799
N16,E412,E721
N16,E412,E739
N16,E412,E785
N16,E413,E601
N16,E413,E786
N16,E414,E767
N16,E414,E783
N16,E415,E656
N16,E416,E718
N16,E417,E687
N16,E417,E706
N16,E417,E728
N16,E417,E739
N16,E417,E755
N16,E418,E682
N16,E418,E734
N16,E419,E670
N16,E419,E753
N16,E420,E714
N16,E420,E771
N16,E420,E795
N16,E421,E604
N16,E421,E732
N16,E423,E617
N16,E423,E643
N16,E423,E648
N16,E423,E759
N16,E424,E772
N16,E425,E702
N16,E425,E727
N16,E425,E741
N16,E426,E676
N16,E426,E736
N16,E426,E756
N16,E427,E781
N16,E428,E612
N16,E428,E659
N16,E428,E787
N16,E429,E704
N16,E430,E642
N16,E431,E727
N16,E431,E752
N16,E432,E658
N16,E432,E679
N16,E432,E723
N16,E433,E670
N16,E435,E628
N16,E435,E743
N16,E436,E657
N16,E437,E624
N16,E437,E659
N16,E437,E672
N16,E438,E793
N16,E440,E613
N16,E440,E681
N16,E440,E704
N16,E440,E758
N16,E442,E763
N16,E443,E610
N16,E443,E692
N16,E443,E766
N16,E443,E798
N16,E444,E650
N16,E445,E632
N16,E445,E719
N16,E445,E789
N16,E446,E614
N16,E446,E658
N16,E447,E763
N16,E448,E632
N16,E449,E613
N16,E449,E630
N16,E449,E715
N16,E449,E770
N16,E450,E619
N16,E450,E626
N16,E450,E761
N16,E451,E622
N16,E451,E693
N16,E452,E672
N16,E452,E673
N16,E452,E716
N16,E453,E680
N16,E454,E617
N16,E454,E657
N16,E454,E776
N16,E454,E778
N16,E455,E770
N16,E456,E638
N16,E456,E689
N16,E457,E610
N16,E457,E777
N16,E458,E750
N16,E459,E668
N16,E459,E732
N16,E459,E779
N16,E460,E699
N16,E461,E649
N16,E461,E709
N16,E462,E738
N16,E462,E772
N16,E463,E775
N16,E463,E776
N16,E464,E698
N16,E464,E702
N16,E465,E603
N16,E465,E717
N16,E466,E730
N16,E467,E716
N16,E467,E742
N16,E467,E794
N16,E468,E776
N16,E469,E752
N16,E470,E760
N16,E470,E797
N16,E471,E751
N16,E471,E791
N16,E472,E733
N16,E472,E778
N16,E473,E613
N16,E473,E659
N16,E473,E673
N16,E474,E692
N16,E474,E765
N16,E475,E609
N16,E475,E712
N16,E475,E745
N16,E476,E634
N16,E476,E691
N16,E476,E735
N16,E478,E653
N16,E478,E675
N16,E479,E652
N16,E479,E687
N16,E480,E664
N16,E481,E706
N16,E481,E785
N16,E482,E674
N16,E482,E762
N16,E483,E685
N16,E483,E722
N16,E483,E723
N16,E483,E744
N16,E483,E790
N16,E484,E621
N16,E484,E626
N16,E484,E731
N16,E485,E746
N16,E485,E790
N16,E486,E643
N16,E487,E669
N16,E488,E627
N16,E488,E667
N16,E488,E726
N16,E488,E743
N16,E489,E780
N16,E490,E610
N16,E490,E611
N16,E490,E768
N16,E491,E618
N16,E491,E625
N16,E491,E633
N16,E491,E640
N16,E491,E722
N16,E492,E663
N16,E492,E774
N16,E493,E634
N16,E493,E782
N16,E494,E644
N16,E495,E601
N16,E495,E644
N16,E495,E698
N16,E495,E755
N16,E495,E796
N16,E497,E670
N16,E497,E673
N16,E498,E719
N16,E498,E798
N16,E499,E675
N16,E499,E683
N16,E500,E690
N16,E500,E708
N16,E500,E730
N16,E501,E775
N16,E502,E707
N16,E502,E735
N16,E502,E757
N16,E503,E624
N16,E503,E712
N16,E504,E660
N16,E504,E764
N16,E508,E761
N16,E509,E677
N16,E510,E625
N16,E510,E773
N16,E511,E784
N16,E513,E665
N16,E513,E671
N16,E513,E700
N16,E513,E723
N16,E514,E600
N16,E514,E684
N16,E514,E740
N16,E515,E655
N16,E515,E749
N16,E515,E754
N16,E516,E690
N16,E516,E706
N16,E516,E720
N16,E516,E764
N16,E518,E711
N16,E518,E765
N16,E519,E639
N16,E519,E707
N16,E519,E715
N16,E519,E738
N16,E520,E695
N16,E520,E701
N16,E521,E616
N16,E521,E636
N16,E521,E684
N16,E521,E691
N16,E521,E762
N16,E522,E732
N16,E523,E623
N16,E524,E618
N16,E524,E683
N16,E524,E799
N16,E525,E731
N16,E526,E619
N16,E527,E710
N16,E527,E784
N16,E528,E612
N16,E528,E661
N16,E528,E679
N16,E528,E758
N16,E528,E784
N16,E529,E724
N16,E529,E749
N16,E530,E769
N16,E531,E737
N16,E532,E605
N16,E532,E623
N16,E532,E663
N16,E534,E615
N16,E534,E616
N16,E534,E666
N16,E534,E772
N16,E534,E782
N16,E534,E792
N16,E535,E675
N16,E536,E668
N16,E536,E771
N16,E539,E617
N16,E539,E651
N16,E540,E654
N16,E540,E731
N16,E540,E795
N16,E541,E626
N16,E541,E638
N16,E542,E605
N16,E542,E697
N16,E542,E729
N16,E542,E788
N16,E543,E644
N16,E543,E683
N16,E543,E727
N16,E543,E774
N16,E544,E606
N16,E544,E625
N16,E544,E748
N16,E545,E796
N16,E546,E618
N16,E546,E667
N16,E546,E687
N16,E547,E603
N16,E547,E752
N16,E547,E760
N16,E547,E790
N16,E548,E622
N16,E549,E691
N16,E549,E767
N16,E550,E705
N16,E551,E641
N16,E551,E763
N16,E551,E767
N16,E552,E734
N16,E554,E637
N16,E555,E620
N16,E555,E665
N16,E555,E740
N16,E555,E768
N16,E556,E629
N16,E556,E712
N16,E557,E642
N16,E557,E745
N16,E557,E786
N16,E558,E609
N16,E558,E693
N16,E559,E728
N16,E559,E778
N16,E561,E619
N16,E561,E631
N16,E561,E794
N16,E562,E654
N16,E562,E760
N16,E563,E643
N16,E563,E686
N16,E563,E743
N16,E563,E754
N16,E564,E614
N16,E566,E608
N16,E566,E609
N16,E566,E688
N16,E566,E703
N16,E567,E666
N16,E568,E604
N16,E568,E607
N16,E568,E635
N16,E568,E704
N16,E568,E746
N16,E569,E634
N16,E569,E707
N16,E569,E771
N16,E570,E708
N16,E570,E725
N16,E570,E728
N16,E571,E601
N16,E571,E602
N16,E571,E677
N16,E572,E700
N16,E572,E742
N16,E573,E631
N16,E573,E646
N16,E573,E664
N16,E575,E694
N16,E576,E655
N16,E577,E624
N16,E577,E667
N16,E577,E713
N16,E577,E755
N16,E578,E655
N16,E578,E717
N16,E578,E792
N16,E579,E651
N16,E579,E717
N16,E581,E694
N16,E583,E611
N16,E583,E758
N16,E583,E759
N16,E584,E721
N16,E585,E658
N16,E585,E698
N16,E585,E729
N16,E586,E793
N16,E587,E701
N16,E587,E795
N16,E588,E603
N16,E588,E734
N16,E588,E781
N16,E589,E632
N16,E589,E765
N16,E590,E641
N16,E590,E666
N16,E590,E703
N16,E590,E726
N16,E591,E685
N16,E591,E745
N16,E592,E781
N16,E593,E696
N16,E593,E750
N16,E594,E649
N16,E594,E739
N16,E595,E733
N16,E595,E747
N16,E595,E748
N16,E596,E627
N16,E596,E631
N16,E596,E669
N16,E596,E764
N16,E596,E796
N16,E598,E716
N16,E599,E604
N16,E599,E705
N16,E599,E737
N16,E599,E761
N16,E600,E862
N16,E600,E886
N16,E601,E842
N16,E601,E950
N16,E601,E980
N16,E603,E862
N16,E603,E893
N16,E603,E916
N16,E603,E931
N16,E603,E952
N16,E603,E981
N16,E603,E995
N16,E604,E972
N16,E605,E989
N16,E606,E959
N16,E607,E860
N16,E609,E846
N16,E609,E901
N16,E609,E983
N16,E610,E889
N16,E610,E899
N16,E610,E913
N16,E610,E972
N16,E610,E983
N16,E610,E992
N16,E611,E845
N16,E612,E850
N16,E612,E871
N16,E612,E928
N16,E612,E935
N16,E612,E963
N16,E612,E977
N16,E612,E985
N16,E613,E807
N16,E613,E872
N16,E616,E909
N16,E616,E981
N16,E617,E803
N16,E617,E876
N16,E618,E883
N16,E618,E919
N16,E618,E967
N16,E619,E875
N16,E619,E935
N16,E620,E898
N16,E620,E911
N16,E620,E930
N16,E621,E831
N16,E621,E941
N16,E622,E801
N16,E622,E826
N16,E622,E832
N16,E622,E914
N16,E622,E946
N16,E622,E950
N16,E623,E883
N16,E623,E884
N16,E624,E837
N16,E625,E835
N16,E625,E853
N16,E625,E876
N16,E625,E997
N16,E626,E819
N16,E627,E881
N16,E628,E933
N16,E628,E960
N16,E630,E829
N16,E630,E990
N16,E631,E964
N16,E631,E973
N16,E632,E834
N16,E632,E878
N16,E632,E914
N16,E632,E968
N16,E633,E820
N16,E633,E826
N16,E633,E901
N16,E634,E825
N16,E635,E892
N16,E635,E894
N16,E636,E875
N16,E636,E912
N16,E636,E932
N16,E637,E806
N16,E637,E894
N16,E637,E985
N16,E638,E807
N16,E638,E887
N16,E638,E941
N16,E638,E999
N16,E640,E942
N16,E643,E878
N16,E644,E879
N16,E645,E824
N16,E645,E918
N16,E645,E977
N16,E646,E816
N16,E646,E912
N16,E646,E922
N16,E646,E963
N16,E647,E980
N16,E648,E910
N16,E648,E971
N16,E649,E874
N16,E649,E923
N16,E649,E991
N16,E650,E841
N16,E650,E917
N16,E651,E830
N16,E651,E870
N16,E652,E902
N16,E652,E903
N16,E652,E956
N16,E652,E961
N16,E652,E976
N16,E653,E974
N16,E655,E895
N16,E658,E849
N16,E658,E860
N16,E658,E910
N16,E659,E851
N16,E659,E886
N16,E659,E957
N16,E659,E993
N16,E660,E881
N16,E660,E989
N16,E661,E812
N16,E661,E835
N16,E661,E947
N16,E661,E955
N16,E662,E809
N16,E662,E927
N16,E662,E951
N16,E663,E814
N16,E663,E856
N16,E663,E872
N16,E663,E885
N16,E663,E930
N16,E665,E828
N16,E665,E958
N16,E665,E965
N16,E666,E822
N16,E666,E934
N16,E667,E924
N16,E667,E956
N16,E668,E831
N16,E669,E844
N16,E669,E920
N16,E670,E868
N16,E670,E908
N16,E671,E960
N16,E672,E838
N16,E672,E871
N16,E672,E903
N16,E672,E905
N16,E673,E828
N16,E674,E802
N16,E676,E840
N16,E676,E902
N16,E676,E953
N16,E677,E885
N16,E677,E952
N16,E678,E814
N16,E678,E904
N16,E679,E875
N16,E679,E892
N16,E679,E981
N16,E681,E876
N16,E682,E813
N16,E682,E881
N16,E683,E929
N16,E684,E874
N16,E685,E815
N16,E685,E844
N16,E685,E996
N16,E688,E880
N16,E688,E999
N16,E689,E891
N16,E690,E827
N16,E691,E864
N16,E691,E943
N16,E691,E956
N16,E691,E991
N16,E692,E863
N16,E692,E893
N16,E692,E982
N16,E693,E814
N16,E694,E904
N16,E695,E909
N16,E695,E986
N16,E696,E847
N16,E696,E868
N16,E696,E939
N16,E696,E948
N16,E697,E819
N16,E697,E854
N16,E697,E975
N16,E697,E978
N16,E698,E951
N16,E699,E810
N16,E700,E904
N16,E700,E933
N16,E702,E830
N16,E702,E848
N16,E703,E830
N16,E703,E836
N16,E703,E883
N16,E703,E925
N16,E704,E809
N16,E704,E832
N16,E704,E936
N16,E705,E823
N16,E705,E867
N16,E706,E808
N16,E706,E997
N16,E707,E859
N16,E707,E984
N16,E707,E987
N16,E708,E813
N16,E708,E817
N16,E708,E929
N16,E709,E805
N16,E709,E928
N16,E709,E942
N16,E710,E801
N16,E710,E839
N16,E710,E858
N16,E710,E934
N16,E711,E907
N16,E711,E935
N16,E711,E968
N16,E711,E988
N16,E711,E995
N16,E712,E940
N16,E712,E961
N16,E713,E857
N16,E714,E845
N16,E714,E862
N16,E714,E872
N16,E714,E937
N16,E714,E946
N16,E715,E804
N16,E715,E929
N16,E715,E949
N16,E716,E884
N16,E716,E910
N16,E717,E863
N16,E717,E921
N16,E719,E853
N16,E720,E882
N16,E721,E892
N16,E721,E914
N16,E722,E819
N16,E722,E852
N16,E722,E915
N16,E723,E833
N16,E723,E873
N16,E723,E950
N16,E724,E843
N16,E724,E964
N16,E724,E995
N16,E725,E845
N16,E726,E801
N16,E726,E855
N16,E726,E863
N16,E727,E820
N16,E727,E836
N16,E729,E899
N16,E730,E813
N16,E730,E833
N16,E730,E937
N16,E730,E946
N16,E731,E916
N16,E732,E969
N16,E733,E947
N16,E734,E839
N16,E735,E865
N16,E735,E867
N16,E735,E871
N16,E735,E916
N16,E736,E877
N16,E736,E888
N16,E736,E967
N16,E737,E998
N16,E738,E812
N16,E738,E922
N16,E739,E971
N16,E740,E828
N16,E741,E822
N16,E741,E849
N16,E741,E890
N16,E742,E900
N16,E742,E911
N16,E742,E996
N16,E743,E824
N16,E743,E884
N16,E743,E901
N16,E743,E934
N16,E743,E974
N16,E744,E838
N16,E744,E866
N16,E744,E889
N16,E744,E953
N16,E744,E962
N16,E745,E854
N16,E746,E839
N16,E746,E985
N16,E747,E818
N16,E747,E908
N16,E747,E989
N16,E747,E991
N16,E748,E923
N16,E749,E938
N16,E750,E860
N16,E751,E868
N16,E751,E939
N16,E752,E825
N16,E752,E890
N16,E753,E824
N16,E753,E836
N16,E753,E945
N16,E753,E954
N16,E754,E811
N16,E754,E846
N16,E755,E802
N16,E755,E895
N16,E755,E958
N16,E756,E821
N16,E756,E940
N16,E757,E809
N16,E757,E827
N16,E757,E897
N16,E757,E982
N16,E759,E887
N16,E759,E896
N16,E759,E979
N16,E760,E831
N16,E761,E806
N16,E761,E822
N16,E761,E994
N16,E762,E812
N16,E762,E905
N16,E762,E930
N16,E762,E951
N16,E763,E852
N16,E763,E853
N16,E764,E833
N16,E764,E870
N16,E764,E896
N16,E764,E920
N16,E764,E936
N16,E765,E849
N16,E765,E944
N16,E767,E834
N16,E767,E899
N16,E767,E957
N16,E768,E855
N16,E768,E999
N16,E769,E913
N16,E770,E858
N16,E770,E924
N16,E771,E857
N16,E771,E988
N16,E772,E918
N16,E774,E939
N16,E775,E869
N16,E777,E970
N16,E777,E976
N16,E778,E861
N16,E778,E923
N16,E779,E838
N16,E779,E864
N16,E779,E967
N16,E780,E800
N16,E781,E805
N16,E781,E886
N16,E782,E846
N16,E782,E968
N16,E783,E907
N16,E785,E821
N16,E785,E972
N16,E786,E811
N16,E788,E854
N16,E788,E888
N16,E788,E932
N16,E790,E954
N16,E791,E802
N16,E791,E922
N16,E791,E966
N16,E792,E806
N16,E792,E864
N16,E793,E912
N16,E794,E932
N16,E797,E979
N16,E798,E817
N16,E798,E832
N16,E798,E858
N16,E798,E873
N16,E799,E906
N16,E799,E926
N16,E799,E943
N17,E000,E261
N17,E000,E266
N17,E000,E304
N17,E002,E267
N17,E002,E396
N17,E003,E230
N17,E003,E277
N17,E003,E364
N17,E004,E268
N17,E004,E344
N17,E006,E286
N17,E006,E300
N17,E007,E228
N17,E007,E296
N17,E008,E204
N17,E008,E274
N17,E008,E279
N17,E009,E291
N17,E010,E234
N17,E010,E339
N17,E010,E355
N17,E011,E232
N17,E011,E263
N17,E011,E329
N17,E012,E270
N17,E012,E273
N17,E012,E314
N17,E013,E262
N17,E014,E243
N17,E015,E246
N17,E015,E306
N17,E015,E309
N17,E016,E203
N17,E016,E302
N17,E016,E317
N17,E016,E365
N17,E016,E384
N17,E017,E259
N17,E017,E282
N17,E017,E316
N17,E017,E353
N17,E018,E223
N17,E018,E262
N17,E018,E338
N17,E019,E295
N17,E019,E299
N17,E020,E243
N17,E020,E344
N17,E021,E230
N17,E021,E391
N17,E022,E253
N17,E022,E294
N17,E022,E383
N17,E023,E290
N17,E023,E342
N17,E025,E243
N17,E025,E274
N17,E025,E280
N17,E025,E335
N17,E026,E207
N17,E026,E374
N17,E027,E300
N17,E027,E304
N17,E028,E257
N17,E031,E320
N17,E031,E389
N17,E032,E248
N17,E032,E332
N17,E033,E354
N17,E034,E240
N17,E034,E318
N17,E034,E375
N17,E035,E216
N17,E035,E345
N17,E036,E293
N17,E036,E353
N17,E037,E299
N17,E037,E385
N17,E037,E390
N17,E038,E287
N17,E038,E387
N17,E038,E399
N17,E039,E285
N17,E040,E371
N17,E041,E260
N17,E043,E206
N17,E043,E226
N17,E043,E227
N17,E044,E310
N17,E045,E234
N17,E045,E240
N17,E046,E207
N17,E046,E213
N17,E047,E245
N17,E047,E289
N17,E047,E356
N17,E048,E218
N17,E049,E281
N17,E050,E221
N17,E050,E329
N17,E050,E331
N17,E051,E246
N17,E051,E282
N17,E051,E386
N17,E052,E213
N17,E052,E314
N17,E052,E330
N17,E053,E256
N17,E053,E290
N17,E053,E336
N17,E053,E378
N17,E053,E380
N17,E054,E236
N17,E054,E270
N17,E054,E386
N17,E055,E372
N17,E055,E396
N17,E056,E225
N17,E056,E229
N17,E056,E343
N17,E058,E261
N17,E058,E271
N17,E058,E339
N17,E059,E288
N17,E060,E317
N17,E060,E347
N17,E061,E210
N17,E061,E242
N17,E061,E265
N17,E061,E326
N17,E062,E253
N17,E062,E307
N17,E062,E341
N17,E065,E379
N17,E066,E214
N17,E066,E324
N17,E066,E342
N17,E067,E386
N17,E067,E397
N17,E068,E208
N17,E068,E325
N17,E069,E237
N17,E069,E267
N17,E069,E301
N17,E069,E398
N17,E070,E249
N17,E070,E313
N17,E071,E211
N17,E071,E273
N17,E071,E387
N17,E074,E210
N17,E074,E247
N17,E074,E275
N17,E075,E330
N17,E076,E222
N17,E076,E376
N17,E076,E383
N17,E077,E349
N17,E078,E216
N17,E078,E248
N17,E078,E298
N17,E078,E388
N17,E079,E340
N17,E079,E370
N17,E080,E236
N17,E080,E315
N17,E080,E381
N17,E081,E305
N17,E082,E249
N17,E083,E208
N17,E083,E377
N17,E085,E209
N17,E085,E216
N17,E085,E231
N17,E085,E293
N17,E085,E303
N17,E086,E208
N17,E086,E257
N17,E087,E215
N17,E088,E211
N17,E088,E215
N17,E088,E250
N17,E088,E265
N17,E088,E343
N17,E089,E201
N17,E089,E203
N17,E089,E390
N17,E090,E316
N17,E091,E321
N17,E092,E262
N17,E092,E323
N17,E092,E349
N17,E093,E209
N17,E093,E224
N17,E093,E280
N17,E093,E322
N17,E094,E321
N17,E094,E359
N17,E094,E397
N17,E095,E215
N17,E095,E293
N17,E096,E217
N17,E096,E306
N17,E097,E255
N17,E097,E269
N17,E098,E299
N17,E098,E393
N17,E099,E200
N17,E099,E224
N17,E099,E288
N17,E099,E300
N17,E100,E358
N17,E100,E372
N17,E101,E206
N17,E101,E228
N17,E101,E229
N17,E101,E231
N17,E102,E333
N17,E102,E344
N17,E102,E360
N17,E103,E254
N17,E105,E355
N17,E105,E379
N17,E106,E232
N17,E107,E331
N17,E109,E316
N17,E110,E357
N17,E111,E225
N17,E111,E233
N17,E111,E244
N17,E112,E219
N17,E112,E264
N17,E112,E381
N17,E113,E225
N17,E113,E286
N17,E113,E389
N17,E114,E297
N17,E115,E272
N17,E116,E286
N17,E116,E309
N17,E116,E382
N17,E116,E399
N17,E117,E249
N17,E117,E362
N17,E119,E204
N17,E119,E230
N17,E119,E383
N17,E121,E231
N17,E121,E235
N17,E121,E260
N17,E121,E282
N17,E122,E205
N17,E122,E229
N17,E122,E275
N17,E122,E278
N17,E123,E246
N17,E125,E233
N17,E125,E263
N17,E125,E275
N17,E125,E290
N17,E126,E242
N17,E127,E207
N17,E128,E267
N17,E129,E338
N17,E130,E276
N17,E131,E241
N17,E131,E250
N17,E132,E245
N17,E132,E320
N17,E133,E329
N17,E133,E337
N17,E134,E284
N17,E136,E257
N17,E136,E369
N17,E137,E350
N17,E139,E276
N17,E139,E303
N17,E140,E277
N17,E141,E303
N17,E141,E362
N17,E141,E371
N17,E141,E397
N17,E142,E379
N17,E142,E392
N17,E143,E201
N17,E143,E319
N17,E143,E367
N17,E143,E369
N17,E144,E353
N17,E145,E337
N17,E145,E346
N17,E146,E269
N17,E147,E222
N17,E147,E392
N17,E148,E241
N17,E148,E365
N17,E149,E219
N17,E150,E205
N17,E150,E319
N17,E150,E324
N17,E150,E337
N17,E152,E327
N17,E152,E345
N17,E152,E363
N17,E152,E373
N17,E153,E241
N17,E153,E304
N17,E154,E258
N17,E155,E307
N17,E156,E206
N17,E156,E251
N17,E156,E270
N17,E157,E269
N17,E157,E294
N17,E157,E306
N17,E158,E280
N17,E158,E333
N17,E158,E354
N17,E158,E377
N17,E158,E387
N17,E159,E239
N17,E161,E274
N17,E161,E341
N17,E161,E365
N17,E161,E394
N17,E162,E256
N17,E163,E247
N17,E163,E283
N17,E163,E317
N17,E164,E202
N17,E164,E242
N17,E164,E328
N17,E164,E347
N17,E164,E348
N17,E165,E212
N17,E165,E228
N17,E166,E335
N17,E166,E368
N17,E166,E395
N17,E167,E203
N17,E167,E245
N17,E167,E345
N17,E168,E227
N17,E168,E284
N17,E168,E308
N17,E169,E330
N17,E169,E352
N17,E169,E381
N17,E170,E389
N17,E172,E244
N17,E172,E285
N17,E173,E315
N17,E173,E338
N17,E173,E395
N17,E173,E398
N17,E175,E217
N17,E175,E281
N17,E176,E238
N17,E176,E355
N17,E176,E363
N17,E178,E359
N17,E179,E264
N17,E179,E350
N17,E180,E334
N17,E180,E354
N17,E181,E313
N17,E182,E292
N17,E182,E361
N17,E183,E236
N17,E183,E336
N17,E185,E234
N17,E186,E200
N17,E187,E201
N17,E187,E308
N17,E187,E311
N17,E189,E307
N17,E189,E313
N17,E189,E314
N17,E190,E211
N17,E190,E252
N17,E191,E263
N17,E192,E219
N17,E192,E239
N17,E192,E361
N17,E193,E279
N17,E193,E291
N17,E193,E312
N17,E194,E220
N17,E194,E250
N17,E194,E284
N17,E194,E384
N17,E195,E205
N17,E195,E291
N17,E195,E366
N17,E196,E279
N17,E196,E359
N17,E197,E253
N17,E198,E232
N17,E198,E351
N17,E199,E371
N17,E200,E452
N17,E200,E464
N17,E200,E514
N17,E201,E517
N17,E201,E535
N17,E201,E568
N17,E202,E499
N17,E203,E579
N17,E204,E474
N17,E204,E506
N17,E205,E432
N17,E205,E490
N17,E205,E498
N17,E206,E450
N17,E206,E460
N17,E206,E537
N17,E207,E430
N17,E207,E434
N17,E209,E439
N17,E209,E456
N17,E209,E489
N17,E210,E451
N17,E210,E584
N17,E211,E497
N17,E211,E591
N17,E212,E439
N17,E212,E469
N17,E212,E474
N17,E212,E476
N17,E212,E512
N17,E212,E583
N17,E213,E523
N17,E213,E552
N17,E214,E519
N17,E214,E521
N17,E214,E585
N17,E215,E453
N17,E215,E461
N17,E215,E502
N17,E215,E531
N17,E217,E410
N17,E220,E582
N17,E221,E422
N17,E221,E433
N17,E221,E495
N17,E221,E573
N17,E222,E471
N17,E223,E404
N17,E223,E405
N17,E223,E474
N17,E223,E496
N17,E223,E569
N17,E224,E420
N17,E224,E448
N17,E224,E530
N17,E224,E559
N17,E225,E489
N17,E226,E434
N17,E226,E559
N17,E227,E543
N17,E228,E409
N17,E228,E532
N17,E228,E552
N17,E229,E488
N17,E229,E548
N17,E229,E555
N17,E229,E584
N17,E230,E526
N17,E231,E599
N17,E232,E430
N17,E232,E518
N17,E232,E566
N17,E233,E429
N17,E233,E465
N17,E234,E522
N17,E235,E516
N17,E235,E519
N17,E236,E575
N17,E237,E589
N17,E238,E433
N17,E238,E469
N17,E238,E492
N17,E239,E436
N17,E239,E484
N17,E239,E496
N17,E239,E531
N17,E240,E450
N17,E240,E587
N17,E241,E402
N17,E241,E518
N17,E242,E594
N17,E243,E436
N17,E243,E598
N17,E244,E536
N17,E245,E447
N17,E245,E486
N17,E245,E515
N17,E245,E536
N17,E245,E573
N17,E246,E444
N17,E246,E501
N17,E246,E592
N17,E247,E482
N17,E247,E517
N17,E248,E522
N17,E249,E494
N17,E249,E598
N17,E250,E408
N17,E250,E542
N17,E250,E572
N17,E251,E470
N17,E251,E524
N17,E252,E571
N17,E256,E528
N17,E256,E530
N17,E257,E403
N17,E257,E493
N17,E258,E470
N17,E258,E597
N17,E259,E578
N17,E260,E535
N17,E260,E559
N17,E261,E413
N17,E262,E505
N17,E263,E554
N17,E263,E561
N17,E264,E550
N17,E264,E587
N17,E265,E544
N17,E266,E412
N17,E266,E418
N17,E266,E437
N17,E266,E479
N17,E267,E416
N17,E267,E438
N17,E268,E553
N17,E270,E416
N17,E270,E547
N17,E272,E456
N17,E273,E428
N17,E274,E404
N17,E274,E417
N17,E274,E430
N17,E274,E567
N17,E275,E443
N17,E276,E497
N17,E276,E533
N17,E277,E571
N17,E278,E480
N17,E278,E596
N17,E279,E442
N17,E279,E576
N17,E281,E432
N17,E281,E550
N17,E281,E557
N17,E282,E442
N17,E283,E415
N17,E283,E431
N17,E283,E481
N17,E283,E523
N17,E284,E505
N17,E285,E581
N17,E286,E508
N17,E286,E537
N17,E286,E551
N17,E286,E599
N17,E287,E574
N17,E288,E403
N17,E289,E433
N17,E290,E429
N17,E290,E435
N17,E290,E530
N17,E290,E558
N17,E291,E426
N17,E291,E475
N17,E292,E580
N17,E293,E427
N17,E293,E524
N17,E293,E584
N17,E294,E469
N17,E294,E553
N17,E295,E465
N17,E295,E473
N17,E295,E549
N17,E296,E466
N17,E296,E586
N17,E297,E419
N17,E298,E414
N17,E298,E470
N17,E298,E495
N17,E298,E504
N17,E298,E570
N17,E299,E400
N17,E300,E513
N17,E300,E569
N17,E301,E445
N17,E301,E517
N17,E302,E413
N17,E302,E544
N17,E303,E441
N17,E303,E520
N17,E304,E466
N17,E304,E518
N17,E304,E567
N17,E305,E400
N17,E305,E467
N17,E305,E555
N17,E305,E574
N17,E306,E454
N17,E307,E458
N17,E309,E440
N17,E309,E516
N17,E310,E457
N17,E311,E472
N17,E312,E402
N17,E312,E546
N17,E313,E417
N17,E313,E455
N17,E313,E511
N17,E314,E410
N17,E314,E432
N17,E314,E458
N17,E314,E566
N17,E314,E586
N17,E316,E416
N17,E316,E496
N17,E316,E595
N17,E317,E415
N17,E317,E483
N17,E317,E563
N17,E318,E400
N17,E318,E463
N17,E319,E401
N17,E319,E402
N17,E319,E471
N17,E319,E500
N17,E319,E590
N17,E320,E507
N17,E320,E545
N17,E321,E445
N17,E321,E514
N17,E321,E521
N17,E321,E540
N17,E321,E575
N17,E322,E455
N17,E322,E539
N17,E322,E551
N17,E323,E446
N17,E323,E498
N17,E324,E411
N17,E324,E431
N17,E324,E441
N17,E325,E586
N17,E328,E492
N17,E328,E537
N17,E329,E424
N17,E329,E436
N17,E329,E536
N17,E330,E506
N17,E332,E429
N17,E332,E520
N17,E332,E542
N17,E332,E552
N17,E332,E585
N17,E333,E453
N17,E333,E538
N17,E334,E491
N17,E334,E538
N17,E335,E468
N17,E335,E562
N17,E336,E435
N17,E336,E479
N17,E336,E560
N17,E337,E448
N17,E338,E581
N17,E339,E504
N17,E339,E560
N17,E340,E414
N17,E341,E509
N17,E341,E556
N17,E341,E597
N17,E342,E449
N17,E342,E483
N17,E343,E423
N17,E344,E407
N17,E344,E451
N17,E344,E508
N17,E345,E401
N17,E345,E480
N17,E345,E595
N17,E346,E434
N17,E346,E495
N17,E347,E410
N17,E347,E418
N17,E347,E526
N17,E347,E588
N17,E348,E406
N17,E348,E497
N17,E349,E540
N17,E349,E578
N17,E350,E401
N17,E350,E455
N17,E350,E525
N17,E351,E550
N17,E351,E588
N17,E351,E590
N17,E352,E415
N17,E352,E477
N17,E352,E566
N17,E353,E442
N17,E353,E498
N17,E354,E461
N17,E354,E478
N17,E354,E548
N17,E355,E450
N17,E355,E527
N17,E355,E544
N17,E355,E555
N17,E355,E588
N17,E355,E599
N17,E356,E422
N17,E356,E431
N17,E356,E487
N17,E357,E413
N17,E359,E528
N17,E359,E542
N17,E359,E556
N17,E359,E567
N17,E361,E439
N17,E361,E508
N17,E362,E578
N17,E362,E595
N17,E364,E475
N17,E365,E459
N17,E365,E476
N17,E365,E533
N17,E365,E534
N17,E366,E419
N17,E367,E529
N17,E368,E482
N17,E369,E445
N17,E369,E459
N17,E369,E491
N17,E371,E593
N17,E373,E524
N17,E373,E548
N17,E373,E575
N17,E374,E418
N17,E374,E421
N17,E374,E503
N17,E375,E461
N17,E375,E475
N17,E375,E476
N17,E376,E428
N17,E376,E580
N17,E377,E490
N17,E377,E585
N17,E377,E597
N17,E378,E421
N17,E378,E425
N17,E378,E493
N17,E378,E572
N17,E380,E477
N17,E380,E482
N17,E380,E564
N17,E380,E577
N17,E381,E449
N17,E382,E540
N17,E383,E473
N17,E383,E485
N17,E384,E507
N17,E384,E541
N17,E384,E565
N17,E385,E447
N17,E385,E462
N17,E385,E554
N17,E386,E465
N17,E386,E514
N17,E386,E522
N17,E386,E579
N17,E388,E481
N17,E389,E441
N17,E389,E503
N17,E389,E596
N17,E390,E444
N17,E390,E449
N17,E390,E526
N17,E391,E454
N17,E392,E520
N17,E393,E492
N17,E394,E558
N17,E395,E576
N17,E395,E581
N17,E396,E477
N17,E396,E510
N17,E396,E554
N17,E396,E564
N17,E397,E515
N17,E399,E419
N17,E400,E706
N17,E400,E737
N17,E400,E762
N17,E401,E703
N17,E402,E761
N17,E403,E642
N17,E404,E694
N17,E404,E733
N17,E405,E687
N17,E405,E701
N17,E405,E726
N17,E405,E756
N17,E406,E709
N17,E406,E723
N17,E407,E625
N17,E407,E654
N17,E407,E758
N17,E408,E679
N17,E408,E725
N17,E408,E761
N17,E409,E658
N17,E409,E720
N17,E409,E796
N17,E410,E723
N17,E411,E625
N17,E412,E667
N17,E413,E632
N17,E413,E779
N17,E415,E606
N17,E415,E656
N17,E415,E730
N17,E415,E737
N17,E416,E705
N17,E416,E757
N17,E417,E717
N17,E417,E776
N17,E418,E614
N17,E418,E743
N17,E419,E739
N17,E419,E781
N17,E420,E776
N17,E421,E679
N17,E422,E661
N17,E422,E697
N17,E424,E663
N17,E425,E754
N17,E426,E675
N17,E426,E732
N17,E426,E760
N17,E427,E738
N17,E428,E663
N17,E429,E637
N17,E430,E713
N17,E430,E737
N17,E430,E742
N17,E430,E760
N17,E430,E776
N17,E431,E787
N17,E432,E600
N17,E432,E617
N17,E432,E620
N17,E432,E623
N17,E432,E657
N17,E432,E686
N17,E432,E759
N17,E435,E637
N17,E435,E652
N17,E435,E707
N17,E436,E603
N17,E436,E660
N17,E437,E729
N17,E438,E651
N17,E438,E660
N17,E439,E685
N17,E439,E724
N17,E439,E765
N17,E439,E791
N17,E441,E610
N17,E441,E767
N17,E444,E777
N17,E444,E786
N17,E445,E668
N17,E445,E774
N17,E446,E611
N17,E446,E666
N17,E446,E758
N17,E447,E619
N17,E447,E649
N17,E447,E683
N17,E447,E702
N17,E447,E711
N17,E447,E756
N17,E447,E792
N17,E448,E720
N17,E449,E659
N17,E449,E662
N17,E449,E762
N17,E450,E657
N17,E450,E786
N17,E451,E729
N17,E452,E644
N17,E452,E706
N17,E453,E694
N17,E453,E722
N17,E453,E768
N17,E454,E685
N17,E455,E615
N17,E455,E798
N17,E456,E619
N17,E456,E788
N17,E457,E708
N17,E458,E655
N17,E458,E743
N17,E459,E639
N17,E460,E604
N17,E460,E773
N17,E460,E794
N17,E461,E762
N17,E462,E608
N17,E462,E759
N17,E462,E764
N17,E463,E627
N17,E464,E638
N17,E465,E636
N17,E465,E759
N17,E466,E708
N17,E466,E728
N17,E467,E630
N17,E467,E725
N17,E467,E741
N17,E467,E772
N17,E468,E676
N17,E468,E748
N17,E468,E793
N17,E470,E779
N17,E471,E650
N17,E471,E777
N17,E472,E634
N17,E473,E663
N17,E473,E727
N17,E474,E735
N17,E474,E742
N17,E475,E739
N17,E475,E797
N17,E476,E654
N17,E477,E616
N17,E477,E671
N17,E478,E623
N17,E478,E635
N17,E478,E673
N17,E478,E745
N17,E478,E771
N17,E479,E656
N17,E479,E677
N17,E479,E678
N17,E479,E692
N17,E479,E780
N17,E480,E669
N17,E482,E610
N17,E482,E627
N17,E483,E677
N17,E483,E686
N17,E483,E689
N17,E484,E684
N17,E484,E690
N17,E484,E693
N17,E485,E640
N17,E486,E633
N17,E487,E626
N17,E487,E643
N17,E487,E710
N17,E487,E721
N17,E488,E752
N17,E489,E601
N17,E489,E625
N17,E489,E730
N17,E489,E794
N17,E490,E708
N17,E491,E670
N17,E491,E722
N17,E492,E643
N17,E492,E698
N17,E492,E731
N17,E493,E635
N17,E494,E789
N17,E495,E609
N17,E495,E675
N17,E495,E753
N17,E496,E648
N17,E496,E651
N17,E496,E720
N17,E497,E715
N17,E498,E634
N17,E498,E786
N17,E499,E682
N17,E500,E782
N17,E501,E682
N17,E502,E607
N17,E502,E618
N17,E504,E604
N17,E504,E746
N17,E505,E674
N17,E505,E736
N17,E505,E774
N17,E506,E629
N17,E506,E756
N17,E508,E602
N17,E508,E688
N17,E508,E704
N17,E509,E746
N17,E510,E646
N17,E510,E732
N17,E511,E636
N17,E511,E785
N17,E512,E784
N17,E513,E787
N17,E514,E600
N17,E515,E617
N17,E516,E633
N17,E516,E769
N17,E517,E645
N17,E517,E699
N17,E517,E719
N17,E518,E635
N17,E518,E744
N17,E518,E752
N17,E519,E773
N17,E521,E649
N17,E521,E775
N17,E522,E622
N17,E522,E750
N17,E523,E628
N17,E523,E778
N17,E524,E676
N17,E524,E741
N17,E525,E631
N17,E525,E716
N17,E525,E718
N17,E525,E740
N17,E525,E767
N17,E526,E639
N17,E526,E668
N17,E526,E696
N17,E526,E790
N17,E527,E665
N17,E527,E745
N17,E528,E667
N17,E528,E684
N17,E529,E606
N17,E529,E633
N17,E529,E646
N17,E529,E747
N17,E530,E624
N17,E530,E744
N17,E530,E767
N17,E531,E645
N17,E532,E704
N17,E532,E706
N17,E533,E608
N17,E533,E631
N17,E533,E788
N17,E534,E655
N17,E534,E735
N17,E534,E761
N17,E535,E661
N17,E535,E733
N17,E535,E783
N17,E536,E614
N17,E536,E640
N17,E539,E623
N17,E539,E685
N17,E540,E680
N17,E540,E698
N17,E540,E727
N17,E541,E605
N17,E542,E672
N17,E542,E695
N17,E542,E744
N17,E542,E746
N17,E543,E613
N17,E543,E632
N17,E543,E639
N17,E543,E795
N17,E544,E626
N17,E544,E764
N17,E544,E781
N17,E545,E689
N17,E546,E784
N17,E548,E644
N17,E548,E712
N17,E548,E740
N17,E551,E681
N17,E551,E775
N17,E552,E676
N17,E552,E677
N17,E553,E653
N17,E553,E770
N17,E554,E641
N17,E554,E702
N17,E554,E734
N17,E555,E669
N17,E556,E607
N17,E556,E671
N17,E556,E747
N17,E556,E749
N17,E558,E713
N17,E558,E773
N17,E559,E733
N17,E560,E645
N17,E560,E731
N17,E561,E661
N17,E561,E664
N17,E561,E694
N17,E561,E700
N17,E561,E745
N17,E561,E777
N17,E561,E799
N17,E562,E626
N17,E562,E691
N17,E563,E709
N17,E564,E609
N17,E564,E798
N17,E566,E622
N17,E566,E697
N17,E568,E609
N17,E568,E631
N17,E568,E701
N17,E569,E602
N17,E569,E612
N17,E570,E621
N17,E570,E665
N17,E570,E751
N17,E571,E606
N17,E571,E702
N17,E571,E787
N17,E572,E642
N17,E572,E667
N17,E572,E797
N17,E573,E655
N17,E575,E621
N17,E575,E672
N17,E575,E789
N17,E576,E785
N17,E577,E743
N17,E578,E646
N17,E578,E668
N17,E578,E688
N17,E578,E771
N17,E579,E641
N17,E579,E647
N17,E580,E642
N17,E580,E713
N17,E581,E600
N17,E583,E755
N17,E583,E793
N17,E584,E651
N17,E584,E672
N17,E584,E697
N17,E584,E758
N17,E585,E691
N17,E585,E764
N17,E586,E688
N17,E587,E649
N17,E588,E624
N17,E589,E703
N17,E590,E614
N17,E590,E636
N17,E590,E763
N17,E592,E622
N17,E592,E684
N17,E592,E780
N17,E593,E618
N17,E593,E714
N17,E595,E632
N17,E595,E657
N17,E595,E766
N17,E596,E729
N17,E598,E682
N17,E599,E602
N17,E599,E637
N17,E600,E958
N17,E601,E800
N17,E601,E936
N17,E601,E947
N17,E602,E921
N17,E603,E800
N17,E603,E895
N17,E604,E807
N17,E604,E887
N17,E604,E903
N17,E604,E973
N17,E605,E857
N17,E606,E824
N17,E606,E851
N17,E606,E929
N17,E606,E945
N17,E607,E839
N17,E609,E849
N17,E609,E896
N17,E609,E924
N17,E609,E944
N17,E611,E894
N17,E611,E926
N17,E612,E818
N17,E613,E883
N17,E613,E918
N17,E615,E812
N17,E615,E838
N17,E616,E867
N17,E616,E917
N17,E616,E998
N17,E617,E838
N17,E617,E898
N17,E617,E968
N17,E618,E933
N17,E618,E972
N17,E619,E869
N17,E620,E829
N17,E621,E860
N17,E621,E957
N17,E622,E858
N17,E622,E926
N17,E624,E852
N17,E624,E969
N17,E625,E832
N17,E626,E910
N17,E626,E921
N17,E627,E804
N17,E627,E818
N17,E627,E849
N17,E628,E817
N17,E629,E943
N17,E629,E959
N17,E630,E808
N17,E630,E877
N17,E631,E910
N17,E631,E922
N17,E632,E977
N17,E633,E807
N17,E633,E906
N17,E633,E923
N17,E633,E984
N17,E633,E987
N17,E635,E836
N17,E635,E849
N17,E635,E865
N17,E635,E881
N17,E635,E889
N17,E635,E983
N17,E636,E877
N17,E636,E920
N17,E636,E943
N17,E638,E853
N17,E638,E905
N17,E640,E854
N17,E640,E964
N17,E641,E813
N17,E641,E829
N17,E641,E848
N17,E642,E874
N17,E642,E885
N17,E642,E934
N17,E644,E928
N17,E644,E993
N17,E645,E977
N17,E646,E826
N17,E646,E946
N17,E647,E822
N17,E648,E879
N17,E648,E928
N17,E648,E936
N17,E648,E957
N17,E648,E995
N17,E651,E800
N17,E651,E825
N17,E651,E893
N17,E651,E987
N17,E651,E995
N17,E652,E882
N17,E652,E940
N17,E653,E973
N17,E653,E980
N17,E654,E952
N17,E656,E808
N17,E656,E888
N17,E656,E955
N17,E658,E834
N17,E658,E892
N17,E659,E939
N17,E660,E962
N17,E661,E831
N17,E661,E962
N17,E661,E976
N17,E662,E942
N17,E662,E945
N17,E663,E831
N17,E663,E980
N17,E664,E811
N17,E665,E826
N17,E666,E867
N17,E666,E969
N17,E666,E974
N17,E667,E897
N17,E667,E908
N17,E667,E944
N17,E667,E950
N17,E668,E807
N17,E668,E815
N17,E668,E860
N17,E668,E861
N17,E668,E971
N17,E669,E851
N17,E669,E878
N17,E669,E894
N17,E669,E970
N17,E670,E869
N17,E671,E909
N17,E671,E925
N17,E672,E840
N17,E673,E814
N17,E673,E896
N17,E673,E901
N17,E673,E928
N17,E674,E828
N17,E675,E921
N17,E675,E922
N17,E676,E834
N17,E676,E883
N17,E676,E965
N17,E677,E884
N17,E677,E935
N17,E678,E821
N17,E678,E963
N17,E679,E945
N17,E680,E845
N17,E680,E896
N17,E680,E959
N17,E680,E970
N17,E681,E982
N17,E682,E916
N17,E682,E927
N17,E682,E975
N17,E683,E886
N17,E683,E999
N17,E684,E977
N17,E684,E993
N17,E685,E834
N17,E685,E942
N17,E685,E953
N17,E685,E994
N17,E686,E861
N17,E687,E974
N17,E689,E924
N17,E690,E879
N17,E690,E985
N17,E691,E830
N17,E691,E963
N17,E692,E891
N17,E693,E833
N17,E693,E998
N17,E695,E916
N17,E695,E930
N17,E696,E803
N17,E696,E825
N17,E696,E875
N17,E696,E890
N17,E696,E988
N17,E697,E916
N17,E698,E863
N17,E698,E991
N17,E699,E819
N17,E699,E911
N17,E700,E843
N17,E700,E967
N17,E702,E934
N17,E703,E802
N17,E703,E844
N17,E703,E852
N17,E704,E810
N17,E704,E951
N17,E704,E999
N17,E705,E902
N17,E705,E906
N17,E706,E837
N17,E707,E817
N17,E707,E827
N17,E707,E889
N17,E707,E893
N17,E708,E845
N17,E708,E893
N17,E708,E946
N17,E708,E951
N17,E709,E988
N17,E710,E804
N17,E711,E811
N17,E712,E806
N17,E712,E919
N17,E713,E984
N17,E713,E991
N17,E714,E966
N17,E715,E852
N17,E715,E954
N17,E715,E958
N17,E716,E824
N17,E716,E885
N17,E716,E979
N17,E718,E927
N17,E719,E820
N17,E719,E959
N17,E720,E805
N17,E720,E859
N17,E720,E941
N17,E720,E996
N17,E721,E851
N17,E721,E855
N17,E721,E863
N17,E721,E878
N17,E722,E840
N17,E722,E841
N17,E722,E861
N17,E722,E942
N17,E722,E976
N17,E723,E846
N17,E723,E878
N17,E724,E801
N17,E724,E908
N17,E724,E939
N17,E726,E908
N17,E727,E822
N17,E727,E918
N17,E727,E997
N17,E728,E932
N17,E728,E986
N17,E729,E888
N17,E729,E912
N17,E731,E819
N17,E731,E960
N17,E732,E987
N17,E734,E898
N17,E734,E930
N17,E735,E811
N17,E735,E889
N17,E735,E948
N17,E735,E981
N17,E736,E913
N17,E736,E973
N17,E736,E978
N17,E737,E821
N17,E737,E899
N17,E737,E923
N17,E738,E848
N17,E738,E985
N17,E739,E850
N17,E739,E853
N17,E740,E833
N17,E740,E901
N17,E740,E960
N17,E741,E802
N17,E741,E872
N17,E741,E933
N17,E742,E904
N17,E743,E986
N17,E744,E853
N17,E745,E803
N17,E746,E837
N17,E746,E892
N17,E746,E946
N17,E747,E856
N17,E748,E876
N17,E748,E907
N17,E748,E990
N17,E749,E980
N17,E751,E914
N17,E751,E956
N17,E752,E810
N17,E752,E949
N17,E752,E985
N17,E753,E810
N17,E753,E846
N17,E753,E862
N17,E754,E932
N17,E754,E939
N17,E755,E844
N17,E755,E856
N17,E755,E909
N17,E755,E943
N17,E756,E823
N17,E756,E919
N17,E756,E920
N17,E756,E950
N17,E756,E952
N17,E756,E979
N17,E757,E835
N17,E757,E951
N17,E759,E833
N17,E759,E839
N17,E759,E858
N17,E759,E880
N17,E760,E932
N17,E760,E961
N17,E761,E848
N17,E761,E900
N17,E761,E938
N17,E761,E982
N17,E762,E827
N17,E762,E968
N17,E762,E970
N17,E763,E816
N17,E764,E988
N17,E765,E819
N17,E766,E845
N17,E766,E925
N17,E766,E937
N17,E766,E947
N17,E767,E801
N17,E767,E804
N17,E767,E830
N17,E768,E979
N17,E769,E846
N17,E769,E981
N17,E770,E847
N17,E771,E801
N17,E771,E994
N17,E773,E886
N17,E773,E990
N17,E774,E864
N17,E774,E873
N17,E774,E911
N17,E775,E874
N17,E775,E975
N17,E776,E931
N17,E777,E989
N17,E778,E915
N17,E778,E950
N17,E778,E968
N17,E780,E883
N17,E780,E912
N17,E780,E978
N17,E781,E923
N17,E781,E969
N17,E782,E868
N17,E782,E963
N17,E783,E955
N17,E784,E870
N17,E784,E992
N17,E785,E865
N17,E785,E897
N17,E785,E905
N17,E785,E930
N17,E785,E964
N17,E786,E855
N17,E786,E871
N17,E786,E906
N17,E786,E981
N17,E787,E820
N17,E787,E822
N17,E788,E859
N17,E788,E864
N17,E789,E857
N17,E792,E842
N17,E792,E856
N17,E793,E866
N17,E793,E871
N17,E794,E922
N17,E795,E865
N17,E795,E933
N17,E796,E917
N17,E797,E948
N17,E798,E881
N17,E798,E884
N17,E798,E905
N17,E799,E809
N17,E799,E862
N17,E799,E983
N18,E001,E372
N18,E001,E382
N18,E002,E234
N18,E002,E355
N18,E003,E287
N18,E003,E379
N18,E004,E306
N18,E004,E320
N18,E005,E366
N18,E006,E286
N18,E006,E313
N18,E006,E344
N18,E007,E274
N18,E008,E229
N18,E008,E238
N18,E008,E331
N18,E008,E348
N18,E008,E389
N18,E009,E257
N18,E009,E264
N18,E009,E291
N18,E009,E332
N18,E011,E220
N18,E011,E254
N18,E011,E386
N18,E012,E224
N18,E012,E279
N18,E012,E308
N18,E012,E363
N18,E013,E245
N18,E013,E252
N18,E015,E244
N18,E015,E249
N18,E016,E217
N18,E016,E245
N18,E016,E386
N18,E018,E209
N18,E018,E312
N18,E018,E333
N18,E018,E360
N18,E019,E208
N18,E019,E246
N18,E019,E297
N18,E019,E387
N18,E020,E259
N18,E020,E271
N18,E020,E280
N18,E020,E282
N18,E022,E282
N18,E022,E394
N18,E023,E375
N18,E024,E201
N18,E024,E244
N18,E024,E255
N18,E024,E298
N18,E024,E324
N18,E025,E249
N18,E025,E307
N18,E026,E202
N18,E026,E281
N18,E026,E345
N18,E027,E217
N18,E027,E249
N18,E027,E299
N18,E028,E376
N18,E028,E380
N18,E029,E225
N18,E029,E293
N18,E029,E329
N18,E030,E236
N18,E030,E266
N18,E030,E323
N18,E031,E256
N18,E031,E296
N18,E031,E317
N18,E031,E340
N18,E032,E242
N18,E033,E307
N18,E034,E396
N18,E036,E352
N18,E037,E215
N18,E037,E286
N18,E037,E294
N18,E037,E303
N18,E037,E321
N18,E037,E331
N18,E037,E332
N18,E037,E380
N18,E038,E238
N18,E038,E261
N18,E038,E369
N18,E038,E372
N18,E039,E212
N18,E039,E345
N18,E039,E395
N18,E040,E228
N18,E041,E319
N18,E041,E328
N18,E043,E371
N18,E044,E291
N18,E044,E315
N18,E045,E270
N18,E045,E309
N18,E046,E253
N18,E046,E310
N18,E046,E323
N18,E046,E376
N18,E047,E253
N18,E047,E302
N18,E048,E398
N18,E049,E277
N18,E050,E311
N18,E050,E350
N18,E050,E399
N18,E051,E213
N18,E052,E259
N18,E052,E274
N18,E052,E298
N18,E053,E325
N18,E054,E266
N18,E054,E300
N18,E054,E338
N18,E054,E355
N18,E054,E391
N18,E055,E237
N18,E055,E243
N18,E055,E258
N18,E055,E292
N18,E055,E327
N18,E055,E364
N18,E055,E392
N18,E056,E233
N18,E056,E252
N18,E057,E315
N18,E057,E348
N18,E058,E320
N18,E060,E318
N18,E060,E342
N18,E060,E373
N18,E061,E312
N18,E061,E388
N18,E061,E396
N18,E062,E295
N18,E063,E293
N18,E064,E210
N18,E064,E246
N18,E064,E273
N18,E065,E310
N18,E065,E351
N18,E066,E207
N18,E066,E344
N18,E066,E366
N18,E067,E251
N18,E068,E223
N18,E068,E318
N18,E068,E358
N18,E069,E203
N18,E069,E395
N18,E070,E357
N18,E070,E387
N18,E071,E213
N18,E071,E301
N18,E071,E358
N18,E072,E305
N18,E072,E356
N18,E073,E232
N18,E074,E258
N18,E074,E284
N18,E075,E272
N18,E075,E399
N18,E076,E241
N18,E076,E370
N18,E078,E236
N18,E078,E347
N18,E079,E202
N18,E079,E218
N18,E079,E362
N18,E079,E392
N18,E080,E330
N18,E080,E359
N18,E081,E232
N18,E081,E275
N18,E081,E325
N18,E081,E341
N18,E081,E367
N18,E081,E395
N18,E082,E240
N18,E082,E289
N18,E083,E323
N18,E083,E342
N18,E083,E374
N18,E084,E378
N18,E085,E234
N18,E086,E321
N18,E087,E207
N18,E087,E278
N18,E087,E290
N18,E087,E325
N18,E087,E370
N18,E088,E236
N18,E088,E349
N18,E089,E300
N18,E089,E339
N18,E089,E384
N18,E090,E338
N18,E091,E273
N18,E091,E335
N18,E091,E361
N18,E092,E240
N18,E092,E398
N18,E093,E254
N18,E093,E334
N18,E094,E297
N18,E095,E241
N18,E095,E247
N18,E096,E263
N18,E096,E274
N18,E096,E275
N18,E096,E354
N18,E096,E388
N18,E096,E392
N18,E097,E262
N18,E097,E328
N18,E097,E352
N18,E097,E367
N18,E097,E384
N18,E097,E390
N18,E098,E216
N18,E098,E256
N18,E099,E315
N18,E100,E216
N18,E100,E222
N18,E100,E378
N18,E101,E224
N18,E101,E245
N18,E102,E263
N18,E102,E297
N18,E102,E381
N18,E105,E317
N18,E106,E318
N18,E106,E330
N18,E106,E365
N18,E107,E360
N18,E109,E200
N18,E110,E206
N18,E110,E280
N18,E111,E302
N18,E112,E238
N18,E112,E285
N18,E113,E376
N18,E113,E388
N18,E115,E210
N18,E115,E387
N18,E116,E248
N18,E116,E305
N18,E116,E314
N18,E116,E329
N18,E116,E366
N18,E117,E242
N18,E117,E363
N18,E118,E277
N18,E118,E377
N18,E119,E208
N18,E120,E303
N18,E120,E386
N18,E121,E226
N18,E121,E243
N18,E121,E312
N18,E121,E343
N18,E121,E344
N18,E121,E353
N18,E121,E373
N18,E122,E205
N18,E122,E206
N18,E122,E268
N18,E123,E321
N18,E124,E218
N18,E124,E284
N18,E124,E304
N18,E125,E267
N18,E125,E311
N18,E125,E385
N18,E127,E244
N18,E127,E347
N18,E128,E211
N18,E129,E326
N18,E129,E348
N18,E129,E397
N18,E130,E374
N18,E131,E227
N18,E131,E293
N18,E132,E228
N18,E133,E278
N18,E133,E296
N18,E134,E205
N18,E134,E241
N18,E134,E339
N18,E135,E223
N18,E135,E265
N18,E135,E341
N18,E136,E294
N18,E136,E380
N18,E137,E370
N18,E138,E221
N18,E138,E235
N18,E138,E362
N18,E139,E371
N18,E140,E234
N18,E141,E289
N18,E142,E207
N18,E142,E254
N18,E142,E260
N18,E143,E208
N18,E143,E286
N18,E145,E214
N18,E145,E229
N18,E145,E397
N18,E146,E258
N18,E146,E310
N18,E146,E322
N18,E146,E343
N18,E146,E346
N18,E147,E261
N18,E148,E220
N18,E148,E307
N18,E148,E341
N18,E148,E372
N18,E148,E374
N18,E149,E357
N18,E150,E396
N18,E152,E353
N18,E154,E233
N18,E154,E276
N18,E155,E371
N18,E155,E384
N18,E156,E311
N18,E156,E350
N18,E158,E243
N18,E158,E250
N18,E158,E255
N18,E158,E283
N18,E159,E206
N18,E159,E262
N18,E159,E267
N18,E159,E291
N18,E159,E334
N18,E160,E239
N18,E160,E355
N18,E161,E233
N18,E161,E264
N18,E161,E305
N18,E162,E200
N18,E162,E235
N18,E162,E272
N18,E162,E336
N18,E163,E209
N18,E163,E324
N18,E163,E398
N18,E164,E219
N18,E164,E294
N18,E164,E327
N18,E164,E377
N18,E165,E220
N18,E165,E240
N18,E165,E272
N18,E165,E347
N18,E166,E280
N18,E166,E317
N18,E166,E335
N18,E166,E353
N18,E167,E314
N18,E167,E358
N18,E168,E265
N18,E168,E316
N18,E169,E350
N18,E170,E204
N18,E170,E246
N18,E171,E276
N18,E171,E316
N18,E172,E281
N18,E172,E373
N18,E173,E316
N18,E174,E379
N18,E175,E227
N18,E176,E279
N18,E176,E313
N18,E176,E352
N18,E176,E390
N18,E178,E259
N18,E178,E368
N18,E179,E252
N18,E179,E276
N18,E180,E363
N18,E181,E230
N18,E182,E360
N18,E183,E270
N18,E184,E285
N18,E184,E343
N18,E185,E377
N18,E186,E288
N18,E187,E277
N18,E187,E279
N18,E187,E333
N18,E187,E359
N18,E188,E231
N18,E188,E383
N18,E189,E269
N18,E189,E289
N18,E189,E337
N18,E190,E266
N18,E191,E324
N18,E191,E361
N18,E191,E364
N18,E192,E339
N18,E192,E393
N18,E195,E203
N18,E195,E283
N18,E195,E342
N18,E196,E242
N18,E196,E275
N18,E196,E283
N18,E196,E346
N18,E197,E239
N18,E197,E262
N18,E197,E284
N18,E197,E296
N18,E197,E329
N18,E197,E394
N18,E199,E218
N18,E199,E261
N18,E199,E361
N18,E201,E553
N18,E201,E560
N18,E202,E493
N18,E203,E478
N18,E203,E485
N18,E203,E550
N18,E203,E569
N18,E204,E512
N18,E206,E518
N18,E206,E533
N18,E207,E445
N18,E208,E526
N18,E209,E548
N18,E211,E466
N18,E212,E446
N18,E212,E534
N18,E213,E410
N18,E213,E475
N18,E213,E508
N18,E213,E522
N18,E214,E469
N18,E214,E481
N18,E214,E506
N18,E214,E587
N18,E215,E444
N18,E215,E571
N18,E216,E433
N18,E216,E437
N18,E216,E587
N18,E217,E416
N18,E217,E439
N18,E217,E505
N18,E217,E570
N18,E218,E461
N18,E218,E575
N18,E219,E444
N18,E219,E465
N18,E219,E584
N18,E220,E599
N18,E221,E411
N18,E221,E478
N18,E221,E562
N18,E221,E594
N18,E222,E470
N18,E224,E432
N18,E224,E464
N18,E225,E511
N18,E225,E544
N18,E227,E407
N18,E227,E537
N18,E228,E492
N18,E228,E510
N18,E228,E511
N18,E228,E556
N18,E229,E514
N18,E229,E538
N18,E229,E574
N18,E230,E453
N18,E230,E471
N18,E230,E553
N18,E230,E572
N18,E231,E490
N18,E231,E555
N18,E232,E460
N18,E233,E543
N18,E233,E581
N18,E233,E591
N18,E234,E458
N18,E234,E521
N18,E235,E445
N18,E235,E502
N18,E235,E517
N18,E235,E594
N18,E236,E463
N18,E236,E593
N18,E237,E521
N18,E237,E551
N18,E238,E484
N18,E239,E414
N18,E239,E426
N18,E239,E535
N18,E240,E408
N18,E240,E542
N18,E241,E452
N18,E241,E520
N18,E242,E562
N18,E243,E429
N18,E243,E589
N18,E244,E432
N18,E244,E513
N18,E244,E547
N18,E245,E520
N18,E245,E545
N18,E246,E509
N18,E247,E423
N18,E247,E498
N18,E247,E533
N18,E248,E537
N18,E248,E549
N18,E249,E449
N18,E249,E547
N18,E250,E401
N18,E251,E566
N18,E252,E457
N18,E253,E553
N18,E253,E583
N18,E254,E443
N18,E255,E536
N18,E256,E465
N18,E256,E480
N18,E256,E576
N18,E257,E471
N18,E259,E558
N18,E259,E564
N18,E259,E578
N18,E261,E432
N18,E261,E462
N18,E261,E474
N18,E261,E525
N18,E261,E573
N18,E263,E402
N18,E263,E406
N18,E263,E500
N18,E264,E502
N18,E264,E577
N18,E264,E595
N18,E265,E470
N18,E265,E509
N18,E265,E521
N18,E266,E477
N18,E267,E598
N18,E268,E532
N18,E268,E552
N18,E269,E408
N18,E269,E426
N18,E269,E430
N18,E269,E452
N18,E269,E530
N18,E270,E443
N18,E270,E542
N18,E270,E551
N18,E270,E596
N18,E270,E597
N18,E271,E464
N18,E271,E533
N18,E271,E568
N18,E272,E442
N18,E272,E464
N18,E272,E468
N18,E272,E504
N18,E272,E563
N18,E272,E580
N18,E273,E561
N18,E274,E401
N18,E275,E417
N18,E275,E457
N18,E275,E472
N18,E275,E518
N18,E276,E523
N18,E277,E488
N18,E277,E590
N18,E278,E406
N18,E278,E481
N18,E278,E527
N18,E278,E563
N18,E278,E575
N18,E280,E436
N18,E280,E531
N18,E280,E561
N18,E280,E562
N18,E280,E567
N18,E281,E402
N18,E281,E523
N18,E282,E450
N18,E282,E561
N18,E282,E581
N18,E283,E415
N18,E283,E493
N18,E284,E414
N18,E284,E422
N18,E284,E586
N18,E285,E490
N18,E285,E573
N18,E287,E414
N18,E287,E420
N18,E287,E428
N18,E287,E526
N18,E288,E467
N18,E288,E494
N18,E288,E512
N18,E289,E503
N18,E289,E525
N18,E289,E570
N18,E289,E571
N18,E290,E451
N18,E290,E515
N18,E290,E545
N18,E290,E560
N18,E291,E439
N18,E291,E452
N18,E291,E480
N18,E291,E546
N18,E291,E589
N18,E292,E418
N18,E292,E454
N18,E292,E571
N18,E292,E572
N18,E295,E544
N18,E295,E558
N18,E296,E433
N18,E297,E412
N18,E297,E472
N18,E298,E476
N18,E298,E565
N18,E299,E560
N18,E300,E417
N18,E300,E495
N18,E300,E524
N18,E300,E588
N18,E301,E491
N18,E301,E514
N18,E301,E522
N18,E301,E559
N18,E301,E572
N18,E301,E584
N18,E302,E595
N18,E303,E411
N18,E303,E457
N18,E303,E466
N18,E303,E494
N18,E304,E427
N18,E305,E516
N18,E306,E590
N18,E308,E591
N18,E309,E596
N18,E310,E400
N18,E310,E447
N18,E310,E492
N18,E310,E523
N18,E311,E429
N18,E311,E518
N18,E311,E592
N18,E313,E550
N18,E314,E497
N18,E314,E574
N18,E314,E585
N18,E315,E597
N18,E316,E407
N18,E316,E581
N18,E317,E458
N18,E317,E520
N18,E319,E489
N18,E320,E462
N18,E321,E507
N18,E322,E428
N18,E322,E431
N18,E322,E465
N18,E323,E552
N18,E324,E448
N18,E324,E469
N18,E324,E597
N18,E325,E419
N18,E325,E558
N18,E328,E423
N18,E329,E425
N18,E329,E479
N18,E330,E422
N18,E331,E413
N18,E331,E513
N18,E331,E519
N18,E331,E565
N18,E332,E449
N18,E332,E473
N18,E332,E486
N18,E332,E540
N18,E332,E582
N18,E332,E586
N18,E333,E434
N18,E333,E496
N18,E333,E593
N18,E334,E587
N18,E335,E456
N18,E336,E462
N18,E337,E510
N18,E337,E548
N18,E338,E451
N18,E338,E525
N18,E338,E545
N18,E338,E554
N18,E338,E570
N18,E339,E470
N18,E339,E528
N18,E340,E438
N18,E340,E529
N18,E341,E406
N18,E341,E440
N18,E341,E595
N18,E342,E405
N18,E342,E459
N18,E343,E412
N18,E343,E420
N18,E343,E447
N18,E343,E489
N18,E343,E507
N18,E345,E503
N18,E346,E419
N18,E347,E409
N18,E347,E494
N18,E347,E585
N18,E348,E404
N18,E350,E566
N18,E351,E443
N18,E352,E402
N18,E352,E404
N18,E353,E591
N18,E354,E428
N18,E354,E578
N18,E355,E403
N18,E355,E548
N18,E356,E482
N18,E356,E594
N18,E357,E424
N18,E357,E451
N18,E357,E483
N18,E357,E529
N18,E357,E599
N18,E359,E413
N18,E359,E541
N18,E360,E528
N18,E361,E413
N18,E361,E444
N18,E361,E463
N18,E361,E538
N18,E361,E540
N18,E361,E555
N18,E362,E447
N18,E362,E539
N18,E362,E557
N18,E362,E565
N18,E363,E469
N18,E363,E530
N18,E363,E579
N18,E364,E543
N18,E365,E404
N18,E365,E495
N18,E365,E576
N18,E366,E585
N18,E367,E583
N18,E368,E429
N18,E368,E449
N18,E368,E499
N18,E369,E450
N18,E369,E453
N18,E370,E510
N18,E370,E584
N18,E371,E415
N18,E371,E441
N18,E371,E455
N18,E372,E421
N18,E372,E487
N18,E372,E508
N18,E372,E564
N18,E373,E567
N18,E374,E433
N18,E374,E489
N18,E374,E540
N18,E376,E549
N18,E377,E422
N18,E378,E461
N18,E378,E476
N18,E378,E501
N18,E379,E550
N18,E380,E577
N18,E381,E504
N18,E382,E483
N18,E383,E493
N18,E385,E431
N18,E386,E423
N18,E387,E467
N18,E387,E492
N18,E387,E495
N18,E388,E426
N18,E388,E580
N18,E390,E401
N18,E390,E435
N18,E390,E535
N18,E392,E420
N18,E392,E421
N18,E393,E473
N18,E393,E481
N18,E394,E506
N18,E394,E596
N18,E395,E491
N18,E395,E497
N18,E395,E502
N18,E395,E592
N18,E396,E569
N18,E397,E450
N18,E397,E563
N18,E398,E446
N18,E398,E507
N18,E398,E555
N18,E399,E439
N18,E400,E679
N18,E400,E717
N18,E401,E718
N18,E404,E634
N18,E404,E657
N18,E404,E665
N18,E404,E746
N18,E405,E697
N18,E406,E623
N18,E406,E722
N18,E406,E742
N18,E407,E697
N18,E408,E636
N18,E408,E772
N18,E409,E637
N18,E409,E638
N18,E410,E622
N18,E410,E631
N18,E410,E650
N18,E411,E638
N18,E411,E734
N18,E412,E701
N18,E412,E741
N18,E412,E749
N18,E413,E616
N18,E413,E766
N18,E414,E649
N18,E414,E668
N18,E416,E607
N18,E416,E692
N18,E416,E796
N18,E417,E620
N18,E417,E647
N18,E417,E695
N18,E417,E730
N18,E417,E745
N18,E418,E669
N18,E419,E678
N18,E420,E600
N18,E420,E613
N18,E420,E682
N18,E420,E683
N18,E421,E645
N18,E421,E703
N18,E422,E689
N18,E422,E723
N18,E423,E788
N18,E424,E637
N18,E425,E631
N18,E426,E739
N18,E426,E749
N18,E427,E613
N18,E427,E695
N18,E428,E710
N18,E429,E615
N18,E430,E624
N18,E430,E653
N18,E430,E672
N18,E431,E726
N18,E432,E793
N18,E433,E645
N18,E433,E689
N18,E433,E702
N18,E434,E626
N18,E434,E694
N18,E434,E768
N18,E435,E613
N18,E435,E646
N18,E435,E665
N18,E436,E629
N18,E436,E653
N18,E436,E744
N18,E437,E634
N18,E437,E664
N18,E437,E707
N18,E437,E731
N18,E438,E606
N18,E441,E630
N18,E441,E795
N18,E442,E738
N18,E444,E611
N18,E444,E718
N18,E444,E756
N18,E446,E702
N18,E447,E713
N18,E447,E731
N18,E448,E615
N18,E448,E628
N18,E448,E682
N18,E448,E750
N18,E448,E763
N18,E449,E702
N18,E450,E744
N18,E451,E673
N18,E452,E653
N18,E452,E703
N18,E452,E732
N18,E453,E673
N18,E453,E785
N18,E454,E610
N18,E454,E636
N18,E455,E677
N18,E455,E709
N18,E457,E659
N18,E459,E610
N18,E459,E712
N18,E460,E601
N18,E460,E641
N18,E460,E684
N18,E460,E693
N18,E460,E769
N18,E462,E623
N18,E462,E633
N18,E462,E634
N18,E463,E725
N18,E463,E738
N18,E463,E758
N18,E464,E651
N18,E464,E740
N18,E464,E782
N18,E465,E663
N18,E465,E731
N18,E466,E617
N18,E466,E788
N18,E467,E688
N18,E467,E691
N18,E467,E703
N18,E467,E719
N18,E467,E778
N18,E468,E750
N18,E469,E642
N18,E470,E628
N18,E470,E777
N18,E471,E627
N18,E471,E638
N18,E471,E748
N18,E472,E657
N18,E472,E728
N18,E472,E744
N18,E473,E635
N18,E473,E655
N18,E473,E790
N18,E474,E611
N18,E474,E707
N18,E474,E789
N18,E475,E721
N18,E476,E626
N18,E476,E646
N18,E476,E799
N18,E477,E601
N18,E477,E612
N18,E477,E655
N18,E477,E782
N18,E478,E765
N18,E478,E769
N18,E479,E674
N18,E479,E706
N18,E479,E773
N18,E479,E779
N18,E480,E643
N18,E481,E627
N18,E482,E724
N18,E482,E776
N18,E483,E639
N18,E484,E666
N18,E484,E698
N18,E484,E796
N18,E485,E717
N18,E486,E604
N18,E486,E716
N18,E486,E786
N18,E487,E624
N18,E487,E749
N18,E489,E753
N18,E489,E776
N18,E489,E789
N18,E490,E664
N18,E490,E671
N18,E491,E755
N18,E491,E761
N18,E492,E686
N18,E492,E751
N18,E492,E787
N18,E492,E790
N18,E493,E611
N18,E493,E671
N18,E493,E684
N18,E493,E780
N18,E494,E647
N18,E494,E696
N18,E495,E771
N18,E497,E737
N18,E497,E774
N18,E498,E644
N18,E498,E669
N18,E498,E789
N18,E499,E643
N18,E500,E690
N18,E500,E753
N18,E501,E650
N18,E501,E696
N18,E501,E734
N18,E504,E720
N18,E504,E724
N18,E504,E733
N18,E506,E699
N18,E507,E615
N18,E507,E655
N18,E507,E704
N18,E507,E760
N18,E507,E773
N18,E508,E659
N18,E509,E630
N18,E509,E791
N18,E510,E782
N18,E510,E786
N18,E511,E607
N18,E511,E752
N18,E512,E648
N18,E513,E675
N18,E513,E760
N18,E514,E632
N18,E515,E686
N18,E515,E793
N18,E516,E619
N18,E516,E690
N18,E517,E670
N18,E517,E725
N18,E517,E735
N18,E517,E797
N18,E518,E625
N18,E518,E626
N18,E518,E644
N18,E518,E727
N18,E519,E668
N18,E519,E710
N18,E519,E741
N18,E520,E649
N18,E520,E716
N18,E522,E738
N18,E522,E743
N18,E522,E781
N18,E523,E685
N18,E523,E777
N18,E524,E686
N18,E524,E708
N18,E524,E767
N18,E524,E768
N18,E524,E771
N18,E525,E734
N18,E525,E799
N18,E526,E648
N18,E526,E676
N18,E526,E715
N18,E526,E723
N18,E527,E652
N18,E527,E693
N18,E527,E743
N18,E527,E748
N18,E527,E775
N18,E528,E618
N18,E528,E640
N18,E528,E681
N18,E528,E747
N18,E530,E621
N18,E530,E661
N18,E530,E759
N18,E532,E620
N18,E532,E663
N18,E532,E796
N18,E532,E798
N18,E533,E603
N18,E533,E610
N18,E533,E766
N18,E533,E779
N18,E534,E668
N18,E534,E687
N18,E535,E706
N18,E535,E770
N18,E535,E781
N18,E537,E637
N18,E537,E729
N18,E537,E746
N18,E537,E767
N18,E537,E784
N18,E539,E631
N18,E539,E654
N18,E539,E719
N18,E540,E633
N18,E540,E643
N18,E542,E727
N18,E543,E652
N18,E543,E663
N18,E544,E606
N18,E544,E656
N18,E544,E662
N18,E544,E748
N18,E544,E778
N18,E545,E688
N18,E548,E743
N18,E549,E672
N18,E549,E762
N18,E549,E783
N18,E549,E792
N18,E550,E603
N18,E550,E679
N18,E551,E644
N18,E551,E705
N18,E551,E712
N18,E551,E787
N18,E553,E679
N18,E554,E670
N18,E554,E794
N18,E555,E762
N18,E556,E624
N18,E557,E671
N18,E557,E766
N18,E558,E794
N18,E558,E795
N18,E558,E798
N18,E559,E630
N18,E559,E711
N18,E560,E684
N18,E560,E763
N18,E561,E608
N18,E562,E677
N18,E562,E775
N18,E563,E651
N18,E563,E661
N18,E563,E746
N18,E563,E774
N18,E564,E646
N18,E564,E732
N18,E564,E754
N18,E564,E793
N18,E565,E612
N18,E566,E713
N18,E567,E709
N18,E568,E669
N18,E568,E674
N18,E569,E665
N18,E569,E721
N18,E570,E721
N18,E570,E756
N18,E571,E605
N18,E571,E797
N18,E572,E640
N18,E572,E727
N18,E572,E788
N18,E573,E602
N18,E573,E736
N18,E573,E740
N18,E574,E642
N18,E574,E752
N18,E575,E697
N18,E575,E764
N18,E575,E767
N18,E576,E700
N18,E576,E705
N18,E576,E709
N18,E576,E712
N18,E576,E757
N18,E576,E792
N18,E577,E628
N18,E578,E620
N18,E578,E640
N18,E578,E660
N18,E579,E627
N18,E579,E649
N18,E579,E658
N18,E579,E667
N18,E579,E739
N18,E579,E790
N18,E580,E755
N18,E580,E786
N18,E581,E692
N18,E581,E764
N18,E582,E680
N18,E584,E614
N18,E584,E687
N18,E584,E691
N18,E587,E625
N18,E587,E680
N18,E587,E713
N18,E587,E779
N18,E588,E673
N18,E588,E728
N18,E589,E718
N18,E590,E696
N18,E590,E724
N18,E590,E763
N18,E591,E698
N18,E591,E714
N18,E592,E622
N18,E592,E675
N18,E592,E794
N18,E593,E609
N18,E593,E618
N18,E593,E641
N18,E594,E723
N18,E595,E760
N18,E597,E704
N18,E598,E707
N18,E599,E692
N18,E600,E897
N18,E600,E925
N18,E600,E953
N18,E601,E807
N18,E601,E919
N18,E601,E983
N18,E601,E994
N18,E602,E806
N18,E602,E974
N18,E603,E978
N18,E604,E814
N18,E604,E930
N18,E605,E809
N18,E606,E827
N18,E606,E908
N18,E608,E808
N18,E608,E982
N18,E609,E874
N18,E609,E980
N18,E609,E993
N18,E610,E805
N18,E610,E890
N18,E611,E867
N18,E611,E994
N18,E612,E869
N18,E613,E976
N18,E613,E996
N18,E614,E833
N18,E614,E942
N18,E615,E851
N18,E615,E912
N18,E616,E865
N18,E616,E902
N18,E616,E964
N18,E616,E965
N18,E617,E979
N18,E618,E930
N18,E619,E870
N18,E620,E852
N18,E620,E895
N18,E620,E933
N18,E620,E980
N18,E620,E993
N18,E620,E999
N18,E621,E957
N18,E621,E973
N18,E622,E822
N18,E622,E884
N18,E623,E834
N18,E623,E887
N18,E623,E981
N18,E624,E863
N18,E624,E913
N18,E626,E823
N18,E626,E825
N18,E626,E883
N18,E626,E918
N18,E626,E934
N18,E626,E992
N18,E627,E886
N18,E628,E814
N18,E628,E833
N18,E628,E834
N18,E628,E841
N18,E628,E961
N18,E629,E983
N18,E631,E917
N18,E633,E861
N18,E633,E867
N18,E634,E920
N18,E635,E804
N18,E635,E922
N18,E635,E949
N18,E636,E827
N18,E636,E844
N18,E636,E868
N18,E636,E886
N18,E636,E931
N18,E637,E803
N18,E637,E874
N18,E637,E954
N18,E638,E877
N18,E638,E915
N18,E639,E906
N18,E639,E955
N18,E639,E956
N18,E640,E836
N18,E641,E804
N18,E641,E836
N18,E641,E861
N18,E641,E889
N18,E641,E892
N18,E641,E896
N18,E641,E948
N18,E641,E962
N18,E641,E964
N18,E641,E994
N18,E642,E814
N18,E643,E895
N18,E643,E902
N18,E643,E968
N18,E644,E859
N18,E644,E893
N18,E644,E922
N18,E644,E941
N18,E645,E891
N18,E645,E971
N18,E646,E851
N18,E647,E928
N18,E648,E806
N18,E648,E832
N18,E648,E846
N18,E648,E959
N18,E649,E907
N18,E649,E942
N18,E650,E856
N18,E650,E981
N18,E651,E851
N18,E651,E985
N18,E652,E832
N18,E652,E873
N18,E652,E989
N18,E653,E800
N18,E653,E909
N18,E653,E915
N18,E653,E947
N18,E654,E800
N18,E654,E845
N18,E655,E946
N18,E655,E967
N18,E656,E990
N18,E657,E981
N18,E658,E810
N18,E658,E923
N18,E658,E974
N18,E659,E894
N18,E659,E929
N18,E659,E970
N18,E660,E872
N18,E660,E938
N18,E660,E943
N18,E661,E817
N18,E661,E872
N18,E662,E963
N18,E665,E866
N18,E665,E874
N18,E665,E935
N18,E665,E979
N18,E666,E802
N18,E666,E983
N18,E667,E827
N18,E667,E890
N18,E668,E982
N18,E668,E984
N18,E668,E986
N18,E669,E842
N18,E669,E969
N18,E670,E807
N18,E670,E848
N18,E671,E869
N18,E671,E904
N18,E672,E821
N18,E672,E923
N18,E672,E975
N18,E673,E863
N18,E673,E880
N18,E673,E932
N18,E673,E950
N18,E675,E820
N18,E676,E916
N18,E677,E836
N18,E677,E857
N18,E678,E853
N18,E678,E960
N18,E679,E816
N18,E680,E815
N18,E680,E899
N18,E681,E934
N18,E682,E815
N18,E683,E828
N18,E683,E849
N18,E683,E879
N18,E683,E900
N18,E684,E973
N18,E685,E803
N18,E685,E805
N18,E685,E894
N18,E685,E912
N18,E686,E853
N18,E686,E859
N18,E686,E920
N18,E687,E950
N18,E688,E854
N18,E688,E979
N18,E689,E837
N18,E689,E847
N18,E689,E849
N18,E689,E865
N18,E689,E929
N18,E689,E988
N18,E690,E855
N18,E691,E804
N18,E691,E828
N18,E692,E882
N18,E693,E928
N18,E694,E818
N18,E694,E829
N18,E694,E894
N18,E694,E901
N18,E695,E831
N18,E696,E868
N18,E696,E949
N18,E696,E984
N18,E697,E971
N18,E698,E921
N18,E698,E930
N18,E698,E963
N18,E699,E822
N18,E699,E950
N18,E700,E850
N18,E700,E919
N18,E700,E998
N18,E702,E897
N18,E703,E866
N18,E703,E937
N18,E704,E841
N18,E704,E978
N18,E705,E947
N18,E706,E829
N18,E706,E850
N18,E707,E901
N18,E708,E857
N18,E708,E868
N18,E709,E853
N18,E709,E940
N18,E709,E945
N18,E709,E948
N18,E710,E875
N18,E710,E945
N18,E711,E871
N18,E713,E931
N18,E713,E966
N18,E714,E844
N18,E714,E849
N18,E714,E918
N18,E715,E893
N18,E716,E948
N18,E718,E869
N18,E719,E800
N18,E719,E855
N18,E719,E907
N18,E719,E939
N18,E719,E942
N18,E719,E980
N18,E720,E815
N18,E721,E834
N18,E721,E847
N18,E721,E910
N18,E721,E931
N18,E721,E977
N18,E722,E842
N18,E722,E866
N18,E722,E898
N18,E722,E923
N18,E722,E960
N18,E723,E858
N18,E723,E997
N18,E724,E806
N18,E724,E839
N18,E724,E862
N18,E724,E903
N18,E724,E906
N18,E725,E926
N18,E725,E987
N18,E726,E885
N18,E726,E992
N18,E727,E810
N18,E727,E835
N18,E727,E896
N18,E730,E872
N18,E731,E850
N18,E731,E892
N18,E731,E934
N18,E733,E856
N18,E734,E824
N18,E734,E826
N18,E734,E888
N18,E734,E897
N18,E735,E854
N18,E736,E954
N18,E737,E801
N18,E737,E821
N18,E737,E833
N18,E738,E812
N18,E738,E921
N18,E739,E840
N18,E740,E862
N18,E740,E967
N18,E742,E848
N18,E742,E859
N18,E742,E873
N18,E743,E820
N18,E743,E932
N18,E744,E818
N18,E744,E837
N18,E745,E914
N18,E745,E987
N18,E746,E995
N18,E747,E838
N18,E749,E998
N18,E750,E876
N18,E750,E903
N18,E751,E944
N18,E752,E816
N18,E753,E899
N18,E753,E970
N18,E754,E843
N18,E755,E835
N18,E755,E875
N18,E755,E945
N18,E756,E830
N18,E756,E881
N18,E756,E908
N18,E756,E953
N18,E757,E820
N18,E757,E839
N18,E758,E824
N18,E758,E826
N18,E758,E835
N18,E759,E873
N18,E760,E845
N18,E760,E911
N18,E761,E813
N18,E761,E864
N18,E761,E879
N18,E761,E997
N18,E762,E891
N18,E763,E976
N18,E764,E915
N18,E766,E817
N18,E766,E819
N18,E766,E944
N18,E767,E828
N18,E767,E951
N18,E768,E901
N18,E768,E924
N18,E768,E947
N18,E768,E951
N18,E768,E974
N18,E770,E816
N18,E770,E957
N18,E771,E907
N18,E771,E991
N18,E771,E993
N18,E772,E916
N18,E772,E972
N18,E773,E921
N18,E774,E878
N18,E774,E898
N18,E774,E924
N18,E774,E973
N18,E775,E933
N18,E776,E876
N18,E776,E880
N18,E777,E852
N18,E777,E883
N18,E777,E906
N18,E778,E910
N18,E778,E956
N18,E778,E985
N18,E779,E865
N18,E780,E848
N18,E781,E905
N18,E781,E977
N18,E782,E808
N18,E782,E837
N18,E782,E892
N18,E782,E933
N18,E782,E958
N18,E782,E978
N18,E783,E819
N18,E783,E829
N18,E783,E914
N18,E783,E952
N18,E784,E856
N18,E784,E936
N18,E784,E960
N18,E786,E812
N18,E788,E822
N18,E788,E840
N18,E789,E888
N18,E789,E988
N18,E790,E900
N18,E790,E919
N18,E790,E935
N18,E791,E860
N18,E791,E927
N18,E791,E992
N18,E792,E839
N18,E792,E843
N18,E792,E852
N18,E792,E909
N18,E792,E917
N18,E794,E811
N18,E794,E847
N18,E794,E867
N18,E794,E917
N18,E795,E927
N18,E795,E944
N18,E795,E965
N18,E796,E845
N18,E796,E957
N18,E797,E955
N18,E799,E818
N19,E000,E358
N19,E001,E240
N19,E001,E305
N19,E001,E318
N19,E001,E367
N19,E004,E271
N19,E004,E292
N19,E004,E345
N19,E004,E369
N19,E006,E222
N19,E006,E253
N19,E006,E319
N19,E006,E398
N19,E007,E252
N19,E008,E304
N19,E009,E225
N19,E009,E352
N19,E010,E216
N19,E010,E368
N19,E012,E274
N19,E012,E278
N19,E013,E209
N19,E013,E212
N19,E013,E360
N19,E014,E284
N19,E014,E319
N19,E014,E360
N19,E015,E277
N19,E015,E284
N19,E015,E350
N19,E016,E287
N19,E016,E302
N19,E017,E220
N19,E017,E236
N19,E017,E239
N19,E017,E275
N19,E017,E394
N19,E019,E232
N19,E019,E239
N19,E020,E353
N19,E022,E267
N19,E023,E254
N19,E024,E239
N19,E024,E257
N19,E025,E201
N19,E025,E235
N19,E025,E273
N19,E026,E302
N19,E027,E211
N19,E028,E332
N19,E029,E313
N19,E030,E370
N19,E031,E217
N19,E032,E258
N19,E032,E281
N19,E032,E286
N19,E032,E387
N19,E033,E268
N19,E033,E333
N19,E035,E227
N19,E035,E270
N19,E035,E384
N19,E037,E208
N19,E037,E380
N19,E038,E217
N19,E038,E253
N19,E038,E261
N19,E038,E362
N19,E038,E365
N19,E039,E210
N19,E039,E343
N19,E040,E391
N19,E042,E221
N19,E042,E224
N19,E042,E260
N19,E042,E385
N19,E043,E279
N19,E043,E305
N19,E043,E329
N19,E043,E376
N19,E045,E208
N19,E045,E373
N19,E046,E259
N19,E046,E354
N19,E048,E219
N19,E048,E348
N19,E050,E235
N19,E050,E327
N19,E050,E357
N19,E050,E367
N19,E051,E314
N19,E051,E359
N19,E051,E365
N19,E052,E221
N19,E052,E269
N19,E052,E288
N19,E052,E387
N19,E053,E226
N19,E053,E358
N19,E054,E232
N19,E054,E315
N19,E054,E392
N19,E055,E205
N19,E055,E243
N19,E055,E260
N19,E055,E318
N19,E055,E344
N19,E056,E202
N19,E056,E289
N19,E056,E331
N19,E057,E295
N19,E057,E311
N19,E059,E234
N19,E059,E303
N19,E059,E329
N19,E059,E374
N19,E060,E237
N19,E060,E381
N19,E061,E224
N19,E061,E294
N19,E061,E391
N19,E062,E324
N19,E062,E344
N19,E064,E237
N19,E064,E244
N19,E064,E361
N19,E064,E397
N19,E065,E214
N19,E065,E241
N19,E065,E340
N19,E066,E247
N19,E066,E264
N19,E066,E387
N19,E066,E390
N19,E067,E261
N19,E067,E280
N19,E067,E330
N19,E067,E336
N19,E067,E346
N19,E068,E354
N19,E068,E367
N19,E069,E289
N19,E070,E243
N19,E070,E371
N19,E071,E233
N19,E071,E309
N19,E071,E356
N19,E072,E363
N19,E073,E304
N19,E073,E356
N19,E074,E237
N19,E074,E285
N19,E075,E295
N19,E076,E223
N19,E076,E328
N19,E077,E349
N19,E077,E359
N19,E079,E303
N19,E079,E366
N19,E079,E389
N19,E080,E372
N19,E081,E202
N19,E082,E376
N19,E083,E213
N19,E083,E233
N19,E084,E316
N19,E086,E284
N19,E086,E390
N19,E087,E322
N19,E087,E371
N19,E088,E235
N19,E088,E257
N19,E089,E263
N19,E089,E269
N19,E089,E308
N19,E089,E311
N19,E089,E335
N19,E089,E337
N19,E090,E266
N19,E092,E215
N19,E093,E211
N19,E093,E234
N19,E094,E355
N19,E095,E297
N19,E096,E271
N19,E096,E388
N19,E097,E245
N19,E098,E308
N19,E098,E318
N19,E098,E329
N19,E098,E393
N19,E099,E207
N19,E099,E211
N19,E100,E375
N19,E101,E334
N19,E101,E395
N19,E102,E221
N19,E102,E273
N19,E102,E343
N19,E103,E317
N19,E104,E250
N19,E104,E322
N19,E105,E205
N19,E106,E272
N19,E106,E356
N19,E106,E374
N19,E108,E298
N19,E110,E245
N19,E110,E249
N19,E110,E271
N19,E110,E279
N19,E110,E341
N19,E112,E325
N19,E112,E394
N19,E113,E242
N19,E113,E272
N19,E114,E383
N19,E114,E394
N19,E115,E229
N19,E115,E254
N19,E116,E390
N19,E117,E298
N19,E118,E288
N19,E119,E266
N19,E119,E342
N19,E120,E248
N19,E120,E305
N19,E120,E361
N19,E121,E315
N19,E121,E339
N19,E121,E355
N19,E121,E363
N19,E122,E227
N19,E122,E300
N19,E122,E317
N19,E122,E382
N19,E123,E226
N19,E123,E278
N19,E123,E301
N19,E124,E214
N19,E124,E224
N19,E124,E232
N19,E126,E238
N19,E126,E276
N19,E126,E393
N19,E127,E307
N19,E127,E323
N19,E127,E346
N19,E128,E241
N19,E128,E290
N19,E130,E297
N19,E130,E300
N19,E131,E376
N19,E131,E377
N19,E132,E343
N19,E133,E302
N19,E133,E333
N19,E134,E204
N19,E134,E240
N19,E135,E252
N19,E135,E307
N19,E136,E333
N19,E137,E207
N19,E138,E266
N19,E138,E299
N19,E139,E338
N19,E139,E346
N19,E140,E233
N19,E140,E251
N19,E140,E290
N19,E141,E308
N19,E143,E310
N19,E144,E283
N19,E144,E330
N19,E145,E265
N19,E146,E269
N19,E147,E334
N19,E148,E391
N19,E149,E208
N19,E149,E209
N19,E149,E218
N19,E150,E278
N19,E150,E309
N19,E150,E385
N19,E151,E202
N19,E152,E210
N19,E153,E322
N19,E155,E389
N19,E156,E265
N19,E157,E245
N19,E157,E291
N19,E158,E361
N19,E159,E213
N19,E159,E260
N19,E160,E226
N19,E160,E307
N19,E161,E280
N19,E161,E351
N19,E162,E228
N19,E162,E319
N19,E162,E320
N19,E163,E296
N19,E163,E351
N19,E163,E366
N19,E164,E200
N19,E164,E352
N19,E165,E362
N19,E166,E243
N19,E166,E256
N19,E166,E347
N19,E166,E359
N19,E167,E277
N19,E167,E299
N19,E168,E252
N19,E168,E353
N19,E169,E378
N19,E170,E259
N19,E170,E288
N19,E170,E388
N19,E171,E377
N19,E171,E396
N19,E172,E219
N19,E172,E246
N19,E173,E254
N19,E174,E263
N19,E175,E230
N19,E175,E335
N19,E175,E386
N19,E176,E321
N19,E176,E326
N19,E176,E399
N19,E177,E379
N19,E178,E317
N19,E178,E355
N19,E178,E383
N19,E179,E306
N19,E180,E294
N19,E180,E320
N19,E181,E201
N19,E181,E312
N19,E182,E206
N19,E182,E342
N19,E182,E353
N19,E183,E238
N19,E183,E250
N19,E183,E283
N19,E183,E309
N19,E183,E399
N19,E184,E249
N19,E184,E297
N19,E185,E229
N19,E185,E384
N19,E185,E398
N19,E186,E285
N19,E187,E231
N19,E188,E203
N19,E188,E229
N19,E188,E388
N19,E190,E205
N19,E190,E345
N19,E191,E246
N19,E191,E255
N19,E192,E348
N19,E193,E238
N19,E193,E250
N19,E193,E304
N19,E195,E273
N19,E195,E293
N19,E195,E364
N19,E196,E289
N19,E196,E290
N19,E196,E311
N19,E196,E334
N19,E197,E200
N19,E197,E282
N19,E198,E207
N19,E198,E281
N19,E198,E327
N19,E198,E328
N19,E199,E261
N19,E199,E262
N19,E200,E569
N19,E201,E553
N19,E202,E441
N19,E202,E445
N19,E202,E572
N19,E203,E573
N19,E205,E494
N19,E206,E440
N19,E206,E515
N19,E206,E543
N19,E206,E564
N19,E207,E462
N19,E208,E488
N19,E209,E414
N19,E209,E556
N19,E209,E584
N19,E210,E562
N19,E211,E430
N19,E212,E446
N19,E213,E428
N19,E213,E435
N19,E213,E467
N19,E213,E480
N19,E213,E505
N19,E213,E560
N19,E214,E418
N19,E215,E405
N19,E216,E443
N19,E216,E447
N19,E216,E545
N19,E216,E546
N19,E217,E420
N19,E217,E471
N19,E217,E591
N19,E217,E597
N19,E218,E509
N19,E218,E549
N19,E219,E486
N19,E219,E491
N19,E220,E404
N19,E220,E521
N19,E220,E546
N19,E221,E407
N19,E221,E450
N19,E222,E534
N19,E222,E550
N19,E223,E411
N19,E223,E413
N19,E223,E456
N19,E223,E552
N19,E224,E409
N19,E224,E526
N19,E224,E571
N19,E224,E579
N19,E225,E410
N19,E225,E489
N19,E225,E515
N19,E226,E437
N19,E226,E472
N19,E226,E570
N19,E227,E405
N19,E227,E590
N19,E228,E446
N19,E228,E544
N19,E228,E572
N19,E228,E589
N19,E229,E497
N19,E230,E467
N19,E230,E490
N19,E230,E550
N19,E231,E415
N19,E233,E400
N19,E233,E519
N19,E234,E540
N19,E236,E434
N19,E236,E520
N19,E237,E502
N19,E237,E546
N19,E237,E567
N19,E237,E577
N19,E238,E506
N19,E239,E514
N19,E239,E538
N19,E240,E519
N19,E240,E548
N19,E242,E476
N19,E242,E520
N19,E242,E530
N19,E245,E433
N19,E246,E446
N19,E247,E404
N19,E247,E489
N19,E248,E406
N19,E248,E444
N19,E248,E596
N19,E249,E438
N19,E249,E459
N19,E251,E492
N19,E251,E501
N19,E252,E416
N19,E252,E429
N19,E252,E550
N19,E253,E425
N19,E253,E456
N19,E253,E479
N19,E253,E544
N19,E253,E547
N19,E253,E592
N19,E254,E422
N19,E254,E473
N19,E255,E455
N19,E256,E491
N19,E256,E527
N19,E256,E547
N19,E256,E582
N19,E257,E516
N19,E258,E415
N19,E258,E480
N19,E258,E481
N19,E258,E490
N19,E259,E432
N19,E259,E582
N19,E260,E557
N19,E261,E455
N19,E261,E537
N19,E261,E586
N19,E262,E478
N19,E262,E533
N19,E263,E531
N19,E263,E569
N19,E264,E417
N19,E264,E487
N19,E264,E488
N19,E264,E516
N19,E265,E511
N19,E265,E589
N19,E266,E499
N19,E267,E482
N19,E267,E576
N19,E269,E468
N19,E269,E505
N19,E269,E539
N19,E270,E570
N19,E270,E580
N19,E271,E583
N19,E272,E477
N19,E272,E555
N19,E273,E440
N19,E273,E517
N19,E275,E466
N19,E275,E495
N19,E275,E510
N19,E277,E438
N19,E277,E496
N19,E277,E574
N19,E279,E535
N19,E279,E573
N19,E280,E453
N19,E281,E502
N19,E282,E512
N19,E283,E448
N19,E283,E568
N19,E285,E506
N19,E285,E515
N19,E286,E461
N19,E286,E555
N19,E286,E585
N19,E287,E443
N19,E287,E500
N19,E287,E559
N19,E287,E585
N19,E288,E448
N19,E288,E474
N19,E288,E581
N19,E288,E586
N19,E289,E451
N19,E291,E427
N19,E291,E428
N19,E291,E506
N19,E291,E579
N19,E292,E413
N19,E292,E420
N19,E292,E439
N19,E292,E457
N19,E292,E465
N19,E294,E401
N19,E297,E458
N19,E297,E505
N19,E297,E540
N19,E298,E428
N19,E298,E431
N19,E298,E443
N19,E299,E479
N19,E299,E523
N19,E300,E406
N19,E300,E448
N19,E301,E416
N19,E301,E425
N19,E301,E595
N19,E302,E524
N19,E303,E430
N19,E304,E426
N19,E304,E532
N19,E304,E573
N19,E305,E413
N19,E305,E551
N19,E306,E408
N19,E307,E514
N19,E307,E580
N19,E308,E401
N19,E308,E449
N19,E308,E531
N19,E309,E457
N19,E309,E460
N19,E309,E466
N19,E309,E571
N19,E310,E422
N19,E310,E529
N19,E311,E549
N19,E312,E425
N19,E312,E452
N19,E312,E587
N19,E313,E471
N19,E313,E514
N19,E314,E574
N19,E315,E519
N19,E315,E566
N19,E316,E432
N19,E316,E543
N19,E318,E402
N19,E318,E445
N19,E319,E537
N19,E319,E545
N19,E320,E465
N19,E321,E470
N19,E321,E484
N19,E322,E461
N19,E322,E549
N19,E324,E450
N19,E324,E513
N19,E324,E594
N19,E325,E484
N19,E326,E419
N19,E326,E503
N19,E327,E579
N19,E328,E498
N19,E328,E528
N19,E328,E530
N19,E328,E577
N19,E329,E570
N19,E330,E555
N19,E330,E575
N19,E331,E494
N19,E332,E409
N19,E333,E419
N19,E333,E454
N19,E333,E597
N19,E334,E409
N19,E334,E415
N19,E334,E442
N19,E334,E458
N19,E334,E483
N19,E334,E530
N19,E335,E534
N19,E336,E412
N19,E336,E462
N19,E336,E537
N19,E336,E563
N19,E337,E403
N19,E338,E427
N19,E338,E582
N19,E340,E432
N19,E340,E484
N19,E340,E510
N19,E342,E411
N19,E342,E538
N19,E343,E464
N19,E343,E536
N19,E343,E567
N19,E343,E576
N19,E343,E581
N19,E344,E561
N19,E346,E440
N19,E346,E495
N19,E346,E512
N19,E346,E544
N19,E346,E569
N19,E346,E575
N19,E346,E587
N19,E347,E493
N19,E347,E525
N19,E347,E558
N19,E347,E580
N19,E348,E416
N19,E348,E485
N19,E348,E587
N19,E349,E578
N19,E350,E556
N19,E351,E498
N19,E351,E504
N19,E352,E482
N19,E352,E522
N19,E352,E593
N19,E353,E464
N19,E353,E596
N19,E354,E521
N19,E355,E578
N19,E356,E405
N19,E356,E421
N19,E356,E475
N19,E356,E574
N19,E357,E502
N19,E358,E412
N19,E358,E507
N19,E359,E454
N19,E360,E541
N19,E360,E566
N19,E361,E485
N19,E362,E528
N19,E362,E565
N19,E363,E403
N19,E363,E436
N19,E363,E498
N19,E363,E562
N19,E364,E410
N19,E364,E486
N19,E364,E526
N19,E364,E547
N19,E365,E417
N19,E365,E442
N19,E365,E483
N19,E366,E449
N19,E366,E456
N19,E367,E461
N19,E367,E504
N19,E369,E439
N19,E369,E551
N19,E370,E588
N19,E371,E518
N19,E371,E524
N19,E372,E467
N19,E373,E563
N19,E374,E460
N19,E374,E556
N19,E375,E424
N19,E376,E463
N19,E376,E527
N19,E377,E402
N19,E377,E423
N19,E377,E445
N19,E377,E492
N19,E378,E465
N19,E378,E507
N19,E378,E554
N19,E378,E581
N19,E379,E508
N19,E379,E511
N19,E379,E543
N19,E379,E575
N19,E380,E517
N19,E381,E557
N19,E382,E435
N19,E383,E494
N19,E384,E454
N19,E384,E499
N19,E384,E564
N19,E385,E410
N19,E385,E557
N19,E386,E473
N19,E387,E599
N19,E388,E490
N19,E388,E529
N19,E389,E468
N19,E389,E542
N19,E390,E585
N19,E390,E598
N19,E391,E426
N19,E391,E450
N19,E391,E485
N19,E391,E512
N19,E391,E517
N19,E391,E565
N19,E393,E469
N19,E393,E476
N19,E395,E566
N19,E396,E458
N19,E399,E437
N19,E399,E475
N19,E399,E551
N19,E399,E586
N19,E400,E669
N19,E400,E709
N19,E400,E730
N19,E401,E625
N19,E401,E650
N19,E401,E717
N19,E401,E749
N19,E402,E620
N19,E403,E602
N19,E403,E635
N19,E403,E674
N19,E403,E743
N19,E404,E752
N19,E405,E698
N19,E405,E770
N19,E406,E746
N19,E407,E701
N19,E408,E615
N19,E408,E753
N19,E410,E680
N19,E410,E781
N19,E410,E792
N19,E413,E618
N19,E413,E721
N19,E414,E627
N19,E414,E656
N19,E414,E673
N19,E414,E750
N19,E415,E609
N19,E415,E788
N19,E415,E799
N19,E416,E613
N19,E416,E627
N19,E416,E707
N19,E416,E786
N19,E417,E644
N19,E417,E645
N19,E417,E762
N19,E417,E795
N19,E418,E659
N19,E418,E666
N19,E418,E675
N19,E419,E630
N19,E419,E657
N19,E420,E634
N19,E420,E715
N19,E421,E608
N19,E421,E685
N19,E421,E756
N19,E422,E667
N19,E422,E685
N19,E422,E717
N19,E422,E791
N19,E423,E704
N19,E423,E748
N19,E424,E785
N19,E425,E681
N19,E425,E706
N19,E425,E790
N19,E426,E625
N19,E427,E700
N19,E428,E603
N19,E429,E638
N19,E429,E657
N19,E429,E744
N19,E430,E622
N19,E430,E695
N19,E431,E623
N19,E431,E703
N19,E431,E732
N19,E431,E767
N19,E432,E690
N19,E432,E769
N19,E435,E708
N19,E435,E765
N19,E435,E780
N19,E436,E628
N19,E436,E629
N19,E437,E648
N19,E438,E608
N19,E438,E631
N19,E438,E714
N19,E438,E780
N19,E438,E784
N19,E439,E684
N19,E439,E689
N19,E440,E639
N19,E440,E751
N19,E441,E738
N19,E441,E761
N19,E442,E789
N19,E443,E654
N19,E443,E760
N19,E444,E732
N19,E445,E688
N19,E445,E787
N19,E447,E609
N19,E447,E647
N19,E447,E648
N19,E447,E662
N19,E447,E723
N19,E448,E697
N19,E449,E638
N19,E449,E730
N19,E449,E740
N19,E450,E604
N19,E451,E693
N19,E451,E776
N19,E452,E663
N19,E454,E610
N19,E454,E710
N19,E455,E747
N19,E455,E762
N19,E459,E640
N19,E459,E656
N19,E460,E743
N19,E461,E670
N19,E461,E707
N19,E461,E756
N19,E462,E658
N19,E462,E766
N19,E463,E630
N19,E463,E705
N19,E463,E775
N19,E464,E620
N19,E464,E624
N19,E464,E708
N19,E465,E722
N19,E466,E600
N19,E466,E640
N19,E466,E642
N19,E466,E658
N19,E466,E662
N19,E466,E759
N19,E466,E773
N19,E467,E633
N19,E467,E781
N19,E468,E619
N19,E468,E655
N19,E468,E678
N19,E469,E701
N19,E469,E764
N19,E471,E682
N19,E472,E693
N19,E472,E720
N19,E473,E745
N19,E474,E650
N19,E474,E726
N19,E476,E607
N19,E478,E602
N19,E479,E742
N19,E479,E758
N19,E479,E763
N19,E480,E613
N19,E481,E603
N19,E481,E711
N19,E482,E605
N19,E482,E660
N19,E482,E663
N19,E482,E752
N19,E483,E629
N19,E484,E635
N19,E484,E788
N19,E484,E796
N19,E485,E643
N19,E485,E742
N19,E486,E637
N19,E486,E714
N19,E487,E609
N19,E487,E746
N19,E489,E601
N19,E489,E627
N19,E489,E677
N19,E489,E680
N19,E489,E722
N19,E489,E728
N19,E489,E757
N19,E490,E685
N19,E490,E712
N19,E490,E716
N19,E491,E632
N19,E492,E610
N19,E492,E773
N19,E493,E646
N19,E494,E756
N19,E495,E671
N19,E495,E701
N19,E496,E652
N19,E496,E686
N19,E496,E754
N19,E496,E777
N19,E497,E652
N19,E497,E678
N19,E498,E703
N19,E498,E781
N19,E500,E623
N19,E500,E704
N19,E501,E617
N19,E501,E661
N19,E501,E680
N19,E501,E690
N19,E501,E782
N19,E502,E655
N19,E502,E734
N19,E502,E741
N19,E503,E718
N19,E503,E779
N19,E505,E611
N19,E505,E688
N19,E505,E734
N19,E505,E740
N19,E506,E672
N19,E508,E763
N19,E508,E767
N19,E509,E785
N19,E509,E792
N19,E510,E658
N19,E511,E746
N19,E511,E793
N19,E512,E610
N19,E512,E621
N19,E513,E739
N19,E514,E621
N19,E515,E654
N19,E516,E728
N19,E517,E602
N19,E517,E727
N19,E517,E795
N19,E518,E606
N19,E519,E642
N19,E519,E699
N19,E520,E611
N19,E520,E750
N19,E520,E779
N19,E521,E684
N19,E521,E748
N19,E522,E639
N19,E523,E725
N19,E523,E768
N19,E523,E779
N19,E524,E713
N19,E525,E625
N19,E526,E653
N19,E526,E773
N19,E527,E721
N19,E527,E737
N19,E527,E777
N19,E528,E613
N19,E528,E641
N19,E529,E648
N19,E529,E669
N19,E529,E695
N19,E530,E636
N19,E530,E691
N19,E530,E735
N19,E530,E774
N19,E531,E720
N19,E531,E723
N19,E531,E724
N19,E532,E771
N19,E533,E624
N19,E533,E645
N19,E534,E656
N19,E534,E709
N19,E534,E760
N19,E536,E622
N19,E536,E745
N19,E537,E675
N19,E537,E797
N19,E538,E729
N19,E539,E672
N19,E539,E694
N19,E539,E733
N19,E539,E778
N19,E540,E660
N19,E540,E792
N19,E541,E649
N19,E542,E632
N19,E542,E674
N19,E542,E713
N19,E542,E732
N19,E543,E612
N19,E543,E654
N19,E543,E659
N19,E544,E705
N19,E545,E785
N19,E546,E682
N19,E548,E640
N19,E550,E679
N19,E550,E736
N19,E551,E650
N19,E551,E691
N19,E551,E762
N19,E552,E678
N19,E553,E754
N19,E554,E747
N19,E555,E744
N19,E555,E757
N19,E555,E796
N19,E556,E700
N19,E556,E774
N19,E557,E624
N19,E557,E757
N19,E557,E778
N19,E559,E665
N19,E559,E713
N19,E560,E733
N19,E560,E754
N19,E560,E788
N19,E561,E612
N19,E561,E622
N19,E561,E766
N19,E562,E612
N19,E562,E634
N19,E562,E742
N19,E563,E723
N19,E564,E676
N19,E564,E684
N19,E565,E651
N19,E566,E755
N19,E567,E600
N19,E568,E696
N19,E568,E771
N19,E569,E740
N19,E569,E764
N19,E569,E794
N19,E570,E672
N19,E570,E718
N19,E570,E719
N19,E571,E628
N19,E571,E673
N19,E571,E686
N19,E572,E645
N19,E572,E778
N19,E573,E752
N19,E573,E774
N19,E574,E632
N19,E574,E753
N19,E575,E698
N19,E575,E720
N19,E577,E770
N19,E578,E674
N19,E579,E668
N19,E579,E711
N19,E580,E765
N19,E580,E771
N19,E581,E607
N19,E581,E739
N19,E582,E716
N19,E582,E797
N19,E582,E798
N19,E584,E614
N19,E585,E641
N19,E585,E692
N19,E585,E702
N19,E586,E604
N19,E586,E681
N19,E586,E727
N19,E587,E690
N19,E587,E712
N19,E588,E772
N19,E589,E745
N19,E590,E657
N19,E590,E737
N19,E591,E694
N19,E591,E789
N19,E592,E687
N19,E592,E710
N19,E592,E729
N19,E592,E783
N19,E593,E697
N19,E594,E626
N19,E594,E724
N19,E595,E616
N19,E595,E679
N19,E595,E683
N19,E595,E731
N19,E596,E638
N19,E596,E651
N19,E596,E664
N19,E596,E743
N19,E597,E676
N19,E597,E777
N19,E599,E705
N19,E599,E797
N19,E600,E871
N19,E601,E810
N19,E601,E915
N19,E602,E841
N19,E602,E984
N19,E603,E834
N19,E603,E859
N19,E603,E992
N19,E604,E804
N19,E604,E830
N19,E605,E827
N19,E605,E876
N19,E606,E815
N19,E608,E911
N19,E609,E803
N19,E609,E823
N19,E609,E849
N19,E609,E861
N19,E609,E935
N19,E609,E939
N19,E609,E990
N19,E610,E875
N19,E610,E878
N19,E610,E910
N19,E610,E988
N19,E611,E801
N19,E611,E982
N19,E614,E906
N19,E614,E919
N19,E615,E822
N19,E615,E838
N19,E615,E979
N19,E616,E849
N19,E617,E869
N19,E618,E832
N19,E618,E889
N19,E620,E820
N19,E620,E876
N19,E620,E924
N19,E621,E805
N19,E621,E921
N19,E621,E925
N19,E622,E974
N19,E623,E953
N19,E623,E994
N19,E624,E879
N19,E624,E941
N19,E625,E800
N19,E626,E888
N19,E627,E822
N19,E627,E860
N19,E627,E886
N19,E628,E815
N19,E628,E872
N19,E628,E911
N19,E629,E888
N19,E629,E967
N19,E630,E819
N19,E630,E964
N19,E631,E937
N19,E631,E945
N19,E632,E837
N19,E632,E890
N19,E632,E957
N19,E632,E977
N19,E633,E858
N19,E633,E976
N19,E634,E961
N19,E635,E892
N19,E635,E902
N19,E636,E865
N19,E636,E926
N19,E636,E964
N19,E637,E943
N19,E637,E950
N19,E638,E909
N19,E638,E989
N19,E639,E823
N19,E639,E988
N19,E642,E838
N19,E642,E931
N19,E642,E962
N19,E643,E983
N19,E644,E800
N19,E645,E944
N19,E645,E987
N19,E646,E880
N19,E646,E896
N19,E647,E807
N19,E647,E868
N19,E647,E869
N19,E648,E813
N19,E648,E833
N19,E648,E995
N19,E649,E813
N19,E651,E860
N19,E652,E941
N19,E653,E838
N19,E654,E914
N19,E655,E877
N19,E656,E867
N19,E656,E999
N19,E657,E975
N19,E658,E824
N19,E658,E845
N19,E659,E953
N19,E661,E821
N19,E661,E940
N19,E661,E991
N19,E662,E833
N19,E663,E800
N19,E663,E923
N19,E663,E955
N19,E664,E826
N19,E665,E844
N19,E665,E892
N19,E665,E935
N19,E668,E810
N19,E668,E886
N19,E668,E951
N19,E670,E948
N19,E671,E811
N19,E671,E866
N19,E672,E816
N19,E672,E907
N19,E672,E920
N19,E672,E948
N19,E673,E853
N19,E675,E809
N19,E675,E925
N19,E675,E960
N19,E676,E970
N19,E677,E846
N19,E677,E891
N19,E677,E915
N19,E677,E939
N19,E677,E996
N19,E678,E837
N19,E678,E898
N19,E678,E949
N19,E678,E981
N19,E680,E885
N19,E680,E912
N19,E680,E954
N19,E681,E837
N19,E681,E958
N19,E682,E807
N19,E682,E889
N19,E682,E963
N19,E682,E983
N19,E683,E889
N19,E683,E897
N19,E683,E991
N19,E683,E993
N19,E684,E839
N19,E684,E968
N19,E685,E977
N19,E686,E856
N19,E686,E996
N19,E687,E863
N19,E687,E894
N19,E687,E901
N19,E687,E972
N19,E688,E870
N19,E688,E959
N19,E689,E894
N19,E689,E912
N19,E691,E915
N19,E692,E821
N19,E692,E829
N19,E692,E934
N19,E697,E805
N19,E698,E854
N19,E698,E992
N19,E699,E832
N19,E699,E919
N19,E699,E933
N19,E700,E833
N19,E700,E852
N19,E700,E873
N19,E700,E900
N19,E700,E986
N19,E701,E808
N19,E701,E835
N19,E701,E950
N19,E701,E978
N19,E702,E810
N19,E703,E917
N19,E703,E938
N19,E703,E998
N19,E704,E973
N19,E704,E995
N19,E705,E812
N19,E705,E887
N19,E705,E921
N19,E705,E934
N19,E706,E871
N19,E706,E909
N19,E706,E923
N19,E707,E850
N19,E707,E979
N19,E708,E938
N19,E708,E965
N19,E709,E980
N19,E710,E816
N19,E711,E913
N19,E711,E955
N19,E712,E962
N19,E713,E883
N19,E714,E817
N19,E714,E849
N19,E714,E877
N19,E714,E943
N19,E715,E869
N19,E715,E970
N19,E716,E899
N19,E717,E856
N19,E718,E934
N19,E718,E945
N19,E718,E959
N19,E718,E960
N19,E718,E997
N19,E719,E847
N19,E719,E879
N19,E719,E895
N19,E719,E967
N19,E719,E973
N19,E720,E878
N19,E721,E903
N19,E722,E882
N19,E724,E855
N19,E724,E931
N19,E725,E818
N19,E725,E831
N19,E726,E830
N19,E726,E857
N19,E726,E937
N19,E726,E954
N19,E726,E982
N19,E727,E803
N19,E727,E851
N19,E727,E880
N19,E727,E905
N19,E727,E918
N19,E728,E846
N19,E728,E910
N19,E729,E858
N19,E731,E983
N19,E732,E842
N19,E732,E867
N19,E732,E902
N19,E733,E911
N19,E733,E920
N19,E733,E922
N19,E733,E923
N19,E735,E809
N19,E735,E840
N19,E736,E926
N19,E736,E928
N19,E736,E942
N19,E736,E951
N19,E738,E846
N19,E738,E945
N19,E739,E922
N19,E739,E937
N19,E740,E801
N19,E740,E805
N19,E740,E916
N19,E740,E972
N19,E741,E807
N19,E743,E816
N19,E743,E865
N19,E743,E873
N19,E743,E874
N19,E743,E969
N19,E744,E874
N19,E745,E836
N19,E745,E880
N19,E745,E966
N19,E746,E806
N19,E746,E819
N19,E746,E864
N19,E746,E881
N19,E747,E893
N19,E747,E972
N19,E747,E999
N19,E749,E893
N19,E751,E884
N19,E752,E857
N19,E753,E987
N19,E754,E818
N19,E754,E853
N19,E754,E932
N19,E755,E818
N19,E755,E825
N19,E755,E828
N19,E755,E904
N19,E755,E942
N19,E755,E959
N19,E755,E998
N19,E756,E989
N19,E757,E881
N19,E758,E929
N19,E758,E971
N19,E759,E902
N19,E760,E803
N19,E761,E876
N19,E761,E904
N19,E762,E896
N19,E763,E822
N19,E764,E875
N19,E764,E901
N19,E764,E946
N19,E764,E966
N19,E765,E830
N19,E765,E938
N19,E766,E814
N19,E766,E829
N19,E768,E804
N19,E768,E898
N19,E769,E843
N19,E770,E958
N19,E771,E943
N19,E772,E855
N19,E772,E908
N19,E772,E956
N19,E772,E958
N19,E774,E918
N19,E775,E802
N19,E775,E979
N19,E776,E840
N19,E776,E941
N19,E777,E947
N19,E778,E834
N19,E778,E885
N19,E778,E985
N19,E780,E844
N19,E780,E862
N19,E780,E924
N19,E780,E984
N19,E781,E899
N19,E783,E893
N19,E783,E898
N19,E784,E847
N19,E784,E952
N19,E784,E995
N19,E785,E829
N19,E786,E940
N19,E787,E884
N19,E788,E842
N19,E789,E815
N19,E789,E839
N19,E789,E927
N19,E790,E881
N19,E790,E949
N19,E791,E897
N19,E791,E910
N19,E791,E977
N19,E791,E986
N19,E792,E901
N19,E792,E936
N19,E792,E961
N19,E792,E980
N19,E792,E984
N19,E793,E841
N19,E793,E930
N19,E793,E942
N19,E795,E948
N19,E795,E961
N19,E796,E866
N19,E796,E877
N19,E797,E809
N19,E797,E861
N19,E797,E897
N19,E797,E918
N19,E797,E931
N19,E798,E875
N19,E798,E878
N19,E798,E919
N19,E798,E924
N19,E798,E989
N19,E799,E848
N19,E799,E858
N19,E799,E888
N19,E799,E925
N19,E799,E966
N20,E000,E261
N20,E000,E279
N20,E000,E318
N20,E000,E344
N20,E000,E355
N20,E001,E238
N20,E001,E360
N20,E002,E273
N20,E002,E350
N20,E002,E361
N20,E002,E377
N20,E003,E249
N20,E003,E277
N20,E003,E349
N20,E005,E237
N20,E005,E331
N20,E005,E340
N20,E005,E346
N20,E005,E375
N20,E006,E379
N20,E007,E270
N20,E008,E228
N20,E009,E370
N20,E009,E390
N20,E011,E210
N20,E011,E266
N20,E011,E292
N20,E012,E207
N20,E012,E242
N20,E012,E280
N20,E013,E215
N20,E013,E227
N20,E014,E246
N20,E014,E366
N20,E014,E382
N20,E016,E250
N20,E016,E293
N20,E016,E354
N20,E017,E346
N20,E019,E357
N20,E020,E329
N20,E021,E227
N20,E021,E298
N20,E021,E337
N20,E021,E350
N20,E022,E274
N20,E022,E292
N20,E023,E249
N20,E023,E380
N20,E024,E381
N20,E024,E396
N20,E025,E201
N20,E025,E345
N20,E026,E206
N20,E026,E215
N20,E026,E216
N20,E026,E284
N20,E026,E336
N20,E026,E370
N20,E027,E218
N20,E027,E305
N20,E028,E311
N20,E028,E339
N20,E029,E243
N20,E029,E298
N20,E029,E325
N20,E030,E210
N20,E030,E351
N20,E031,E224
N20,E031,E295
N20,E032,E268
N20,E032,E342
N20,E033,E232
N20,E033,E299
N20,E034,E268
N20,E034,E317
N20,E035,E282
N20,E035,E327
N20,E036,E348
N20,E037,E275
N20,E038,E225
N20,E038,E272
N20,E038,E278
N20,E038,E305
N20,E038,E342
N20,E039,E247
N20,E039,E251
N20,E039,E306
N20,E039,E334
N20,E039,E339
N20,E040,E211
N20,E040,E345
N20,E041,E270
N20,E042,E331
N20,E042,E383
N20,E043,E256
N20,E043,E279
N20,E044,E289
N20,E045,E219
N20,E045,E326
N20,E046,E286
N20,E046,E316
N20,E047,E317
N20,E047,E371
N20,E049,E241
N20,E049,E353
N20,E050,E391
N20,E051,E285
N20,E051,E353
N20,E052,E291
N20,E052,E388
N20,E053,E221
N20,E054,E389
N20,E056,E325
N20,E056,E352
N20,E056,E358
N20,E057,E205
N20,E057,E223
N20,E057,E333
N20,E057,E387
N20,E058,E203
N20,E058,E284
N20,E059,E286
N20,E060,E262
N20,E060,E323
N20,E060,E380
N20,E061,E248
N20,E061,E351
N20,E062,E306
N20,E063,E303
N20,E064,E236
N20,E064,E339
N20,E065,E272
N20,E066,E205
N20,E066,E230
N20,E066,E238
N20,E067,E262
N20,E067,E307
N20,E067,E330
N20,E067,E365
N20,E068,E269
N20,E068,E379
N20,E070,E244
N20,E070,E252
N20,E070,E263
N20,E071,E241
N20,E071,E264
N20,E071,E280
N20,E071,E381
N20,E072,E336
N20,E072,E365
N20,E073,E220
N20,E073,E246
N20,E073,E369
N20,E074,E248
N20,E074,E251
N20,E074,E302
N20,E075,E399
N20,E077,E247
N20,E077,E250
N20,E077,E290
N20,E077,E368
N20,E079,E314
N20,E083,E249
N20,E083,E256
N20,E083,E302
N20,E084,E236
N20,E085,E200
N20,E085,E265
N20,E085,E316
N20,E086,E308
N20,E087,E240
N20,E087,E268
N20,E088,E224
N20,E089,E207
N20,E089,E230
N20,E089,E334
N20,E091,E247
N20,E091,E298
N20,E091,E384
N20,E092,E271
N20,E092,E332
N20,E093,E349
N20,E094,E327
N20,E095,E246
N20,E096,E204
N20,E097,E255
N20,E098,E382
N20,E099,E204
N20,E099,E229
N20,E099,E242
N20,E099,E271
N20,E099,E338
N20,E100,E313
N20,E101,E311
N20,E101,E374
N20,E102,E213
N20,E102,E272
N20,E102,E337
N20,E103,E333
N20,E104,E207
N20,E104,E213
N20,E104,E269
N20,E104,E397
N20,E105,E262
N20,E105,E343
N20,E106,E230
N20,E107,E219
N20,E107,E312
N20,E107,E369
N20,E107,E396
N20,E108,E349
N20,E108,E396
N20,E109,E234
N20,E109,E287
N20,E110,E399
N20,E111,E214
N20,E111,E228
N20,E112,E221
N20,E112,E260
N20,E112,E329
N20,E112,E365
N20,E113,E208
N20,E113,E231
N20,E113,E354
N20,E113,E368
N20,E114,E202
N20,E114,E216
N20,E114,E296
N20,E114,E342
N20,E114,E390
N20,E116,E266
N20,E116,E319
N20,E116,E325
N20,E116,E354
N20,E116,E378
N20,E116,E380
N20,E117,E284
N20,E117,E320
N20,E117,E394
N20,E118,E276
N20,E118,E395
N20,E118,E398
N20,E119,E221
N20,E119,E234
N20,E119,E257
N20,E119,E310
N20,E119,E311
N20,E120,E209
N20,E121,E239
N20,E121,E285
N20,E122,E226
N20,E122,E232
N20,E123,E297
N20,E125,E366
N20,E126,E242
N20,E126,E307
N20,E126,E309
N20,E126,E315
N20,E126,E390
N20,E127,E213
N20,E129,E217
N20,E129,E341
N20,E131,E227
N20,E132,E362
N20,E134,E253
N20,E134,E303
N20,E135,E212
N20,E135,E347
N20,E136,E291
N20,E136,E297
N20,E138,E203
N20,E139,E364
N20,E141,E270
N20,E141,E304
N20,E141,E307
N20,E141,E363
N20,E142,E348
N20,E143,E252
N20,E143,E257
N20,E143,E283
N20,E143,E351
N20,E144,E237
N20,E144,E388
N20,E145,E224
N20,E145,E385
N20,E146,E222
N20,E146,E356
N20,E147,E217
N20,E147,E371
N20,E148,E254
N20,E148,E389
N20,E149,E296
N20,E153,E235
N20,E153,E238
N20,E153,E353
N20,E153,E379
N20,E154,E211
N20,E154,E277
N20,E154,E387
N20,E158,E231
N20,E158,E271
N20,E158,E371
N20,E159,E285
N20,E159,E350
N20,E160,E288
N20,E160,E324
N20,E161,E326
N20,E161,E359
N20,E161,E394
N20,E162,E300
N20,E162,E304
N20,E163,E232
N20,E163,E254
N20,E164,E277
N20,E164,E297
N20,E164,E386
N20,E165,E340
N20,E166,E215
N20,E166,E329
N20,E167,E209
N20,E168,E233
N20,E169,E269
N20,E169,E301
N20,E170,E323
N20,E171,E330
N20,E171,E375
N20,E172,E309
N20,E172,E323
N20,E173,E203
N20,E173,E228
N20,E173,E261
N20,E173,E263
N20,E173,E295
N20,E173,E362
N20,E173,E392
N20,E174,E367
N20,E175,E267
N20,E176,E302
N20,E177,E320
N20,E177,E324
N20,E178,E240
N20,E178,E306
N20,E178,E362
N20,E178,E370
N20,E179,E333
N20,E179,E369
N20,E180,E265
N20,E181,E259
N20,E182,E218
N20,E182,E286
N20,E182,E337
N20,E183,E328
N20,E183,E331
N20,E183,E363
N20,E184,E281
N20,E184,E293
N20,E184,E322
N20,E185,E259
N20,E185,E344
N20,E185,E376
N20,E185,E394
N20,E186,E241
N20,E186,E265
N20,E186,E334
N20,E187,E322
N20,E188,E257
N20,E188,E263
N20,E188,E327
N20,E188,E340
N20,E189,E364
N20,E189,E373
N20,E190,E245
N20,E190,E256
N20,E190,E372
N20,E191,E218
N20,E191,E254
N20,E191,E267
N20,E192,E282
N20,E192,E283
N20,E192,E335
N20,E192,E384
N20,E193,E294
N20,E193,E314
N20,E193,E341
N20,E193,E367
N20,E193,E383
N20,E194,E236
N20,E194,E381
N20,E194,E383
N20,E195,E255
N20,E195,E296
N20,E196,E258
N20,E196,E367
N20,E197,E348
N20,E197,E372
N20,E197,E393
N20,E198,E206
N20,E198,E392
N20,E199,E259
N20,E199,E321
N20,E200,E439
N20,E200,E469
N20,E200,E504
N20,E200,E593
N20,E201,E446
N20,E201,E477
N20,E201,E527
N20,E201,E562
N20,E202,E440
N20,E202,E511
N20,E202,E544
N20,E203,E412
N20,E203,E489
N20,E203,E543
N20,E203,E569
N20,E204,E410
N20,E204,E475
N20,E204,E528
N20,E205,E562
N20,E205,E583
N20,E206,E532
N20,E207,E552
N20,E207,E553
N20,E208,E536
N20,E208,E553
N20,E208,E561
N20,E208,E581
N20,E209,E486
N20,E209,E503
N20,E209,E561
N20,E211,E443
N20,E211,E473
N20,E211,E474
N20,E214,E400
N20,E214,E525
N20,E214,E581
N20,E215,E415
N20,E215,E488
N20,E216,E532
N20,E216,E576
N20,E217,E411
N20,E217,E451
N20,E217,E543
N20,E218,E428
N20,E218,E521
N20,E218,E533
N20,E218,E587
N20,E221,E509
N20,E221,E550
N20,E222,E402
N20,E222,E554
N20,E223,E527
N20,E225,E547
N20,E226,E434
N20,E226,E506
N20,E227,E571
N20,E227,E575
N20,E228,E441
N20,E228,E489
N20,E228,E499
N20,E229,E448
N20,E229,E468
N20,E230,E419
N20,E231,E566
N20,E232,E430
N20,E233,E455
N20,E233,E467
N20,E233,E498
N20,E233,E524
N20,E233,E537
N20,E233,E580
N20,E234,E531
N20,E235,E481
N20,E235,E494
N20,E236,E421
N20,E236,E483
N20,E237,E408
N20,E237,E434
N20,E238,E514
N20,E238,E530
N20,E239,E420
N20,E239,E533
N20,E239,E564
N20,E240,E447
N20,E241,E548
N20,E242,E452
N20,E242,E461
N20,E244,E435
N20,E244,E465
N20,E244,E515
N20,E244,E551
N20,E245,E490
N20,E245,E540
N20,E246,E475
N20,E247,E404
N20,E248,E481
N20,E249,E462
N20,E249,E534
N20,E250,E458
N20,E250,E486
N20,E252,E456
N20,E253,E545
N20,E254,E417
N20,E255,E514
N20,E257,E409
N20,E257,E449
N20,E257,E456
N20,E257,E505
N20,E258,E425
N20,E258,E492
N20,E258,E536
N20,E258,E597
N20,E258,E599
N20,E259,E534
N20,E259,E538
N20,E260,E577
N20,E262,E404
N20,E262,E484
N20,E262,E487
N20,E262,E503
N20,E263,E490
N20,E263,E503
N20,E264,E438
N20,E264,E480
N20,E264,E544
N20,E264,E548
N20,E265,E404
N20,E266,E423
N20,E266,E528
N20,E267,E447
N20,E267,E469
N20,E267,E574
N20,E268,E450
N20,E268,E506
N20,E268,E541
N20,E269,E530
N20,E269,E557
N20,E270,E578
N20,E270,E592
N20,E271,E478
N20,E271,E481
N20,E272,E519
N20,E272,E525
N20,E273,E534
N20,E273,E595
N20,E274,E454
N20,E274,E549
N20,E275,E445
N20,E275,E535
N20,E276,E453
N20,E277,E448
N20,E277,E555
N20,E278,E461
N20,E279,E406
N20,E280,E447
N20,E280,E473
N20,E280,E489
N20,E280,E507
N20,E281,E529
N20,E281,E591
N20,E282,E529
N20,E283,E434
N20,E283,E470
N20,E283,E508
N20,E284,E435
N20,E285,E510
N20,E286,E424
N20,E286,E435
N20,E286,E469
N20,E286,E502
N20,E286,E521
N20,E286,E584
N20,E287,E537
N20,E287,E559
N20,E288,E474
N20,E288,E493
N20,E289,E401
N20,E290,E440
N20,E290,E518
N20,E291,E405
N20,E291,E460
N20,E292,E542
N20,E293,E495
N20,E294,E427
N20,E294,E479
N20,E294,E566
N20,E294,E598
N20,E295,E465
N20,E295,E564
N20,E296,E473
N20,E298,E429
N20,E298,E539
N20,E299,E494
N20,E300,E418
N20,E300,E504
N20,E300,E544
N20,E300,E570
N20,E300,E599
N20,E301,E437
N20,E301,E499
N20,E302,E484
N20,E303,E430
N20,E303,E436
N20,E303,E492
N20,E303,E495
N20,E303,E558
N20,E303,E576
N20,E304,E415
N20,E304,E421
N20,E305,E413
N20,E305,E442
N20,E305,E535
N20,E306,E551
N20,E307,E513
N20,E307,E517
N20,E308,E519
N20,E308,E574
N20,E308,E584
N20,E309,E425
N20,E309,E557
N20,E310,E533
N20,E310,E556
N20,E311,E463
N20,E311,E545
N20,E311,E563
N20,E311,E592
N20,E311,E597
N20,E312,E414
N20,E313,E490
N20,E313,E562
N20,E313,E592
N20,E315,E417
N20,E315,E466
N20,E315,E472
N20,E315,E479
N20,E315,E582
N20,E316,E471
N20,E316,E561
N20,E317,E468
N20,E317,E492
N20,E317,E555
N20,E318,E431
N20,E318,E596
N20,E319,E433
N20,E319,E459
N20,E319,E484
N20,E319,E505
N20,E320,E452
N20,E321,E455
N20,E321,E512
N20,E321,E538
N20,E321,E585
N20,E322,E531
N20,E322,E579
N20,E323,E505
N20,E325,E495
N20,E325,E518
N20,E326,E421
N20,E326,E429
N20,E327,E422
N20,E327,E464
N20,E328,E408
N20,E328,E543
N20,E330,E441
N20,E330,E454
N20,E331,E512
N20,E331,E591
N20,E333,E402
N20,E334,E552
N20,E334,E585
N20,E335,E472
N20,E335,E585
N20,E336,E437
N20,E336,E590
N20,E337,E454
N20,E337,E471
N20,E337,E511
N20,E337,E526
N20,E338,E415
N20,E338,E418
N20,E338,E423
N20,E338,E598
N20,E339,E485
N20,E339,E497
N20,E339,E500
N20,E339,E523
N20,E340,E476
N20,E342,E463
N20,E343,E520
N20,E344,E426
N20,E344,E428
N20,E344,E509
N20,E345,E579
N20,E346,E477
N20,E347,E482
N20,E348,E406
N20,E349,E479
N20,E349,E535
N20,E350,E442
N20,E350,E464
N20,E350,E474
N20,E350,E581
N20,E351,E491
N20,E351,E587
N20,E351,E599
N20,E352,E488
N20,E354,E461
N20,E355,E403
N20,E355,E444
N20,E355,E548
N20,E355,E554
N20,E356,E557
N20,E357,E419
N20,E357,E466
N20,E357,E594
N20,E358,E589
N20,E359,E451
N20,E360,E552
N20,E360,E588
N20,E361,E431
N20,E362,E524
N20,E362,E551
N20,E363,E432
N20,E363,E538
N20,E364,E407
N20,E364,E438
N20,E364,E493
N20,E364,E571
N20,E365,E423
N20,E365,E439
N20,E366,E470
N20,E366,E506
N20,E366,E580
N20,E367,E512
N20,E368,E457
N20,E368,E527
N20,E368,E583
N20,E369,E500
N20,E369,E522
N20,E370,E560
N20,E371,E517
N20,E371,E583
N20,E372,E419
N20,E373,E448
N20,E374,E451
N20,E374,E452
N20,E374,E468
N20,E375,E400
N20,E375,E406
N20,E375,E409
N20,E375,E573
N20,E376,E508
N20,E377,E542
N20,E377,E565
N20,E378,E496
N20,E378,E546
N20,E378,E577
N20,E379,E427
N20,E380,E507
N20,E382,E494
N20,E382,E502
N20,E382,E577
N20,E383,E501
N20,E383,E567
N20,E384,E409
N20,E384,E458
N20,E384,E477
N20,E384,E532
N20,E385,E526
N20,E385,E530
N20,E387,E437
N20,E387,E571
N20,E388,E565
N20,E388,E569
N20,E389,E537
N20,E390,E436
N20,E390,E480
N20,E390,E487
N20,E390,E516
N20,E390,E525
N20,E390,E568
N20,E390,E575
N20,E390,E589
N20,E392,E416
N20,E392,E572
N20,E392,E591
N20,E393,E521
N20,E393,E586
N20,E394,E488
N20,E395,E470
N20,E395,E593
N20,E396,E426
N20,E396,E441
N20,E396,E446
N20,E396,E515
N20,E397,E413
N20,E397,E460
N20,E397,E598
N20,E398,E536
N20,E400,E616
N20,E400,E751
N20,E401,E674
N20,E401,E677
N20,E402,E635
N20,E403,E607
N20,E403,E797
N20,E404,E748
N20,E405,E709
N20,E405,E747
N20,E407,E661
N20,E408,E651
N20,E408,E744
N20,E408,E772
N20,E409,E689
N20,E411,E604
N20,E411,E656
N20,E412,E652
N20,E412,E681
N20,E413,E617
N20,E413,E720
N20,E413,E783
N20,E414,E628
N20,E414,E755
N20,E416,E605
N20,E416,E717
N20,E416,E756
N20,E416,E785
N20,E417,E625
N20,E418,E633
N20,E419,E642
N20,E420,E603
N20,E420,E659
N20,E420,E697
N20,E421,E731
N20,E421,E743
N20,E421,E788
N20,E422,E723
N20,E422,E749
N20,E423,E738
N20,E423,E763
N20,E424,E625
N20,E424,E668
N20,E424,E725
N20,E424,E776
N20,E425,E612
N20,E425,E684
N20,E426,E604
N20,E426,E745
N20,E428,E614
N20,E428,E703
N20,E429,E794
N20,E430,E646
N20,E430,E723
N20,E431,E676
N20,E431,E690
N20,E431,E704
N20,E432,E722
N20,E432,E732
N20,E432,E753
N20,E434,E790
N20,E435,E608
N20,E435,E780
N20,E436,E709
N20,E437,E770
N20,E439,E728
N20,E439,E776
N20,E441,E615
N20,E441,E671
N20,E441,E753
N20,E441,E796
N20,E442,E693
N20,E442,E788
N20,E443,E648
N20,E443,E678
N20,E444,E614
N20,E444,E620
N20,E444,E639
N20,E444,E703
N20,E444,E722
N20,E444,E729
N20,E445,E768
N20,E447,E649
N20,E447,E686
N20,E448,E691
N20,E448,E774
N20,E449,E649
N20,E449,E786
N20,E451,E679
N20,E452,E724
N20,E454,E683
N20,E454,E688
N20,E455,E619
N20,E455,E694
N20,E455,E733
N20,E455,E757
N20,E456,E727
N20,E456,E731
N20,E456,E734
N20,E456,E773
N20,E457,E676
N20,E457,E698
N20,E458,E672
N20,E459,E610
N20,E459,E618
N20,E459,E624
N20,E459,E670
N20,E460,E795
N20,E460,E799
N20,E461,E615
N20,E461,E629
N20,E461,E648
N20,E461,E667
N20,E461,E674
N20,E461,E726
N20,E461,E780
N20,E462,E632
N20,E462,E751
N20,E463,E763
N20,E464,E729
N20,E464,E773
N20,E464,E782
N20,E465,E601
N20,E466,E630
N20,E466,E708
N20,E467,E662
N20,E467,E691
N20,E468,E622
N20,E468,E651
N20,E468,E711
N20,E468,E742
N20,E469,E649
N20,E469,E764
N20,E470,E719
N20,E470,E773
N20,E471,E641
N20,E471,E653
N20,E472,E628
N20,E472,E728
N20,E473,E647
N20,E473,E747
N20,E473,E778
N20,E476,E743
N20,E476,E779
N20,E477,E600
N20,E477,E638
N20,E477,E746
N20,E478,E602
N20,E478,E774
N20,E479,E740
N20,E480,E737
N20,E481,E670
N20,E482,E623
N20,E482,E675
N20,E482,E790
N20,E483,E693
N20,E483,E696
N20,E484,E630
N20,E484,E645
N20,E484,E752
N20,E485,E616
N20,E485,E651
N20,E485,E653
N20,E485,E763
N20,E485,E784
N20,E485,E795
N20,E486,E677
N20,E487,E612
N20,E488,E644
N20,E488,E673
N20,E488,E744
N20,E490,E736
N20,E490,E765
N20,E491,E626
N20,E491,E660
N20,E491,E798
N20,E492,E721
N20,E492,E739
N20,E494,E746
N20,E497,E743
N20,E498,E709
N20,E499,E752
N20,E501,E766
N20,E502,E692
N20,E502,E738
N20,E503,E643
N20,E503,E645
N20,E503,E715
N20,E504,E628
N20,E504,E657
N20,E504,E705
N20,E505,E704
N20,E506,E679
N20,E506,E713
N20,E506,E736
N20,E506,E759
N20,E508,E637
N20,E509,E606
N20,E509,E644
N20,E509,E762
N20,E510,E644
N20,E510,E648
N20,E511,E672
N20,E514,E623
N20,E514,E768
N20,E515,E617
N20,E515,E655
N20,E515,E668
N20,E516,E625
N20,E516,E645
N20,E516,E673
N20,E517,E659
N20,E517,E762
N20,E517,E766
N20,E517,E798
N20,E519,E606
N20,E519,E650
N20,E519,E658
N20,E520,E604
N20,E520,E607
N20,E521,E623
N20,E521,E723
N20,E522,E603
N20,E522,E631
N20,E523,E703
N20,E525,E761
N20,E526,E679
N20,E526,E711
N20,E526,E726
N20,E526,E739
N20,E527,E669
N20,E527,E677
N20,E527,E730
N20,E527,E781
N20,E528,E750
N20,E529,E676
N20,E529,E701
N20,E530,E768
N20,E531,E638
N20,E531,E710
N20,E531,E720
N20,E532,E771
N20,E532,E783
N20,E533,E626
N20,E533,E696
N20,E533,E740
N20,E534,E706
N20,E535,E617
N20,E535,E682
N20,E535,E725
N20,E536,E692
N20,E536,E787
N20,E537,E656
N20,E537,E683
N20,E537,E685
N20,E537,E756
N20,E537,E772
N20,E538,E793
N20,E539,E678
N20,E539,E704
N20,E540,E695
N20,E540,E707
N20,E541,E699
N20,E541,E760
N20,E541,E767
N20,E542,E632
N20,E542,E675
N20,E542,E691
N20,E543,E640
N20,E543,E699
N20,E544,E624
N20,E544,E732
N20,E544,E779
N20,E545,E694
N20,E546,E627
N20,E546,E664
N20,E546,E775
N20,E546,E789
N20,E546,E791
N20,E547,E653
N20,E548,E609
N20,E548,E634
N20,E548,E654
N20,E548,E656
N20,E549,E615
N20,E549,E754
N20,E550,E655
N20,E550,E672
N20,E550,E734
N20,E551,E673
N20,E551,E739
N20,E551,E795
N20,E552,E630
N20,E552,E793
N20,E553,E616
N20,E553,E621
N20,E553,E701
N20,E554,E666
N20,E554,E681
N20,E554,E750
N20,E554,E783
N20,E555,E757
N20,E556,E611
N20,E556,E639
N20,E557,E735
N20,E558,E775
N20,E558,E793
N20,E559,E687
N20,E559,E701
N20,E560,E683
N20,E560,E767
N20,E561,E632
N20,E561,E663
N20,E561,E695
N20,E562,E611
N20,E562,E657
N20,E562,E665
N20,E562,E716
N20,E562,E718
N20,E563,E612
N20,E563,E692
N20,E563,E792
N20,E566,E714
N20,E566,E777
N20,E566,E778
N20,E567,E668
N20,E567,E674
N20,E567,E771
N20,E568,E700
N20,E568,E712
N20,E568,E740
N20,E570,E702
N20,E571,E636
N20,E571,E654
N20,E571,E698
N20,E572,E636
N20,E572,E758
N20,E573,E609
N20,E574,E671
N20,E574,E761
N20,E575,E680
N20,E575,E681
N20,E575,E722
N20,E575,E744
N20,E575,E746
N20,E575,E756
N20,E576,E749
N20,E576,E752
N20,E577,E741
N20,E578,E776
N20,E579,E602
N20,E579,E711
N20,E581,E602
N20,E581,E620
N20,E581,E694
N20,E582,E666
N20,E582,E770
N20,E583,E624
N20,E583,E718
N20,E583,E788
N20,E583,E798
N20,E584,E606
N20,E584,E714
N20,E584,E781
N20,E585,E682
N20,E585,E707
N20,E585,E726
N20,E585,E733
N20,E586,E727
N20,E588,E695
N20,E588,E747
N20,E589,E675
N20,E591,E762
N20,E591,E771
N20,E591,E778
N20,E593,E657
N20,E593,E682
N20,E593,E760
N20,E594,E613
N20,E595,E610
N20,E596,E603
N20,E596,E646
N20,E597,E687
N20,E597,E769
N20,E599,E618
N20,E599,E671
N20,E600,E840
N20,E600,E864
N20,E600,E889
N20,E600,E927
N20,E600,E978
N20,E601,E943
N20,E602,E870
N20,E602,E947
N20,E603,E880
N20,E604,E882
N20,E605,E973
N20,E605,E987
N20,E606,E848
N20,E606,E910
N20,E606,E911
N20,E606,E940
N20,E607,E805
N20,E608,E888
N20,E608,E892
N20,E609,E853
N20,E609,E996
N20,E610,E868
N20,E610,E916
N20,E610,E941
N20,E610,E967
N20,E612,E922
N20,E612,E941
N20,E613,E830
N20,E614,E856
N20,E614,E964
N20,E614,E967
N20,E615,E812
N20,E615,E814
N20,E615,E918
N20,E615,E921
N20,E615,E971
N20,E616,E989
N20,E617,E939
N20,E618,E886
N20,E620,E903
N20,E620,E932
N20,E621,E902
N20,E621,E930
N20,E623,E803
N20,E623,E967
N20,E624,E812
N20,E624,E896
N20,E625,E897
N20,E625,E943
N20,E627,E882
N20,E627,E972
N20,E628,E860
N20,E628,E937
N20,E628,E966
N20,E629,E834
N20,E629,E912
N20,E629,E977
N20,E630,E842
N20,E630,E938
N20,E630,E982
N20,E632,E825
N20,E632,E841
N20,E632,E951
N20,E633,E807
N20,E633,E931
N20,E633,E966
N20,E633,E985
N20,E634,E829
N20,E634,E944
N20,E634,E978
N20,E635,E859
N20,E636,E837
N20,E636,E909
N20,E638,E863
N20,E638,E871
N20,E638,E875
N20,E640,E873
N20,E640,E889
N20,E640,E894
N20,E640,E913
N20,E641,E868
N20,E643,E805
N20,E643,E876
N20,E643,E879
N20,E643,E938
N20,E645,E821
N20,E645,E839
N20,E645,E924
N20,E645,E995
N20,E646,E835
N20,E646,E839
N20,E646,E867
N20,E646,E936
N20,E646,E952
N20,E647,E859
N20,E647,E869
N20,E647,E975
N20,E647,E985
N20,E648,E808
N20,E649,E851
N20,E649,E926
N20,E650,E816
N20,E650,E821
N20,E650,E849
N20,E650,E953
N20,E650,E992
N20,E651,E859
N20,E651,E872
N20,E651,E945
N20,E652,E919
N20,E652,E983
N20,E653,E829
N20,E653,E953
N20,E654,E848
N20,E655,E905
N20,E657,E843
N20,E657,E861
N20,E657,E979
N20,E657,E992
N20,E659,E822
N20,E659,E857
N20,E659,E864
N20,E659,E865
N20,E659,E908
N20,E659,E997
N20,E660,E928
N20,E661,E909
N20,E661,E942
N20,E662,E803
N20,E662,E808
N20,E662,E942
N20,E663,E810
N20,E663,E813
N20,E663,E897
N20,E664,E864
N20,E664,E877
N20,E664,E902
N20,E664,E940
N20,E665,E832
N20,E665,E951
N20,E666,E904
N20,E666,E933
N20,E667,E860
N20,E667,E946
N20,E668,E874
N20,E670,E802
N20,E670,E829
N20,E670,E876
N20,E671,E813
N20,E671,E835
N20,E673,E863
N20,E673,E913
N20,E673,E976
N20,E674,E934
N20,E674,E951
N20,E675,E833
N20,E675,E974
N20,E676,E898
N20,E677,E865
N20,E677,E893
N20,E678,E969
N20,E679,E809
N20,E680,E936
N20,E680,E994
N20,E681,E858
N20,E681,E909
N20,E683,E845
N20,E683,E887
N20,E683,E977
N20,E685,E865
N20,E685,E882
N20,E685,E990
N20,E687,E845
N20,E687,E917
N20,E687,E973
N20,E689,E900
N20,E689,E963
N20,E689,E969
N20,E690,E806
N20,E690,E863
N20,E690,E993
N20,E691,E807
N20,E692,E836
N20,E692,E886
N20,E695,E822
N20,E695,E823
N20,E695,E898
N20,E695,E954
N20,E695,E956
N20,E696,E971
N20,E697,E834
N20,E697,E884
N20,E697,E888
N20,E698,E879
N20,E698,E916
N20,E699,E802
N20,E699,E841
N20,E699,E972
N20,E700,E978
N20,E702,E817
N20,E702,E932
N20,E702,E962
N20,E703,E814
N20,E703,E827
N20,E703,E965
N20,E703,E983
N20,E705,E826
N20,E705,E839
N20,E705,E850
N20,E705,E866
N20,E706,E830
N20,E706,E891
N20,E707,E801
N20,E707,E824
N20,E707,E838
N20,E707,E923
N20,E709,E823
N20,E709,E952
N20,E710,E883
N20,E711,E820
N20,E713,E991
N20,E715,E804
N20,E715,E875
N20,E717,E850
N20,E717,E998
N20,E718,E831
N20,E718,E915
N20,E718,E934
N20,E718,E955
N20,E719,E810
N20,E719,E811
N20,E719,E982
N20,E719,E995
N20,E720,E845
N20,E720,E846
N20,E720,E855
N20,E720,E862
N20,E720,E904
N20,E721,E817
N20,E722,E860
N20,E722,E950
N20,E723,E852
N20,E723,E887
N20,E723,E958
N20,E723,E999
N20,E724,E848
N20,E724,E935
N20,E724,E984
N20,E725,E813
N20,E725,E965
N20,E725,E982
N20,E726,E885
N20,E726,E980
N20,E727,E962
N20,E728,E918
N20,E728,E949
N20,E729,E804
N20,E729,E953
N20,E729,E992
N20,E730,E987
N20,E731,E869
N20,E731,E898
N20,E732,E870
N20,E732,E879
N20,E733,E957
N20,E734,E961
N20,E734,E964
N20,E735,E955
N20,E736,E907
N20,E737,E818
N20,E737,E876
N20,E738,E923
N20,E738,E964
N20,E739,E811
N20,E739,E965
N20,E740,E963
N20,E740,E997
N20,E741,E824
N20,E741,E893
N20,E741,E970
N20,E743,E833
N20,E743,E852
N20,E743,E929
N20,E743,E931
N20,E743,E946
N20,E743,E968
N20,E744,E932
N20,E745,E919
N20,E745,E999
N20,E746,E939
N20,E747,E935
N20,E748,E824
N20,E748,E894
N20,E748,E979
N20,E748,E996
N20,E749,E856
N20,E749,E901
N20,E749,E916
N20,E749,E966
N20,E750,E806
N20,E751,E920
N20,E751,E925
N20,E751,E961
N20,E752,E928
N20,E753,E914
N20,E753,E944
N20,E753,E997
N20,E755,E962
N20,E755,E973
N20,E756,E831
N20,E756,E944
N20,E757,E843
N20,E758,E802
N20,E758,E899
N20,E758,E950
N20,E758,E995
N20,E759,E828
N20,E759,E844
N20,E760,E849
N20,E760,E854
N20,E760,E972
N20,E761,E840
N20,E761,E890
N20,E761,E920
N20,E761,E990
N20,E762,E823
N20,E762,E857
N20,E763,E842
N20,E763,E878
N20,E763,E881
N20,E763,E891
N20,E763,E935
N20,E764,E900
N20,E764,E959
N20,E765,E807
N20,E765,E820
N20,E765,E987
N20,E766,E840
N20,E766,E952
N20,E767,E833
N20,E768,E830
N20,E768,E837
N20,E768,E988
N20,E769,E958
N20,E770,E832
N20,E770,E945
N20,E771,E854
N20,E772,E917
N20,E772,E947
N20,E773,E902
N20,E773,E948
N20,E773,E974
N20,E774,E810
N20,E775,E858
N20,E776,E868
N20,E776,E887
N20,E776,E960
N20,E776,E990
N20,E777,E979
N20,E779,E874
N20,E779,E904
N20,E780,E986
N20,E781,E913
N20,E782,E843
N20,E782,E881
N20,E782,E905
N20,E782,E906
N20,E782,E941
N20,E782,E947
N20,E783,E901
N20,E783,E981
N20,E784,E815
N20,E784,E985
N20,E785,E993
N20,E786,E922
N20,E786,E974
N20,E786,E993
N20,E787,E827
N20,E788,E805
N20,E788,E827
N20,E789,E875
N20,E789,E969
N20,E791,E857
N20,E793,E889
N20,E794,E998
N20,E795,E893
N20,E796,E800
N20,E796,E819
N20,E796,E847
N20,E796,E926
N20,E797,E934
N20,E798,E895
N20,E798,E958
N20,E798,E980
