network_id,supplier,customer,added
N01,E000,E217,False
N01,E000,E310,False
N01,E000,E329,False
N01,E001,E240,False
N01,E001,E321,True
N01,E001,E398,False
N01,E002,E277,False
N01,E002,E303,False
N01,E002,E333,False
N01,E002,E392,True
N01,E003,E227,False
N01,E003,E285,True
N01,E003,E312,True
N01,E004,E218,False
N01,E004,E223,True
N01,E004,E261,False
N01,E005,E261,False
N01,E005,E381,True
N01,E006,E231,False
N01,E006,E253,True
N01,E006,E273,False
N01,E006,E367,True
N01,E007,E335,False
N01,E008,E314,False
N01,E008,E316,False
N01,E008,E351,False
N01,E009,E278,True
N01,E009,E348,False
N01,E009,E387,False
N01,E010,E208,False
N01,E010,E396,False
N01,E011,E228,True
N01,E011,E246,False
N01,E011,E391,True
N01,E012,E266,True
N01,E012,E272,True
N01,E012,E309,True
N01,E012,E349,False
N01,E013,E323,False
N01,E014,E208,True
N01,E014,E356,False
N01,E015,E270,False
N01,E015,E314,False
N01,E015,E354,True
N01,E016,E202,False
N01,E016,E338,True
N01,E017,E271,False
N01,E017,E317,True
N01,E018,E237,False
N01,E019,E250,False
N01,E019,E295,False
N01,E019,E320,False
N01,E020,E243,True
N01,E022,E279,True
N01,E022,E305,False
N01,E022,E307,True
N01,E022,E389,False
N01,E023,E217,False
N01,E023,E297,False
N01,E023,E391,False
N01,E024,E371,True
N01,E024,E374,False
N01,E024,E382,False
N01,E025,E239,True
N01,E025,E290,True
N01,E026,E253,False
N01,E026,E385,False
N01,E027,E216,False
N01,E027,E285,False
N01,E027,E373,False
N01,E028,E392,False
N01,E029,E301,True
N01,E029,E310,True
N01,E029,E330,False
N01,E029,E383,False
N01,E030,E220,False
N01,E031,E291,False
N01,E031,E327,False
N01,E032,E322,False
N01,E032,E389,False
N01,E033,E204,False
N01,E033,E292,False
N01,E033,E315,False
N01,E033,E339,False
N01,E033,E350,False
N01,E034,E207,True
N01,E035,E279,False
N01,E035,E386,True
N01,E036,E209,False
N01,E036,E228,False
N01,E036,E249,False
N01,E036,E289,False
N01,E037,E367,False
N01,E038,E281,False
N01,E038,E316,True
N01,E038,E318,True
N01,E038,E384,False
N01,E039,E282,False
N01,E039,E301,False
N01,E039,E329,False
N01,E040,E255,False
N01,E040,E336,False
N01,E041,E216,False
N01,E042,E241,False
N01,E042,E357,False
N01,E042,E391,False
N01,E043,E257,False
N01,E043,E293,False
N01,E043,E355,False
N01,E043,E390,True
N01,E044,E200,True
N01,E044,E202,True
N01,E044,E297,False
N01,E044,E300,True
N01,E044,E332,False
N01,E044,E371,False
N01,E045,E377,False
N01,E046,E204,True
N01,E046,E357,False
N01,E046,E359,False
N01,E048,E312,False
N01,E048,E326,False
N01,E048,E389,True
N01,E049,E220,False
N01,E049,E301,False
N01,E049,E331,False
N01,E049,E369,False
N01,E049,E375,False
N01,E049,E377,True
N01,E049,E378,False
N01,E049,E388,True
N01,E050,E284,False
N01,E050,E399,True
N01,E051,E206,False
N01,E051,E211,False
N01,E051,E236,False
N01,E051,E247,False
N01,E051,E323,False
N01,E051,E344,True
N01,E051,E398,True
N01,E052,E232,False
N01,E052,E271,True
N01,E052,E359,True
N01,E052,E364,False
N01,E053,E252,False
N01,E053,E323,False
N01,E054,E247,True
N01,E054,E288,False
N01,E054,E307,False
N01,E055,E273,False
N01,E055,E320,True
N01,E055,E330,True
N01,E055,E353,True
N01,E055,E389,False
N01,E056,E204,False
N01,E056,E282,True
N01,E056,E311,True
N01,E056,E318,False
N01,E056,E326,False
N01,E056,E337,False
N01,E057,E259,False
N01,E057,E366,True
N01,E057,E393,False
N01,E058,E207,False
N01,E058,E230,False
N01,E058,E306,True
N01,E058,E322,True
N01,E058,E345,True
N01,E058,E376,False
N01,E059,E222,False
N01,E059,E265,True
N01,E059,E296,True
N01,E059,E343,False
N01,E060,E241,True
N01,E060,E285,False
N01,E061,E205,False
N01,E061,E238,False
N01,E062,E312,False
N01,E063,E322,False
N01,E063,E354,False
N01,E064,E216,False
N01,E065,E323,True
N01,E065,E332,False
N01,E066,E357,True
N01,E066,E396,True
N01,E067,E266,False
N01,E067,E294,False
N01,E068,E214,True
N01,E068,E363,False
N01,E069,E237,True
N01,E069,E252,True
N01,E069,E260,False
N01,E069,E313,True
N01,E070,E201,True
N01,E070,E229,True
N01,E070,E264,True
N01,E070,E326,False
N01,E071,E226,False
N01,E071,E272,False
N01,E071,E359,False
N01,E072,E291,False
N01,E072,E311,False
N01,E072,E387,True
N01,E074,E219,False
N01,E074,E220,False
N01,E074,E235,False
N01,E074,E274,False
N01,E074,E358,False
N01,E075,E224,False
N01,E075,E399,False
N01,E076,E239,False
N01,E076,E245,False
N01,E076,E276,True
N01,E076,E381,False
N01,E076,E386,False
N01,E079,E319,False
N01,E079,E370,False
N01,E079,E372,False
N01,E080,E286,False
N01,E080,E325,False
N01,E080,E350,False
N01,E081,E221,False
N01,E081,E350,True
N01,E082,E240,False
N01,E082,E336,True
N01,E082,E368,False
N01,E083,E352,True
N01,E084,E205,True
N01,E084,E227,False
N01,E084,E234,False
N01,E084,E275,False
N01,E084,E369,True
N01,E085,E334,False
N01,E085,E343,False
N01,E085,E378,False
N01,E085,E395,False
N01,E085,E398,False
N01,E086,E227,True
N01,E086,E240,True
N01,E086,E276,False
N01,E086,E396,False
N01,E087,E221,True
N01,E087,E248,False
N01,E087,E254,True
N01,E087,E285,False
N01,E088,E234,False
N01,E088,E294,True
N01,E088,E302,True
N01,E088,E347,False
N01,E088,E385,True
N01,E088,E394,False
N01,E089,E291,True
N01,E089,E355,False
N01,E090,E335,False
N01,E090,E352,False
N01,E091,E281,True
N01,E091,E352,False
N01,E091,E363,False
N01,E092,E322,False
N01,E093,E205,False
N01,E093,E207,False
N01,E093,E210,True
N01,E093,E222,True
N01,E093,E225,False
N01,E093,E257,False
N01,E093,E349,True
N01,E093,E382,True
N01,E094,E231,False
N01,E094,E341,False
N01,E094,E368,False
N01,E095,E307,False
N01,E095,E343,False
N01,E096,E268,True
N01,E096,E283,False
N01,E096,E348,False
N01,E096,E364,False
N01,E097,E352,False
N01,E097,E397,True
N01,E098,E209,True
N01,E098,E293,True
N01,E098,E337,False
N01,E098,E365,True
N01,E099,E219,True
N01,E099,E261,True
N01,E099,E299,True
N01,E099,E384,True
N01,E099,E398,False
N01,E100,E201,False
N01,E100,E289,True
N01,E100,E370,True
N01,E101,E244,False
N01,E101,E257,True
N01,E101,E292,True
N01,E102,E286,False
N01,E103,E259,True
N01,E103,E293,False
N01,E103,E315,True
N01,E104,E267,False
N01,E105,E236,True
N01,E105,E309,False
N01,E105,E372,False
N01,E106,E217,True
N01,E106,E314,True
N01,E106,E324,False
N01,E106,E337,False
N01,E106,E358,True
N01,E107,E324,True
N01,E107,E334,True
N01,E108,E273,False
N01,E108,E275,True
N01,E108,E303,False
N01,E108,E327,True
N01,E108,E393,False
N01,E110,E360,False
N01,E110,E368,True
N01,E111,E218,True
N01,E111,E321,False
N01,E111,E328,False
N01,E111,E345,False
N01,E112,E264,False
N01,E112,E277,True
N01,E112,E299,False
N01,E114,E311,False
N01,E114,E333,True
N01,E115,E232,True
N01,E115,E292,False
N01,E116,E324,False
N01,E117,E207,False
N01,E117,E225,False
N01,E117,E269,False
N01,E117,E307,False
N01,E117,E317,False
N01,E117,E331,False
N01,E117,E362,True
N01,E117,E388,False
N01,E118,E309,False
N01,E118,E346,False
N01,E118,E397,False
N01,E119,E202,False
N01,E119,E213,False
N01,E119,E243,False
N01,E119,E351,True
N01,E119,E376,True
N01,E120,E379,True
N01,E121,E281,False
N01,E121,E346,True
N01,E121,E399,False
N01,E122,E236,False
N01,E122,E265,False
N01,E122,E293,False
N01,E122,E339,True
N01,E123,E377,False
N01,E124,E209,False
N01,E124,E223,False
N01,E124,E242,False
N01,E124,E287,False
N01,E124,E334,False
N01,E124,E335,False
N01,E125,E258,False
N01,E125,E287,True
N01,E125,E329,False
N01,E125,E332,True
N01,E126,E321,False
N01,E127,E280,True
N01,E127,E318,False
N01,E127,E394,False
N01,E128,E234,False
N01,E128,E262,True
N01,E128,E318,False
N01,E128,E350,False
N01,E128,E356,True
N01,E128,E394,False
N01,E129,E263,True
N01,E130,E288,True
N01,E131,E225,True
N01,E131,E304,True
N01,E131,E335,True
N01,E131,E360,True
N01,E131,E373,False
N01,E131,E379,False
N01,E132,E219,False
N01,E132,E244,False
N01,E132,E303,True
N01,E132,E306,False
N01,E132,E338,False
N01,E132,E356,False
N01,E132,E369,False
N01,E133,E264,False
N01,E133,E309,False
N01,E133,E374,True
N01,E134,E251,True
N01,E134,E370,False
N01,E135,E264,False
N01,E136,E203,False
N01,E136,E295,False
N01,E137,E270,True
N01,E137,E388,False
N01,E138,E234,True
N01,E138,E296,False
N01,E138,E297,True
N01,E138,E300,False
N01,E138,E327,False
N01,E139,E214,False
N01,E139,E280,False
N01,E139,E361,True
N01,E140,E211,True
N01,E140,E251,False
N01,E140,E385,False
N01,E141,E308,False
N01,E142,E252,False
N01,E142,E319,True
N01,E142,E379,False
N01,E143,E341,True
N01,E143,E345,False
N01,E143,E361,False
N01,E144,E255,True
N01,E144,E274,True
N01,E144,E347,False
N01,E145,E269,True
N01,E145,E354,False
N01,E145,E355,True
N01,E145,E378,True
N01,E146,E342,False
N01,E146,E371,False
N01,E146,E375,False
N01,E147,E368,False
N01,E147,E378,False
N01,E149,E248,True
N01,E150,E273,True
N01,E151,E233,True
N01,E151,E241,False
N01,E151,E257,False
N01,E151,E329,True
N01,E152,E226,False
N01,E152,E337,True
N01,E153,E246,True
N01,E153,E308,True
N01,E153,E347,False
N01,E153,E371,False
N01,E154,E279,False
N01,E154,E284,False
N01,E155,E235,True
N01,E155,E270,False
N01,E155,E362,False
N01,E155,E375,True
N01,E156,E238,True
N01,E157,E243,False
N01,E157,E286,True
N01,E157,E288,False
N01,E157,E298,True
N01,E158,E223,False
N01,E158,E261,False
N01,E158,E282,False
N01,E158,E331,True
N01,E158,E364,False
N01,E159,E260,True
N01,E159,E380,False
N01,E159,E386,False
N01,E160,E310,False
N01,E160,E342,True
N01,E160,E355,False
N01,E160,E366,False
N01,E160,E390,False
N01,E161,E233,False
N01,E161,E254,False
N01,E161,E284,True
N01,E162,E218,False
N01,E162,E321,False
N01,E162,E330,False
N01,E162,E374,False
N01,E162,E380,True
N01,E162,E383,True
N01,E163,E341,False
N01,E164,E242,True
N01,E164,E341,False
N01,E165,E290,False
N01,E165,E314,False
N01,E165,E354,False
N01,E166,E213,True
N01,E166,E229,False
N01,E166,E305,True
N01,E167,E268,False
N01,E167,E326,True
N01,E167,E353,False
N01,E167,E370,False
N01,E168,E221,False
N01,E168,E231,True
N01,E169,E306,False
N01,E170,E267,True
N01,E171,E200,False
N01,E171,E212,True
N01,E171,E339,False
N01,E173,E205,False
N01,E173,E244,True
N01,E173,E270,False
N01,E174,E206,False
N01,E174,E304,False
N01,E174,E332,False
N01,E175,E236,False
N01,E175,E325,True
N01,E176,E300,False
N01,E176,E340,True
N01,E176,E394,True
N01,E177,E211,False
N01,E177,E224,True
N01,E177,E283,False
N01,E177,E385,False
N01,E178,E215,False
N01,E179,E271,False
N01,E179,E299,False
N01,E180,E226,True
N01,E180,E241,False
N01,E180,E267,False
N01,E180,E283,True
N01,E180,E300,False
N01,E180,E301,False
N01,E180,E304,False
N01,E180,E328,True
N01,E181,E210,False
N01,E181,E365,False
N01,E182,E210,False
N01,E182,E229,False
N01,E182,E313,False
N01,E182,E364,True
N01,E182,E396,False
N01,E183,E213,False
N01,E183,E259,False
N01,E183,E272,False
N01,E183,E319,False
N01,E183,E339,False
N01,E183,E340,False
N01,E183,E363,True
N01,E184,E372,True
N01,E184,E383,False
N01,E185,E282,False
N01,E185,E348,False
N01,E185,E359,False
N01,E185,E374,False
N01,E186,E203,True
N01,E186,E253,False
N01,E187,E249,True
N01,E187,E392,False
N01,E187,E393,True
N01,E188,E256,True
N01,E188,E258,True
N01,E188,E290,False
N01,E188,E296,False
N01,E188,E366,False
N01,E188,E367,False
N01,E189,E279,False
N01,E189,E295,True
N01,E189,E310,False
N01,E190,E216,True
N01,E190,E298,False
N01,E191,E206,True
N01,E191,E209,False
N01,E191,E220,True
N01,E191,E345,False
N01,E192,E262,False
N01,E192,E373,False
N01,E193,E237,False
N01,E193,E297,False
N01,E194,E200,False
N01,E194,E215,True
N01,E194,E230,True
N01,E194,E235,False
N01,E194,E250,True
N01,E194,E315,False
N01,E194,E344,False
N01,E194,E347,True
N01,E194,E369,False
N01,E195,E212,False
N01,E195,E263,False
N01,E195,E278,False
N01,E195,E283,False
N01,E195,E395,True
N01,E196,E239,False
N01,E196,E245,True
N01,E196,E256,False
N01,E196,E287,False
N01,E196,E376,False
N01,E197,E213,False
N01,E197,E343,True
N01,E198,E267,False
N01,E198,E302,False
N01,E198,E346,False
N01,E198,E348,True
N01,E198,E373,True
N01,E199,E308,False
N01,E200,E445,False
N01,E200,E503,True
N01,E201,E434,False
N01,E201,E533,False
N01,E201,E561,False
N01,E202,E415,False
N01,E202,E481,False
N01,E203,E459,False
N01,E203,E477,False
N01,E203,E508,True
N01,E203,E530,False
N01,E204,E434,True
N01,E204,E493,False
N01,E204,E522,False
N01,E204,E556,False
N01,E205,E445,False
N01,E205,E454,False
N01,E205,E481,False
N01,E205,E535,False
N01,E206,E550,False
N01,E206,E554,True
N01,E207,E442,False
N01,E208,E463,False
N01,E208,E499,False
N01,E209,E459,False
N01,E209,E558,True
N01,E210,E464,False
N01,E210,E505,False
N01,E210,E564,False
N01,E211,E420,False
N01,E212,E401,False
N01,E212,E436,False
N01,E212,E512,True
N01,E212,E578,True
N01,E213,E420,True
N01,E214,E413,True
N01,E214,E514,False
N01,E215,E404,False
N01,E215,E525,False
N01,E215,E565,False
N01,E216,E484,True
N01,E217,E414,False
N01,E217,E540,False
N01,E218,E411,False
N01,E218,E452,True
N01,E218,E479,True
N01,E218,E561,True
N01,E219,E467,False
N01,E219,E542,False
N01,E219,E545,False
N01,E219,E550,True
N01,E220,E431,False
N01,E220,E592,False
N01,E221,E425,False
N01,E222,E456,True
N01,E222,E522,False
N01,E222,E577,False
N01,E223,E436,True
N01,E223,E462,False
N01,E223,E496,True
N01,E223,E542,False
N01,E223,E570,False
N01,E223,E579,False
N01,E224,E420,False
N01,E224,E423,False
N01,E225,E491,False
N01,E225,E510,True
N01,E227,E465,False
N01,E227,E568,True
N01,E228,E419,False
N01,E228,E524,False
N01,E228,E556,True
N01,E228,E558,False
N01,E229,E518,False
N01,E229,E521,False
N01,E229,E526,False
N01,E229,E560,True
N01,E230,E444,False
N01,E230,E449,False
N01,E230,E517,False
N01,E230,E538,False
N01,E231,E426,False
N01,E231,E466,True
N01,E231,E487,False
N01,E231,E559,False
N01,E232,E431,False
N01,E232,E480,True
N01,E232,E487,True
N01,E233,E411,False
N01,E233,E413,False
N01,E233,E552,False
N01,E234,E406,True
N01,E235,E451,False
N01,E235,E492,True
N01,E235,E544,False
N01,E235,E582,True
N01,E236,E401,False
N01,E236,E515,True
N01,E237,E401,True
N01,E237,E433,True
N01,E237,E436,False
N01,E237,E511,True
N01,E237,E532,True
N01,E237,E562,False
N01,E237,E580,True
N01,E239,E577,True
N01,E240,E446,True
N01,E240,E587,False
N01,E241,E400,False
N01,E241,E418,False
N01,E241,E443,True
N01,E241,E523,True
N01,E243,E404,False
N01,E243,E483,False
N01,E243,E543,False
N01,E243,E589,True
N01,E244,E408,False
N01,E244,E506,False
N01,E244,E593,False
N01,E245,E466,False
N01,E245,E475,False
N01,E245,E490,True
N01,E245,E555,True
N01,E245,E562,False
N01,E246,E421,True
N01,E246,E500,False
N01,E246,E514,False
N01,E246,E594,False
N01,E247,E401,False
N01,E247,E414,True
N01,E247,E481,False
N01,E247,E495,True
N01,E247,E578,False
N01,E247,E594,True
N01,E249,E418,True
N01,E249,E501,True
N01,E249,E564,True
N01,E250,E400,False
N01,E250,E463,True
N01,E250,E486,False
N01,E250,E597,False
N01,E251,E448,False
N01,E251,E476,True
N01,E251,E504,False
N01,E252,E425,False
N01,E252,E523,False
N01,E253,E411,True
N01,E253,E439,True
N01,E253,E467,True
N01,E253,E549,False
N01,E253,E568,False
N01,E253,E571,False
N01,E254,E402,False
N01,E254,E428,False
N01,E254,E465,True
N01,E255,E497,False
N01,E255,E504,False
N01,E256,E494,True
N01,E256,E521,True
N01,E256,E574,False
N01,E257,E411,False
N01,E257,E430,True
N01,E257,E450,False
N01,E257,E461,False
N01,E257,E531,False
N01,E257,E547,False
N01,E257,E562,True
N01,E258,E456,False
N01,E258,E466,False
N01,E258,E482,False
N01,E258,E525,True
N01,E258,E530,True
N01,E259,E440,False
N01,E259,E458,False
N01,E259,E496,False
N01,E259,E512,False
N01,E259,E599,False
N01,E260,E536,False
N01,E261,E490,False
N01,E262,E413,False
N01,E262,E472,True
N01,E262,E528,True
N01,E262,E536,False
N01,E262,E585,False
N01,E263,E412,True
N01,E263,E538,True
N01,E263,E585,True
N01,E263,E598,False
N01,E264,E486,False
N01,E264,E504,False
N01,E265,E462,False
N01,E265,E475,True
N01,E266,E455,True
N01,E266,E468,True
N01,E266,E471,True
N01,E266,E569,False
N01,E266,E590,True
N01,E267,E536,True
N01,E268,E414,False
N01,E268,E553,False
N01,E269,E431,False
N01,E269,E435,True
N01,E269,E457,True
N01,E269,E527,False
N01,E269,E543,False
N01,E269,E597,True
N01,E270,E435,False
N01,E270,E469,False
N01,E271,E484,False
N01,E271,E493,False
N01,E272,E407,False
N01,E272,E412,False
N01,E272,E417,True
N01,E272,E484,False
N01,E273,E430,False
N01,E273,E437,False
N01,E274,E495,False
N01,E275,E418,False
N01,E275,E442,False
N01,E275,E450,True
N01,E275,E521,False
N01,E277,E448,True
N01,E278,E405,True
N01,E278,E463,False
N01,E278,E493,False
N01,E278,E535,True
N01,E279,E413,False
N01,E279,E424,False
N01,E279,E428,True
N01,E279,E475,False
N01,E279,E571,False
N01,E279,E589,False
N01,E280,E423,True
N01,E280,E543,True
N01,E280,E569,True
N01,E281,E431,True
N01,E281,E533,False
N01,E281,E566,True
N01,E281,E572,False
N01,E281,E596,False
N01,E282,E470,False
N01,E283,E474,False
N01,E283,E576,False
N01,E284,E588,False
N01,E285,E455,False
N01,E285,E584,False
N01,E286,E416,True
N01,E286,E433,False
N01,E286,E445,False
N01,E286,E488,False
N01,E286,E495,False
N01,E287,E490,False
N01,E287,E548,False
N01,E288,E468,False
N01,E288,E532,False
N01,E289,E409,True
N01,E289,E466,False
N01,E289,E517,False
N01,E289,E548,False
N01,E290,E539,False
N01,E291,E567,True
N01,E291,E575,False
N01,E291,E586,False
N01,E291,E587,True
N01,E291,E589,False
N01,E292,E432,False
N01,E292,E485,False
N01,E292,E598,True
N01,E293,E459,True
N01,E293,E581,True
N01,E294,E447,False
N01,E294,E478,True
N01,E294,E494,False
N01,E295,E498,False
N01,E295,E559,True
N01,E295,E560,False
N01,E295,E573,False
N01,E295,E580,False
N01,E296,E592,False
N01,E296,E593,False
N01,E297,E506,False
N01,E297,E531,True
N01,E297,E573,True
N01,E297,E589,False
N01,E298,E460,True
N01,E298,E533,True
N01,E298,E563,True
N01,E298,E567,False
N01,E298,E582,False
N01,E299,E402,True
N01,E299,E442,True
N01,E300,E438,False
N01,E300,E462,True
N01,E301,E453,False
N01,E301,E498,True
N01,E301,E565,False
N01,E301,E595,False
N01,E302,E437,True
N01,E302,E444,False
N01,E302,E515,False
N01,E302,E517,False
N01,E302,E560,False
N01,E304,E440,True
N01,E304,E441,False
N01,E304,E489,True
N01,E304,E554,False
N01,E305,E508,False
N01,E305,E570,True
N01,E306,E474,True
N01,E306,E571,False
N01,E307,E405,False
N01,E307,E492,False
N01,E307,E586,True
N01,E308,E436,False
N01,E308,E479,False
N01,E308,E492,False
N01,E308,E542,False
N01,E309,E476,False
N01,E309,E496,False
N01,E310,E415,True
N01,E310,E432,True
N01,E310,E454,True
N01,E310,E478,False
N01,E310,E491,True
N01,E311,E405,False
N01,E312,E408,True
N01,E312,E481,True
N01,E312,E516,False
N01,E312,E534,False
N01,E313,E417,False
N01,E313,E453,False
N01,E314,E433,False
N01,E314,E462,False
N01,E314,E491,False
N01,E314,E505,True
N01,E314,E519,False
N01,E315,E400,False
N01,E315,E497,True
N01,E315,E501,False
N01,E316,E447,True
N01,E317,E415,False
N01,E317,E541,True
N01,E317,E549,True
N01,E317,E558,False
N01,E317,E560,False
N01,E318,E419,False
N01,E318,E516,False
N01,E318,E540,True
N01,E318,E551,True
N01,E320,E420,False
N01,E320,E464,False
N01,E320,E468,False
N01,E320,E478,False
N01,E321,E515,False
N01,E321,E537,True
N01,E321,E540,False
N01,E322,E419,True
N01,E322,E447,False
N01,E322,E536,False
N01,E322,E547,True
N01,E322,E557,True
N01,E322,E575,True
N01,E323,E500,False
N01,E323,E527,False
N01,E324,E429,False
N01,E324,E446,False
N01,E324,E506,False
N01,E324,E522,False
N01,E324,E541,False
N01,E324,E599,True
N01,E325,E404,False
N01,E325,E476,False
N01,E325,E520,True
N01,E326,E486,False
N01,E326,E507,True
N01,E327,E523,False
N01,E327,E547,False
N01,E327,E596,True
N01,E328,E507,False
N01,E328,E586,False
N01,E329,E412,False
N01,E329,E424,True
N01,E329,E460,False
N01,E329,E486,True
N01,E329,E524,True
N01,E330,E435,False
N01,E330,E457,False
N01,E330,E513,False
N01,E330,E557,False
N01,E330,E563,False
N01,E331,E452,False
N01,E331,E470,False
N01,E331,E529,False
N01,E332,E532,False
N01,E333,E509,True
N01,E333,E582,False
N01,E333,E587,False
N01,E334,E552,True
N01,E335,E429,True
N01,E335,E439,False
N01,E335,E484,False
N01,E335,E578,False
N01,E336,E529,True
N01,E337,E444,True
N01,E337,E502,False
N01,E337,E507,False
N01,E337,E514,False
N01,E337,E515,False
N01,E338,E447,False
N01,E338,E548,False
N01,E339,E514,True
N01,E340,E451,False
N01,E340,E461,False
N01,E340,E497,False
N01,E341,E422,False
N01,E341,E460,False
N01,E341,E588,True
N01,E343,E537,False
N01,E344,E459,False
N01,E345,E409,False
N01,E345,E530,False
N01,E345,E546,False
N01,E345,E570,False
N01,E345,E590,False
N01,E346,E541,False
N01,E346,E595,False
N01,E347,E434,False
N01,E347,E470,False
N01,E347,E539,True
N01,E348,E461,False
N01,E348,E473,False
N01,E349,E403,True
N01,E349,E480,False
N01,E350,E407,True
N01,E350,E470,True
N01,E350,E534,False
N01,E350,E535,False
N01,E350,E596,False
N01,E350,E599,False
N01,E351,E400,True
N01,E351,E544,False
N01,E352,E527,False
N01,E352,E528,False
N01,E353,E469,False
N01,E353,E500,True
N01,E353,E526,True
N01,E353,E573,False
N01,E354,E527,True
N01,E354,E584,True
N01,E355,E453,False
N01,E355,E522,True
N01,E355,E542,True
N01,E356,E483,True
N01,E356,E510,False
N01,E357,E473,True
N01,E357,E516,True
N01,E357,E575,False
N01,E358,E427,False
N01,E358,E508,False
N01,E359,E452,False
N01,E359,E458,False
N01,E359,E565,True
N01,E360,E402,False
N01,E360,E428,False
N01,E360,E472,False
N01,E361,E416,False
N01,E361,E480,False
N01,E361,E506,True
N01,E362,E402,False
N01,E362,E511,False
N01,E362,E546,True
N01,E362,E574,False
N01,E364,E422,True
N01,E364,E585,False
N01,E365,E425,True
N01,E365,E523,False
N01,E365,E597,False
N01,E366,E509,False
N01,E366,E545,True
N01,E367,E415,False
N01,E367,E502,False
N01,E367,E551,False
N01,E367,E587,False
N01,E368,E451,False
N01,E368,E499,False
N01,E369,E485,True
N01,E369,E592,True
N01,E370,E433,False
N01,E370,E476,False
N01,E370,E499,True
N01,E370,E593,True
N01,E371,E503,False
N01,E371,E518,True
N01,E371,E559,False
N01,E372,E469,True
N01,E372,E566,False
N01,E373,E418,False
N01,E373,E477,False
N01,E373,E581,False
N01,E374,E446,False
N01,E374,E519,True
N01,E374,E567,False
N01,E374,E569,False
N01,E374,E574,True
N01,E374,E594,False
N01,E375,E427,True
N01,E375,E552,False
N01,E375,E583,True
N01,E375,E595,True
N01,E376,E410,True
N01,E376,E443,False
N01,E376,E449,False
N01,E376,E483,False
N01,E376,E497,False
N01,E376,E554,False
N01,E376,E574,False
N01,E377,E407,False
N01,E377,E426,False
N01,E377,E502,True
N01,E377,E591,False
N01,E378,E534,True
N01,E378,E553,True
N01,E379,E449,True
N01,E379,E554,False
N01,E379,E570,False
N01,E380,E526,False
N01,E380,E540,False
N01,E380,E571,True
N01,E380,E583,False
N01,E381,E474,False
N01,E381,E482,True
N01,E381,E494,False
N01,E381,E572,True
N01,E382,E509,False
N01,E382,E550,False
N01,E383,E410,False
N01,E383,E438,True
N01,E383,E460,False
N01,E384,E403,False
N01,E384,E414,False
N01,E384,E501,False
N01,E385,E458,True
N01,E385,E482,False
N01,E385,E491,False
N01,E385,E507,False
N01,E385,E525,False
N01,E385,E584,False
N01,E386,E406,False
N01,E386,E426,True
N01,E386,E473,False
N01,E386,E493,True
N01,E386,E525,False
N01,E386,E573,False
N01,E386,E578,False
N01,E386,E591,True
N01,E387,E408,False
N01,E387,E551,False
N01,E388,E416,False
N01,E388,E489,False
N01,E389,E451,True
N01,E389,E461,True
N01,E389,E483,False
N01,E389,E498,False
N01,E390,E517,True
N01,E390,E544,True
N01,E390,E579,False
N01,E390,E588,False
N01,E391,E555,False
N01,E392,E405,False
N01,E392,E437,False
N01,E392,E453,True
N01,E392,E592,False
N01,E393,E417,False
N01,E393,E490,False
N01,E393,E530,False
N01,E393,E548,True
N01,E394,E430,False
N01,E394,E441,True
N01,E394,E464,True
N01,E394,E465,False
N01,E395,E421,False
N01,E395,E471,False
N01,E395,E494,False
N01,E395,E516,False
N01,E396,E513,True
N01,E396,E541,False
N01,E396,E545,False
N01,E397,E404,True
N01,E397,E445,True
N01,E397,E504,True
N01,E397,E569,False
N01,E398,E448,False
N01,E398,E477,True
N01,E398,E579,True
N01,E399,E488,True
N01,E399,E520,False
N01,E399,E551,False
N01,E399,E576,True
N01,E400,E635,False
N01,E400,E690,False
N01,E401,E669,False
N01,E401,E791,False
N01,E402,E616,False
N01,E402,E784,True
N01,E402,E786,False
N01,E402,E791,False
N01,E403,E645,True
N01,E403,E767,True
N01,E403,E780,False
N01,E404,E612,False
N01,E405,E682,False
N01,E406,E660,True
N01,E406,E680,False
N01,E406,E738,True
N01,E407,E636,True
N01,E407,E719,False
N01,E407,E780,False
N01,E408,E737,False
N01,E408,E768,True
N01,E408,E779,False
N01,E409,E710,False
N01,E409,E735,True
N01,E410,E627,True
N01,E410,E642,False
N01,E410,E699,False
N01,E410,E719,False
N01,E410,E738,False
N01,E410,E795,False
N01,E411,E602,False
N01,E411,E687,True
N01,E412,E613,False
N01,E412,E705,True
N01,E412,E715,False
N01,E412,E721,True
N01,E413,E603,False
N01,E414,E700,False
N01,E414,E755,False
N01,E414,E776,False
N01,E415,E602,False
N01,E415,E635,False
N01,E415,E673,False
N01,E415,E711,True
N01,E415,E747,False
N01,E416,E633,True
N01,E416,E647,True
N01,E416,E720,False
N01,E416,E788,True
N01,E416,E799,True
N01,E417,E637,False
N01,E417,E698,False
N01,E417,E745,False
N01,E417,E761,False
N01,E417,E770,False
N01,E418,E611,True
N01,E418,E730,False
N01,E418,E732,False
N01,E418,E773,False
N01,E419,E605,False
N01,E419,E716,False
N01,E419,E717,False
N01,E420,E654,False
N01,E420,E661,True
N01,E421,E600,False
N01,E421,E604,True
N01,E421,E659,False
N01,E421,E746,False
N01,E422,E667,False
N01,E422,E703,False
N01,E424,E607,False
N01,E424,E620,True
N01,E424,E634,False
N01,E425,E670,True
N01,E425,E676,False
N01,E425,E729,True
N01,E425,E741,True
N01,E426,E682,False
N01,E426,E699,True
N01,E426,E790,False
N01,E428,E644,True
N01,E428,E752,True
N01,E429,E627,False
N01,E429,E647,False
N01,E430,E619,False
N01,E430,E668,False
N01,E431,E611,False
N01,E431,E722,False
N01,E431,E744,False
N01,E431,E768,False
N01,E432,E620,False
N01,E432,E630,False
N01,E432,E641,True
N01,E432,E759,False
N01,E432,E773,True
N01,E432,E798,False
N01,E433,E628,False
N01,E433,E672,True
N01,E433,E722,False
N01,E433,E767,False
N01,E434,E627,False
N01,E434,E647,False
N01,E435,E694,True
N01,E435,E753,True
N01,E435,E780,True
N01,E435,E792,False
N01,E436,E764,False
N01,E436,E787,False
N01,E437,E646,False
N01,E437,E715,False
N01,E437,E766,True
N01,E437,E788,False
N01,E437,E790,False
N01,E438,E675,True
N01,E438,E714,False
N01,E439,E673,True
N01,E439,E692,False
N01,E440,E748,False
N01,E443,E648,True
N01,E443,E705,False
N01,E444,E660,False
N01,E445,E725,False
N01,E445,E783,True
N01,E446,E666,False
N01,E446,E784,False
N01,E446,E793,False
N01,E447,E732,True
N01,E447,E763,False
N01,E448,E652,False
N01,E448,E699,False
N01,E448,E750,False
N01,E449,E673,False
N01,E449,E703,True
N01,E449,E744,False
N01,E450,E619,False
N01,E450,E665,True
N01,E450,E678,False
N01,E450,E697,False
N01,E451,E735,False
N01,E451,E751,False
N01,E452,E652,False
N01,E452,E659,False
N01,E452,E725,False
N01,E453,E655,False
N01,E453,E675,False
N01,E454,E603,False
N01,E455,E648,False
N01,E455,E683,True
N01,E455,E757,False
N01,E456,E630,False
N01,E456,E640,True
N01,E456,E699,False
N01,E456,E708,False
N01,E456,E720,False
N01,E457,E739,False
N01,E457,E792,False
N01,E458,E601,False
N01,E458,E664,True
N01,E458,E671,True
N01,E459,E721,False
N01,E459,E740,False
N01,E459,E746,True
N01,E461,E638,False
N01,E462,E634,False
N01,E462,E778,False
N01,E463,E656,True
N01,E463,E680,False
N01,E463,E693,False
N01,E464,E628,False
N01,E464,E676,False
N01,E464,E684,False
N01,E464,E717,False
N01,E464,E785,True
N01,E465,E671,False
N01,E465,E778,False
N01,E465,E793,True
N01,E465,E796,False
N01,E466,E608,False
N01,E466,E634,True
N01,E466,E668,False
N01,E467,E625,False
N01,E467,E760,False
N01,E467,E782,True
N01,E468,E607,True
N01,E468,E711,False
N01,E469,E645,False
N01,E469,E736,False
N01,E469,E740,False
N01,E470,E696,False
N01,E470,E701,False
N01,E470,E759,True
N01,E470,E764,True
N01,E471,E714,False
N01,E471,E742,True
N01,E471,E791,True
N01,E471,E793,False
N01,E472,E619,False
N01,E472,E632,False
N01,E472,E638,False
N01,E472,E670,False
N01,E472,E750,False
N01,E472,E787,True
N01,E473,E680,True
N01,E474,E716,True
N01,E474,E782,False
N01,E475,E649,True
N01,E475,E756,False
N01,E475,E758,True
N01,E476,E613,False
N01,E476,E628,True
N01,E476,E738,False
N01,E476,E740,True
N01,E476,E760,True
N01,E477,E724,True
N01,E477,E760,False
N01,E478,E763,True
N01,E479,E684,False
N01,E479,E772,True
N01,E480,E615,False
N01,E480,E637,True
N01,E480,E654,False
N01,E480,E672,False
N01,E480,E709,False
N01,E481,E624,True
N01,E481,E743,False
N01,E482,E608,True
N01,E482,E731,False
N01,E483,E661,False
N01,E483,E689,False
N01,E483,E735,False
N01,E484,E648,False
N01,E484,E651,False
N01,E485,E646,True
N01,E486,E651,False
N01,E486,E723,False
N01,E486,E794,True
N01,E487,E605,True
N01,E487,E688,False
N01,E487,E793,False
N01,E488,E640,False
N01,E488,E754,True
N01,E488,E756,True
N01,E489,E653,False
N01,E489,E706,False
N01,E489,E740,False
N01,E490,E625,True
N01,E490,E629,True
N01,E490,E707,False
N01,E490,E754,False
N01,E490,E779,False
N01,E491,E615,False
N01,E491,E681,False
N01,E491,E700,True
N01,E491,E728,True
N01,E491,E786,True
N01,E492,E734,False
N01,E493,E634,False
N01,E493,E743,True
N01,E494,E610,False
N01,E494,E697,False
N01,E494,E716,False
N01,E494,E761,False
N01,E495,E632,True
N01,E495,E654,True
N01,E495,E783,False
N01,E496,E622,False
N01,E497,E686,True
N01,E497,E758,False
N01,E498,E713,False
N01,E499,E657,False
N01,E499,E669,True
N01,E499,E720,False
N01,E499,E729,False
N01,E500,E615,False
N01,E500,E643,True
N01,E500,E710,True
N01,E500,E754,False
N01,E501,E667,False
N01,E501,E677,False
N01,E501,E681,True
N01,E501,E692,True
N01,E501,E745,True
N01,E502,E605,False
N01,E502,E655,False
N01,E502,E704,False
N01,E502,E733,True
N01,E502,E761,True
N01,E503,E608,False
N01,E503,E630,True
N01,E503,E775,False
N01,E504,E623,False
N01,E504,E665,False
N01,E504,E718,False
N01,E504,E794,False
N01,E505,E618,False
N01,E505,E626,False
N01,E505,E656,False
N01,E505,E790,False
N01,E506,E645,False
N01,E506,E664,False
N01,E506,E674,True
N01,E506,E719,True
N01,E507,E721,False
N01,E508,E619,True
N01,E508,E654,False
N01,E508,E707,False
N01,E508,E712,False
N01,E508,E767,False
N01,E508,E798,True
N01,E509,E609,False
N01,E509,E686,False
N01,E509,E742,False
N01,E510,E765,False
N01,E511,E606,True
N01,E511,E683,False
N01,E511,E685,True
N01,E511,E690,True
N01,E511,E706,False
N01,E511,E762,True
N01,E511,E781,True
N01,E511,E787,False
N01,E512,E616,False
N01,E512,E636,False
N01,E512,E765,False
N01,E513,E609,False
N01,E513,E776,False
N01,E513,E777,False
N01,E514,E651,False
N01,E514,E653,True
N01,E515,E622,True
N01,E515,E646,False
N01,E516,E604,False
N01,E516,E656,False
N01,E516,E726,False
N01,E516,E774,False
N01,E517,E601,True
N01,E517,E658,True
N01,E517,E659,False
N01,E518,E762,False
N01,E518,E778,False
N01,E518,E780,False
N01,E518,E797,True
N01,E518,E799,False
N01,E519,E610,False
N01,E519,E728,False
N01,E519,E730,True
N01,E519,E797,False
N01,E520,E616,True
N01,E520,E724,False
N01,E521,E717,True
N01,E521,E773,False
N01,E522,E631,False
N01,E522,E723,True
N01,E522,E741,False
N01,E522,E771,False
N01,E523,E702,True
N01,E523,E749,False
N01,E524,E678,True
N01,E524,E687,False
N01,E524,E713,False
N01,E524,E775,True
N01,E524,E795,True
N01,E525,E704,True
N01,E525,E713,False
N01,E526,E713,True
N01,E526,E718,False
N01,E526,E788,False
N01,E527,E744,True
N01,E528,E691,False
N01,E528,E747,False
N01,E528,E753,False
N01,E528,E796,True
N01,E529,E623,True
N01,E529,E691,True
N01,E529,E765,False
N01,E529,E772,False
N01,E529,E774,True
N01,E530,E657,True
N01,E530,E694,False
N01,E530,E709,False
N01,E530,E744,False
N01,E530,E782,False
N01,E530,E798,False
N01,E531,E656,False
N01,E531,E676,True
N01,E531,E692,False
N01,E531,E734,True
N01,E531,E789,False
N01,E531,E796,False
N01,E532,E702,False
N01,E532,E726,True
N01,E532,E753,False
N01,E533,E624,False
N01,E534,E671,False
N01,E534,E766,False
N01,E535,E607,False
N01,E535,E707,False
N01,E536,E618,False
N01,E536,E685,False
N01,E536,E706,True
N01,E537,E664,False
N01,E537,E679,False
N01,E538,E731,True
N01,E538,E736,True
N01,E538,E737,True
N01,E538,E789,True
N01,E539,E650,False
N01,E539,E677,False
N01,E539,E746,False
N01,E539,E749,False
N01,E539,E774,False
N01,E540,E614,False
N01,E540,E665,False
N01,E540,E704,False
N01,E540,E722,True
N01,E540,E797,False
N01,E541,E660,False
N01,E542,E664,False
N01,E542,E697,False
N01,E542,E735,False
N01,E542,E774,False
N01,E542,E778,True
N01,E543,E616,False
N01,E543,E726,False
N01,E543,E769,False
N01,E544,E673,False
N01,E544,E696,True
N01,E544,E708,False
N01,E544,E718,False
N01,E544,E777,True
N01,E545,E756,False
N01,E546,E638,False
N01,E547,E609,False
N01,E547,E639,True
N01,E547,E659,True
N01,E548,E621,False
N01,E548,E662,False
N01,E548,E753,False
N01,E549,E652,False
N01,E549,E678,False
N01,E549,E706,False
N01,E549,E707,True
N01,E550,E603,True
N01,E550,E668,True
N01,E550,E715,True
N01,E551,E666,False
N01,E551,E677,False
N01,E551,E698,True
N01,E552,E638,True
N01,E552,E639,False
N01,E552,E671,False
N01,E552,E729,False
N01,E553,E615,True
N01,E553,E787,False
N01,E554,E675,False
N01,E554,E712,True
N01,E554,E727,False
N01,E554,E732,False
N01,E554,E733,False
N01,E555,E609,True
N01,E556,E612,True
N01,E556,E663,False
N01,E556,E708,True
N01,E556,E749,True
N01,E556,E751,True
N01,E556,E752,False
N01,E556,E757,True
N01,E556,E777,False
N01,E557,E602,True
N01,E557,E655,True
N01,E557,E709,True
N01,E558,E641,False
N01,E558,E702,False
N01,E558,E758,False
N01,E558,E765,True
N01,E558,E785,False
N01,E558,E791,False
N01,E559,E642,True
N01,E560,E643,False
N01,E560,E714,True
N01,E560,E725,True
N01,E560,E770,True
N01,E560,E776,True
N01,E561,E684,True
N01,E562,E600,True
N01,E562,E647,False
N01,E563,E715,False
N01,E564,E610,False
N01,E564,E662,True
N01,E564,E785,False
N01,E564,E792,True
N01,E565,E711,False
N01,E565,E730,False
N01,E565,E758,False
N01,E565,E769,False
N01,E565,E781,False
N01,E566,E718,True
N01,E566,E779,True
N01,E567,E606,False
N01,E567,E649,False
N01,E567,E696,False
N01,E567,E703,False
N01,E568,E736,False
N01,E568,E781,False
N01,E569,E617,False
N01,E569,E679,True
N01,E569,E719,False
N01,E569,E732,False
N01,E569,E796,False
N01,E570,E600,False
N01,E570,E630,False
N01,E570,E697,True
N01,E571,E611,False
N01,E572,E637,False
N01,E573,E614,True
N01,E573,E636,False
N01,E573,E725,False
N01,E574,E650,True
N01,E574,E661,False
N01,E574,E769,True
N01,E575,E708,False
N01,E575,E720,True
N01,E575,E771,True
N01,E575,E777,False
N01,E575,E790,True
N01,E576,E626,True
N01,E576,E683,False
N01,E576,E701,True
N01,E576,E722,False
N01,E577,E714,False
N01,E578,E602,False
N01,E578,E652,True
N01,E578,E751,False
N01,E578,E789,False
N01,E579,E651,True
N01,E579,E750,True
N01,E579,E789,False
N01,E580,E613,True
N01,E580,E662,False
N01,E580,E747,True
N01,E581,E628,False
N01,E581,E666,True
N01,E582,E695,False
N01,E583,E688,True
N01,E583,E696,False
N01,E584,E610,True
N01,E584,E686,False
N01,E584,E695,True
N01,E585,E617,True
N01,E585,E621,True
N01,E585,E681,False
N01,E585,E756,False
N01,E586,E730,False
N01,E587,E614,False
N01,E587,E631,True
N01,E587,E674,False
N01,E587,E763,False
N01,E588,E712,False
N01,E588,E727,True
N01,E588,E736,False
N01,E588,E750,False
N01,E589,E633,False
N01,E589,E650,False
N01,E589,E663,True
N01,E589,E749,False
N01,E590,E629,False
N01,E590,E667,True
N01,E590,E693,True
N01,E591,E642,False
N01,E591,E677,True
N01,E591,E682,True
N01,E592,E681,False
N01,E592,E686,False
N01,E592,E689,True
N01,E592,E692,False
N01,E592,E739,True
N01,E593,E657,False
N01,E593,E691,False
N01,E594,E644,False
N01,E594,E678,False
N01,E594,E683,False
N01,E595,E622,False
N01,E595,E658,False
N01,E595,E688,False
N01,E596,E663,False
N01,E596,E755,True
N01,E597,E618,True
N01,E597,E635,True
N01,E597,E712,False
N01,E597,E797,False
N01,E597,E798,False
N01,E598,E727,False
N01,E598,E748,True
N01,E599,E613,False
N01,E599,E754,False
N01,E600,E899,True
N01,E601,E966,False
N01,E602,E889,False
N01,E602,E981,False
N01,E603,E839,True
N01,E603,E996,False
N01,E604,E818,True
N01,E604,E836,True
N01,E604,E992,False
N01,E605,E872,False
N01,E605,E878,False
N01,E605,E897,False
N01,E605,E902,True
N01,E606,E821,False
N01,E606,E923,False
N01,E607,E894,False
N01,E608,E965,False
N01,E608,E974,True
N01,E609,E914,False
N01,E609,E923,False
N01,E609,E956,True
N01,E610,E842,True
N01,E610,E846,False
N01,E610,E855,False
N01,E610,E865,False
N01,E610,E870,True
N01,E610,E913,True
N01,E610,E991,True
N01,E610,E994,False
N01,E611,E838,False
N01,E612,E893,False
N01,E613,E831,True
N01,E613,E833,False
N01,E613,E873,True
N01,E613,E895,True
N01,E613,E909,False
N01,E613,E916,True
N01,E613,E917,False
N01,E614,E815,False
N01,E614,E835,True
N01,E614,E851,False
N01,E614,E919,True
N01,E615,E864,True
N01,E615,E912,True
N01,E615,E915,True
N01,E616,E822,False
N01,E616,E973,False
N01,E617,E866,True
N01,E617,E878,True
N01,E617,E921,False
N01,E617,E937,True
N01,E617,E944,False
N01,E618,E829,False
N01,E618,E916,False
N01,E618,E939,False
N01,E618,E966,False
N01,E619,E802,False
N01,E619,E815,True
N01,E619,E819,False
N01,E619,E933,True
N01,E619,E970,False
N01,E619,E983,False
N01,E620,E978,False
N01,E621,E823,True
N01,E621,E856,True
N01,E621,E862,False
N01,E621,E934,False
N01,E621,E952,False
N01,E622,E845,True
N01,E622,E848,False
N01,E622,E912,False
N01,E622,E973,True
N01,E623,E816,True
N01,E623,E946,False
N01,E623,E953,False
N01,E623,E979,False
N01,E625,E841,False
N01,E625,E852,False
N01,E625,E860,False
N01,E625,E907,True
N01,E625,E930,False
N01,E625,E955,False
N01,E626,E809,False
N01,E626,E817,False
N01,E626,E901,True
N01,E626,E997,False
N01,E627,E809,True
N01,E627,E842,False
N01,E627,E846,True
N01,E627,E863,True
N01,E627,E880,True
N01,E627,E940,False
N01,E628,E918,False
N01,E628,E923,False
N01,E629,E817,True
N01,E629,E838,False
N01,E630,E842,False
N01,E630,E887,True
N01,E631,E974,False
N01,E632,E829,False
N01,E632,E925,False
N01,E632,E933,False
N01,E632,E967,False
N01,E633,E864,False
N01,E633,E916,False
N01,E633,E946,True
N01,E633,E960,True
N01,E633,E988,False
N01,E634,E951,True
N01,E634,E972,True
N01,E635,E871,False
N01,E635,E926,False
N01,E635,E991,False
N01,E636,E888,False
N01,E636,E946,False
N01,E637,E868,False
N01,E637,E875,False
N01,E637,E975,False
N01,E638,E804,False
N01,E638,E898,False
N01,E638,E943,False
N01,E638,E984,False
N01,E638,E996,False
N01,E640,E841,True
N01,E640,E904,True
N01,E640,E932,False
N01,E641,E826,False
N01,E641,E837,True
N01,E641,E857,False
N01,E642,E854,True
N01,E642,E883,False
N01,E642,E973,False
N01,E643,E844,False
N01,E643,E879,False
N01,E643,E898,True
N01,E643,E995,False
N01,E644,E818,False
N01,E644,E836,False
N01,E644,E994,False
N01,E645,E811,True
N01,E645,E826,True
N01,E645,E985,False
N01,E646,E891,True
N01,E646,E936,False
N01,E647,E920,False
N01,E648,E807,False
N01,E649,E881,False
N01,E649,E943,True
N01,E649,E981,True
N01,E649,E997,False
N01,E650,E847,True
N01,E650,E984,True
N01,E650,E989,False
N01,E651,E929,False
N01,E651,E963,True
N01,E651,E986,False
N01,E652,E865,False
N01,E652,E871,True
N01,E653,E861,True
N01,E653,E902,False
N01,E653,E945,False
N01,E654,E822,True
N01,E654,E901,False
N01,E654,E927,False
N01,E654,E938,True
N01,E655,E872,False
N01,E655,E876,False
N01,E655,E952,True
N01,E655,E961,False
N01,E656,E824,True
N01,E656,E882,False
N01,E656,E892,False
N01,E656,E911,False
N01,E657,E852,True
N01,E657,E877,False
N01,E657,E936,False
N01,E657,E950,False
N01,E658,E828,False
N01,E659,E845,False
N01,E659,E986,True
N01,E660,E904,False
N01,E660,E926,False
N01,E660,E957,False
N01,E661,E915,False
N01,E662,E851,False
N01,E662,E971,False
N01,E663,E827,True
N01,E663,E849,False
N01,E663,E937,False
N01,E663,E950,False
N01,E663,E977,True
N01,E663,E987,False
N01,E663,E993,False
N01,E664,E911,False
N01,E664,E976,True
N01,E665,E865,True
N01,E665,E906,True
N01,E666,E803,False
N01,E666,E866,False
N01,E666,E918,True
N01,E666,E928,True
N01,E666,E938,False
N01,E666,E948,False
N01,E666,E967,True
N01,E667,E847,False
N01,E668,E805,True
N01,E668,E820,False
N01,E669,E860,True
N01,E669,E971,True
N01,E669,E990,False
N01,E670,E873,False
N01,E670,E906,False
N01,E671,E859,False
N01,E671,E905,False
N01,E671,E949,False
N01,E671,E954,False
N01,E671,E959,True
N01,E672,E868,True
N01,E672,E903,True
N01,E673,E959,False
N01,E674,E852,False
N01,E674,E862,True
N01,E674,E955,True
N01,E674,E975,False
N01,E675,E953,True
N01,E675,E955,False
N01,E675,E997,True
N01,E676,E992,False
N01,E677,E926,True
N01,E678,E810,False
N01,E678,E910,False
N01,E678,E995,True
N01,E679,E905,True
N01,E680,E830,False
N01,E680,E916,False
N01,E680,E987,True
N01,E681,E853,False
N01,E681,E870,False
N01,E682,E822,False
N01,E682,E840,True
N01,E683,E801,False
N01,E683,E961,False
N01,E684,E855,False
N01,E684,E896,False
N01,E684,E922,False
N01,E685,E841,False
N01,E685,E919,False
N01,E686,E848,True
N01,E686,E887,False
N01,E686,E985,True
N01,E688,E855,False
N01,E689,E974,False
N01,E690,E856,False
N01,E690,E863,False
N01,E691,E930,False
N01,E692,E843,False
N01,E693,E884,False
N01,E693,E927,False
N01,E694,E821,True
N01,E694,E922,False
N01,E694,E925,True
N01,E695,E908,True
N01,E695,E980,False
N01,E696,E875,False
N01,E696,E917,False
N01,E696,E934,True
N01,E696,E960,False
N01,E697,E948,True
N01,E698,E853,False
N01,E698,E855,True
N01,E698,E890,False
N01,E698,E902,False
N01,E698,E909,True
N01,E698,E935,True
N01,E699,E911,True
N01,E699,E918,False
N01,E699,E944,True
N01,E700,E807,False
N01,E700,E810,True
N01,E700,E853,True
N01,E700,E892,True
N01,E700,E917,True
N01,E701,E844,True
N01,E701,E922,False
N01,E701,E982,False
N01,E702,E821,False
N01,E702,E864,False
N01,E702,E941,False
N01,E702,E990,True
N01,E703,E812,False
N01,E703,E847,False
N01,E703,E877,True
N01,E703,E956,False
N01,E703,E972,False
N01,E704,E850,False
N01,E705,E829,True
N01,E705,E860,False
N01,E705,E883,True
N01,E705,E921,True
N01,E705,E945,False
N01,E706,E806,False
N01,E706,E843,True
N01,E706,E931,True
N01,E706,E959,False
N01,E707,E834,True
N01,E708,E832,False
N01,E708,E950,False
N01,E708,E993,False
N01,E709,E841,False
N01,E709,E918,False
N01,E709,E927,True
N01,E710,E808,False
N01,E710,E817,False
N01,E710,E899,False
N01,E710,E928,False
N01,E711,E803,False
N01,E711,E830,True
N01,E711,E945,True
N01,E712,E871,False
N01,E713,E814,False
N01,E713,E826,False
N01,E713,E858,True
N01,E713,E933,False
N01,E713,E942,True
N01,E714,E889,False
N01,E714,E910,True
N01,E714,E920,True
N01,E715,E825,False
N01,E715,E877,False
N01,E715,E914,False
N01,E716,E879,False
N01,E716,E909,False
N01,E716,E937,False
N01,E716,E993,True
N01,E717,E919,False
N01,E717,E935,False
N01,E718,E886,False
N01,E718,E962,False
N01,E718,E989,True
N01,E719,E825,True
N01,E719,E846,False
N01,E719,E886,True
N01,E720,E834,False
N01,E720,E884,False
N01,E720,E909,False
N01,E720,E957,False
N01,E720,E980,False
N01,E720,E987,False
N01,E721,E892,False
N01,E721,E926,False
N01,E721,E989,False
N01,E722,E948,False
N01,E722,E968,False
N01,E724,E812,True
N01,E724,E930,False
N01,E724,E963,False
N01,E725,E815,False
N01,E726,E849,False
N01,E726,E866,False
N01,E726,E983,False
N01,E726,E996,False
N01,E727,E840,False
N01,E727,E978,True
N01,E727,E988,False
N01,E728,E880,False
N01,E728,E907,False
N01,E728,E931,False
N01,E728,E947,False
N01,E728,E954,False
N01,E729,E858,False
N01,E729,E861,False
N01,E729,E998,False
N01,E730,E849,True
N01,E730,E874,True
N01,E730,E932,False
N01,E730,E964,False
N01,E730,E973,False
N01,E730,E988,False
N01,E731,E962,True
N01,E732,E801,True
N01,E732,E816,False
N01,E732,E846,False
N01,E732,E893,True
N01,E732,E938,False
N01,E733,E814,True
N01,E733,E828,True
N01,E733,E939,True
N01,E734,E869,False
N01,E734,E872,True
N01,E734,E890,True
N01,E734,E933,False
N01,E734,E982,True
N01,E735,E898,False
N01,E735,E941,True
N01,E736,E837,False
N01,E737,E811,False
N01,E737,E881,False
N01,E737,E884,False
N01,E737,E966,True
N01,E738,E811,False
N01,E738,E833,False
N01,E738,E931,False
N01,E738,E940,False
N01,E739,E806,True
N01,E740,E850,False
N01,E741,E885,False
N01,E742,E834,False
N01,E742,E858,False
N01,E742,E970,True
N01,E743,E896,True
N01,E743,E921,False
N01,E743,E941,False
N01,E743,E969,True
N01,E744,E893,False
N01,E744,E984,False
N01,E745,E813,False
N01,E745,E851,True
N01,E745,E852,False
N01,E745,E869,True
N01,E745,E879,True
N01,E745,E897,False
N01,E745,E990,False
N01,E746,E820,True
N01,E747,E838,True
N01,E747,E869,False
N01,E747,E985,False
N01,E747,E993,False
N01,E748,E839,False
N01,E748,E870,False
N01,E748,E951,False
N01,E748,E964,True
N01,E748,E968,True
N01,E749,E872,False
N01,E749,E885,True
N01,E749,E900,True
N01,E750,E927,False
N01,E751,E965,True
N01,E751,E983,True
N01,E751,E992,True
N01,E752,E806,False
N01,E752,E829,False
N01,E752,E874,False
N01,E754,E850,True
N01,E754,E924,False
N01,E754,E928,False
N01,E755,E838,False
N01,E755,E893,False
N01,E755,E911,False
N01,E756,E953,False
N01,E757,E891,False
N01,E757,E936,False
N01,E758,E977,False
N01,E759,E963,False
N01,E760,E866,False
N01,E760,E894,True
N01,E760,E980,False
N01,E761,E919,False
N01,E761,E929,False
N01,E762,E814,False
N01,E762,E890,False
N01,E762,E936,True
N01,E762,E938,False
N01,E762,E950,True
N01,E762,E994,True
N01,E763,E819,True
N01,E763,E831,False
N01,E763,E958,False
N01,E763,E970,False
N01,E764,E800,True
N01,E764,E827,False
N01,E764,E871,False
N01,E764,E970,False
N01,E765,E818,False
N01,E765,E906,False
N01,E766,E833,True
N01,E767,E818,False
N01,E767,E930,True
N01,E767,E937,False
N01,E769,E812,False
N01,E769,E814,False
N01,E769,E890,False
N01,E769,E932,False
N01,E770,E807,True
N01,E770,E941,False
N01,E771,E960,False
N01,E771,E987,False
N01,E772,E844,False
N01,E772,E949,True
N01,E773,E827,False
N01,E773,E976,False
N01,E773,E979,True
N01,E774,E823,False
N01,E774,E832,False
N01,E774,E914,False
N01,E774,E940,True
N01,E774,E988,True
N01,E775,E824,False
N01,E775,E913,False
N01,E775,E954,True
N01,E776,E802,False
N01,E776,E820,False
N01,E776,E878,False
N01,E776,E947,False
N01,E777,E878,False
N01,E777,E881,True
N01,E777,E897,True
N01,E777,E903,False
N01,E778,E835,False
N01,E778,E888,True
N01,E779,E947,True
N01,E780,E979,False
N01,E780,E986,False
N01,E781,E874,False
N01,E781,E900,False
N01,E781,E915,False
N01,E781,E982,False
N01,E782,E813,True
N01,E782,E854,False
N01,E782,E889,True
N01,E782,E897,False
N01,E782,E999,False
N01,E783,E804,True
N01,E783,E876,True
N01,E783,E895,False
N01,E783,E932,True
N01,E783,E980,True
N01,E784,E802,True
N01,E784,E803,True
N01,E786,E857,True
N01,E786,E910,False
N01,E786,E947,False
N01,E786,E996,True
N01,E787,E815,False
N01,E787,E929,True
N01,E787,E943,False
N01,E787,E958,True
N01,E788,E867,True
N01,E788,E976,False
N01,E789,E862,False
N01,E789,E960,False
N01,E789,E965,False
N01,E789,E974,False
N01,E790,E879,False
N01,E790,E920,False
N01,E790,E921,False
N01,E790,E975,True
N01,E790,E999,True
N01,E791,E851,False
N01,E791,E914,True
N01,E791,E925,False
N01,E791,E942,False
N01,E791,E963,False
N01,E792,E805,False
N01,E792,E928,False
N01,E792,E961,True
N01,E792,E969,False
N01,E792,E975,False
N01,E793,E875,True
N01,E794,E821,False
N01,E794,E835,False
N01,E794,E867,False
N01,E794,E884,True
N01,E794,E888,False
N01,E794,E899,False
N01,E795,E882,True
N01,E795,E957,True
N01,E795,E998,True
N01,E796,E832,True
N01,E796,E849,False
N01,E796,E923,True
N01,E797,E858,False
N01,E797,E922,True
N01,E797,E924,True
N01,E797,E931,False
N01,E798,E808,True
N01,E798,E848,False
N01,E798,E865,False
N01,E799,E800,False
N01,E799,E859,True
N01,E799,E864,False
N01,E799,E908,False
N01,E799,E924,False
N01,E799,E985,False
N02,E001,E219,False
N02,E001,E332,False
N02,E001,E346,True
N02,E001,E354,False
N02,E002,E205,True
N02,E002,E227,True
N02,E003,E276,True
N02,E003,E385,False
N02,E004,E210,False
N02,E004,E274,False
N02,E004,E284,False
N02,E005,E296,True
N02,E005,E366,False
N02,E005,E383,False
N02,E005,E389,False
N02,E006,E319,False
N02,E007,E206,False
N02,E007,E235,False
N02,E007,E241,False
N02,E007,E266,False
N02,E007,E308,False
N02,E007,E341,True
N02,E008,E243,True
N02,E008,E254,True
N02,E008,E300,False
N02,E009,E217,False
N02,E009,E249,True
N02,E009,E257,False
N02,E010,E348,False
N02,E011,E296,False
N02,E011,E332,True
N02,E011,E372,True
N02,E012,E242,True
N02,E012,E279,True
N02,E012,E331,False
N02,E013,E297,False
N02,E013,E312,True
N02,E013,E367,False
N02,E014,E232,False
N02,E015,E224,False
N02,E015,E255,False
N02,E015,E359,False
N02,E016,E249,False
N02,E016,E258,False
N02,E016,E262,False
N02,E016,E293,False
N02,E016,E391,False
N02,E017,E239,False
N02,E017,E299,False
N02,E017,E352,True
N02,E017,E379,False
N02,E018,E247,False
N02,E018,E359,False
N02,E018,E390,True
N02,E019,E214,False
N02,E019,E264,False
N02,E019,E309,True
N02,E019,E316,False
N02,E019,E334,False
N02,E019,E352,False
N02,E020,E279,False
N02,E021,E322,True
N02,E021,E370,True
N02,E022,E215,False
N02,E022,E292,True
N02,E022,E374,True
N02,E022,E397,False
N02,E023,E201,False
N02,E023,E295,False
N02,E023,E300,False
N02,E024,E235,False
N02,E024,E250,False
N02,E024,E307,True
N02,E024,E364,True
N02,E024,E379,True
N02,E026,E250,True
N02,E026,E295,False
N02,E026,E296,False
N02,E026,E311,False
N02,E027,E239,False
N02,E027,E314,True
N02,E027,E324,False
N02,E027,E327,False
N02,E028,E245,True
N02,E028,E249,False
N02,E029,E374,False
N02,E030,E264,False
N02,E030,E276,False
N02,E030,E291,False
N02,E030,E335,True
N02,E030,E372,False
N02,E030,E397,False
N02,E031,E233,False
N02,E031,E255,False
N02,E031,E336,False
N02,E031,E355,True
N02,E031,E399,True
N02,E032,E225,True
N02,E032,E233,False
N02,E032,E267,False
N02,E033,E212,False
N02,E033,E360,False
N02,E033,E380,False
N02,E034,E329,False
N02,E034,E364,False
N02,E035,E261,False
N02,E035,E385,False
N02,E036,E353,False
N02,E036,E371,False
N02,E037,E233,False
N02,E038,E210,False
N02,E038,E217,False
N02,E038,E261,False
N02,E038,E274,False
N02,E038,E353,True
N02,E039,E343,True
N02,E039,E369,False
N02,E041,E202,False
N02,E041,E327,False
N02,E042,E216,False
N02,E042,E272,False
N02,E042,E352,False
N02,E042,E384,False
N02,E043,E244,True
N02,E043,E263,True
N02,E043,E266,False
N02,E043,E283,False
N02,E043,E303,False
N02,E044,E204,True
N02,E044,E277,True
N02,E045,E296,False
N02,E045,E331,False
N02,E045,E355,False
N02,E046,E225,False
N02,E046,E301,False
N02,E046,E357,False
N02,E046,E393,False
N02,E046,E394,False
N02,E047,E212,True
N02,E047,E298,False
N02,E048,E209,False
N02,E048,E270,True
N02,E048,E305,True
N02,E049,E273,False
N02,E049,E348,True
N02,E049,E352,False
N02,E050,E321,True
N02,E050,E323,False
N02,E051,E221,False
N02,E051,E253,False
N02,E051,E259,False
N02,E051,E289,False
N02,E051,E298,False
N02,E051,E308,False
N02,E052,E317,False
N02,E053,E377,False
N02,E054,E268,False
N02,E054,E334,False
N02,E055,E223,False
N02,E055,E227,False
N02,E055,E244,False
N02,E055,E259,True
N02,E055,E272,True
N02,E055,E321,False
N02,E055,E375,False
N02,E056,E215,True
N02,E056,E271,True
N02,E056,E302,True
N02,E056,E353,False
N02,E056,E389,True
N02,E058,E341,False
N02,E058,E347,False
N02,E059,E229,False
N02,E059,E373,True
N02,E061,E259,False
N02,E061,E362,False
N02,E062,E292,False
N02,E062,E314,False
N02,E062,E395,True
N02,E063,E303,True
N02,E063,E376,True
N02,E064,E213,False
N02,E064,E236,True
N02,E064,E248,False
N02,E064,E278,False
N02,E065,E264,True
N02,E065,E327,True
N02,E065,E350,False
N02,E065,E360,True
N02,E066,E344,True
N02,E066,E351,True
N02,E066,E365,False
N02,E067,E234,False
N02,E067,E307,False
N02,E067,E331,False
N02,E068,E268,False
N02,E068,E285,False
N02,E068,E334,True
N02,E068,E388,True
N02,E069,E373,False
N02,E070,E300,True
N02,E070,E396,False
N02,E071,E257,True
N02,E071,E262,False
N02,E071,E274,False
N02,E071,E326,True
N02,E071,E377,False
N02,E072,E330,False
N02,E073,E265,False
N02,E073,E284,True
N02,E073,E319,True
N02,E073,E329,False
N02,E074,E306,False
N02,E075,E291,True
N02,E075,E304,False
N02,E075,E330,False
N02,E075,E361,False
N02,E076,E263,False
N02,E076,E299,False
N02,E076,E396,False
N02,E077,E243,False
N02,E077,E249,False
N02,E077,E364,False
N02,E078,E377,True
N02,E079,E245,False
N02,E079,E280,False
N02,E080,E240,False
N02,E080,E280,True
N02,E080,E294,True
N02,E080,E365,True
N02,E081,E269,True
N02,E081,E290,True
N02,E081,E299,True
N02,E081,E306,True
N02,E081,E312,False
N02,E081,E320,False
N02,E081,E363,False
N02,E081,E376,False
N02,E082,E324,True
N02,E082,E333,True
N02,E082,E375,True
N02,E082,E382,False
N02,E083,E323,True
N02,E083,E340,True
N02,E084,E200,True
N02,E084,E240,False
N02,E084,E242,False
N02,E084,E339,True
N02,E085,E244,False
N02,E085,E247,True
N02,E085,E256,False
N02,E085,E262,False
N02,E085,E331,True
N02,E085,E354,True
N02,E086,E316,False
N02,E087,E356,False
N02,E087,E395,False
N02,E088,E213,True
N02,E088,E214,True
N02,E088,E298,False
N02,E088,E303,False
N02,E088,E380,True
N02,E089,E216,False
N02,E089,E230,True
N02,E090,E286,False
N02,E090,E345,True
N02,E091,E290,False
N02,E091,E358,False
N02,E091,E361,True
N02,E092,E230,False
N02,E093,E270,False
N02,E093,E330,True
N02,E095,E203,False
N02,E095,E239,False
N02,E096,E202,False
N02,E096,E218,True
N02,E096,E359,True
N02,E096,E387,False
N02,E097,E275,True
N02,E098,E307,False
N02,E098,E347,False
N02,E099,E275,False
N02,E100,E215,False
N02,E101,E226,True
N02,E102,E282,False
N02,E102,E390,False
N02,E102,E396,True
N02,E103,E254,False
N02,E103,E268,True
N02,E103,E292,False
N02,E103,E340,False
N02,E103,E356,True
N02,E103,E369,True
N02,E104,E202,False
N02,E104,E273,True
N02,E105,E265,False
N02,E105,E288,True
N02,E105,E320,False
N02,E105,E343,False
N02,E105,E350,True
N02,E105,E374,False
N02,E107,E318,True
N02,E107,E345,False
N02,E107,E377,False
N02,E108,E233,True
N02,E108,E289,False
N02,E109,E232,True
N02,E109,E282,True
N02,E109,E315,True
N02,E109,E342,True
N02,E109,E345,False
N02,E109,E391,True
N02,E110,E357,True
N02,E110,E364,False
N02,E111,E225,False
N02,E111,E328,True
N02,E111,E388,False
N02,E112,E216,True
N02,E112,E260,True
N02,E112,E318,False
N02,E112,E354,False
N02,E112,E368,False
N02,E112,E369,False
N02,E113,E293,False
N02,E113,E324,False
N02,E113,E340,False
N02,E114,E263,False
N02,E114,E281,False
N02,E114,E294,False
N02,E114,E338,True
N02,E114,E349,False
N02,E114,E362,True
N02,E114,E386,False
N02,E115,E232,False
N02,E115,E237,True
N02,E115,E277,False
N02,E116,E291,False
N02,E116,E304,True
N02,E116,E313,True
N02,E117,E210,True
N02,E117,E255,False
N02,E117,E256,True
N02,E117,E370,False
N02,E119,E241,False
N02,E119,E252,True
N02,E119,E254,False
N02,E119,E266,False
N02,E119,E286,False
N02,E119,E335,False
N02,E119,E369,False
N02,E120,E230,False
N02,E120,E266,True
N02,E120,E267,False
N02,E120,E295,False
N02,E120,E386,False
N02,E121,E234,False
N02,E121,E235,True
N02,E121,E309,False
N02,E121,E325,False
N02,E121,E335,False
N02,E121,E345,False
N02,E122,E317,True
N02,E123,E264,False
N02,E123,E271,False
N02,E123,E305,False
N02,E123,E366,True
N02,E123,E394,False
N02,E123,E395,False
N02,E124,E221,True
N02,E124,E237,False
N02,E124,E262,True
N02,E124,E302,False
N02,E124,E380,False
N02,E125,E242,False
N02,E125,E319,False
N02,E126,E207,False
N02,E126,E313,False
N02,E126,E346,False
N02,E127,E289,True
N02,E127,E316,True
N02,E127,E367,False
N02,E127,E382,True
N02,E128,E209,False
N02,E128,E243,False
N02,E128,E246,False
N02,E128,E257,False
N02,E128,E310,False
N02,E128,E311,True
N02,E128,E322,False
N02,E129,E388,False
N02,E129,E391,False
N02,E130,E313,False
N02,E130,E387,False
N02,E131,E240,True
N02,E131,E272,False
N02,E131,E292,False
N02,E132,E356,False
N02,E132,E383,False
N02,E132,E384,False
N02,E133,E297,False
N02,E134,E271,False
N02,E135,E208,True
N02,E135,E227,False
N02,E135,E240,False
N02,E135,E254,False
N02,E135,E295,True
N02,E135,E306,False
N02,E135,E308,True
N02,E135,E320,True
N02,E135,E326,False
N02,E135,E348,False
N02,E135,E353,False
N02,E135,E371,False
N02,E136,E337,True
N02,E137,E222,False
N02,E137,E328,False
N02,E137,E332,False
N02,E137,E371,True
N02,E138,E285,True
N02,E138,E341,False
N02,E138,E397,True
N02,E139,E222,True
N02,E139,E258,True
N02,E139,E277,False
N02,E139,E378,False
N02,E140,E312,False
N02,E140,E380,False
N02,E140,E392,False
N02,E141,E350,False
N02,E141,E363,True
N02,E141,E399,False
N02,E142,E215,False
N02,E142,E238,False
N02,E142,E246,True
N02,E142,E299,False
N02,E143,E202,True
N02,E143,E279,False
N02,E143,E316,False
N02,E143,E324,False
N02,E143,E346,False
N02,E143,E379,False
N02,E143,E385,True
N02,E144,E203,False
N02,E144,E210,False
N02,E144,E217,True
N02,E144,E306,False
N02,E145,E398,True
N02,E146,E204,False
N02,E146,E223,False
N02,E146,E383,False
N02,E147,E229,True
N02,E148,E220,False
N02,E148,E261,True
N02,E148,E293,False
N02,E148,E318,False
N02,E149,E248,True
N02,E149,E359,False
N02,E149,E368,True
N02,E150,E339,False
N02,E150,E351,False
N02,E150,E371,False
N02,E150,E394,True
N02,E151,E214,False
N02,E151,E230,False
N02,E151,E297,True
N02,E151,E358,True
N02,E152,E283,False
N02,E153,E251,True
N02,E153,E270,False
N02,E153,E370,False
N02,E154,E278,False
N02,E154,E304,False
N02,E155,E205,False
N02,E155,E218,False
N02,E155,E392,True
N02,E156,E208,False
N02,E156,E349,False
N02,E157,E228,False
N02,E157,E231,True
N02,E157,E263,False
N02,E157,E319,False
N02,E158,E274,True
N02,E158,E287,False
N02,E158,E288,False
N02,E158,E318,False
N02,E158,E393,True
N02,E159,E238,True
N02,E159,E291,False
N02,E159,E367,False
N02,E160,E219,True
N02,E160,E308,False
N02,E160,E396,False
N02,E161,E300,False
N02,E161,E378,True
N02,E161,E385,False
N02,E162,E211,False
N02,E162,E320,False
N02,E162,E339,False
N02,E162,E397,False
N02,E163,E255,True
N02,E164,E211,True
N02,E164,E253,True
N02,E164,E383,True
N02,E164,E394,False
N02,E165,E260,False
N02,E165,E269,False
N02,E165,E293,True
N02,E165,E313,False
N02,E165,E386,False
N02,E166,E203,False
N02,E166,E206,True
N02,E166,E234,False
N02,E167,E208,False
N02,E167,E223,True
N02,E167,E234,True
N02,E167,E322,False
N02,E168,E260,False
N02,E168,E278,True
N02,E168,E355,False
N02,E169,E257,False
N02,E169,E329,False
N02,E170,E207,True
N02,E170,E252,False
N02,E170,E283,True
N02,E170,E287,True
N02,E171,E367,True
N02,E172,E384,True
N02,E173,E209,True
N02,E173,E277,False
N02,E173,E329,True
N02,E174,E286,True
N02,E174,E315,False
N02,E174,E347,True
N02,E174,E348,False
N02,E175,E212,False
N02,E175,E325,False
N02,E175,E339,False
N02,E176,E226,False
N02,E176,E268,False
N02,E176,E281,True
N02,E178,E241,True
N02,E178,E382,False
N02,E179,E208,False
N02,E179,E333,False
N02,E180,E244,False
N02,E180,E381,True
N02,E180,E393,False
N02,E181,E207,False
N02,E181,E275,False
N02,E181,E281,False
N02,E181,E393,False
N02,E182,E349,True
N02,E182,E386,True
N02,E183,E325,True
N02,E183,E336,True
N02,E183,E342,False
N02,E184,E270,False
N02,E184,E358,False
N02,E185,E251,False
N02,E185,E285,False
N02,E185,E335,False
N02,E185,E337,False
N02,E185,E343,False
N02,E186,E231,False
N02,E186,E301,True
N02,E186,E379,False
N02,E187,E203,True
N02,E187,E209,False
N02,E187,E281,False
N02,E187,E303,False
N02,E187,E338,False
N02,E187,E381,False
N02,E187,E387,True
N02,E188,E285,False
N02,E188,E366,False
N02,E189,E298,True
N02,E190,E201,True
N02,E190,E395,False
N02,E191,E207,False
N02,E191,E220,True
N02,E191,E260,False
N02,E191,E265,True
N02,E191,E267,True
N02,E191,E342,False
N02,E192,E232,False
N02,E192,E355,False
N02,E194,E200,False
N02,E194,E228,True
N02,E194,E239,True
N02,E195,E342,False
N02,E196,E220,False
N02,E196,E398,False
N02,E197,E271,False
N02,E197,E312,False
N02,E198,E221,False
N02,E198,E224,True
N02,E198,E310,True
N02,E198,E322,False
N02,E198,E328,False
N02,E198,E340,False
N02,E199,E204,False
N02,E199,E236,False
N02,E199,E344,False
N02,E200,E430,False
N02,E200,E456,True
N02,E200,E535,True
N02,E201,E522,True
N02,E201,E540,False
N02,E201,E563,False
N02,E201,E592,False
N02,E203,E453,False
N02,E204,E404,False
N02,E204,E443,True
N02,E204,E514,True
N02,E204,E524,True
N02,E205,E433,False
N02,E205,E498,False
N02,E205,E531,False
N02,E205,E590,True
N02,E206,E503,False
N02,E207,E423,False
N02,E207,E457,False
N02,E207,E470,False
N02,E207,E577,True
N02,E208,E502,False
N02,E208,E550,False
N02,E208,E589,False
N02,E209,E542,False
N02,E210,E423,True
N02,E210,E424,True
N02,E210,E443,False
N02,E210,E593,False
N02,E211,E406,False
N02,E211,E433,True
N02,E211,E436,False
N02,E211,E486,False
N02,E211,E504,False
N02,E212,E477,False
N02,E212,E519,False
N02,E212,E575,False
N02,E213,E595,False
N02,E214,E485,False
N02,E214,E580,False
N02,E215,E412,True
N02,E215,E446,False
N02,E215,E472,True
N02,E215,E503,False
N02,E215,E510,False
N02,E215,E570,False
N02,E216,E589,True
N02,E217,E419,False
N02,E217,E529,False
N02,E217,E538,False
N02,E218,E407,False
N02,E218,E422,False
N02,E218,E458,False
N02,E218,E519,False
N02,E219,E507,False
N02,E219,E534,True
N02,E220,E463,True
N02,E220,E481,True
N02,E220,E486,True
N02,E220,E509,False
N02,E221,E470,True
N02,E221,E527,True
N02,E222,E408,False
N02,E222,E451,True
N02,E222,E477,False
N02,E222,E579,False
N02,E223,E521,True
N02,E223,E545,False
N02,E224,E447,False
N02,E224,E464,True
N02,E224,E501,False
N02,E224,E513,False
N02,E225,E416,True
N02,E225,E431,False
N02,E225,E557,False
N02,E225,E567,True
N02,E225,E579,False
N02,E225,E594,True
N02,E226,E464,False
N02,E226,E501,True
N02,E226,E591,False
N02,E227,E456,False
N02,E227,E539,True
N02,E228,E414,False
N02,E228,E493,True
N02,E228,E559,False
N02,E229,E465,False
N02,E229,E529,False
N02,E229,E538,False
N02,E230,E514,False
N02,E230,E597,False
N02,E231,E411,False
N02,E231,E461,False
N02,E231,E487,False
N02,E231,E510,True
N02,E231,E555,False
N02,E232,E466,False
N02,E232,E498,False
N02,E232,E541,False
N02,E232,E587,True
N02,E233,E491,False
N02,E234,E404,False
N02,E234,E443,False
N02,E234,E459,True
N02,E234,E473,True
N02,E234,E510,False
N02,E235,E515,False
N02,E235,E536,True
N02,E235,E539,False
N02,E235,E596,True
N02,E236,E430,False
N02,E236,E497,True
N02,E236,E508,True
N02,E236,E570,True
N02,E237,E437,False
N02,E237,E566,True
N02,E237,E577,False
N02,E238,E404,False
N02,E238,E525,False
N02,E238,E561,True
N02,E238,E588,False
N02,E239,E540,False
N02,E239,E548,True
N02,E240,E506,True
N02,E241,E496,False
N02,E241,E526,False
N02,E241,E585,False
N02,E241,E594,False
N02,E242,E414,False
N02,E242,E502,True
N02,E242,E550,True
N02,E242,E581,True
N02,E243,E470,False
N02,E243,E496,False
N02,E243,E576,False
N02,E243,E578,True
N02,E243,E584,True
N02,E244,E486,False
N02,E244,E570,False
N02,E245,E405,True
N02,E245,E559,True
N02,E245,E564,False
N02,E246,E443,False
N02,E246,E466,True
N02,E246,E569,False
N02,E247,E408,False
N02,E247,E500,True
N02,E247,E542,True
N02,E247,E565,False
N02,E248,E496,True
N02,E248,E549,True
N02,E249,E540,False
N02,E249,E592,True
N02,E250,E406,True
N02,E250,E460,False
N02,E250,E469,False
N02,E250,E544,False
N02,E251,E444,False
N02,E251,E589,False
N02,E252,E452,False
N02,E252,E529,True
N02,E252,E580,True
N02,E253,E440,True
N02,E253,E528,False
N02,E254,E425,False
N02,E254,E439,True
N02,E254,E475,True
N02,E254,E496,False
N02,E254,E499,True
N02,E254,E512,True
N02,E254,E556,False
N02,E255,E400,False
N02,E255,E406,False
N02,E255,E420,False
N02,E255,E428,True
N02,E255,E467,False
N02,E256,E450,False
N02,E256,E477,False
N02,E256,E489,False
N02,E257,E426,False
N02,E257,E457,True
N02,E257,E495,True
N02,E257,E568,False
N02,E257,E573,False
N02,E257,E593,True
N02,E258,E538,True
N02,E259,E438,False
N02,E259,E472,False
N02,E259,E491,True
N02,E259,E558,False
N02,E260,E426,False
N02,E260,E458,True
N02,E261,E455,False
N02,E261,E592,False
N02,E262,E424,False
N02,E262,E572,False
N02,E263,E533,False
N02,E264,E507,True
N02,E264,E538,False
N02,E264,E560,False
N02,E264,E588,False
N02,E265,E477,True
N02,E265,E578,False
N02,E266,E412,False
N02,E266,E435,False
N02,E266,E448,False
N02,E266,E487,True
N02,E266,E515,False
N02,E266,E543,True
N02,E267,E555,False
N02,E267,E564,False
N02,E268,E476,True
N02,E268,E520,False
N02,E268,E524,False
N02,E268,E578,False
N02,E268,E579,False
N02,E269,E592,False
N02,E269,E598,True
N02,E270,E409,False
N02,E270,E494,True
N02,E270,E518,True
N02,E270,E575,False
N02,E270,E585,True
N02,E271,E442,True
N02,E271,E458,False
N02,E271,E471,False
N02,E271,E509,False
N02,E272,E407,True
N02,E272,E463,False
N02,E272,E523,False
N02,E272,E564,False
N02,E273,E536,False
N02,E273,E567,False
N02,E273,E597,False
N02,E274,E469,True
N02,E274,E480,False
N02,E274,E490,True
N02,E274,E562,False
N02,E274,E572,True
N02,E276,E417,False
N02,E276,E467,False
N02,E276,E574,False
N02,E277,E405,False
N02,E277,E468,True
N02,E278,E555,False
N02,E279,E419,True
N02,E279,E561,False
N02,E280,E437,True
N02,E280,E515,False
N02,E280,E544,True
N02,E281,E431,False
N02,E281,E459,False
N02,E282,E430,False
N02,E282,E444,False
N02,E282,E571,True
N02,E283,E482,False
N02,E283,E500,False
N02,E283,E599,False
N02,E284,E400,True
N02,E284,E429,False
N02,E284,E516,True
N02,E284,E537,True
N02,E284,E576,True
N02,E285,E476,False
N02,E285,E530,True
N02,E285,E590,False
N02,E285,E599,True
N02,E286,E559,False
N02,E287,E411,False
N02,E287,E500,False
N02,E287,E537,False
N02,E287,E566,False
N02,E287,E575,True
N02,E289,E428,False
N02,E289,E451,False
N02,E290,E448,False
N02,E290,E449,False
N02,E291,E407,False
N02,E291,E425,False
N02,E291,E446,True
N02,E292,E476,False
N02,E292,E493,False
N02,E292,E495,False
N02,E292,E562,True
N02,E293,E414,True
N02,E293,E435,False
N02,E293,E599,False
N02,E294,E402,True
N02,E294,E467,False
N02,E294,E469,False
N02,E294,E516,False
N02,E294,E518,False
N02,E294,E534,False
N02,E295,E400,False
N02,E295,E511,False
N02,E295,E583,False
N02,E295,E588,False
N02,E296,E424,False
N02,E296,E525,True
N02,E296,E578,False
N02,E297,E480,False
N02,E297,E591,True
N02,E298,E436,False
N02,E299,E461,True
N02,E299,E530,False
N02,E299,E565,True
N02,E300,E528,True
N02,E300,E565,False
N02,E301,E516,False
N02,E302,E492,False
N02,E302,E502,False
N02,E302,E549,False
N02,E303,E540,True
N02,E303,E546,False
N02,E304,E457,False
N02,E304,E551,True
N02,E305,E414,False
N02,E305,E479,True
N02,E305,E520,True
N02,E306,E447,False
N02,E306,E512,False
N02,E307,E440,False
N02,E307,E517,False
N02,E307,E518,False
N02,E308,E410,True
N02,E308,E539,False
N02,E309,E422,False
N02,E309,E440,False
N02,E309,E452,True
N02,E309,E484,True
N02,E310,E417,True
N02,E311,E442,False
N02,E311,E471,False
N02,E311,E534,False
N02,E312,E406,False
N02,E312,E438,False
N02,E312,E473,False
N02,E312,E488,False
N02,E312,E590,False
N02,E313,E405,False
N02,E313,E552,False
N02,E314,E405,False
N02,E314,E457,False
N02,E314,E563,False
N02,E314,E566,False
N02,E315,E401,False
N02,E315,E529,False
N02,E316,E439,False
N02,E316,E468,False
N02,E316,E504,True
N02,E316,E506,False
N02,E316,E511,False
N02,E317,E548,False
N02,E318,E432,True
N02,E318,E475,False
N02,E318,E498,True
N02,E318,E512,False
N02,E318,E525,False
N02,E319,E445,False
N02,E319,E557,True
N02,E319,E582,False
N02,E320,E433,False
N02,E320,E517,False
N02,E320,E526,False
N02,E320,E532,True
N02,E320,E558,True
N02,E321,E411,False
N02,E321,E497,False
N02,E321,E519,False
N02,E322,E408,True
N02,E322,E545,True
N02,E322,E546,True
N02,E322,E595,True
N02,E323,E522,False
N02,E324,E429,True
N02,E324,E541,False
N02,E326,E448,False
N02,E326,E469,False
N02,E326,E511,False
N02,E326,E553,True
N02,E326,E596,False
N02,E327,E429,False
N02,E327,E438,True
N02,E327,E483,False
N02,E327,E489,True
N02,E327,E544,False
N02,E328,E421,False
N02,E328,E423,False
N02,E328,E449,False
N02,E328,E527,False
N02,E329,E590,False
N02,E330,E445,False
N02,E330,E524,False
N02,E330,E574,False
N02,E331,E462,False
N02,E331,E482,True
N02,E331,E484,False
N02,E332,E415,False
N02,E332,E416,False
N02,E332,E525,False
N02,E333,E407,False
N02,E333,E453,True
N02,E333,E513,False
N02,E333,E536,False
N02,E334,E465,False
N02,E334,E551,False
N02,E334,E573,True
N02,E335,E413,False
N02,E335,E432,False
N02,E335,E483,True
N02,E335,E532,False
N02,E335,E542,False
N02,E336,E480,True
N02,E337,E595,False
N02,E338,E434,True
N02,E339,E426,True
N02,E339,E430,True
N02,E339,E565,False
N02,E339,E575,False
N02,E339,E597,True
N02,E340,E404,True
N02,E340,E445,True
N02,E340,E454,False
N02,E340,E536,False
N02,E340,E547,True
N02,E340,E556,False
N02,E342,E401,True
N02,E342,E420,True
N02,E342,E451,False
N02,E342,E462,True
N02,E342,E478,False
N02,E342,E534,False
N02,E342,E543,False
N02,E343,E413,True
N02,E343,E475,False
N02,E343,E512,False
N02,E343,E572,False
N02,E345,E450,False
N02,E345,E492,True
N02,E345,E517,True
N02,E345,E596,False
N02,E346,E483,False
N02,E346,E494,False
N02,E346,E502,False
N02,E346,E511,True
N02,E347,E481,False
N02,E347,E522,False
N02,E347,E566,False
N02,E348,E418,False
N02,E348,E509,False
N02,E348,E516,False
N02,E348,E572,False
N02,E350,E448,True
N02,E350,E495,False
N02,E350,E558,False
N02,E351,E402,False
N02,E351,E434,False
N02,E351,E541,False
N02,E352,E424,False
N02,E352,E485,True
N02,E352,E491,False
N02,E352,E518,False
N02,E352,E519,True
N02,E352,E588,True
N02,E353,E411,True
N02,E353,E434,False
N02,E353,E574,True
N02,E354,E488,True
N02,E354,E505,True
N02,E354,E599,False
N02,E355,E429,False
N02,E355,E560,True
N02,E357,E547,False
N02,E358,E467,True
N02,E358,E530,False
N02,E358,E586,True
N02,E359,E444,True
N02,E359,E582,True
N02,E360,E410,False
N02,E360,E449,True
N02,E360,E491,False
N02,E360,E530,False
N02,E362,E421,True
N02,E362,E442,False
N02,E363,E459,False
N02,E363,E474,False
N02,E364,E427,False
N02,E364,E558,False
N02,E365,E586,False
N02,E366,E408,False
N02,E366,E431,True
N02,E366,E474,True
N02,E366,E564,True
N02,E367,E422,True
N02,E367,E432,False
N02,E367,E554,True
N02,E368,E427,False
N02,E368,E508,False
N02,E368,E531,False
N02,E368,E554,False
N02,E368,E586,False
N02,E368,E587,False
N02,E368,E598,False
N02,E369,E431,False
N02,E369,E441,True
N02,E369,E478,False
N02,E369,E537,False
N02,E369,E593,False
N02,E370,E463,False
N02,E370,E593,False
N02,E371,E446,False
N02,E371,E515,True
N02,E372,E450,False
N02,E372,E459,False
N02,E372,E471,True
N02,E372,E490,False
N02,E372,E535,False
N02,E372,E571,False
N02,E372,E584,False
N02,E373,E435,True
N02,E373,E486,False
N02,E373,E499,False
N02,E374,E416,False
N02,E374,E497,False
N02,E374,E531,True
N02,E375,E421,False
N02,E375,E513,False
N02,E376,E415,True
N02,E376,E425,True
N02,E376,E479,False
N02,E376,E521,False
N02,E376,E552,True
N02,E376,E595,False
N02,E377,E444,False
N02,E377,E523,True
N02,E377,E539,False
N02,E378,E403,False
N02,E378,E409,True
N02,E378,E474,False
N02,E378,E521,False
N02,E378,E533,True
N02,E378,E583,True
N02,E379,E500,False
N02,E381,E483,False
N02,E381,E505,False
N02,E381,E506,False
N02,E381,E568,True
N02,E381,E579,True
N02,E382,E409,False
N02,E382,E413,False
N02,E382,E506,False
N02,E382,E580,False
N02,E382,E589,False
N02,E383,E481,False
N02,E384,E401,False
N02,E384,E403,True
N02,E384,E450,True
N02,E384,E472,False
N02,E384,E509,True
N02,E384,E581,False
N02,E385,E461,False
N02,E385,E597,False
N02,E386,E494,False
N02,E386,E533,False
N02,E387,E435,False
N02,E387,E440,False
N02,E387,E474,False
N02,E387,E526,True
N02,E387,E573,False
N02,E387,E596,False
N02,E388,E433,False
N02,E388,E436,True
N02,E388,E441,False
N02,E388,E569,False
N02,E389,E425,False
N02,E389,E427,False
N02,E389,E513,True
N02,E389,E522,False
N02,E389,E542,False
N02,E390,E447,True
N02,E390,E455,True
N02,E390,E503,True
N02,E390,E551,False
N02,E391,E434,False
N02,E391,E541,True
N02,E391,E563,True
N02,E391,E569,False
N02,E392,E460,False
N02,E392,E478,True
N02,E393,E409,False
N02,E393,E427,True
N02,E393,E460,True
N02,E393,E556,True
N02,E394,E504,False
N02,E394,E543,False
N02,E394,E569,True
N02,E395,E447,False
N02,E395,E553,False
N02,E396,E454,True
N02,E396,E489,False
N02,E397,E528,False
N02,E397,E580,False
N02,E398,E415,False
N02,E398,E418,True
N02,E398,E470,False
N02,E398,E494,False
N02,E399,E465,True
N02,E399,E555,True
N02,E399,E586,False
N02,E400,E722,False
N02,E400,E762,False
N02,E401,E657,False
N02,E401,E678,False
N02,E401,E686,False
N02,E401,E729,False
N02,E401,E741,False
N02,E402,E642,False
N02,E402,E651,False
N02,E402,E655,True
N02,E402,E713,True
N02,E402,E759,False
N02,E402,E794,False
N02,E403,E626,False
N02,E403,E644,False
N02,E403,E726,True
N02,E403,E744,False
N02,E404,E606,False
N02,E404,E724,False
N02,E405,E675,True
N02,E405,E693,False
N02,E405,E711,True
N02,E405,E717,True
N02,E406,E630,False
N02,E406,E776,True
N02,E407,E605,True
N02,E407,E613,False
N02,E407,E761,False
N02,E407,E774,False
N02,E407,E798,True
N02,E408,E722,False
N02,E408,E780,True
N02,E409,E704,False
N02,E410,E603,True
N02,E410,E604,True
N02,E410,E691,True
N02,E410,E755,True
N02,E411,E631,False
N02,E411,E692,True
N02,E412,E633,False
N02,E412,E732,False
N02,E412,E734,False
N02,E412,E757,True
N02,E413,E617,False
N02,E413,E660,False
N02,E413,E662,False
N02,E413,E705,False
N02,E413,E725,True
N02,E413,E738,True
N02,E413,E775,False
N02,E413,E784,False
N02,E414,E620,False
N02,E414,E790,False
N02,E415,E650,False
N02,E415,E681,True
N02,E415,E696,False
N02,E415,E726,False
N02,E415,E774,False
N02,E415,E796,False
N02,E416,E709,False
N02,E417,E629,False
N02,E417,E651,False
N02,E417,E694,False
N02,E417,E695,False
N02,E417,E726,False
N02,E417,E741,False
N02,E417,E743,False
N02,E418,E619,False
N02,E418,E621,True
N02,E418,E714,False
N02,E419,E692,False
N02,E419,E708,True
N02,E419,E770,False
N02,E420,E636,False
N02,E420,E649,False
N02,E420,E701,True
N02,E420,E728,False
N02,E420,E739,False
N02,E420,E765,False
N02,E421,E616,False
N02,E421,E671,False
N02,E421,E742,False
N02,E421,E746,True
N02,E421,E760,False
N02,E421,E762,False
N02,E421,E787,False
N02,E422,E653,False
N02,E422,E716,False
N02,E422,E770,True
N02,E424,E630,False
N02,E424,E670,True
N02,E424,E685,False
N02,E424,E695,False
N02,E424,E790,False
N02,E425,E632,True
N02,E425,E658,True
N02,E425,E682,False
N02,E425,E683,False
N02,E426,E615,False
N02,E426,E632,False
N02,E426,E785,False
N02,E427,E643,False
N02,E428,E606,False
N02,E428,E641,False
N02,E429,E674,True
N02,E429,E725,False
N02,E430,E606,False
N02,E430,E645,True
N02,E430,E758,False
N02,E430,E799,False
N02,E431,E616,False
N02,E431,E720,True
N02,E431,E725,False
N02,E431,E743,True
N02,E431,E759,False
N02,E431,E769,True
N02,E432,E601,False
N02,E432,E630,True
N02,E432,E633,False
N02,E432,E710,False
N02,E433,E730,False
N02,E433,E798,False
N02,E434,E612,False
N02,E434,E624,False
N02,E434,E663,False
N02,E434,E698,False
N02,E434,E777,True
N02,E435,E604,False
N02,E435,E620,True
N02,E435,E699,False
N02,E435,E784,False
N02,E436,E626,False
N02,E436,E747,True
N02,E436,E758,True
N02,E437,E696,False
N02,E437,E703,False
N02,E437,E746,False
N02,E437,E775,False
N02,E437,E781,False
N02,E438,E624,False
N02,E438,E761,False
N02,E438,E795,False
N02,E439,E680,False
N02,E440,E639,False
N02,E440,E666,True
N02,E440,E702,False
N02,E440,E763,True
N02,E441,E607,False
N02,E441,E675,False
N02,E442,E627,True
N02,E442,E655,False
N02,E442,E691,False
N02,E442,E739,True
N02,E442,E763,False
N02,E442,E785,True
N02,E443,E628,False
N02,E443,E673,False
N02,E443,E698,False
N02,E444,E632,False
N02,E444,E645,False
N02,E444,E709,True
N02,E444,E771,False
N02,E444,E793,False
N02,E445,E640,False
N02,E445,E674,False
N02,E445,E716,True
N02,E445,E750,False
N02,E445,E759,False
N02,E446,E668,False
N02,E446,E717,False
N02,E446,E723,True
N02,E447,E740,False
N02,E448,E722,False
N02,E449,E625,False
N02,E449,E716,False
N02,E449,E717,False
N02,E450,E704,True
N02,E450,E736,False
N02,E450,E758,False
N02,E450,E781,True
N02,E451,E619,True
N02,E451,E764,False
N02,E451,E792,False
N02,E452,E780,False
N02,E452,E791,True
N02,E453,E690,False
N02,E453,E782,False
N02,E454,E684,True
N02,E455,E615,True
N02,E455,E640,False
N02,E455,E651,True
N02,E455,E678,True
N02,E456,E722,True
N02,E456,E755,False
N02,E456,E769,False
N02,E456,E773,False
N02,E457,E650,True
N02,E458,E600,False
N02,E458,E718,True
N02,E458,E777,False
N02,E459,E615,False
N02,E459,E617,False
N02,E459,E793,False
N02,E460,E687,False
N02,E461,E614,True
N02,E461,E713,False
N02,E461,E793,False
N02,E462,E686,True
N02,E462,E695,True
N02,E462,E799,False
N02,E463,E693,False
N02,E464,E604,False
N02,E464,E692,False
N02,E464,E730,True
N02,E464,E747,False
N02,E464,E752,False
N02,E464,E776,False
N02,E465,E659,False
N02,E465,E677,True
N02,E465,E724,True
N02,E465,E732,True
N02,E466,E718,False
N02,E466,E727,False
N02,E466,E729,True
N02,E466,E765,False
N02,E467,E676,False
N02,E467,E690,True
N02,E467,E737,True
N02,E468,E639,True
N02,E468,E653,True
N02,E468,E682,True
N02,E468,E688,False
N02,E469,E764,False
N02,E469,E786,False
N02,E470,E765,False
N02,E471,E649,False
N02,E471,E751,False
N02,E472,E618,False
N02,E472,E648,True
N02,E472,E751,True
N02,E472,E782,False
N02,E472,E795,True
N02,E473,E623,False
N02,E473,E652,False
N02,E473,E689,False
N02,E473,E742,False
N02,E474,E796,False
N02,E474,E797,True
N02,E476,E625,False
N02,E476,E735,True
N02,E476,E780,False
N02,E477,E657,True
N02,E477,E665,True
N02,E478,E600,False
N02,E478,E656,False
N02,E478,E671,False
N02,E478,E694,False
N02,E478,E697,True
N02,E478,E751,False
N02,E478,E782,False
N02,E478,E786,False
N02,E478,E788,False
N02,E479,E608,False
N02,E479,E611,False
N02,E479,E618,True
N02,E479,E783,False
N02,E480,E635,False
N02,E480,E744,True
N02,E481,E600,True
N02,E481,E633,True
N02,E481,E731,False
N02,E482,E681,False
N02,E482,E745,False
N02,E482,E757,False
N02,E483,E607,True
N02,E483,E656,False
N02,E483,E754,False
N02,E484,E763,False
N02,E484,E769,False
N02,E485,E622,True
N02,E486,E606,True
N02,E486,E694,False
N02,E486,E706,False
N02,E486,E719,False
N02,E486,E733,False
N02,E486,E748,False
N02,E487,E641,False
N02,E487,E724,False
N02,E489,E612,False
N02,E489,E642,True
N02,E489,E721,False
N02,E489,E748,False
N02,E489,E754,False
N02,E489,E765,True
N02,E490,E628,False
N02,E490,E663,False
N02,E490,E698,True
N02,E490,E702,False
N02,E490,E738,False
N02,E490,E785,False
N02,E491,E625,True
N02,E491,E647,False
N02,E491,E793,True
N02,E493,E769,False
N02,E493,E786,False
N02,E494,E659,True
N02,E494,E707,True
N02,E494,E751,False
N02,E494,E789,False
N02,E495,E602,False
N02,E495,E676,True
N02,E495,E736,True
N02,E496,E638,True
N02,E496,E669,True
N02,E497,E602,True
N02,E498,E689,False
N02,E498,E706,True
N02,E498,E794,True
N02,E499,E652,True
N02,E499,E668,False
N02,E499,E670,False
N02,E499,E698,False
N02,E499,E748,False
N02,E499,E750,True
N02,E500,E647,False
N02,E500,E661,True
N02,E500,E680,True
N02,E500,E745,False
N02,E501,E617,True
N02,E501,E682,False
N02,E501,E697,False
N02,E501,E700,False
N02,E501,E742,False
N02,E501,E743,False
N02,E501,E792,True
N02,E502,E638,False
N02,E502,E641,True
N02,E502,E709,False
N02,E502,E710,True
N02,E502,E733,True
N02,E502,E771,True
N02,E502,E787,False
N02,E504,E646,False
N02,E504,E750,False
N02,E505,E632,False
N02,E506,E755,False
N02,E506,E760,True
N02,E506,E778,False
N02,E506,E787,False
N02,E507,E671,False
N02,E507,E699,True
N02,E507,E784,False
N02,E508,E612,True
N02,E508,E692,False
N02,E508,E714,True
N02,E508,E731,False
N02,E508,E733,False
N02,E508,E792,False
N02,E509,E658,False
N02,E509,E660,True
N02,E509,E719,False
N02,E509,E741,False
N02,E510,E625,False
N02,E511,E745,False
N02,E512,E635,True
N02,E512,E681,False
N02,E512,E755,False
N02,E512,E766,True
N02,E512,E772,False
N02,E513,E629,True
N02,E513,E749,False
N02,E513,E774,True
N02,E513,E778,True
N02,E514,E610,False
N02,E514,E669,False
N02,E514,E792,False
N02,E515,E612,False
N02,E515,E622,False
N02,E515,E634,True
N02,E515,E679,False
N02,E515,E701,False
N02,E516,E662,True
N02,E516,E677,False
N02,E516,E727,True
N02,E517,E717,False
N02,E517,E718,False
N02,E517,E727,False
N02,E519,E624,True
N02,E519,E731,True
N02,E519,E761,True
N02,E520,E608,True
N02,E520,E609,True
N02,E520,E702,False
N02,E520,E707,False
N02,E520,E734,False
N02,E521,E661,False
N02,E521,E682,False
N02,E523,E664,False
N02,E523,E736,False
N02,E523,E778,False
N02,E523,E798,False
N02,E524,E756,False
N02,E524,E764,False
N02,E524,E788,True
N02,E527,E617,False
N02,E527,E676,False
N02,E527,E760,False
N02,E527,E772,True
N02,E528,E601,False
N02,E528,E626,True
N02,E528,E654,True
N02,E528,E666,False
N02,E528,E728,True
N02,E529,E719,False
N02,E530,E641,False
N02,E530,E753,True
N02,E530,E775,True
N02,E530,E799,True
N02,E531,E768,False
N02,E531,E789,False
N02,E531,E790,True
N02,E533,E740,True
N02,E533,E783,True
N02,E535,E707,False
N02,E535,E753,False
N02,E536,E619,False
N02,E536,E683,False
N02,E537,E614,False
N02,E537,E721,True
N02,E538,E673,False
N02,E538,E684,False
N02,E538,E731,False
N02,E538,E739,False
N02,E539,E649,True
N02,E539,E668,False
N02,E539,E685,True
N02,E539,E688,True
N02,E539,E795,False
N02,E540,E608,False
N02,E540,E668,True
N02,E540,E734,True
N02,E540,E762,False
N02,E540,E791,False
N02,E540,E797,False
N02,E541,E633,False
N02,E541,E666,False
N02,E541,E677,False
N02,E541,E737,False
N02,E542,E619,False
N02,E542,E754,True
N02,E543,E614,False
N02,E543,E622,False
N02,E543,E673,False
N02,E543,E735,False
N02,E544,E627,False
N02,E546,E615,False
N02,E546,E703,True
N02,E546,E756,False
N02,E547,E708,False
N02,E548,E639,False
N02,E548,E654,False
N02,E548,E753,False
N02,E548,E779,False
N02,E548,E787,True
N02,E549,E768,True
N02,E549,E786,True
N02,E550,E631,False
N02,E550,E660,False
N02,E550,E666,False
N02,E550,E708,False
N02,E551,E683,True
N02,E551,E700,False
N02,E552,E704,False
N02,E552,E749,True
N02,E553,E636,True
N02,E553,E687,True
N02,E553,E762,True
N02,E554,E679,False
N02,E554,E715,False
N02,E554,E761,False
N02,E555,E611,True
N02,E555,E746,False
N02,E556,E655,False
N02,E556,E723,False
N02,E557,E614,False
N02,E557,E631,True
N02,E557,E673,True
N02,E557,E700,True
N02,E557,E773,True
N02,E558,E610,True
N02,E559,E719,True
N02,E559,E738,False
N02,E560,E605,False
N02,E560,E713,False
N02,E560,E720,False
N02,E560,E747,False
N02,E561,E684,False
N02,E561,E688,False
N02,E561,E715,True
N02,E561,E778,False
N02,E561,E799,False
N02,E562,E630,False
N02,E562,E636,False
N02,E562,E643,True
N02,E562,E696,True
N02,E562,E773,False
N02,E563,E635,False
N02,E563,E650,False
N02,E563,E672,False
N02,E563,E691,False
N02,E563,E789,True
N02,E564,E611,False
N02,E564,E715,False
N02,E565,E601,True
N02,E566,E634,False
N02,E566,E672,True
N02,E567,E646,True
N02,E567,E766,False
N02,E568,E637,True
N02,E568,E665,False
N02,E568,E671,True
N02,E568,E690,False
N02,E568,E694,True
N02,E568,E767,True
N02,E569,E635,False
N02,E569,E663,True
N02,E569,E674,False
N02,E569,E711,False
N02,E571,E603,False
N02,E571,E637,False
N02,E571,E644,True
N02,E571,E679,True
N02,E571,E703,False
N02,E571,E776,False
N02,E572,E752,True
N02,E572,E779,True
N02,E573,E640,True
N02,E573,E781,False
N02,E573,E783,False
N02,E574,E613,False
N02,E574,E642,False
N02,E574,E684,False
N02,E575,E654,False
N02,E575,E664,False
N02,E575,E667,False
N02,E575,E689,True
N02,E575,E712,True
N02,E575,E749,False
N02,E576,E733,False
N02,E576,E735,False
N02,E576,E745,True
N02,E577,E626,False
N02,E577,E656,True
N02,E577,E664,False
N02,E578,E647,False
N02,E578,E764,True
N02,E579,E734,False
N02,E579,E782,True
N02,E580,E627,False
N02,E580,E661,False
N02,E580,E667,True
N02,E580,E705,True
N02,E580,E727,False
N02,E581,E767,False
N02,E581,E773,False
N02,E582,E613,True
N02,E582,E616,True
N02,E582,E648,False
N02,E582,E746,False
N02,E582,E748,True
N02,E583,E677,False
N02,E583,E712,False
N02,E583,E750,False
N02,E584,E650,False
N02,E584,E703,False
N02,E585,E634,False
N02,E585,E644,False
N02,E585,E772,False
N02,E586,E623,True
N02,E586,E693,True
N02,E586,E756,False
N02,E587,E609,False
N02,E587,E647,True
N02,E588,E621,False
N02,E588,E664,True
N02,E589,E742,True
N02,E589,E756,True
N02,E589,E763,False
N02,E589,E779,False
N02,E590,E759,True
N02,E592,E702,True
N02,E592,E779,False
N02,E593,E628,True
N02,E593,E741,True
N02,E593,E796,True
N02,E594,E608,False
N02,E594,E645,False
N02,E594,E798,False
N02,E595,E651,False
N02,E595,E753,False
N02,E595,E783,False
N02,E596,E700,False
N02,E596,E704,False
N02,E596,E726,False
N02,E596,E767,False
N02,E597,E636,False
N02,E597,E780,False
N02,E598,E736,False
N02,E598,E794,False
N02,E599,E784,True
N02,E599,E795,False
N02,E600,E961,True
N02,E600,E977,True
N02,E601,E807,True
N02,E601,E836,False
N02,E601,E871,False
N02,E601,E935,False
N02,E602,E956,False
N02,E603,E829,False
N02,E603,E916,False
N02,E603,E925,False
N02,E603,E934,False
N02,E603,E978,False
N02,E604,E816,False
N02,E604,E877,True
N02,E604,E888,False
N02,E604,E995,False
N02,E605,E943,True
N02,E606,E867,False
N02,E607,E837,True
N02,E607,E860,False
N02,E607,E902,True
N02,E607,E924,False
N02,E607,E933,True
N02,E607,E953,False
N02,E608,E859,False
N02,E608,E909,False
N02,E608,E991,False
N02,E608,E997,False
N02,E609,E813,False
N02,E609,E868,True
N02,E609,E880,False
N02,E610,E838,False
N02,E610,E940,True
N02,E610,E945,True
N02,E610,E981,False
N02,E611,E893,False
N02,E611,E961,False
N02,E612,E859,True
N02,E612,E927,True
N02,E612,E997,True
N02,E613,E819,False
N02,E614,E950,False
N02,E614,E973,False
N02,E615,E836,True
N02,E615,E855,True
N02,E615,E865,False
N02,E615,E998,False
N02,E616,E896,True
N02,E616,E959,False
N02,E616,E983,False
N02,E617,E832,False
N02,E617,E879,False
N02,E617,E955,False
N02,E618,E842,True
N02,E618,E908,True
N02,E618,E983,False
N02,E619,E834,True
N02,E619,E993,False
N02,E620,E863,False
N02,E620,E877,False
N02,E621,E801,False
N02,E621,E837,False
N02,E621,E855,False
N02,E621,E959,True
N02,E622,E922,False
N02,E622,E941,False
N02,E622,E986,True
N02,E623,E814,False
N02,E623,E864,True
N02,E623,E867,False
N02,E623,E887,False
N02,E623,E992,False
N02,E624,E810,False
N02,E624,E870,True
N02,E624,E906,True
N02,E625,E831,True
N02,E625,E852,False
N02,E625,E874,True
N02,E625,E910,False
N02,E625,E936,False
N02,E626,E817,False
N02,E626,E898,False
N02,E626,E913,True
N02,E627,E846,False
N02,E627,E921,True
N02,E627,E949,False
N02,E628,E825,False
N02,E628,E901,False
N02,E628,E912,False
N02,E628,E937,True
N02,E628,E939,False
N02,E629,E862,True
N02,E629,E875,True
N02,E629,E912,True
N02,E629,E939,True
N02,E629,E953,True
N02,E630,E812,False
N02,E630,E826,False
N02,E631,E954,False
N02,E632,E922,True
N02,E632,E954,False
N02,E632,E985,False
N02,E633,E800,False
N02,E633,E848,False
N02,E634,E802,True
N02,E634,E822,True
N02,E634,E937,False
N02,E634,E957,True
N02,E634,E965,False
N02,E635,E819,False
N02,E635,E898,False
N02,E635,E928,True
N02,E635,E966,False
N02,E636,E883,False
N02,E636,E888,False
N02,E637,E885,False
N02,E637,E893,True
N02,E637,E897,False
N02,E638,E827,True
N02,E638,E863,False
N02,E639,E936,True
N02,E640,E817,False
N02,E640,E844,True
N02,E640,E887,False
N02,E640,E953,False
N02,E640,E995,False
N02,E641,E818,True
N02,E641,E914,False
N02,E641,E918,False
N02,E641,E923,False
N02,E641,E967,False
N02,E642,E812,True
N02,E642,E828,False
N02,E642,E841,False
N02,E642,E855,False
N02,E643,E828,False
N02,E643,E857,False
N02,E644,E884,False
N02,E644,E911,False
N02,E644,E916,True
N02,E644,E918,False
N02,E644,E920,True
N02,E645,E849,True
N02,E645,E869,False
N02,E645,E920,False
N02,E645,E960,True
N02,E646,E854,True
N02,E646,E871,False
N02,E646,E997,False
N02,E647,E958,False
N02,E648,E892,True
N02,E648,E905,True
N02,E648,E996,False
N02,E649,E910,True
N02,E649,E919,True
N02,E649,E928,False
N02,E649,E968,True
N02,E650,E829,False
N02,E650,E867,False
N02,E650,E941,True
N02,E651,E909,False
N02,E652,E806,False
N02,E652,E900,False
N02,E652,E917,True
N02,E652,E970,True
N02,E652,E992,True
N02,E653,E897,False
N02,E653,E929,True
N02,E653,E978,False
N02,E654,E834,False
N02,E655,E849,False
N02,E655,E853,True
N02,E655,E877,False
N02,E655,E904,True
N02,E655,E933,False
N02,E655,E965,True
N02,E655,E967,False
N02,E656,E808,True
N02,E656,E919,False
N02,E657,E830,False
N02,E657,E908,False
N02,E658,E980,False
N02,E659,E864,False
N02,E659,E876,False
N02,E659,E994,True
N02,E660,E943,False
N02,E661,E811,True
N02,E661,E916,False
N02,E662,E810,True
N02,E662,E824,False
N02,E662,E832,False
N02,E662,E848,True
N02,E662,E907,False
N02,E663,E804,True
N02,E663,E887,True
N02,E663,E963,False
N02,E664,E868,False
N02,E665,E816,True
N02,E665,E817,True
N02,E665,E945,False
N02,E666,E888,False
N02,E666,E910,False
N02,E667,E810,False
N02,E667,E924,False
N02,E668,E849,False
N02,E668,E902,False
N02,E668,E968,False
N02,E669,E898,True
N02,E669,E946,True
N02,E670,E870,False
N02,E670,E902,False
N02,E671,E907,False
N02,E671,E923,False
N02,E671,E950,True
N02,E671,E968,False
N02,E671,E973,False
N02,E672,E897,True
N02,E672,E966,True
N02,E672,E999,True
N02,E673,E914,False
N02,E673,E936,False
N02,E674,E834,False
N02,E674,E894,False
N02,E674,E913,False
N02,E674,E967,False
N02,E675,E962,True
N02,E676,E827,False
N02,E676,E852,False
N02,E676,E853,False
N02,E676,E928,False
N02,E676,E950,False
N02,E676,E963,True
N02,E677,E919,False
N02,E678,E850,False
N02,E678,E868,False
N02,E678,E890,True
N02,E679,E921,False
N02,E679,E987,False
N02,E679,E989,True
N02,E680,E930,True
N02,E680,E967,True
N02,E681,E817,False
N02,E682,E864,False
N02,E683,E844,False
N02,E683,E991,True
N02,E684,E807,False
N02,E684,E823,False
N02,E684,E914,True
N02,E684,E969,True
N02,E685,E916,False
N02,E685,E934,False
N02,E686,E823,False
N02,E686,E845,False
N02,E686,E899,True
N02,E686,E903,False
N02,E686,E938,False
N02,E686,E991,False
N02,E687,E868,False
N02,E687,E875,False
N02,E687,E877,False
N02,E687,E884,True
N02,E687,E895,False
N02,E687,E904,False
N02,E687,E906,False
N02,E688,E897,False
N02,E688,E951,False
N02,E688,E964,True
N02,E690,E803,False
N02,E690,E846,False
N02,E690,E926,False
N02,E690,E974,False
N02,E691,E802,False
N02,E691,E824,True
N02,E691,E833,False
N02,E692,E872,True
N02,E692,E883,False
N02,E692,E957,False
N02,E693,E856,False
N02,E693,E971,True
N02,E694,E812,False
N02,E695,E802,False
N02,E695,E844,False
N02,E695,E931,True
N02,E695,E944,False
N02,E696,E839,False
N02,E696,E840,True
N02,E696,E977,False
N02,E696,E998,True
N02,E697,E818,False
N02,E697,E959,False
N02,E697,E998,False
N02,E698,E835,False
N02,E698,E863,False
N02,E698,E881,True
N02,E698,E891,False
N02,E698,E932,False
N02,E699,E917,False
N02,E699,E968,False
N02,E699,E990,False
N02,E700,E997,False
N02,E701,E822,False
N02,E701,E856,False
N02,E701,E865,True
N02,E701,E942,False
N02,E702,E878,True
N02,E702,E882,False
N02,E702,E920,False
N02,E702,E965,False
N02,E702,E981,True
N02,E703,E825,True
N02,E703,E852,False
N02,E703,E861,True
N02,E703,E955,True
N02,E703,E970,False
N02,E703,E979,False
N02,E704,E851,False
N02,E704,E857,True
N02,E704,E906,False
N02,E704,E960,False
N02,E705,E972,False
N02,E705,E989,False
N02,E706,E866,True
N02,E706,E934,True
N02,E706,E987,True
N02,E707,E864,False
N02,E707,E878,False
N02,E707,E963,False
N02,E708,E883,False
N02,E708,E891,True
N02,E708,E985,True
N02,E709,E940,False
N02,E711,E894,True
N02,E711,E907,False
N02,E711,E965,False
N02,E712,E813,False
N02,E712,E919,False
N02,E713,E830,True
N02,E713,E841,False
N02,E713,E974,True
N02,E714,E800,True
N02,E715,E806,True
N02,E715,E846,True
N02,E715,E875,False
N02,E715,E930,False
N02,E717,E822,False
N02,E717,E923,True
N02,E717,E964,False
N02,E718,E885,True
N02,E718,E960,False
N02,E718,E988,True
N02,E719,E806,False
N02,E719,E821,True
N02,E719,E823,False
N02,E719,E861,False
N02,E719,E865,False
N02,E719,E912,False
N02,E719,E955,False
N02,E720,E873,False
N02,E720,E909,False
N02,E721,E814,True
N02,E721,E832,True
N02,E721,E925,True
N02,E721,E957,False
N02,E722,E918,False
N02,E723,E811,False
N02,E723,E835,False
N02,E723,E838,True
N02,E723,E846,False
N02,E723,E866,False
N02,E724,E982,True
N02,E725,E805,False
N02,E725,E929,False
N02,E725,E931,False
N02,E725,E952,False
N02,E726,E891,False
N02,E726,E947,True
N02,E726,E960,False
N02,E727,E861,False
N02,E727,E863,True
N02,E727,E890,False
N02,E727,E947,False
N02,E727,E971,False
N02,E728,E901,False
N02,E728,E933,False
N02,E729,E803,False
N02,E729,E915,True
N02,E729,E927,False
N02,E729,E935,True
N02,E729,E962,False
N02,E730,E848,False
N02,E730,E978,True
N02,E730,E987,False
N02,E732,E930,False
N02,E732,E979,True
N02,E733,E820,True
N02,E733,E993,True
N02,E733,E999,False
N02,E734,E987,False
N02,E735,E829,True
N02,E735,E833,True
N02,E735,E867,True
N02,E735,E896,False
N02,E735,E929,False
N02,E735,E949,True
N02,E736,E839,True
N02,E736,E990,True
N02,E737,E854,False
N02,E737,E876,True
N02,E737,E901,True
N02,E737,E922,False
N02,E737,E943,False
N02,E737,E976,False
N02,E737,E984,False
N02,E737,E988,False
N02,E738,E976,False
N02,E738,E982,False
N02,E739,E804,False
N02,E739,E858,True
N02,E739,E932,True
N02,E739,E999,False
N02,E740,E852,True
N02,E741,E815,False
N02,E741,E829,False
N02,E741,E901,False
N02,E741,E938,True
N02,E741,E973,False
N02,E741,E990,False
N02,E741,E998,False
N02,E742,E862,False
N02,E742,E873,False
N02,E742,E889,False
N02,E743,E850,False
N02,E743,E896,False
N02,E745,E844,False
N02,E745,E932,False
N02,E746,E874,False
N02,E746,E946,False
N02,E746,E969,False
N02,E746,E994,False
N02,E747,E815,False
N02,E747,E821,False
N02,E747,E931,False
N02,E747,E938,False
N02,E748,E870,False
N02,E748,E872,False
N02,E748,E948,True
N02,E749,E905,False
N02,E749,E944,True
N02,E749,E976,True
N02,E752,E875,False
N02,E753,E826,True
N02,E753,E918,True
N02,E754,E871,False
N02,E754,E873,True
N02,E754,E928,False
N02,E754,E934,False
N02,E755,E813,False
N02,E755,E841,True
N02,E755,E845,True
N02,E755,E881,False
N02,E755,E887,False
N02,E755,E958,False
N02,E755,E994,False
N02,E756,E843,False
N02,E756,E926,False
N02,E756,E941,False
N02,E756,E973,True
N02,E756,E978,False
N02,E756,E983,True
N02,E757,E851,False
N02,E757,E874,False
N02,E757,E956,True
N02,E757,E977,False
N02,E757,E989,False
N02,E757,E990,False
N02,E757,E995,True
N02,E758,E860,False
N02,E759,E843,True
N02,E759,E970,False
N02,E759,E988,False
N02,E760,E984,True
N02,E761,E842,False
N02,E761,E876,False
N02,E761,E957,False
N02,E761,E972,True
N02,E762,E917,False
N02,E762,E986,False
N02,E763,E866,False
N02,E763,E951,True
N02,E764,E840,False
N02,E764,E883,True
N02,E764,E888,True
N02,E764,E933,False
N02,E764,E946,False
N02,E764,E959,False
N02,E765,E805,False
N02,E765,E823,True
N02,E765,E849,False
N02,E765,E858,False
N02,E766,E886,False
N02,E767,E931,False
N02,E767,E969,False
N02,E768,E815,True
N02,E768,E895,False
N02,E768,E954,True
N02,E768,E955,False
N02,E768,E975,True
N02,E769,E818,False
N02,E769,E926,True
N02,E769,E948,False
N02,E770,E801,True
N02,E771,E802,False
N02,E771,E824,False
N02,E771,E847,False
N02,E771,E878,False
N02,E772,E980,True
N02,E773,E871,True
N02,E774,E800,False
N02,E774,E808,False
N02,E774,E860,True
N02,E774,E899,False
N02,E775,E860,False
N02,E775,E983,False
N02,E776,E819,False
N02,E776,E821,False
N02,E776,E977,False
N02,E777,E835,True
N02,E777,E988,False
N02,E778,E811,False
N02,E778,E815,False
N02,E778,E879,True
N02,E778,E896,False
N02,E778,E913,False
N02,E779,E851,True
N02,E779,E876,False
N02,E779,E882,True
N02,E779,E886,True
N02,E779,E892,False
N02,E779,E994,False
N02,E780,E805,True
N02,E780,E824,False
N02,E780,E900,False
N02,E780,E974,False
N02,E781,E826,False
N02,E781,E843,False
N02,E781,E975,False
N02,E781,E985,False
N02,E782,E808,False
N02,E782,E909,True
N02,E783,E892,False
N02,E783,E911,True
N02,E783,E958,True
N02,E784,E972,False
N02,E785,E813,True
N02,E785,E898,False
N02,E786,E822,False
N02,E786,E833,False
N02,E786,E869,True
N02,E786,E895,True
N02,E787,E806,False
N02,E787,E847,True
N02,E787,E899,False
N02,E788,E809,False
N02,E788,E835,False
N02,E788,E903,True
N02,E788,E938,False
N02,E788,E984,False
N02,E789,E862,False
N02,E790,E803,True
N02,E790,E936,False
N02,E790,E944,False
N02,E790,E981,False
N02,E791,E924,True
N02,E792,E851,False
N02,E792,E865,False
N02,E792,E951,False
N02,E793,E819,True
N02,E793,E945,False
N02,E794,E807,False
N02,E794,E820,False
N02,E794,E889,True
N02,E794,E902,False
N02,E794,E950,False
N02,E794,E972,False
N02,E795,E828,True
N02,E795,E850,True
N02,E795,E855,False
N02,E795,E856,True
N02,E795,E963,False
N02,E795,E984,False
N02,E795,E996,True
N02,E796,E900,True
N02,E796,E924,False
N02,E796,E927,False
N02,E797,E915,False
N02,E797,E942,True
N02,E798,E809,True
N02,E798,E880,True
N02,E798,E889,False
N02,E798,E907,True
N02,E798,E912,False
N02,E798,E948,False
N02,E799,E831,False
N02,E799,E937,False
N02,E799,E952,True
N02,E799,E969,False
N02,E799,E981,False
N02,E799,E999,False
N03,E000,E211,True
N03,E000,E310,False
N03,E000,E354,True
N03,E001,E351,False
N03,E002,E227,False
N03,E003,E326,False
N03,E004,E206,True
N03,E004,E277,False
N03,E004,E279,False
N03,E004,E377,False
N03,E005,E366,True
N03,E006,E223,False
N03,E006,E233,False
N03,E006,E259,False
N03,E007,E253,False
N03,E007,E299,False
N03,E007,E303,False
N03,E007,E324,True
N03,E007,E378,False
N03,E007,E389,False
N03,E007,E393,True
N03,E008,E263,False
N03,E008,E319,True
N03,E008,E357,False
N03,E008,E360,False
N03,E008,E373,True
N03,E009,E239,False
N03,E009,E282,False
N03,E009,E346,True
N03,E010,E219,False
N03,E010,E234,False
N03,E010,E312,False
N03,E010,E316,False
N03,E011,E235,True
N03,E011,E304,False
N03,E011,E341,False
N03,E011,E361,False
N03,E011,E375,False
N03,E011,E398,True
N03,E012,E204,False
N03,E012,E228,False
N03,E012,E286,False
N03,E012,E375,True
N03,E013,E306,False
N03,E013,E323,True
N03,E015,E223,False
N03,E015,E243,True
N03,E015,E296,False
N03,E015,E361,True
N03,E016,E221,False
N03,E016,E255,True
N03,E016,E283,False
N03,E016,E304,False
N03,E016,E325,True
N03,E016,E361,False
N03,E017,E214,False
N03,E017,E217,False
N03,E017,E273,False
N03,E017,E376,True
N03,E018,E213,False
N03,E018,E247,True
N03,E018,E273,True
N03,E018,E378,True
N03,E019,E216,True
N03,E019,E334,False
N03,E019,E335,False
N03,E019,E372,False
N03,E020,E210,False
N03,E020,E255,False
N03,E020,E297,False
N03,E020,E338,True
N03,E020,E341,False
N03,E021,E226,False
N03,E021,E240,False
N03,E021,E250,False
N03,E021,E288,False
N03,E021,E293,True
N03,E022,E214,False
N03,E022,E256,False
N03,E022,E262,False
N03,E022,E336,True
N03,E023,E203,False
N03,E023,E242,False
N03,E023,E289,False
N03,E024,E219,False
N03,E024,E291,False
N03,E025,E213,False
N03,E025,E241,False
N03,E025,E263,False
N03,E026,E232,True
N03,E026,E257,False
N03,E026,E261,True
N03,E026,E270,False
N03,E026,E284,True
N03,E026,E334,True
N03,E026,E386,True
N03,E027,E295,False
N03,E027,E356,True
N03,E028,E225,False
N03,E028,E328,False
N03,E029,E239,False
N03,E030,E299,True
N03,E031,E202,True
N03,E031,E237,True
N03,E031,E377,True
N03,E032,E202,False
N03,E032,E276,False
N03,E032,E293,False
N03,E032,E351,False
N03,E032,E366,False
N03,E033,E201,False
N03,E033,E208,False
N03,E033,E240,False
N03,E033,E263,False
N03,E033,E310,True
N03,E033,E328,True
N03,E034,E341,True
N03,E034,E362,False
N03,E035,E248,False
N03,E035,E254,True
N03,E035,E376,False
N03,E036,E249,True
N03,E037,E221,True
N03,E037,E280,False
N03,E037,E312,False
N03,E037,E314,False
N03,E037,E395,True
N03,E038,E222,True
N03,E038,E368,False
N03,E038,E394,True
N03,E039,E294,True
N03,E040,E231,False
N03,E040,E379,True
N03,E041,E209,False
N03,E042,E329,True
N03,E042,E360,False
N03,E042,E370,False
N03,E043,E256,False
N03,E043,E278,False
N03,E043,E281,True
N03,E043,E358,True
N03,E045,E201,True
N03,E045,E219,False
N03,E045,E257,False
N03,E046,E218,True
N03,E046,E224,False
N03,E046,E272,True
N03,E046,E300,False
N03,E046,E302,False
N03,E047,E234,True
N03,E047,E238,True
N03,E047,E336,False
N03,E047,E365,True
N03,E048,E248,True
N03,E048,E330,True
N03,E049,E243,False
N03,E050,E326,False
N03,E050,E337,True
N03,E050,E350,True
N03,E050,E359,False
N03,E051,E236,True
N03,E051,E309,False
N03,E051,E319,False
N03,E052,E275,False
N03,E052,E358,False
N03,E053,E226,True
N03,E053,E295,False
N03,E053,E342,False
N03,E054,E262,False
N03,E055,E271,True
N03,E055,E306,True
N03,E056,E200,False
N03,E056,E275,True
N03,E056,E279,False
N03,E056,E292,False
N03,E056,E364,True
N03,E057,E205,False
N03,E057,E248,False
N03,E057,E251,True
N03,E057,E254,False
N03,E057,E333,True
N03,E058,E325,False
N03,E058,E383,True
N03,E059,E256,False
N03,E059,E273,False
N03,E059,E291,False
N03,E059,E292,True
N03,E059,E389,False
N03,E060,E264,False
N03,E060,E293,False
N03,E061,E252,True
N03,E061,E270,True
N03,E062,E348,True
N03,E063,E247,False
N03,E063,E269,False
N03,E063,E349,True
N03,E063,E382,False
N03,E064,E263,True
N03,E064,E284,False
N03,E064,E302,False
N03,E064,E360,False
N03,E064,E368,True
N03,E065,E329,False
N03,E065,E368,False
N03,E066,E248,False
N03,E066,E250,False
N03,E066,E258,False
N03,E067,E245,False
N03,E067,E296,True
N03,E067,E340,False
N03,E067,E381,False
N03,E068,E258,False
N03,E068,E265,False
N03,E069,E295,False
N03,E070,E235,False
N03,E070,E286,False
N03,E070,E289,False
N03,E071,E210,False
N03,E071,E258,True
N03,E071,E353,False
N03,E071,E365,False
N03,E072,E231,False
N03,E072,E244,True
N03,E072,E294,False
N03,E072,E323,False
N03,E072,E383,False
N03,E073,E323,False
N03,E073,E342,True
N03,E073,E367,True
N03,E073,E386,False
N03,E074,E212,False
N03,E074,E244,False
N03,E074,E344,False
N03,E074,E382,False
N03,E075,E276,True
N03,E075,E371,True
N03,E075,E390,False
N03,E076,E392,True
N03,E077,E242,False
N03,E077,E289,False
N03,E077,E359,False
N03,E077,E360,True
N03,E078,E229,True
N03,E078,E288,False
N03,E079,E209,False
N03,E079,E278,False
N03,E079,E376,False
N03,E079,E390,True
N03,E080,E215,False
N03,E080,E251,False
N03,E080,E253,True
N03,E080,E255,False
N03,E080,E269,False
N03,E080,E313,True
N03,E080,E316,True
N03,E080,E334,False
N03,E080,E347,False
N03,E081,E210,True
N03,E081,E264,False
N03,E081,E277,False
N03,E082,E254,False
N03,E083,E396,False
N03,E084,E317,True
N03,E084,E332,False
N03,E085,E238,False
N03,E085,E277,True
N03,E085,E331,False
N03,E086,E236,False
N03,E086,E271,False
N03,E086,E374,False
N03,E086,E390,False
N03,E087,E242,True
N03,E087,E254,False
N03,E087,E256,True
N03,E087,E268,False
N03,E087,E380,False
N03,E087,E396,False
N03,E088,E213,True
N03,E088,E239,False
N03,E088,E305,False
N03,E088,E350,False
N03,E089,E209,True
N03,E089,E257,False
N03,E089,E281,False
N03,E089,E290,True
N03,E089,E342,False
N03,E091,E306,False
N03,E092,E214,True
N03,E092,E260,True
N03,E092,E336,False
N03,E092,E345,False
N03,E092,E391,True
N03,E093,E284,False
N03,E093,E340,True
N03,E093,E343,False
N03,E093,E370,True
N03,E094,E298,False
N03,E094,E307,True
N03,E095,E381,False
N03,E096,E233,True
N03,E096,E326,True
N03,E096,E397,False
N03,E097,E244,False
N03,E097,E252,False
N03,E097,E332,False
N03,E097,E374,True
N03,E097,E393,False
N03,E097,E399,False
N03,E098,E280,True
N03,E098,E290,False
N03,E098,E294,False
N03,E099,E246,True
N03,E099,E265,True
N03,E099,E357,False
N03,E100,E232,False
N03,E100,E240,True
N03,E100,E321,False
N03,E101,E230,False
N03,E101,E264,False
N03,E101,E394,False
N03,E102,E249,False
N03,E103,E279,False
N03,E104,E274,False
N03,E104,E305,True
N03,E104,E309,True
N03,E104,E347,False
N03,E105,E284,False
N03,E105,E302,True
N03,E105,E314,False
N03,E105,E336,False
N03,E105,E371,False
N03,E106,E236,False
N03,E106,E265,False
N03,E106,E303,True
N03,E106,E335,True
N03,E107,E200,False
N03,E107,E206,False
N03,E108,E240,False
N03,E109,E213,False
N03,E109,E273,False
N03,E109,E357,True
N03,E109,E364,False
N03,E110,E233,False
N03,E110,E244,False
N03,E110,E388,True
N03,E111,E204,False
N03,E111,E260,False
N03,E113,E282,False
N03,E113,E288,True
N03,E113,E363,True
N03,E114,E359,False
N03,E114,E390,False
N03,E115,E281,False
N03,E115,E385,False
N03,E117,E219,True
N03,E117,E276,False
N03,E117,E322,True
N03,E117,E346,False
N03,E117,E380,False
N03,E118,E267,False
N03,E118,E281,False
N03,E118,E366,False
N03,E119,E209,False
N03,E119,E230,True
N03,E120,E311,False
N03,E120,E320,True
N03,E120,E385,True
N03,E123,E202,False
N03,E123,E221,False
N03,E123,E289,True
N03,E123,E332,True
N03,E123,E385,False
N03,E123,E389,True
N03,E124,E259,True
N03,E124,E291,True
N03,E124,E293,False
N03,E124,E304,True
N03,E126,E217,False
N03,E126,E222,False
N03,E126,E361,False
N03,E126,E363,False
N03,E127,E229,False
N03,E127,E282,True
N03,E127,E397,False
N03,E128,E223,True
N03,E128,E274,True
N03,E128,E300,False
N03,E128,E315,False
N03,E128,E374,False
N03,E128,E385,False
N03,E129,E268,True
N03,E130,E204,False
N03,E130,E224,True
N03,E130,E266,True
N03,E130,E396,False
N03,E131,E324,False
N03,E131,E395,False
N03,E132,E267,True
N03,E132,E332,False
N03,E132,E337,False
N03,E132,E342,False
N03,E132,E355,False
N03,E132,E392,False
N03,E133,E203,True
N03,E133,E300,False
N03,E133,E333,False
N03,E134,E218,False
N03,E134,E287,True
N03,E135,E287,False
N03,E136,E245,True
N03,E136,E301,False
N03,E136,E331,False
N03,E136,E392,False
N03,E137,E251,False
N03,E137,E257,True
N03,E137,E270,False
N03,E137,E311,True
N03,E137,E318,True
N03,E137,E322,False
N03,E139,E330,False
N03,E140,E227,True
N03,E140,E272,False
N03,E140,E292,False
N03,E140,E381,True
N03,E141,E237,False
N03,E141,E287,False
N03,E141,E315,True
N03,E141,E379,False
N03,E142,E396,True
N03,E143,E277,False
N03,E143,E353,False
N03,E143,E379,False
N03,E144,E207,False
N03,E144,E265,False
N03,E144,E382,True
N03,E146,E303,False
N03,E146,E327,True
N03,E147,E266,False
N03,E147,E269,False
N03,E147,E285,True
N03,E148,E211,False
N03,E148,E225,False
N03,E148,E301,True
N03,E148,E308,True
N03,E148,E337,False
N03,E148,E357,False
N03,E149,E203,False
N03,E149,E241,True
N03,E149,E295,True
N03,E149,E355,True
N03,E150,E242,False
N03,E150,E320,False
N03,E150,E367,False
N03,E150,E378,False
N03,E152,E200,False
N03,E152,E296,False
N03,E152,E384,False
N03,E152,E386,False
N03,E153,E216,False
N03,E153,E239,True
N03,E153,E294,False
N03,E153,E320,False
N03,E154,E233,False
N03,E154,E355,False
N03,E154,E379,False
N03,E155,E215,False
N03,E155,E271,False
N03,E156,E302,False
N03,E156,E322,False
N03,E157,E205,True
N03,E157,E373,False
N03,E158,E253,False
N03,E158,E314,False
N03,E159,E203,False
N03,E159,E212,False
N03,E159,E325,False
N03,E159,E345,True
N03,E159,E349,False
N03,E159,E362,False
N03,E160,E286,True
N03,E160,E331,True
N03,E160,E347,True
N03,E160,E399,True
N03,E161,E246,False
N03,E161,E348,False
N03,E161,E371,False
N03,E162,E230,False
N03,E163,E245,False
N03,E163,E251,False
N03,E163,E372,True
N03,E163,E387,True
N03,E164,E241,False
N03,E164,E287,False
N03,E164,E399,False
N03,E165,E207,True
N03,E165,E214,False
N03,E165,E217,True
N03,E165,E241,False
N03,E165,E300,True
N03,E165,E339,True
N03,E166,E210,False
N03,E166,E228,True
N03,E166,E262,True
N03,E166,E368,False
N03,E167,E211,False
N03,E167,E318,False
N03,E167,E363,False
N03,E167,E369,False
N03,E168,E298,True
N03,E168,E354,False
N03,E170,E204,True
N03,E170,E391,False
N03,E171,E225,True
N03,E171,E250,False
N03,E171,E261,False
N03,E171,E283,True
N03,E171,E323,False
N03,E171,E324,False
N03,E171,E337,False
N03,E171,E374,False
N03,E171,E382,False
N03,E173,E208,False
N03,E173,E353,True
N03,E173,E387,False
N03,E173,E389,False
N03,E173,E398,False
N03,E174,E252,False
N03,E174,E371,False
N03,E176,E211,False
N03,E176,E231,True
N03,E176,E351,True
N03,E176,E352,False
N03,E176,E359,True
N03,E177,E220,True
N03,E177,E388,False
N03,E179,E260,False
N03,E179,E286,False
N03,E180,E245,False
N03,E180,E304,False
N03,E180,E326,False
N03,E180,E343,True
N03,E180,E369,False
N03,E181,E238,False
N03,E181,E307,False
N03,E181,E356,False
N03,E181,E398,False
N03,E182,E317,False
N03,E182,E362,True
N03,E182,E397,True
N03,E183,E339,False
N03,E183,E352,True
N03,E183,E365,False
N03,E184,E208,True
N03,E184,E319,False
N03,E184,E344,True
N03,E185,E236,False
N03,E185,E292,False
N03,E186,E377,False
N03,E187,E278,False
N03,E187,E279,True
N03,E187,E338,False
N03,E187,E377,False
N03,E188,E247,False
N03,E188,E308,False
N03,E188,E350,False
N03,E189,E267,False
N03,E189,E321,True
N03,E190,E215,True
N03,E190,E297,True
N03,E190,E313,False
N03,E191,E269,True
N03,E192,E212,True
N03,E192,E225,False
N03,E192,E274,False
N03,E192,E285,False
N03,E192,E384,True
N03,E193,E208,False
N03,E193,E246,False
N03,E193,E393,False
N03,E194,E327,False
N03,E195,E220,False
N03,E195,E299,False
N03,E196,E250,True
N03,E196,E260,False
N03,E196,E312,True
N03,E196,E314,True
N03,E196,E388,False
N03,E196,E392,False
N03,E198,E278,True
N03,E198,E369,True
N03,E198,E380,True
N03,E199,E200,True
N03,E199,E264,True
N03,E199,E270,False
N03,E199,E313,False
N03,E200,E418,False
N03,E200,E424,True
N03,E200,E466,False
N03,E200,E536,False
N03,E200,E548,False
N03,E200,E567,True
N03,E202,E404,True
N03,E202,E503,False
N03,E202,E506,False
N03,E203,E576,True
N03,E204,E431,False
N03,E204,E447,True
N03,E204,E571,True
N03,E205,E495,True
N03,E205,E587,True
N03,E206,E418,False
N03,E206,E486,True
N03,E206,E493,False
N03,E206,E527,True
N03,E207,E454,False
N03,E207,E558,True
N03,E208,E410,False
N03,E209,E490,True
N03,E209,E591,False
N03,E210,E451,False
N03,E210,E508,False
N03,E210,E519,False
N03,E211,E415,True
N03,E211,E557,False
N03,E212,E449,False
N03,E212,E532,True
N03,E213,E427,True
N03,E213,E528,False
N03,E213,E549,False
N03,E213,E588,False
N03,E214,E480,True
N03,E214,E489,True
N03,E214,E495,False
N03,E215,E465,False
N03,E215,E490,False
N03,E215,E511,False
N03,E215,E560,False
N03,E215,E566,False
N03,E215,E582,False
N03,E216,E479,True
N03,E216,E497,False
N03,E217,E477,True
N03,E217,E523,True
N03,E217,E524,False
N03,E217,E541,True
N03,E217,E556,False
N03,E218,E450,False
N03,E218,E474,True
N03,E218,E498,False
N03,E219,E545,True
N03,E219,E599,False
N03,E220,E494,False
N03,E220,E596,True
N03,E221,E483,True
N03,E221,E493,False
N03,E221,E496,False
N03,E221,E556,True
N03,E222,E406,True
N03,E222,E441,False
N03,E222,E460,False
N03,E222,E517,False
N03,E222,E520,False
N03,E222,E531,False
N03,E222,E578,False
N03,E223,E414,True
N03,E223,E499,True
N03,E224,E412,False
N03,E225,E461,True
N03,E225,E507,True
N03,E225,E581,False
N03,E225,E586,True
N03,E225,E594,False
N03,E226,E424,False
N03,E226,E587,False
N03,E227,E569,False
N03,E228,E425,False
N03,E228,E493,True
N03,E228,E525,False
N03,E229,E554,False
N03,E230,E476,False
N03,E231,E436,True
N03,E232,E497,True
N03,E233,E415,False
N03,E233,E435,True
N03,E233,E568,False
N03,E233,E591,True
N03,E235,E442,False
N03,E235,E449,True
N03,E235,E454,True
N03,E236,E516,False
N03,E237,E402,False
N03,E237,E418,False
N03,E237,E451,False
N03,E237,E513,False
N03,E237,E594,False
N03,E238,E482,False
N03,E239,E406,False
N03,E239,E509,True
N03,E240,E473,False
N03,E240,E581,True
N03,E241,E408,False
N03,E241,E458,False
N03,E241,E542,True
N03,E241,E589,True
N03,E243,E410,True
N03,E244,E423,False
N03,E244,E447,False
N03,E244,E453,True
N03,E244,E505,False
N03,E244,E565,True
N03,E244,E583,True
N03,E245,E428,True
N03,E245,E474,False
N03,E245,E574,False
N03,E246,E548,True
N03,E246,E562,False
N03,E246,E592,False
N03,E247,E403,False
N03,E247,E409,False
N03,E247,E462,False
N03,E247,E509,False
N03,E248,E580,False
N03,E249,E402,False
N03,E249,E428,False
N03,E249,E488,False
N03,E249,E504,False
N03,E249,E510,False
N03,E249,E587,False
N03,E250,E409,True
N03,E250,E487,False
N03,E250,E535,False
N03,E251,E530,False
N03,E251,E568,False
N03,E252,E539,True
N03,E253,E441,False
N03,E254,E439,True
N03,E254,E510,False
N03,E255,E432,True
N03,E255,E441,True
N03,E255,E471,True
N03,E255,E514,False
N03,E255,E531,False
N03,E255,E573,False
N03,E256,E567,False
N03,E256,E585,True
N03,E256,E588,True
N03,E257,E455,True
N03,E257,E542,False
N03,E257,E594,True
N03,E258,E512,True
N03,E258,E560,False
N03,E259,E401,False
N03,E259,E469,True
N03,E259,E565,False
N03,E260,E529,False
N03,E260,E566,True
N03,E261,E422,False
N03,E262,E451,False
N03,E262,E520,True
N03,E262,E557,False
N03,E263,E488,False
N03,E263,E521,False
N03,E263,E524,True
N03,E264,E423,False
N03,E264,E446,False
N03,E264,E447,False
N03,E264,E488,False
N03,E265,E423,False
N03,E265,E463,True
N03,E265,E535,True
N03,E266,E477,False
N03,E266,E504,True
N03,E266,E517,False
N03,E267,E484,True
N03,E267,E487,True
N03,E267,E519,False
N03,E268,E400,False
N03,E268,E440,False
N03,E268,E453,False
N03,E268,E522,False
N03,E268,E523,False
N03,E268,E582,False
N03,E270,E483,False
N03,E270,E515,False
N03,E270,E546,False
N03,E270,E552,False
N03,E270,E562,False
N03,E271,E428,False
N03,E271,E438,False
N03,E271,E476,True
N03,E271,E484,False
N03,E271,E531,True
N03,E271,E547,True
N03,E271,E557,True
N03,E271,E574,False
N03,E271,E584,True
N03,E271,E593,False
N03,E271,E599,False
N03,E272,E431,False
N03,E272,E433,True
N03,E272,E546,True
N03,E273,E407,True
N03,E273,E414,False
N03,E274,E408,False
N03,E274,E427,False
N03,E274,E442,False
N03,E274,E475,True
N03,E274,E508,False
N03,E275,E420,True
N03,E276,E405,False
N03,E276,E570,False
N03,E276,E579,True
N03,E277,E415,False
N03,E277,E417,False
N03,E277,E535,False
N03,E278,E400,False
N03,E278,E522,True
N03,E278,E549,False
N03,E278,E577,False
N03,E279,E439,False
N03,E279,E512,False
N03,E279,E517,False
N03,E279,E534,False
N03,E279,E545,False
N03,E279,E596,False
N03,E280,E446,False
N03,E280,E491,False
N03,E280,E553,True
N03,E281,E405,False
N03,E281,E435,False
N03,E282,E411,False
N03,E282,E457,False
N03,E282,E461,False
N03,E282,E532,False
N03,E282,E599,False
N03,E283,E540,True
N03,E283,E575,True
N03,E283,E593,False
N03,E283,E596,False
N03,E284,E434,True
N03,E284,E529,True
N03,E285,E597,False
N03,E286,E465,False
N03,E286,E468,False
N03,E286,E541,False
N03,E286,E549,True
N03,E286,E569,False
N03,E287,E492,False
N03,E287,E516,True
N03,E288,E411,True
N03,E288,E445,False
N03,E288,E466,True
N03,E288,E518,False
N03,E288,E526,False
N03,E291,E479,False
N03,E291,E499,False
N03,E292,E402,True
N03,E292,E527,False
N03,E293,E436,False
N03,E293,E493,False
N03,E293,E530,False
N03,E294,E400,True
N03,E294,E530,True
N03,E295,E414,False
N03,E295,E527,False
N03,E295,E529,False
N03,E295,E545,False
N03,E296,E412,True
N03,E296,E413,False
N03,E296,E456,True
N03,E296,E469,False
N03,E296,E580,False
N03,E297,E400,False
N03,E297,E445,True
N03,E298,E464,True
N03,E298,E514,True
N03,E298,E552,False
N03,E298,E554,True
N03,E299,E429,False
N03,E299,E455,False
N03,E299,E467,True
N03,E300,E508,True
N03,E300,E555,True
N03,E301,E424,False
N03,E301,E519,False
N03,E301,E543,False
N03,E301,E558,False
N03,E302,E417,True
N03,E302,E488,True
N03,E302,E592,False
N03,E303,E472,True
N03,E303,E481,False
N03,E303,E540,False
N03,E303,E551,False
N03,E304,E456,False
N03,E304,E576,False
N03,E305,E431,False
N03,E305,E471,False
N03,E305,E594,False
N03,E306,E405,True
N03,E306,E426,True
N03,E306,E468,True
N03,E306,E491,False
N03,E306,E585,False
N03,E306,E586,False
N03,E307,E447,False
N03,E307,E540,False
N03,E308,E470,True
N03,E308,E507,False
N03,E308,E551,True
N03,E310,E459,False
N03,E311,E458,False
N03,E311,E478,True
N03,E312,E475,False
N03,E312,E533,True
N03,E313,E431,True
N03,E313,E574,True
N03,E314,E482,True
N03,E314,E492,True
N03,E314,E575,False
N03,E315,E401,False
N03,E316,E528,True
N03,E316,E583,False
N03,E317,E568,True
N03,E317,E581,False
N03,E318,E521,True
N03,E318,E554,False
N03,E318,E556,False
N03,E319,E444,False
N03,E319,E457,False
N03,E319,E473,False
N03,E320,E416,False
N03,E320,E429,True
N03,E320,E464,False
N03,E320,E573,False
N03,E321,E401,True
N03,E321,E547,False
N03,E321,E564,False
N03,E321,E575,False
N03,E322,E432,False
N03,E322,E553,False
N03,E322,E575,False
N03,E323,E511,True
N03,E324,E508,False
N03,E324,E521,False
N03,E324,E563,True
N03,E324,E590,True
N03,E325,E419,True
N03,E325,E462,True
N03,E325,E496,True
N03,E325,E507,False
N03,E325,E530,False
N03,E325,E570,True
N03,E326,E420,False
N03,E326,E456,False
N03,E326,E467,False
N03,E326,E472,False
N03,E326,E480,False
N03,E326,E537,False
N03,E327,E484,False
N03,E327,E500,False
N03,E327,E598,False
N03,E328,E515,True
N03,E329,E465,False
N03,E329,E489,False
N03,E329,E494,False
N03,E329,E513,True
N03,E330,E438,True
N03,E330,E528,False
N03,E330,E571,False
N03,E331,E430,True
N03,E331,E486,False
N03,E331,E524,False
N03,E331,E563,False
N03,E331,E598,False
N03,E332,E404,False
N03,E332,E500,True
N03,E332,E582,True
N03,E332,E589,False
N03,E333,E433,False
N03,E335,E460,False
N03,E335,E475,False
N03,E335,E511,False
N03,E335,E576,False
N03,E336,E437,False
N03,E336,E440,False
N03,E336,E495,False
N03,E336,E537,False
N03,E336,E569,False
N03,E337,E442,False
N03,E337,E499,False
N03,E337,E559,False
N03,E338,E429,False
N03,E338,E463,False
N03,E339,E415,False
N03,E339,E453,False
N03,E339,E580,True
N03,E340,E443,True
N03,E340,E503,False
N03,E340,E555,False
N03,E340,E592,True
N03,E340,E598,True
N03,E341,E550,True
N03,E342,E525,True
N03,E343,E405,False
N03,E343,E430,False
N03,E344,E416,True
N03,E344,E448,False
N03,E344,E457,True
N03,E344,E599,True
N03,E345,E442,True
N03,E345,E497,False
N03,E345,E595,True
N03,E346,E484,False
N03,E347,E401,False
N03,E347,E541,False
N03,E347,E591,False
N03,E348,E423,True
N03,E348,E509,False
N03,E348,E518,True
N03,E348,E523,False
N03,E349,E414,False
N03,E349,E501,False
N03,E349,E561,False
N03,E350,E426,False
N03,E350,E491,False
N03,E350,E519,True
N03,E350,E543,False
N03,E350,E561,True
N03,E350,E595,False
N03,E351,E475,False
N03,E351,E497,False
N03,E351,E502,True
N03,E351,E539,False
N03,E352,E451,True
N03,E353,E434,False
N03,E353,E507,False
N03,E353,E541,False
N03,E354,E445,False
N03,E354,E509,False
N03,E355,E425,True
N03,E355,E461,False
N03,E355,E570,False
N03,E355,E579,False
N03,E356,E534,False
N03,E356,E559,False
N03,E356,E572,False
N03,E357,E404,False
N03,E357,E412,False
N03,E357,E440,True
N03,E357,E452,False
N03,E357,E473,True
N03,E357,E501,False
N03,E357,E552,False
N03,E357,E590,False
N03,E358,E448,False
N03,E359,E477,False
N03,E359,E534,True
N03,E359,E562,True
N03,E360,E441,False
N03,E360,E448,True
N03,E360,E455,False
N03,E360,E477,False
N03,E360,E481,False
N03,E361,E573,True
N03,E362,E433,False
N03,E362,E446,True
N03,E362,E459,True
N03,E362,E536,True
N03,E363,E529,False
N03,E364,E476,False
N03,E364,E503,False
N03,E364,E562,False
N03,E365,E403,True
N03,E365,E452,False
N03,E365,E462,False
N03,E365,E548,False
N03,E366,E421,True
N03,E366,E467,False
N03,E366,E491,True
N03,E367,E425,False
N03,E367,E577,False
N03,E368,E418,True
N03,E368,E419,False
N03,E368,E438,False
N03,E368,E485,False
N03,E368,E572,True
N03,E368,E593,True
N03,E369,E485,True
N03,E369,E503,True
N03,E369,E527,False
N03,E370,E406,False
N03,E370,E407,False
N03,E370,E443,False
N03,E370,E460,False
N03,E370,E506,True
N03,E370,E597,False
N03,E371,E429,False
N03,E371,E461,False
N03,E371,E544,False
N03,E371,E593,False
N03,E372,E502,False
N03,E373,E416,False
N03,E373,E427,False
N03,E373,E478,False
N03,E373,E486,False
N03,E373,E526,True
N03,E373,E559,False
N03,E373,E580,False
N03,E374,E428,False
N03,E374,E445,False
N03,E374,E452,True
N03,E374,E470,False
N03,E374,E471,False
N03,E374,E521,False
N03,E374,E525,False
N03,E375,E460,True
N03,E375,E467,False
N03,E376,E576,False
N03,E377,E470,False
N03,E377,E485,False
N03,E377,E510,True
N03,E377,E518,False
N03,E377,E559,True
N03,E378,E422,True
N03,E378,E598,False
N03,E379,E408,True
N03,E379,E537,True
N03,E379,E543,True
N03,E379,E577,True
N03,E379,E584,False
N03,E380,E448,False
N03,E380,E481,True
N03,E380,E494,True
N03,E380,E498,True
N03,E380,E554,False
N03,E380,E569,True
N03,E380,E592,False
N03,E381,E534,False
N03,E381,E538,True
N03,E382,E427,False
N03,E382,E545,False
N03,E382,E578,True
N03,E383,E550,False
N03,E383,E591,False
N03,E384,E430,False
N03,E384,E437,True
N03,E385,E472,False
N03,E385,E522,False
N03,E386,E522,False
N03,E386,E533,False
N03,E387,E437,False
N03,E387,E483,False
N03,E387,E505,True
N03,E387,E589,False
N03,E388,E454,False
N03,E388,E470,False
N03,E388,E517,True
N03,E389,E404,False
N03,E389,E501,True
N03,E390,E433,False
N03,E390,E590,False
N03,E390,E595,False
N03,E391,E438,False
N03,E393,E413,False
N03,E393,E450,True
N03,E393,E458,False
N03,E394,E403,False
N03,E394,E450,False
N03,E394,E544,True
N03,E394,E556,False
N03,E394,E560,True
N03,E395,E421,False
N03,E395,E440,False
N03,E395,E458,True
N03,E395,E468,False
N03,E395,E476,False
N03,E395,E505,False
N03,E395,E550,False
N03,E396,E542,False
N03,E396,E588,False
N03,E397,E465,True
N03,E397,E471,False
N03,E397,E524,False
N03,E397,E552,True
N03,E397,E573,False
N03,E398,E413,True
N03,E398,E437,False
N03,E398,E444,True
N03,E398,E492,False
N03,E398,E538,False
N03,E398,E597,True
N03,E399,E512,False
N03,E399,E564,True
N03,E400,E726,False
N03,E401,E660,False
N03,E401,E675,False
N03,E401,E712,True
N03,E402,E627,True
N03,E402,E746,True
N03,E402,E785,False
N03,E403,E672,False
N03,E403,E702,False
N03,E403,E741,False
N03,E403,E792,False
N03,E404,E713,False
N03,E404,E753,False
N03,E404,E758,False
N03,E404,E791,False
N03,E405,E628,False
N03,E405,E630,False
N03,E405,E634,False
N03,E406,E647,False
N03,E406,E653,False
N03,E406,E669,False
N03,E406,E674,False
N03,E406,E678,False
N03,E406,E696,True
N03,E406,E744,True
N03,E406,E747,True
N03,E406,E766,False
N03,E407,E677,True
N03,E407,E702,False
N03,E407,E703,False
N03,E408,E613,True
N03,E408,E633,True
N03,E408,E644,False
N03,E408,E710,False
N03,E408,E716,True
N03,E408,E720,True
N03,E409,E621,False
N03,E409,E705,True
N03,E409,E709,True
N03,E409,E781,False
N03,E410,E651,False
N03,E410,E736,False
N03,E410,E754,False
N03,E410,E795,False
N03,E412,E633,False
N03,E413,E616,True
N03,E413,E713,False
N03,E414,E670,False
N03,E414,E717,False
N03,E414,E732,True
N03,E414,E784,False
N03,E415,E613,False
N03,E415,E759,False
N03,E416,E624,True
N03,E416,E631,False
N03,E416,E763,True
N03,E417,E674,True
N03,E417,E766,True
N03,E417,E785,True
N03,E418,E650,True
N03,E418,E756,False
N03,E419,E635,True
N03,E419,E708,True
N03,E419,E727,False
N03,E420,E616,False
N03,E420,E722,False
N03,E420,E738,False
N03,E421,E601,False
N03,E421,E650,False
N03,E421,E751,True
N03,E421,E780,True
N03,E422,E680,True
N03,E423,E642,False
N03,E424,E654,True
N03,E425,E656,False
N03,E425,E674,False
N03,E425,E688,False
N03,E425,E747,False
N03,E425,E757,False
N03,E426,E725,False
N03,E426,E797,False
N03,E427,E713,True
N03,E428,E684,False
N03,E428,E690,True
N03,E428,E706,False
N03,E428,E732,False
N03,E429,E683,False
N03,E429,E695,False
N03,E429,E749,True
N03,E429,E760,False
N03,E429,E788,False
N03,E430,E653,False
N03,E430,E679,False
N03,E430,E788,False
N03,E430,E799,False
N03,E431,E638,False
N03,E431,E649,False
N03,E432,E609,False
N03,E432,E731,True
N03,E433,E600,True
N03,E433,E665,False
N03,E433,E793,True
N03,E434,E661,False
N03,E434,E752,False
N03,E435,E628,False
N03,E435,E684,False
N03,E435,E729,False
N03,E435,E791,False
N03,E436,E716,False
N03,E436,E770,True
N03,E436,E774,False
N03,E437,E705,False
N03,E437,E714,True
N03,E439,E740,False
N03,E439,E748,True
N03,E439,E754,False
N03,E440,E606,True
N03,E440,E635,False
N03,E440,E686,False
N03,E440,E787,True
N03,E441,E690,False
N03,E441,E733,False
N03,E441,E742,False
N03,E442,E733,False
N03,E443,E626,False
N03,E443,E638,True
N03,E443,E658,False
N03,E444,E629,False
N03,E444,E708,False
N03,E444,E721,True
N03,E444,E760,False
N03,E445,E604,True
N03,E445,E630,True
N03,E445,E686,False
N03,E445,E705,False
N03,E445,E754,False
N03,E445,E769,True
N03,E446,E623,False
N03,E446,E641,False
N03,E446,E749,False
N03,E446,E765,True
N03,E447,E666,True
N03,E447,E675,False
N03,E448,E620,False
N03,E448,E750,True
N03,E448,E764,True
N03,E449,E748,False
N03,E450,E694,True
N03,E450,E699,False
N03,E450,E716,False
N03,E450,E726,False
N03,E450,E747,False
N03,E450,E770,False
N03,E451,E666,False
N03,E452,E617,True
N03,E452,E640,True
N03,E452,E661,False
N03,E452,E711,True
N03,E452,E731,False
N03,E453,E682,False
N03,E453,E700,False
N03,E454,E622,True
N03,E454,E642,True
N03,E454,E702,True
N03,E455,E630,False
N03,E455,E642,False
N03,E455,E685,False
N03,E455,E720,False
N03,E455,E790,False
N03,E456,E758,True
N03,E456,E771,True
N03,E457,E683,False
N03,E457,E693,False
N03,E457,E698,True
N03,E457,E719,False
N03,E457,E778,False
N03,E457,E786,False
N03,E458,E606,False
N03,E458,E700,True
N03,E458,E703,True
N03,E458,E777,True
N03,E458,E794,False
N03,E459,E647,False
N03,E459,E662,True
N03,E460,E646,False
N03,E460,E666,False
N03,E460,E679,True
N03,E461,E724,False
N03,E462,E680,False
N03,E462,E688,False
N03,E462,E738,False
N03,E462,E787,False
N03,E463,E641,True
N03,E463,E657,False
N03,E463,E773,False
N03,E464,E674,False
N03,E464,E693,False
N03,E464,E789,False
N03,E465,E618,True
N03,E465,E627,False
N03,E465,E649,False
N03,E465,E655,False
N03,E465,E676,True
N03,E465,E687,False
N03,E465,E726,False
N03,E466,E601,False
N03,E466,E621,True
N03,E466,E653,True
N03,E466,E671,False
N03,E466,E681,True
N03,E466,E682,False
N03,E466,E735,False
N03,E466,E762,True
N03,E466,E781,False
N03,E466,E791,True
N03,E467,E649,True
N03,E467,E664,False
N03,E467,E673,False
N03,E467,E707,False
N03,E467,E729,False
N03,E467,E756,False
N03,E468,E632,False
N03,E468,E683,True
N03,E469,E631,True
N03,E469,E679,False
N03,E469,E728,True
N03,E470,E602,True
N03,E470,E614,False
N03,E470,E656,False
N03,E471,E600,False
N03,E471,E642,False
N03,E471,E654,False
N03,E471,E672,False
N03,E471,E710,False
N03,E471,E711,False
N03,E471,E715,False
N03,E473,E675,False
N03,E474,E654,False
N03,E474,E689,True
N03,E474,E695,False
N03,E474,E789,False
N03,E475,E632,False
N03,E475,E648,True
N03,E475,E686,True
N03,E475,E694,False
N03,E475,E750,False
N03,E476,E647,True
N03,E476,E652,True
N03,E476,E719,False
N03,E477,E607,False
N03,E477,E783,False
N03,E478,E645,False
N03,E478,E682,True
N03,E478,E755,False
N03,E479,E710,True
N03,E479,E751,False
N03,E479,E756,True
N03,E480,E667,False
N03,E480,E691,True
N03,E480,E755,True
N03,E480,E779,False
N03,E481,E616,False
N03,E481,E663,False
N03,E481,E715,True
N03,E481,E772,False
N03,E482,E721,False
N03,E482,E780,False
N03,E482,E795,False
N03,E483,E651,False
N03,E483,E710,False
N03,E483,E789,True
N03,E484,E614,True
N03,E484,E664,False
N03,E484,E745,False
N03,E484,E775,True
N03,E485,E743,False
N03,E487,E615,False
N03,E488,E657,False
N03,E488,E717,False
N03,E488,E727,False
N03,E488,E735,True
N03,E489,E620,False
N03,E489,E730,True
N03,E490,E607,True
N03,E490,E624,False
N03,E490,E760,True
N03,E490,E790,True
N03,E491,E633,False
N03,E491,E645,False
N03,E491,E648,False
N03,E491,E677,False
N03,E491,E690,False
N03,E491,E763,False
N03,E491,E797,False
N03,E492,E645,True
N03,E492,E692,True
N03,E492,E723,True
N03,E492,E748,False
N03,E492,E787,False
N03,E493,E675,True
N03,E493,E741,False
N03,E494,E639,True
N03,E495,E637,False
N03,E496,E603,False
N03,E496,E768,True
N03,E496,E788,True
N03,E497,E605,False
N03,E497,E662,False
N03,E498,E650,False
N03,E498,E656,False
N03,E499,E726,True
N03,E499,E753,False
N03,E499,E765,False
N03,E499,E768,False
N03,E500,E758,False
N03,E501,E626,True
N03,E501,E648,False
N03,E501,E662,False
N03,E502,E655,True
N03,E502,E701,False
N03,E502,E723,False
N03,E502,E745,True
N03,E503,E699,True
N03,E504,E612,True
N03,E504,E697,True
N03,E504,E775,False
N03,E506,E615,False
N03,E506,E665,False
N03,E506,E688,False
N03,E506,E695,False
N03,E506,E718,True
N03,E506,E759,True
N03,E506,E775,False
N03,E507,E731,False
N03,E507,E778,False
N03,E507,E783,False
N03,E508,E613,False
N03,E508,E645,False
N03,E508,E671,False
N03,E508,E728,False
N03,E509,E616,False
N03,E509,E689,False
N03,E509,E707,False
N03,E509,E717,True
N03,E509,E736,False
N03,E510,E635,False
N03,E511,E646,True
N03,E511,E656,True
N03,E511,E663,True
N03,E511,E716,False
N03,E511,E730,False
N03,E511,E773,True
N03,E512,E777,False
N03,E512,E779,False
N03,E513,E600,False
N03,E513,E635,False
N03,E513,E648,False
N03,E513,E705,False
N03,E513,E751,False
N03,E513,E772,True
N03,E513,E798,True
N03,E515,E646,False
N03,E515,E696,False
N03,E515,E719,False
N03,E515,E727,True
N03,E515,E761,False
N03,E515,E767,True
N03,E516,E713,False
N03,E516,E735,False
N03,E516,E742,False
N03,E516,E760,False
N03,E517,E644,True
N03,E517,E660,False
N03,E517,E698,False
N03,E518,E667,True
N03,E518,E732,False
N03,E519,E619,True
N03,E519,E652,False
N03,E519,E668,False
N03,E519,E722,True
N03,E520,E634,True
N03,E520,E665,True
N03,E520,E707,False
N03,E520,E761,True
N03,E521,E795,False
N03,E522,E625,False
N03,E522,E697,False
N03,E523,E787,False
N03,E523,E796,True
N03,E523,E797,False
N03,E524,E604,False
N03,E524,E744,False
N03,E525,E629,True
N03,E525,E637,True
N03,E525,E643,False
N03,E526,E607,False
N03,E526,E715,False
N03,E526,E778,True
N03,E526,E781,True
N03,E527,E789,False
N03,E528,E609,True
N03,E528,E611,False
N03,E528,E646,False
N03,E528,E712,False
N03,E529,E638,False
N03,E529,E681,False
N03,E529,E784,True
N03,E530,E668,False
N03,E530,E671,True
N03,E530,E709,False
N03,E530,E749,False
N03,E531,E621,False
N03,E531,E639,False
N03,E532,E602,False
N03,E532,E660,False
N03,E532,E678,True
N03,E532,E688,True
N03,E533,E625,False
N03,E533,E636,False
N03,E533,E659,False
N03,E534,E622,False
N03,E534,E676,False
N03,E534,E793,False
N03,E535,E790,False
N03,E536,E600,False
N03,E536,E657,True
N03,E536,E695,True
N03,E536,E779,False
N03,E537,E628,True
N03,E537,E680,False
N03,E537,E684,False
N03,E538,E610,True
N03,E538,E637,False
N03,E538,E669,False
N03,E538,E704,True
N03,E538,E723,False
N03,E538,E728,False
N03,E539,E664,True
N03,E539,E689,False
N03,E539,E724,True
N03,E540,E623,True
N03,E540,E643,True
N03,E540,E669,False
N03,E540,E697,False
N03,E540,E756,False
N03,E541,E613,False
N03,E542,E630,False
N03,E542,E687,True
N03,E542,E707,True
N03,E544,E684,True
N03,E544,E691,False
N03,E544,E742,False
N03,E544,E748,False
N03,E544,E752,True
N03,E544,E788,False
N03,E545,E704,False
N03,E545,E732,False
N03,E545,E733,True
N03,E546,E717,False
N03,E546,E751,False
N03,E547,E670,True
N03,E547,E734,False
N03,E547,E762,False
N03,E547,E776,True
N03,E548,E606,False
N03,E549,E617,False
N03,E549,E625,True
N03,E550,E626,False
N03,E550,E660,True
N03,E550,E765,False
N03,E550,E778,False
N03,E551,E617,False
N03,E551,E622,False
N03,E551,E666,False
N03,E551,E693,True
N03,E551,E729,True
N03,E551,E734,True
N03,E551,E785,False
N03,E552,E608,True
N03,E552,E610,False
N03,E552,E734,False
N03,E553,E667,False
N03,E553,E670,False
N03,E554,E612,False
N03,E554,E743,False
N03,E555,E737,False
N03,E557,E612,False
N03,E557,E753,True
N03,E557,E776,False
N03,E558,E685,True
N03,E558,E773,False
N03,E558,E795,True
N03,E559,E692,False
N03,E560,E668,True
N03,E561,E622,False
N03,E561,E663,False
N03,E561,E796,False
N03,E562,E632,True
N03,E562,E662,False
N03,E562,E687,False
N03,E563,E605,True
N03,E563,E636,False
N03,E563,E651,True
N03,E563,E672,True
N03,E563,E692,False
N03,E563,E769,False
N03,E564,E786,True
N03,E565,E671,False
N03,E566,E781,False
N03,E567,E640,False
N03,E567,E783,True
N03,E568,E678,False
N03,E569,E706,True
N03,E569,E774,True
N03,E569,E799,True
N03,E570,E661,True
N03,E570,E782,False
N03,E571,E623,False
N03,E571,E679,False
N03,E571,E714,False
N03,E571,E779,True
N03,E573,E634,False
N03,E573,E757,True
N03,E573,E794,True
N03,E573,E798,False
N03,E574,E720,False
N03,E574,E722,False
N03,E574,E725,True
N03,E574,E761,False
N03,E574,E798,False
N03,E575,E618,False
N03,E575,E741,False
N03,E575,E762,False
N03,E576,E663,False
N03,E576,E678,False
N03,E576,E701,True
N03,E576,E766,False
N03,E576,E797,True
N03,E577,E606,False
N03,E577,E669,True
N03,E577,E718,False
N03,E577,E766,False
N03,E578,E615,True
N03,E578,E737,True
N03,E579,E608,False
N03,E579,E654,False
N03,E579,E658,False
N03,E580,E615,False
N03,E580,E694,False
N03,E580,E798,False
N03,E581,E637,False
N03,E581,E693,False
N03,E581,E794,False
N03,E582,E691,False
N03,E582,E746,False
N03,E582,E782,False
N03,E583,E610,False
N03,E583,E641,False
N03,E583,E647,False
N03,E583,E651,False
N03,E583,E738,True
N03,E583,E742,True
N03,E584,E611,True
N03,E584,E620,True
N03,E584,E706,False
N03,E584,E740,True
N03,E584,E783,False
N03,E585,E636,True
N03,E585,E639,False
N03,E585,E772,False
N03,E585,E774,False
N03,E586,E612,False
N03,E586,E619,False
N03,E586,E653,False
N03,E586,E655,False
N03,E586,E673,True
N03,E587,E665,False
N03,E587,E715,False
N03,E587,E758,False
N03,E588,E658,True
N03,E589,E603,True
N03,E589,E659,True
N03,E589,E683,False
N03,E589,E743,False
N03,E589,E754,True
N03,E590,E624,False
N03,E590,E767,False
N03,E591,E698,False
N03,E591,E719,True
N03,E591,E768,False
N03,E592,E626,False
N03,E592,E696,False
N03,E592,E714,False
N03,E592,E749,False
N03,E593,E628,False
N03,E593,E728,False
N03,E593,E743,True
N03,E594,E655,False
N03,E594,E676,False
N03,E594,E739,True
N03,E594,E741,True
N03,E595,E601,True
N03,E595,E700,False
N03,E595,E724,False
N03,E595,E736,True
N03,E595,E764,False
N03,E595,E771,False
N03,E596,E734,False
N03,E596,E771,False
N03,E596,E792,True
N03,E597,E703,False
N03,E597,E782,True
N03,E598,E676,False
N03,E599,E672,False
N03,E599,E727,False
N03,E599,E739,False
N03,E600,E871,True
N03,E601,E843,True
N03,E601,E967,True
N03,E602,E880,False
N03,E602,E886,True
N03,E602,E901,False
N03,E602,E935,True
N03,E602,E988,True
N03,E604,E869,False
N03,E604,E878,False
N03,E604,E899,False
N03,E604,E903,False
N03,E604,E981,False
N03,E605,E804,False
N03,E605,E837,False
N03,E605,E889,False
N03,E605,E907,True
N03,E605,E911,False
N03,E605,E917,False
N03,E605,E952,False
N03,E605,E992,True
N03,E605,E995,False
N03,E606,E835,False
N03,E606,E853,False
N03,E607,E816,False
N03,E607,E912,False
N03,E607,E937,True
N03,E607,E941,True
N03,E607,E968,False
N03,E609,E851,False
N03,E609,E870,False
N03,E609,E949,False
N03,E609,E953,False
N03,E609,E974,True
N03,E609,E975,True
N03,E610,E858,True
N03,E611,E807,True
N03,E611,E809,False
N03,E611,E869,True
N03,E611,E964,True
N03,E611,E980,True
N03,E612,E828,True
N03,E612,E856,False
N03,E612,E894,False
N03,E612,E986,True
N03,E613,E804,True
N03,E613,E934,False
N03,E615,E849,True
N03,E615,E886,False
N03,E615,E894,False
N03,E615,E904,False
N03,E615,E926,False
N03,E615,E937,False
N03,E616,E800,True
N03,E616,E987,False
N03,E616,E991,False
N03,E617,E822,True
N03,E618,E854,False
N03,E618,E962,False
N03,E619,E814,True
N03,E619,E830,True
N03,E620,E877,True
N03,E621,E864,True
N03,E621,E896,False
N03,E621,E999,False
N03,E622,E901,False
N03,E622,E924,False
N03,E622,E935,False
N03,E623,E806,False
N03,E623,E879,False
N03,E623,E916,False
N03,E623,E954,False
N03,E624,E819,False
N03,E624,E827,True
N03,E624,E890,False
N03,E624,E944,True
N03,E624,E966,False
N03,E624,E993,False
N03,E625,E829,False
N03,E625,E925,False
N03,E626,E863,False
N03,E626,E972,True
N03,E626,E988,False
N03,E627,E865,False
N03,E627,E881,False
N03,E627,E921,True
N03,E627,E968,False
N03,E628,E821,True
N03,E629,E843,False
N03,E629,E862,False
N03,E629,E980,False
N03,E629,E981,True
N03,E630,E905,False
N03,E630,E968,True
N03,E631,E883,False
N03,E632,E834,True
N03,E632,E938,False
N03,E633,E808,False
N03,E633,E855,False
N03,E633,E926,False
N03,E633,E962,False
N03,E633,E971,True
N03,E633,E979,False
N03,E634,E862,True
N03,E634,E959,False
N03,E634,E967,False
N03,E634,E972,False
N03,E634,E975,False
N03,E634,E990,False
N03,E635,E837,False
N03,E635,E944,False
N03,E636,E854,True
N03,E636,E863,False
N03,E636,E938,True
N03,E636,E939,False
N03,E637,E829,True
N03,E637,E860,False
N03,E637,E866,False
N03,E637,E904,False
N03,E637,E951,False
N03,E638,E815,True
N03,E638,E901,False
N03,E640,E824,False
N03,E640,E828,False
N03,E640,E910,False
N03,E641,E851,True
N03,E642,E847,True
N03,E642,E897,True
N03,E642,E969,False
N03,E642,E984,True
N03,E643,E846,True
N03,E643,E885,False
N03,E643,E923,False
N03,E643,E945,False
N03,E644,E818,False
N03,E645,E852,False
N03,E645,E864,False
N03,E645,E877,False
N03,E645,E977,True
N03,E647,E833,True
N03,E647,E891,False
N03,E648,E804,False
N03,E648,E900,False
N03,E649,E830,False
N03,E650,E997,True
N03,E651,E827,False
N03,E652,E841,True
N03,E652,E850,False
N03,E652,E920,False
N03,E652,E925,False
N03,E653,E842,False
N03,E653,E850,False
N03,E653,E853,False
N03,E653,E874,False
N03,E654,E965,False
N03,E655,E983,True
N03,E656,E920,False
N03,E657,E896,True
N03,E657,E940,False
N03,E657,E963,False
N03,E657,E978,False
N03,E657,E987,False
N03,E658,E803,True
N03,E658,E811,True
N03,E658,E813,False
N03,E658,E825,False
N03,E659,E973,False
N03,E660,E897,False
N03,E660,E924,True
N03,E661,E811,False
N03,E661,E847,False
N03,E661,E977,False
N03,E662,E927,False
N03,E662,E951,True
N03,E663,E808,True
N03,E663,E926,False
N03,E663,E928,False
N03,E663,E976,False
N03,E665,E825,True
N03,E665,E849,False
N03,E665,E877,False
N03,E666,E801,False
N03,E666,E815,False
N03,E666,E873,False
N03,E666,E890,True
N03,E667,E837,False
N03,E667,E857,True
N03,E667,E861,True
N03,E669,E846,False
N03,E669,E959,False
N03,E669,E973,True
N03,E670,E814,False
N03,E670,E824,True
N03,E670,E933,True
N03,E671,E845,False
N03,E671,E866,False
N03,E673,E820,True
N03,E673,E827,False
N03,E673,E840,True
N03,E673,E841,False
N03,E673,E884,True
N03,E673,E975,False
N03,E674,E882,False
N03,E674,E894,False
N03,E674,E922,False
N03,E674,E947,False
N03,E674,E980,False
N03,E674,E983,False
N03,E675,E994,True
N03,E676,E824,False
N03,E676,E836,False
N03,E676,E892,False
N03,E676,E900,True
N03,E676,E939,False
N03,E677,E903,True
N03,E677,E961,False
N03,E678,E842,False
N03,E678,E989,False
N03,E679,E810,False
N03,E681,E842,False
N03,E681,E850,False
N03,E681,E957,True
N03,E682,E901,True
N03,E684,E834,False
N03,E684,E922,True
N03,E685,E804,False
N03,E685,E824,False
N03,E685,E912,True
N03,E685,E928,False
N03,E685,E948,False
N03,E686,E811,False
N03,E686,E817,False
N03,E686,E836,True
N03,E686,E895,False
N03,E686,E912,False
N03,E686,E916,False
N03,E686,E985,True
N03,E686,E991,False
N03,E687,E812,False
N03,E688,E815,False
N03,E688,E822,False
N03,E688,E915,True
N03,E688,E939,True
N03,E688,E949,True
N03,E688,E957,False
N03,E688,E969,True
N03,E689,E845,True
N03,E689,E872,False
N03,E690,E823,True
N03,E690,E861,False
N03,E690,E882,False
N03,E690,E892,True
N03,E690,E904,True
N03,E690,E913,True
N03,E690,E960,False
N03,E692,E825,False
N03,E692,E985,False
N03,E693,E814,False
N03,E693,E874,False
N03,E693,E889,False
N03,E693,E913,False
N03,E693,E946,True
N03,E693,E987,False
N03,E694,E878,False
N03,E695,E806,False
N03,E695,E840,False
N03,E695,E894,True
N03,E695,E993,True
N03,E696,E819,False
N03,E696,E878,True
N03,E696,E915,False
N03,E696,E946,False
N03,E697,E808,False
N03,E698,E818,True
N03,E698,E893,True
N03,E698,E933,False
N03,E699,E929,False
N03,E700,E803,False
N03,E700,E853,True
N03,E700,E887,True
N03,E700,E918,False
N03,E700,E944,False
N03,E701,E807,False
N03,E701,E812,False
N03,E701,E948,True
N03,E701,E964,False
N03,E701,E978,True
N03,E701,E982,True
N03,E702,E808,False
N03,E702,E860,True
N03,E702,E879,False
N03,E702,E900,False
N03,E702,E945,True
N03,E702,E965,True
N03,E703,E853,False
N03,E703,E919,False
N03,E703,E973,False
N03,E703,E983,False
N03,E703,E998,False
N03,E704,E814,False
N03,E705,E807,False
N03,E705,E935,False
N03,E706,E826,True
N03,E706,E859,True
N03,E706,E881,False
N03,E707,E964,False
N03,E708,E867,False
N03,E708,E919,False
N03,E708,E963,True
N03,E708,E982,False
N03,E709,E831,True
N03,E709,E875,False
N03,E710,E801,False
N03,E710,E825,False
N03,E710,E857,False
N03,E710,E881,True
N03,E710,E885,False
N03,E710,E970,False
N03,E712,E816,False
N03,E712,E817,False
N03,E712,E880,False
N03,E713,E867,False
N03,E713,E999,True
N03,E714,E927,True
N03,E714,E962,True
N03,E715,E839,False
N03,E716,E819,False
N03,E716,E891,False
N03,E716,E969,False
N03,E717,E838,True
N03,E717,E875,False
N03,E717,E926,True
N03,E717,E997,False
N03,E718,E805,False
N03,E718,E806,True
N03,E718,E940,False
N03,E718,E943,False
N03,E718,E970,True
N03,E720,E833,False
N03,E720,E864,False
N03,E720,E914,False
N03,E720,E928,True
N03,E720,E931,False
N03,E720,E959,True
N03,E721,E900,False
N03,E722,E826,False
N03,E722,E843,False
N03,E722,E844,True
N03,E722,E880,True
N03,E722,E882,False
N03,E722,E930,False
N03,E722,E972,False
N03,E723,E850,True
N03,E723,E921,False
N03,E724,E898,True
N03,E724,E914,True
N03,E725,E984,False
N03,E726,E960,True
N03,E727,E875,True
N03,E727,E920,False
N03,E727,E948,False
N03,E727,E964,False
N03,E727,E985,False
N03,E727,E987,True
N03,E727,E991,True
N03,E728,E821,False
N03,E728,E919,False
N03,E729,E891,True
N03,E729,E998,True
N03,E730,E835,False
N03,E730,E848,False
N03,E730,E886,False
N03,E730,E952,False
N03,E730,E991,False
N03,E730,E994,False
N03,E731,E874,True
N03,E731,E877,False
N03,E731,E885,True
N03,E731,E995,True
N03,E732,E855,False
N03,E732,E867,False
N03,E733,E811,False
N03,E733,E855,True
N03,E733,E876,False
N03,E733,E895,True
N03,E733,E971,False
N03,E733,E975,False
N03,E734,E800,False
N03,E734,E810,True
N03,E734,E818,False
N03,E734,E865,True
N03,E734,E989,True
N03,E735,E866,False
N03,E736,E916,True
N03,E736,E929,False
N03,E736,E941,False
N03,E737,E816,False
N03,E737,E821,False
N03,E737,E967,False
N03,E738,E956,False
N03,E739,E874,False
N03,E740,E831,False
N03,E740,E917,True
N03,E740,E950,False
N03,E740,E976,False
N03,E741,E893,False
N03,E741,E953,True
N03,E742,E859,False
N03,E742,E898,False
N03,E744,E835,True
N03,E744,E854,False
N03,E744,E986,False
N03,E744,E990,True
N03,E745,E902,False
N03,E745,E912,False
N03,E745,E923,True
N03,E745,E976,False
N03,E745,E992,False
N03,E746,E812,False
N03,E746,E902,False
N03,E746,E966,True
N03,E747,E815,False
N03,E747,E852,True
N03,E747,E863,True
N03,E747,E883,True
N03,E747,E886,False
N03,E747,E914,False
N03,E747,E915,False
N03,E748,E802,False
N03,E748,E867,True
N03,E748,E872,True
N03,E748,E885,False
N03,E748,E917,False
N03,E748,E938,False
N03,E749,E856,False
N03,E749,E866,True
N03,E749,E871,False
N03,E749,E899,True
N03,E749,E997,False
N03,E750,E868,False
N03,E750,E869,False
N03,E750,E974,False
N03,E751,E879,False
N03,E751,E996,False
N03,E752,E863,False
N03,E752,E929,False
N03,E754,E817,True
N03,E754,E870,True
N03,E754,E983,False
N03,E755,E864,False
N03,E755,E947,True
N03,E755,E998,False
N03,E756,E802,True
N03,E756,E819,True
N03,E756,E979,False
N03,E757,E950,True
N03,E757,E952,False
N03,E757,E969,False
N03,E757,E976,True
N03,E758,E831,False
N03,E758,E893,False
N03,E758,E947,False
N03,E759,E845,False
N03,E760,E823,False
N03,E760,E942,False
N03,E761,E889,True
N03,E762,E909,True
N03,E762,E925,False
N03,E762,E932,True
N03,E762,E960,False
N03,E763,E837,True
N03,E763,E856,True
N03,E763,E907,False
N03,E763,E918,True
N03,E764,E831,False
N03,E764,E873,True
N03,E765,E812,True
N03,E765,E842,True
N03,E765,E919,True
N03,E766,E820,False
N03,E766,E882,True
N03,E766,E931,True
N03,E766,E936,False
N03,E767,E995,False
N03,E768,E813,False
N03,E768,E902,False
N03,E768,E911,False
N03,E768,E914,False
N03,E768,E940,True
N03,E768,E979,False
N03,E769,E906,False
N03,E769,E935,False
N03,E769,E958,False
N03,E769,E996,True
N03,E770,E805,False
N03,E770,E809,True
N03,E770,E848,False
N03,E770,E911,False
N03,E770,E955,True
N03,E771,E801,False
N03,E771,E897,False
N03,E771,E921,False
N03,E771,E943,True
N03,E772,E832,False
N03,E772,E929,True
N03,E772,E980,False
N03,E773,E974,False
N03,E773,E985,False
N03,E774,E905,False
N03,E774,E918,False
N03,E774,E937,False
N03,E774,E947,False
N03,E775,E813,True
N03,E775,E844,False
N03,E775,E927,False
N03,E775,E937,False
N03,E776,E933,False
N03,E776,E942,True
N03,E776,E974,False
N03,E777,E905,True
N03,E777,E988,False
N03,E778,E930,True
N03,E778,E954,True
N03,E778,E973,False
N03,E780,E890,False
N03,E780,E908,False
N03,E780,E911,True
N03,E780,E928,False
N03,E780,E990,False
N03,E781,E840,False
N03,E781,E858,False
N03,E781,E868,True
N03,E782,E902,True
N03,E782,E949,False
N03,E782,E956,True
N03,E782,E999,False
N03,E783,E884,False
N03,E783,E967,False
N03,E784,E805,True
N03,E784,E925,True
N03,E784,E984,False
N03,E785,E830,False
N03,E786,E803,False
N03,E786,E854,False
N03,E786,E876,True
N03,E786,E883,False
N03,E786,E910,True
N03,E787,E940,False
N03,E787,E945,False
N03,E787,E968,False
N03,E788,E883,False
N03,E788,E888,False
N03,E788,E909,False
N03,E789,E828,False
N03,E789,E931,False
N03,E790,E938,False
N03,E790,E942,False
N03,E791,E955,False
N03,E791,E958,True
N03,E791,E997,False
N03,E792,E801,True
N03,E792,E839,True
N03,E792,E920,True
N03,E792,E922,False
N03,E792,E934,True
N03,E793,E834,False
N03,E793,E909,False
N03,E793,E979,True
N03,E794,E897,False
N03,E794,E909,False
N03,E794,E952,True
N03,E795,E816,True
N03,E795,E817,False
N03,E795,E821,False
N03,E795,E832,True
N03,E795,E833,False
N03,E795,E906,True
N03,E796,E835,False
N03,E796,E848,True
N03,E796,E859,False
N03,E796,E908,True
N03,E796,E932,False
N03,E796,E936,True
N03,E796,E959,False
N03,E797,E838,False
N03,E797,E879,True
N03,E797,E884,False
N03,E797,E888,True
N03,E797,E998,False
N03,E798,E913,False
N03,E798,E933,False
N03,E798,E961,True
N03,E798,E990,False
N03,E799,E818,False
N03,E799,E887,False
N03,E799,E891,False
N03,E799,E951,False
N04,E000,E212,False
N04,E000,E289,False
N04,E000,E385,False
N04,E001,E240,False
N04,E001,E248,False
N04,E001,E364,False
N04,E002,E374,False
N04,E002,E384,False
N04,E003,E236,False
N04,E003,E298,False
N04,E003,E304,False
N04,E003,E330,False
N04,E003,E368,False
N04,E004,E263,True
N04,E004,E273,True
N04,E004,E283,False
N04,E004,E342,False
N04,E004,E376,False
N04,E004,E382,False
N04,E005,E334,False
N04,E005,E379,True
N04,E005,E397,True
N04,E006,E203,False
N04,E006,E222,False
N04,E006,E368,False
N04,E007,E231,True
N04,E007,E233,True
N04,E007,E271,False
N04,E007,E327,False
N04,E007,E333,True
N04,E007,E381,False
N04,E008,E213,False
N04,E008,E247,False
N04,E008,E253,True
N04,E008,E352,False
N04,E009,E226,True
N04,E009,E263,False
N04,E009,E326,False
N04,E009,E335,True
N04,E009,E350,False
N04,E010,E281,False
N04,E010,E310,False
N04,E010,E327,True
N04,E010,E361,False
N04,E011,E281,False
N04,E011,E328,True
N04,E011,E345,True
N04,E012,E209,True
N04,E012,E311,True
N04,E014,E259,True
N04,E015,E210,False
N04,E015,E215,False
N04,E015,E227,False
N04,E015,E261,False
N04,E015,E263,False
N04,E015,E274,False
N04,E016,E204,False
N04,E016,E212,True
N04,E017,E251,False
N04,E017,E305,False
N04,E017,E353,False
N04,E017,E396,False
N04,E018,E314,False
N04,E018,E324,False
N04,E019,E269,False
N04,E019,E274,False
N04,E019,E279,True
N04,E019,E354,False
N04,E020,E343,True
N04,E021,E259,False
N04,E022,E205,False
N04,E022,E213,True
N04,E022,E267,False
N04,E022,E373,False
N04,E022,E390,True
N04,E024,E226,False
N04,E024,E235,True
N04,E024,E320,False
N04,E024,E380,True
N04,E025,E260,False
N04,E025,E340,False
N04,E026,E316,True
N04,E027,E249,False
N04,E027,E287,True
N04,E027,E301,True
N04,E027,E313,False
N04,E027,E370,True
N04,E027,E395,True
N04,E028,E297,False
N04,E028,E398,False
N04,E029,E220,True
N04,E029,E358,True
N04,E029,E385,True
N04,E030,E239,True
N04,E031,E375,False
N04,E033,E216,False
N04,E033,E279,False
N04,E033,E311,False
N04,E033,E316,False
N04,E034,E221,False
N04,E034,E287,False
N04,E035,E212,False
N04,E035,E256,True
N04,E035,E388,False
N04,E036,E243,True
N04,E036,E354,True
N04,E037,E350,True
N04,E037,E367,True
N04,E037,E391,False
N04,E038,E225,False
N04,E038,E227,True
N04,E038,E331,False
N04,E038,E342,False
N04,E039,E255,True
N04,E039,E306,False
N04,E040,E214,True
N04,E040,E238,False
N04,E040,E328,False
N04,E041,E292,True
N04,E041,E337,False
N04,E041,E362,False
N04,E041,E383,False
N04,E042,E250,False
N04,E042,E288,False
N04,E042,E317,False
N04,E042,E379,False
N04,E044,E260,False
N04,E044,E265,True
N04,E044,E348,True
N04,E045,E338,False
N04,E046,E222,False
N04,E046,E228,False
N04,E046,E279,False
N04,E046,E281,False
N04,E046,E389,False
N04,E047,E250,False
N04,E047,E267,False
N04,E047,E270,True
N04,E047,E291,False
N04,E047,E294,True
N04,E047,E323,True
N04,E047,E347,False
N04,E048,E362,True
N04,E049,E205,True
N04,E049,E277,False
N04,E050,E217,False
N04,E051,E221,True
N04,E051,E223,False
N04,E051,E341,True
N04,E052,E285,False
N04,E052,E322,False
N04,E052,E343,False
N04,E052,E392,True
N04,E053,E271,False
N04,E053,E347,False
N04,E053,E349,True
N04,E054,E326,True
N04,E054,E343,False
N04,E056,E338,True
N04,E057,E219,True
N04,E057,E265,False
N04,E057,E372,False
N04,E057,E388,True
N04,E058,E262,False
N04,E058,E276,False
N04,E058,E304,True
N04,E058,E308,True
N04,E059,E391,True
N04,E060,E238,False
N04,E060,E240,True
N04,E060,E350,False
N04,E061,E214,False
N04,E061,E229,False
N04,E061,E258,True
N04,E061,E268,False
N04,E062,E280,True
N04,E062,E284,True
N04,E062,E295,True
N04,E062,E298,True
N04,E062,E337,False
N04,E062,E343,False
N04,E064,E222,False
N04,E064,E327,False
N04,E064,E346,True
N04,E065,E216,False
N04,E065,E262,False
N04,E065,E292,False
N04,E065,E323,False
N04,E065,E337,True
N04,E066,E225,True
N04,E066,E246,True
N04,E066,E366,False
N04,E067,E322,True
N04,E067,E332,False
N04,E067,E334,True
N04,E067,E349,False
N04,E067,E363,False
N04,E068,E215,False
N04,E068,E253,False
N04,E068,E313,False
N04,E069,E293,True
N04,E069,E353,False
N04,E069,E359,True
N04,E069,E385,False
N04,E070,E204,True
N04,E070,E244,True
N04,E070,E387,False
N04,E071,E381,True
N04,E073,E200,True
N04,E073,E201,True
N04,E073,E267,True
N04,E073,E278,True
N04,E073,E328,False
N04,E073,E336,False
N04,E073,E362,False
N04,E074,E381,False
N04,E075,E228,True
N04,E076,E251,False
N04,E076,E267,False
N04,E076,E360,True
N04,E077,E244,False
N04,E077,E253,False
N04,E077,E352,True
N04,E077,E389,False
N04,E078,E316,False
N04,E078,E319,True
N04,E078,E362,False
N04,E079,E251,True
N04,E079,E259,False
N04,E079,E284,False
N04,E079,E293,False
N04,E079,E322,False
N04,E080,E246,False
N04,E080,E325,True
N04,E080,E328,False
N04,E080,E397,False
N04,E081,E210,False
N04,E081,E268,True
N04,E081,E311,False
N04,E082,E207,True
N04,E082,E232,False
N04,E082,E249,True
N04,E082,E291,True
N04,E082,E292,False
N04,E082,E377,False
N04,E083,E305,True
N04,E083,E392,False
N04,E084,E256,False
N04,E084,E277,False
N04,E084,E297,False
N04,E084,E378,True
N04,E084,E390,False
N04,E084,E399,True
N04,E085,E204,False
N04,E086,E206,False
N04,E086,E265,False
N04,E086,E323,False
N04,E086,E324,False
N04,E086,E330,True
N04,E086,E331,True
N04,E087,E213,False
N04,E087,E237,False
N04,E087,E299,False
N04,E087,E313,True
N04,E087,E335,False
N04,E087,E355,False
N04,E087,E377,False
N04,E088,E290,False
N04,E088,E385,False
N04,E088,E386,False
N04,E089,E338,False
N04,E090,E242,False
N04,E090,E276,True
N04,E090,E285,False
N04,E090,E360,False
N04,E092,E200,False
N04,E092,E285,False
N04,E094,E234,True
N04,E094,E312,False
N04,E094,E384,True
N04,E095,E317,False
N04,E095,E355,False
N04,E095,E369,True
N04,E096,E250,False
N04,E097,E321,True
N04,E098,E215,True
N04,E098,E238,False
N04,E098,E290,False
N04,E098,E314,False
N04,E099,E206,True
N04,E099,E226,False
N04,E099,E257,False
N04,E099,E275,False
N04,E099,E377,True
N04,E100,E299,False
N04,E100,E365,False
N04,E100,E397,False
N04,E101,E320,True
N04,E102,E303,False
N04,E102,E306,False
N04,E102,E312,False
N04,E103,E203,False
N04,E103,E216,True
N04,E103,E239,False
N04,E103,E255,False
N04,E103,E282,False
N04,E103,E302,False
N04,E103,E336,True
N04,E103,E391,False
N04,E104,E278,False
N04,E104,E326,False
N04,E104,E346,False
N04,E104,E359,False
N04,E104,E390,False
N04,E106,E243,False
N04,E107,E290,False
N04,E107,E300,False
N04,E107,E310,True
N04,E107,E383,True
N04,E108,E231,False
N04,E108,E273,False
N04,E108,E294,False
N04,E108,E321,False
N04,E109,E217,False
N04,E109,E329,False
N04,E109,E339,False
N04,E110,E228,False
N04,E110,E300,False
N04,E111,E226,False
N04,E111,E243,False
N04,E111,E358,False
N04,E111,E366,False
N04,E112,E395,False
N04,E113,E208,True
N04,E113,E252,True
N04,E113,E361,False
N04,E114,E202,False
N04,E114,E224,False
N04,E114,E241,False
N04,E114,E325,False
N04,E114,E364,True
N04,E115,E205,False
N04,E115,E218,True
N04,E115,E230,False
N04,E115,E304,False
N04,E115,E393,False
N04,E116,E219,False
N04,E116,E289,True
N04,E116,E386,True
N04,E117,E361,True
N04,E117,E371,False
N04,E118,E236,False
N04,E118,E300,False
N04,E118,E303,True
N04,E118,E367,False
N04,E119,E355,False
N04,E120,E252,False
N04,E120,E394,False
N04,E121,E204,False
N04,E121,E229,True
N04,E121,E260,False
N04,E121,E264,False
N04,E121,E346,False
N04,E121,E386,False
N04,E122,E239,False
N04,E122,E257,True
N04,E122,E301,False
N04,E122,E309,False
N04,E122,E356,True
N04,E123,E320,False
N04,E123,E394,True
N04,E124,E341,False
N04,E124,E399,False
N04,E125,E248,False
N04,E125,E283,True
N04,E125,E345,False
N04,E125,E369,False
N04,E127,E320,False
N04,E127,E357,False
N04,E128,E205,False
N04,E128,E228,False
N04,E128,E336,False
N04,E128,E396,True
N04,E128,E398,True
N04,E129,E251,False
N04,E129,E341,False
N04,E129,E342,True
N04,E130,E217,True
N04,E130,E229,False
N04,E130,E340,False
N04,E131,E236,False
N04,E131,E351,False
N04,E131,E380,False
N04,E132,E322,False
N04,E133,E224,True
N04,E133,E241,True
N04,E133,E277,True
N04,E133,E308,False
N04,E133,E340,False
N04,E134,E359,False
N04,E135,E236,True
N04,E135,E237,True
N04,E135,E272,False
N04,E135,E312,True
N04,E135,E372,True
N04,E135,E375,False
N04,E136,E246,False
N04,E136,E285,True
N04,E137,E298,False
N04,E137,E356,False
N04,E138,E202,False
N04,E138,E288,True
N04,E138,E300,True
N04,E138,E302,False
N04,E138,E318,False
N04,E138,E357,True
N04,E139,E210,False
N04,E139,E302,False
N04,E139,E319,False
N04,E139,E346,False
N04,E139,E368,True
N04,E140,E225,False
N04,E140,E280,False
N04,E141,E212,False
N04,E141,E234,False
N04,E141,E270,False
N04,E142,E282,True
N04,E142,E306,True
N04,E143,E200,False
N04,E143,E271,True
N04,E143,E274,True
N04,E143,E293,False
N04,E144,E318,True
N04,E145,E233,False
N04,E145,E260,True
N04,E145,E296,False
N04,E146,E262,True
N04,E146,E296,True
N04,E146,E340,True
N04,E146,E382,True
N04,E147,E382,False
N04,E148,E206,False
N04,E148,E245,False
N04,E149,E221,False
N04,E149,E315,False
N04,E149,E324,True
N04,E149,E353,False
N04,E150,E305,False
N04,E150,E339,True
N04,E152,E203,True
N04,E152,E240,False
N04,E152,E248,True
N04,E152,E358,False
N04,E152,E370,False
N04,E153,E245,True
N04,E153,E281,True
N04,E153,E292,False
N04,E153,E299,True
N04,E153,E325,False
N04,E153,E395,False
N04,E154,E309,True
N04,E154,E339,False
N04,E154,E389,False
N04,E155,E233,False
N04,E155,E256,False
N04,E155,E261,False
N04,E155,E307,False
N04,E157,E282,False
N04,E158,E339,False
N04,E158,E344,False
N04,E158,E348,False
N04,E158,E359,False
N04,E159,E280,False
N04,E159,E314,False
N04,E159,E370,False
N04,E159,E376,True
N04,E159,E395,False
N04,E160,E242,False
N04,E160,E264,True
N04,E160,E327,False
N04,E160,E330,False
N04,E160,E370,False
N04,E160,E374,True
N04,E161,E231,False
N04,E161,E247,True
N04,E162,E269,True
N04,E162,E286,True
N04,E162,E303,False
N04,E162,E363,True
N04,E162,E364,False
N04,E163,E224,False
N04,E163,E266,False
N04,E163,E312,False
N04,E163,E390,False
N04,E164,E208,False
N04,E164,E278,False
N04,E164,E298,False
N04,E164,E306,False
N04,E165,E399,False
N04,E166,E250,True
N04,E166,E291,False
N04,E167,E373,True
N04,E168,E202,True
N04,E169,E344,False
N04,E170,E329,False
N04,E170,E365,True
N04,E170,E374,False
N04,E170,E379,False
N04,E170,E389,True
N04,E171,E207,False
N04,E171,E351,True
N04,E172,E317,True
N04,E172,E344,True
N04,E173,E254,False
N04,E173,E323,False
N04,E173,E375,True
N04,E174,E209,False
N04,E174,E354,False
N04,E174,E387,True
N04,E175,E211,False
N04,E175,E242,False
N04,E175,E266,True
N04,E175,E283,False
N04,E175,E286,False
N04,E175,E347,True
N04,E176,E223,True
N04,E176,E315,True
N04,E176,E319,False
N04,E177,E207,False
N04,E177,E232,False
N04,E177,E254,True
N04,E178,E214,False
N04,E178,E265,False
N04,E178,E295,False
N04,E179,E277,False
N04,E179,E282,False
N04,E179,E397,False
N04,E180,E238,True
N04,E180,E261,True
N04,E180,E302,True
N04,E180,E313,False
N04,E180,E329,False
N04,E181,E239,False
N04,E181,E240,False
N04,E182,E242,True
N04,E182,E258,False
N04,E182,E290,True
N04,E183,E207,False
N04,E183,E381,False
N04,E184,E201,False
N04,E184,E230,True
N04,E184,E232,True
N04,E184,E272,True
N04,E184,E295,False
N04,E185,E235,False
N04,E186,E210,True
N04,E186,E223,False
N04,E186,E308,False
N04,E186,E347,False
N04,E186,E353,True
N04,E186,E392,False
N04,E187,E307,True
N04,E189,E342,False
N04,E189,E355,True
N04,E189,E366,True
N04,E190,E221,False
N04,E190,E222,True
N04,E190,E378,False
N04,E191,E232,False
N04,E192,E294,False
N04,E192,E314,True
N04,E192,E326,False
N04,E193,E220,False
N04,E193,E275,True
N04,E193,E297,True
N04,E193,E392,False
N04,E193,E393,True
N04,E194,E270,False
N04,E194,E351,False
N04,E194,E371,True
N04,E195,E218,False
N04,E195,E361,False
N04,E196,E310,False
N04,E197,E211,True
N04,E197,E214,False
N04,E197,E219,False
N04,E197,E332,True
N04,E198,E333,False
N04,E199,E329,True
N04,E199,E345,False
N04,E200,E497,False
N04,E201,E428,True
N04,E201,E458,False
N04,E201,E554,True
N04,E202,E513,False
N04,E202,E562,False
N04,E203,E468,True
N04,E203,E487,False
N04,E203,E592,False
N04,E204,E407,True
N04,E204,E460,False
N04,E204,E484,False
N04,E204,E573,False
N04,E205,E513,True
N04,E206,E553,False
N04,E207,E409,False
N04,E207,E467,True
N04,E207,E490,True
N04,E207,E543,False
N04,E207,E572,True
N04,E207,E597,True
N04,E208,E530,False
N04,E209,E406,False
N04,E209,E471,True
N04,E210,E406,False
N04,E210,E442,True
N04,E210,E511,True
N04,E210,E577,True
N04,E211,E536,True
N04,E212,E437,False
N04,E212,E479,False
N04,E212,E487,True
N04,E212,E572,False
N04,E212,E593,True
N04,E213,E518,False
N04,E213,E534,True
N04,E214,E556,True
N04,E215,E474,False
N04,E215,E518,True
N04,E215,E540,False
N04,E215,E555,False
N04,E215,E590,False
N04,E217,E512,False
N04,E217,E565,False
N04,E218,E418,False
N04,E218,E419,True
N04,E218,E526,False
N04,E219,E469,False
N04,E219,E485,False
N04,E220,E485,False
N04,E220,E488,False
N04,E220,E497,True
N04,E221,E505,False
N04,E221,E533,False
N04,E221,E559,False
N04,E222,E410,True
N04,E222,E571,False
N04,E223,E415,False
N04,E223,E537,False
N04,E224,E457,True
N04,E224,E552,False
N04,E224,E584,True
N04,E225,E462,False
N04,E226,E402,False
N04,E226,E427,False
N04,E226,E492,True
N04,E226,E523,False
N04,E226,E535,False
N04,E226,E567,False
N04,E227,E500,False
N04,E227,E504,True
N04,E228,E461,True
N04,E228,E484,True
N04,E228,E505,True
N04,E228,E558,False
N04,E229,E458,False
N04,E229,E541,False
N04,E229,E546,True
N04,E229,E579,False
N04,E230,E432,False
N04,E230,E478,False
N04,E230,E511,False
N04,E230,E592,False
N04,E230,E596,True
N04,E231,E482,False
N04,E232,E407,False
N04,E232,E442,False
N04,E232,E564,True
N04,E232,E579,False
N04,E233,E401,False
N04,E233,E530,True
N04,E234,E423,True
N04,E234,E466,False
N04,E234,E477,False
N04,E234,E488,True
N04,E234,E519,False
N04,E234,E522,False
N04,E234,E531,True
N04,E234,E545,True
N04,E235,E415,False
N04,E235,E431,False
N04,E235,E444,False
N04,E235,E498,False
N04,E236,E437,True
N04,E236,E470,True
N04,E236,E514,False
N04,E237,E435,False
N04,E237,E501,False
N04,E237,E507,False
N04,E237,E557,True
N04,E237,E571,False
N04,E238,E454,False
N04,E238,E463,False
N04,E238,E519,True
N04,E238,E529,False
N04,E239,E473,True
N04,E239,E497,False
N04,E240,E439,True
N04,E240,E453,False
N04,E241,E442,False
N04,E241,E535,True
N04,E242,E461,False
N04,E242,E522,False
N04,E243,E438,False
N04,E243,E443,False
N04,E243,E488,False
N04,E243,E533,False
N04,E243,E544,True
N04,E244,E455,True
N04,E244,E525,True
N04,E245,E514,True
N04,E245,E519,False
N04,E245,E531,False
N04,E246,E403,False
N04,E246,E502,False
N04,E247,E407,False
N04,E247,E409,True
N04,E247,E459,False
N04,E247,E462,False
N04,E247,E591,True
N04,E248,E450,False
N04,E248,E580,False
N04,E249,E412,False
N04,E249,E543,True
N04,E250,E504,False
N04,E250,E522,False
N04,E250,E529,False
N04,E250,E574,True
N04,E251,E579,True
N04,E252,E477,False
N04,E252,E550,False
N04,E252,E578,False
N04,E253,E524,True
N04,E253,E583,True
N04,E254,E434,False
N04,E254,E490,False
N04,E254,E521,False
N04,E254,E566,False
N04,E255,E520,False
N04,E255,E548,False
N04,E255,E599,False
N04,E256,E469,False
N04,E256,E471,False
N04,E256,E509,False
N04,E257,E447,False
N04,E257,E485,False
N04,E258,E413,False
N04,E258,E424,True
N04,E260,E461,False
N04,E260,E503,True
N04,E260,E539,False
N04,E260,E563,True
N04,E261,E495,False
N04,E261,E516,True
N04,E262,E467,False
N04,E262,E567,True
N04,E263,E419,False
N04,E263,E482,False
N04,E263,E595,True
N04,E264,E446,False
N04,E264,E461,False
N04,E264,E547,False
N04,E264,E565,True
N04,E264,E587,True
N04,E265,E473,False
N04,E265,E596,False
N04,E266,E410,False
N04,E266,E438,False
N04,E266,E533,True
N04,E266,E549,False
N04,E266,E555,True
N04,E267,E425,False
N04,E268,E415,True
N04,E268,E452,False
N04,E269,E419,False
N04,E269,E431,False
N04,E269,E432,True
N04,E270,E483,False
N04,E270,E574,False
N04,E270,E595,False
N04,E270,E596,False
N04,E271,E440,False
N04,E271,E449,False
N04,E271,E472,False
N04,E271,E530,False
N04,E272,E410,False
N04,E272,E429,False
N04,E272,E476,False
N04,E272,E548,True
N04,E272,E555,False
N04,E274,E400,False
N04,E275,E475,False
N04,E275,E478,True
N04,E275,E481,False
N04,E276,E450,False
N04,E276,E481,False
N04,E276,E591,False
N04,E277,E497,False
N04,E278,E405,False
N04,E278,E416,True
N04,E278,E517,True
N04,E278,E568,False
N04,E279,E453,True
N04,E279,E510,False
N04,E279,E514,False
N04,E279,E547,False
N04,E279,E551,False
N04,E279,E575,False
N04,E280,E431,True
N04,E281,E420,False
N04,E281,E421,False
N04,E281,E426,False
N04,E281,E431,False
N04,E281,E466,False
N04,E281,E469,True
N04,E281,E528,False
N04,E281,E559,True
N04,E281,E596,False
N04,E281,E599,False
N04,E282,E438,True
N04,E282,E490,False
N04,E282,E530,False
N04,E283,E402,False
N04,E283,E549,False
N04,E283,E580,False
N04,E284,E411,False
N04,E284,E427,True
N04,E284,E476,True
N04,E284,E490,False
N04,E284,E507,True
N04,E285,E400,True
N04,E285,E401,False
N04,E285,E440,False
N04,E285,E445,True
N04,E285,E500,True
N04,E285,E558,False
N04,E285,E560,False
N04,E286,E590,False
N04,E286,E592,True
N04,E287,E583,False
N04,E288,E466,False
N04,E288,E566,False
N04,E288,E574,False
N04,E288,E599,True
N04,E289,E459,True
N04,E289,E468,False
N04,E289,E480,False
N04,E289,E494,False
N04,E289,E594,False
N04,E290,E541,True
N04,E291,E483,True
N04,E291,E526,True
N04,E291,E552,True
N04,E291,E557,False
N04,E291,E559,False
N04,E292,E547,True
N04,E292,E548,False
N04,E293,E549,True
N04,E294,E424,False
N04,E294,E532,True
N04,E294,E563,False
N04,E295,E414,False
N04,E295,E418,False
N04,E295,E425,False
N04,E295,E586,True
N04,E296,E449,False
N04,E297,E477,True
N04,E297,E506,False
N04,E297,E578,False
N04,E298,E465,True
N04,E298,E470,False
N04,E298,E480,True
N04,E299,E476,False
N04,E299,E498,False
N04,E300,E436,True
N04,E300,E498,False
N04,E301,E419,False
N04,E301,E486,True
N04,E301,E510,True
N04,E301,E524,False
N04,E301,E527,True
N04,E301,E570,False
N04,E301,E582,False
N04,E302,E443,True
N04,E302,E471,False
N04,E302,E509,False
N04,E302,E516,False
N04,E302,E529,True
N04,E302,E542,True
N04,E303,E402,True
N04,E303,E436,False
N04,E304,E400,False
N04,E304,E460,False
N04,E304,E521,False
N04,E304,E537,False
N04,E304,E539,True
N04,E304,E558,False
N04,E305,E528,True
N04,E305,E549,False
N04,E305,E557,False
N04,E306,E463,False
N04,E306,E494,True
N04,E307,E425,True
N04,E307,E508,False
N04,E308,E429,True
N04,E308,E514,False
N04,E309,E414,True
N04,E309,E418,False
N04,E309,E481,True
N04,E309,E573,False
N04,E309,E587,False
N04,E310,E472,False
N04,E310,E537,True
N04,E310,E538,True
N04,E311,E407,False
N04,E311,E508,True
N04,E311,E532,False
N04,E311,E562,True
N04,E311,E568,True
N04,E311,E581,False
N04,E312,E409,False
N04,E312,E598,False
N04,E313,E474,False
N04,E313,E517,False
N04,E314,E479,True
N04,E314,E501,True
N04,E315,E495,True
N04,E315,E559,False
N04,E315,E561,False
N04,E315,E572,False
N04,E316,E402,False
N04,E316,E446,False
N04,E316,E569,True
N04,E317,E449,True
N04,E317,E475,True
N04,E318,E450,False
N04,E318,E544,False
N04,E319,E453,False
N04,E319,E483,False
N04,E320,E499,False
N04,E320,E553,True
N04,E321,E551,True
N04,E321,E571,True
N04,E322,E417,False
N04,E322,E426,False
N04,E322,E543,False
N04,E323,E463,True
N04,E323,E466,True
N04,E323,E472,True
N04,E323,E540,False
N04,E324,E430,False
N04,E324,E475,False
N04,E324,E574,False
N04,E324,E579,False
N04,E325,E479,False
N04,E325,E521,True
N04,E325,E527,False
N04,E325,E548,False
N04,E325,E556,False
N04,E326,E448,True
N04,E326,E588,True
N04,E327,E411,True
N04,E327,E434,True
N04,E328,E449,False
N04,E328,E450,True
N04,E328,E458,True
N04,E328,E480,False
N04,E330,E491,False
N04,E330,E532,False
N04,E330,E567,False
N04,E331,E489,False
N04,E331,E566,True
N04,E331,E597,False
N04,E332,E429,False
N04,E332,E516,False
N04,E332,E520,True
N04,E332,E522,True
N04,E332,E555,False
N04,E333,E468,False
N04,E333,E569,False
N04,E333,E592,False
N04,E334,E472,False
N04,E334,E517,False
N04,E335,E510,False
N04,E335,E560,True
N04,E335,E581,False
N04,E336,E422,True
N04,E336,E441,False
N04,E336,E589,False
N04,E337,E515,False
N04,E337,E523,True
N04,E338,E456,True
N04,E339,E401,False
N04,E339,E413,True
N04,E339,E418,True
N04,E339,E483,False
N04,E339,E499,False
N04,E339,E582,True
N04,E339,E586,False
N04,E340,E404,False
N04,E340,E422,False
N04,E340,E442,False
N04,E340,E515,False
N04,E340,E578,True
N04,E341,E426,True
N04,E341,E493,False
N04,E341,E554,False
N04,E341,E578,False
N04,E342,E460,False
N04,E342,E581,False
N04,E343,E401,True
N04,E343,E464,True
N04,E343,E551,False
N04,E344,E446,False
N04,E344,E517,False
N04,E344,E525,False
N04,E344,E542,False
N04,E344,E546,False
N04,E345,E426,False
N04,E345,E432,False
N04,E345,E454,True
N04,E345,E464,False
N04,E345,E470,False
N04,E345,E503,False
N04,E345,E550,True
N04,E345,E594,False
N04,E346,E428,False
N04,E346,E437,False
N04,E346,E451,True
N04,E346,E576,False
N04,E346,E598,True
N04,E347,E406,True
N04,E347,E421,True
N04,E348,E446,True
N04,E348,E479,False
N04,E348,E561,True
N04,E348,E575,True
N04,E348,E591,False
N04,E349,E408,True
N04,E349,E576,False
N04,E350,E423,False
N04,E350,E474,True
N04,E350,E495,False
N04,E351,E444,False
N04,E351,E489,False
N04,E351,E550,False
N04,E352,E423,False
N04,E352,E482,False
N04,E352,E533,False
N04,E353,E412,False
N04,E353,E414,False
N04,E353,E480,False
N04,E353,E488,False
N04,E354,E422,False
N04,E354,E433,True
N04,E354,E476,False
N04,E354,E558,True
N04,E354,E575,False
N04,E354,E576,True
N04,E354,E583,False
N04,E354,E585,False
N04,E355,E440,True
N04,E356,E456,False
N04,E357,E404,True
N04,E357,E482,True
N04,E357,E536,False
N04,E357,E537,False
N04,E358,E498,True
N04,E359,E524,False
N04,E360,E430,True
N04,E360,E593,False
N04,E361,E404,False
N04,E361,E510,False
N04,E361,E545,False
N04,E362,E462,True
N04,E362,E496,False
N04,E362,E499,False
N04,E362,E531,False
N04,E362,E570,True
N04,E363,E414,False
N04,E363,E477,False
N04,E363,E540,True
N04,E364,E444,False
N04,E364,E506,True
N04,E365,E435,True
N04,E365,E478,False
N04,E366,E484,False
N04,E367,E444,True
N04,E367,E544,False
N04,E368,E421,False
N04,E368,E443,False
N04,E368,E513,False
N04,E368,E573,True
N04,E368,E584,False
N04,E369,E429,False
N04,E369,E430,False
N04,E369,E538,False
N04,E369,E585,False
N04,E369,E590,True
N04,E371,E467,False
N04,E371,E469,False
N04,E371,E547,False
N04,E371,E594,True
N04,E372,E554,False
N04,E372,E567,False
N04,E372,E581,True
N04,E373,E452,False
N04,E373,E493,False
N04,E373,E544,False
N04,E374,E519,False
N04,E374,E564,False
N04,E374,E588,False
N04,E375,E405,True
N04,E375,E412,True
N04,E375,E417,False
N04,E375,E460,True
N04,E377,E417,True
N04,E377,E439,False
N04,E378,E420,False
N04,E378,E421,False
N04,E378,E441,True
N04,E378,E473,False
N04,E378,E566,False
N04,E379,E512,True
N04,E379,E542,False
N04,E380,E484,False
N04,E380,E575,False
N04,E381,E408,False
N04,E381,E416,False
N04,E381,E493,True
N04,E381,E511,False
N04,E381,E595,False
N04,E382,E452,True
N04,E382,E455,False
N04,E382,E470,False
N04,E382,E486,False
N04,E382,E496,True
N04,E382,E573,False
N04,E383,E403,True
N04,E383,E523,False
N04,E384,E409,False
N04,E384,E489,True
N04,E384,E515,True
N04,E384,E518,False
N04,E386,E580,True
N04,E387,E420,True
N04,E387,E425,False
N04,E387,E433,False
N04,E387,E464,False
N04,E387,E499,True
N04,E387,E512,False
N04,E387,E515,False
N04,E387,E577,False
N04,E388,E435,False
N04,E388,E463,False
N04,E388,E535,False
N04,E388,E564,False
N04,E389,E471,False
N04,E389,E509,True
N04,E390,E400,False
N04,E390,E465,False
N04,E390,E491,True
N04,E390,E516,False
N04,E390,E531,False
N04,E390,E591,False
N04,E391,E485,True
N04,E391,E534,False
N04,E391,E562,False
N04,E392,E523,False
N04,E393,E415,False
N04,E393,E437,False
N04,E393,E492,False
N04,E394,E410,False
N04,E394,E445,False
N04,E394,E478,False
N04,E394,E502,True
N04,E395,E447,True
N04,E395,E489,False
N04,E396,E445,False
N04,E396,E448,False
N04,E396,E583,False
N04,E396,E585,True
N04,E396,E589,True
N04,E397,E457,False
N04,E398,E432,False
N04,E398,E451,False
N04,E399,E412,False
N04,E399,E417,False
N04,E399,E433,False
N04,E399,E557,False
N04,E399,E593,False
N04,E400,E770,True
N04,E400,E779,False
N04,E401,E669,False
N04,E401,E722,False
N04,E401,E766,False
N04,E402,E645,True
N04,E402,E709,False
N04,E402,E762,False
N04,E402,E769,True
N04,E403,E792,True
N04,E403,E795,False
N04,E404,E641,False
N04,E405,E600,False
N04,E405,E606,False
N04,E405,E677,False
N04,E406,E634,False
N04,E406,E799,False
N04,E407,E650,True
N04,E407,E672,False
N04,E407,E778,False
N04,E408,E603,True
N04,E408,E702,False
N04,E408,E718,False
N04,E409,E708,False
N04,E409,E716,False
N04,E409,E736,False
N04,E409,E743,False
N04,E410,E656,False
N04,E410,E700,True
N04,E410,E742,True
N04,E410,E786,False
N04,E411,E624,False
N04,E411,E668,False
N04,E411,E687,True
N04,E411,E730,True
N04,E411,E731,False
N04,E412,E653,False
N04,E413,E608,True
N04,E413,E629,False
N04,E413,E687,False
N04,E413,E699,False
N04,E413,E742,False
N04,E413,E758,False
N04,E414,E670,True
N04,E414,E704,False
N04,E414,E719,True
N04,E414,E755,False
N04,E414,E764,False
N04,E414,E777,False
N04,E414,E798,False
N04,E415,E637,False
N04,E415,E641,False
N04,E415,E669,False
N04,E415,E737,False
N04,E415,E748,False
N04,E415,E754,True
N04,E415,E795,True
N04,E416,E687,False
N04,E416,E716,True
N04,E417,E790,False
N04,E418,E624,True
N04,E418,E778,False
N04,E418,E785,False
N04,E419,E696,False
N04,E420,E600,False
N04,E420,E664,False
N04,E420,E703,False
N04,E421,E617,False
N04,E421,E677,False
N04,E421,E779,False
N04,E422,E748,False
N04,E422,E779,True
N04,E422,E783,False
N04,E423,E681,True
N04,E423,E743,True
N04,E423,E795,False
N04,E424,E750,False
N04,E425,E618,True
N04,E425,E724,False
N04,E425,E747,False
N04,E425,E761,False
N04,E426,E682,False
N04,E426,E732,True
N04,E426,E794,False
N04,E427,E641,True
N04,E427,E753,False
N04,E429,E635,True
N04,E429,E669,False
N04,E429,E674,False
N04,E429,E691,False
N04,E429,E725,True
N04,E429,E746,True
N04,E429,E758,True
N04,E430,E619,False
N04,E431,E600,True
N04,E431,E614,False
N04,E431,E649,False
N04,E431,E655,False
N04,E431,E690,False
N04,E431,E756,False
N04,E431,E778,True
N04,E432,E613,True
N04,E432,E745,False
N04,E433,E621,False
N04,E433,E698,False
N04,E433,E758,False
N04,E434,E609,False
N04,E434,E620,False
N04,E434,E655,True
N04,E434,E748,False
N04,E434,E771,True
N04,E435,E663,False
N04,E435,E757,True
N04,E436,E659,False
N04,E436,E671,False
N04,E436,E696,False
N04,E436,E782,False
N04,E436,E797,False
N04,E437,E611,True
N04,E437,E670,False
N04,E437,E678,False
N04,E437,E738,True
N04,E437,E769,False
N04,E437,E787,False
N04,E438,E661,False
N04,E438,E693,False
N04,E438,E744,False
N04,E438,E755,False
N04,E438,E767,True
N04,E438,E794,True
N04,E439,E613,False
N04,E439,E615,False
N04,E439,E626,True
N04,E439,E673,False
N04,E439,E786,False
N04,E441,E668,False
N04,E441,E766,False
N04,E442,E634,True
N04,E442,E681,False
N04,E442,E740,False
N04,E443,E611,False
N04,E443,E629,False
N04,E443,E787,True
N04,E443,E790,True
N04,E443,E798,True
N04,E444,E740,False
N04,E445,E693,False
N04,E445,E712,False
N04,E445,E715,True
N04,E445,E737,True
N04,E445,E752,True
N04,E446,E640,False
N04,E446,E641,False
N04,E446,E679,True
N04,E446,E680,True
N04,E446,E730,False
N04,E446,E750,True
N04,E447,E610,False
N04,E447,E707,False
N04,E447,E713,False
N04,E447,E723,False
N04,E448,E681,False
N04,E448,E772,True
N04,E448,E774,False
N04,E448,E775,False
N04,E448,E797,False
N04,E449,E647,True
N04,E449,E683,True
N04,E449,E686,True
N04,E449,E782,True
N04,E450,E610,True
N04,E450,E612,True
N04,E450,E628,False
N04,E450,E675,False
N04,E450,E719,False
N04,E450,E722,False
N04,E450,E796,True
N04,E451,E646,False
N04,E451,E738,False
N04,E452,E713,False
N04,E452,E729,False
N04,E452,E747,True
N04,E452,E767,False
N04,E452,E771,False
N04,E452,E773,False
N04,E453,E620,True
N04,E453,E648,False
N04,E453,E658,False
N04,E453,E676,False
N04,E453,E678,True
N04,E453,E694,False
N04,E453,E715,False
N04,E455,E656,False
N04,E455,E680,False
N04,E456,E601,True
N04,E456,E636,False
N04,E456,E648,False
N04,E456,E768,True
N04,E456,E787,False
N04,E457,E744,False
N04,E457,E752,False
N04,E457,E753,True
N04,E458,E664,True
N04,E458,E702,False
N04,E458,E763,False
N04,E459,E772,False
N04,E460,E630,False
N04,E460,E657,True
N04,E460,E660,True
N04,E460,E661,True
N04,E460,E709,True
N04,E460,E791,False
N04,E461,E614,True
N04,E461,E615,False
N04,E461,E783,True
N04,E461,E794,False
N04,E462,E626,False
N04,E463,E638,True
N04,E464,E653,False
N04,E464,E676,False
N04,E465,E612,False
N04,E465,E624,False
N04,E465,E706,False
N04,E465,E708,True
N04,E466,E605,False
N04,E466,E703,True
N04,E468,E689,True
N04,E469,E631,False
N04,E469,E659,True
N04,E470,E683,False
N04,E471,E623,False
N04,E471,E633,False
N04,E471,E717,True
N04,E472,E673,False
N04,E472,E762,False
N04,E472,E789,False
N04,E473,E632,False
N04,E473,E795,False
N04,E474,E616,False
N04,E474,E696,False
N04,E474,E702,False
N04,E474,E709,False
N04,E474,E732,False
N04,E474,E782,False
N04,E475,E625,False
N04,E475,E665,False
N04,E475,E684,False
N04,E476,E617,False
N04,E476,E679,False
N04,E477,E767,False
N04,E478,E623,True
N04,E478,E667,True
N04,E479,E633,True
N04,E479,E636,False
N04,E479,E648,True
N04,E479,E773,True
N04,E481,E607,True
N04,E481,E726,True
N04,E481,E751,False
N04,E481,E799,True
N04,E482,E602,False
N04,E482,E639,False
N04,E482,E727,False
N04,E483,E626,False
N04,E483,E634,False
N04,E483,E757,False
N04,E484,E634,False
N04,E484,E726,False
N04,E484,E738,False
N04,E484,E745,True
N04,E484,E747,False
N04,E484,E784,True
N04,E485,E621,False
N04,E485,E789,False
N04,E485,E796,False
N04,E486,E666,False
N04,E486,E735,False
N04,E486,E785,False
N04,E486,E797,True
N04,E487,E638,False
N04,E487,E646,False
N04,E487,E688,True
N04,E487,E727,False
N04,E488,E760,False
N04,E488,E761,True
N04,E488,E779,False
N04,E488,E794,False
N04,E489,E651,True
N04,E489,E735,False
N04,E489,E741,True
N04,E489,E792,False
N04,E490,E670,False
N04,E490,E675,False
N04,E490,E688,False
N04,E490,E701,True
N04,E490,E744,False
N04,E490,E780,False
N04,E490,E786,False
N04,E491,E690,True
N04,E491,E691,False
N04,E491,E735,True
N04,E492,E728,True
N04,E492,E753,False
N04,E494,E636,True
N04,E494,E643,True
N04,E494,E652,False
N04,E494,E657,False
N04,E494,E697,True
N04,E494,E766,True
N04,E494,E775,False
N04,E494,E782,False
N04,E495,E616,True
N04,E495,E776,False
N04,E495,E777,True
N04,E496,E675,False
N04,E496,E707,True
N04,E496,E769,False
N04,E497,E637,False
N04,E497,E729,False
N04,E497,E798,False
N04,E498,E601,False
N04,E498,E605,True
N04,E498,E705,True
N04,E499,E645,False
N04,E499,E723,True
N04,E499,E751,True
N04,E500,E717,False
N04,E500,E727,False
N04,E500,E728,False
N04,E502,E628,False
N04,E502,E684,False
N04,E502,E713,True
N04,E503,E615,True
N04,E504,E614,False
N04,E504,E635,False
N04,E504,E710,False
N04,E504,E770,False
N04,E505,E642,False
N04,E506,E668,True
N04,E506,E700,False
N04,E506,E747,False
N04,E507,E622,False
N04,E507,E724,False
N04,E507,E738,False
N04,E508,E606,False
N04,E508,E618,False
N04,E508,E695,True
N04,E508,E697,False
N04,E508,E704,True
N04,E508,E753,False
N04,E509,E652,True
N04,E509,E725,False
N04,E509,E764,False
N04,E509,E789,True
N04,E510,E752,False
N04,E510,E759,False
N04,E511,E644,True
N04,E511,E685,False
N04,E511,E708,False
N04,E511,E736,True
N04,E512,E618,False
N04,E512,E637,False
N04,E512,E659,False
N04,E512,E769,False
N04,E513,E727,True
N04,E513,E773,False
N04,E514,E604,False
N04,E514,E677,True
N04,E514,E750,False
N04,E515,E621,False
N04,E515,E689,False
N04,E516,E674,False
N04,E516,E686,False
N04,E516,E692,False
N04,E516,E712,True
N04,E516,E720,False
N04,E516,E790,False
N04,E517,E700,False
N04,E517,E706,True
N04,E518,E718,False
N04,E519,E609,True
N04,E519,E623,False
N04,E519,E705,False
N04,E519,E744,True
N04,E519,E796,False
N04,E520,E669,True
N04,E520,E789,False
N04,E521,E625,True
N04,E521,E663,True
N04,E521,E692,False
N04,E522,E612,False
N04,E522,E660,False
N04,E522,E677,False
N04,E522,E756,False
N04,E523,E731,False
N04,E523,E735,False
N04,E523,E764,True
N04,E524,E729,False
N04,E524,E740,False
N04,E525,E631,True
N04,E525,E711,True
N04,E525,E717,False
N04,E525,E731,True
N04,E525,E743,False
N04,E526,E662,False
N04,E526,E678,False
N04,E526,E717,False
N04,E527,E602,False
N04,E527,E655,False
N04,E527,E714,False
N04,E528,E615,False
N04,E528,E694,False
N04,E528,E706,False
N04,E529,E604,True
N04,E529,E639,True
N04,E529,E762,True
N04,E530,E607,False
N04,E530,E622,False
N04,E530,E642,True
N04,E531,E696,True
N04,E531,E714,True
N04,E531,E720,True
N04,E531,E733,False
N04,E531,E793,False
N04,E532,E749,False
N04,E533,E643,False
N04,E533,E663,False
N04,E533,E689,False
N04,E533,E734,False
N04,E533,E755,False
N04,E533,E760,True
N04,E534,E649,True
N04,E534,E714,False
N04,E534,E734,True
N04,E535,E607,False
N04,E535,E629,True
N04,E535,E674,False
N04,E535,E716,False
N04,E535,E784,False
N04,E536,E612,False
N04,E536,E622,False
N04,E536,E676,False
N04,E536,E679,False
N04,E536,E788,False
N04,E537,E648,False
N04,E537,E653,True
N04,E537,E754,False
N04,E537,E781,True
N04,E538,E628,False
N04,E538,E656,True
N04,E538,E682,True
N04,E538,E685,False
N04,E539,E695,False
N04,E540,E642,False
N04,E540,E676,True
N04,E541,E623,False
N04,E541,E640,True
N04,E541,E749,False
N04,E542,E692,True
N04,E542,E743,False
N04,E542,E749,False
N04,E543,E600,False
N04,E543,E633,False
N04,E543,E671,True
N04,E543,E673,False
N04,E543,E724,True
N04,E543,E791,True
N04,E544,E660,False
N04,E545,E685,True
N04,E545,E693,True
N04,E545,E724,False
N04,E546,E706,False
N04,E546,E732,False
N04,E548,E720,False
N04,E548,E775,False
N04,E549,E617,True
N04,E550,E619,False
N04,E550,E721,True
N04,E551,E761,False
N04,E552,E673,True
N04,E552,E710,True
N04,E552,E729,True
N04,E553,E691,True
N04,E554,E786,True
N04,E555,E605,False
N04,E555,E606,False
N04,E555,E662,False
N04,E555,E736,False
N04,E556,E621,True
N04,E556,E679,False
N04,E556,E733,False
N04,E557,E761,False
N04,E558,E664,False
N04,E559,E702,True
N04,E559,E746,False
N04,E560,E639,False
N04,E560,E763,True
N04,E560,E765,False
N04,E560,E781,False
N04,E561,E632,False
N04,E561,E710,False
N04,E561,E740,True
N04,E562,E601,False
N04,E562,E602,True
N04,E562,E628,True
N04,E562,E760,False
N04,E562,E767,False
N04,E563,E643,False
N04,E564,E649,False
N04,E564,E658,True
N04,E565,E625,False
N04,E565,E793,True
N04,E566,E698,False
N04,E566,E732,False
N04,E567,E671,False
N04,E567,E722,True
N04,E567,E774,True
N04,E568,E627,True
N04,E569,E647,False
N04,E569,E748,True
N04,E569,E780,True
N04,E569,E791,False
N04,E570,E630,False
N04,E570,E698,True
N04,E571,E646,False
N04,E572,E646,True
N04,E572,E671,False
N04,E572,E684,True
N04,E573,E613,False
N04,E573,E718,True
N04,E574,E698,False
N04,E574,E777,False
N04,E574,E797,False
N04,E575,E650,False
N04,E575,E651,False
N04,E575,E692,False
N04,E576,E788,True
N04,E577,E654,False
N04,E577,E657,False
N04,E578,E605,False
N04,E578,E688,False
N04,E579,E630,True
N04,E579,E695,False
N04,E579,E768,False
N04,E580,E602,False
N04,E580,E606,True
N04,E580,E637,True
N04,E580,E784,False
N04,E580,E793,False
N04,E581,E622,True
N04,E581,E691,False
N04,E581,E722,False
N04,E581,E775,True
N04,E582,E688,False
N04,E582,E694,True
N04,E582,E770,False
N04,E583,E614,False
N04,E583,E654,True
N04,E583,E711,False
N04,E583,E733,True
N04,E583,E759,True
N04,E584,E618,False
N04,E584,E756,True
N04,E585,E616,False
N04,E585,E683,False
N04,E586,E619,False
N04,E586,E639,False
N04,E586,E642,False
N04,E586,E667,False
N04,E586,E693,False
N04,E586,E758,False
N04,E586,E773,False
N04,E587,E664,False
N04,E587,E683,False
N04,E587,E739,False
N04,E588,E627,False
N04,E588,E650,False
N04,E588,E654,False
N04,E588,E689,False
N04,E588,E734,False
N04,E588,E755,True
N04,E588,E757,False
N04,E588,E762,False
N04,E589,E609,False
N04,E589,E665,True
N04,E589,E674,True
N04,E589,E701,False
N04,E589,E721,False
N04,E589,E776,True
N04,E590,E625,False
N04,E590,E666,True
N04,E591,E644,False
N04,E591,E690,False
N04,E591,E699,True
N04,E591,E739,True
N04,E592,E603,False
N04,E592,E662,True
N04,E592,E672,True
N04,E592,E741,False
N04,E592,E766,False
N04,E593,E613,False
N04,E593,E631,False
N04,E593,E699,False
N04,E594,E799,False
N04,E595,E627,False
N04,E595,E632,True
N04,E595,E663,False
N04,E596,E608,False
N04,E596,E619,True
N04,E596,E654,False
N04,E597,E636,False
N04,E597,E655,False
N04,E597,E764,False
N04,E597,E765,True
N04,E597,E785,True
N04,E598,E675,True
N04,E598,E687,False
N04,E598,E749,True
N04,E598,E757,False
N04,E598,E768,False
N04,E599,E709,False
N04,E600,E802,True
N04,E600,E854,False
N04,E601,E818,False
N04,E601,E856,False
N04,E601,E887,True
N04,E601,E927,True
N04,E601,E929,True
N04,E602,E868,False
N04,E602,E881,False
N04,E603,E806,True
N04,E603,E950,False
N04,E603,E978,False
N04,E604,E869,True
N04,E604,E984,False
N04,E604,E998,False
N04,E605,E919,False
N04,E606,E843,False
N04,E606,E852,True
N04,E606,E998,True
N04,E607,E817,False
N04,E607,E879,False
N04,E608,E812,False
N04,E608,E891,False
N04,E608,E894,True
N04,E609,E805,False
N04,E609,E943,False
N04,E610,E887,False
N04,E611,E842,True
N04,E611,E907,False
N04,E612,E810,False
N04,E612,E821,False
N04,E612,E997,False
N04,E613,E824,True
N04,E613,E859,True
N04,E613,E873,True
N04,E613,E880,False
N04,E613,E899,False
N04,E613,E912,False
N04,E613,E925,False
N04,E614,E816,False
N04,E614,E891,False
N04,E614,E933,True
N04,E614,E999,False
N04,E615,E877,False
N04,E615,E893,False
N04,E615,E959,False
N04,E615,E979,False
N04,E615,E987,True
N04,E616,E834,True
N04,E616,E915,False
N04,E616,E916,False
N04,E616,E981,False
N04,E616,E986,False
N04,E617,E856,False
N04,E617,E865,False
N04,E617,E930,False
N04,E617,E984,False
N04,E618,E840,False
N04,E619,E809,False
N04,E619,E814,False
N04,E619,E908,True
N04,E620,E879,False
N04,E620,E901,False
N04,E620,E935,False
N04,E621,E928,False
N04,E621,E945,False
N04,E623,E832,False
N04,E623,E925,True
N04,E623,E930,True
N04,E623,E941,False
N04,E623,E976,True
N04,E624,E816,False
N04,E624,E832,True
N04,E624,E837,False
N04,E624,E904,False
N04,E624,E942,False
N04,E624,E977,False
N04,E624,E999,True
N04,E625,E814,True
N04,E625,E839,False
N04,E625,E850,False
N04,E626,E933,False
N04,E626,E953,False
N04,E628,E853,True
N04,E628,E857,True
N04,E628,E898,False
N04,E629,E874,False
N04,E629,E921,True
N04,E629,E964,False
N04,E630,E815,False
N04,E630,E848,True
N04,E630,E936,False
N04,E631,E891,False
N04,E631,E906,True
N04,E631,E937,True
N04,E631,E950,False
N04,E632,E917,True
N04,E632,E994,False
N04,E633,E844,False
N04,E633,E860,True
N04,E633,E973,True
N04,E633,E975,True
N04,E633,E978,True
N04,E634,E883,False
N04,E634,E910,True
N04,E634,E956,True
N04,E634,E964,False
N04,E634,E976,False
N04,E635,E803,False
N04,E635,E828,True
N04,E635,E866,False
N04,E635,E882,False
N04,E635,E957,False
N04,E635,E974,False
N04,E636,E810,True
N04,E636,E819,True
N04,E637,E837,False
N04,E637,E909,False
N04,E637,E942,False
N04,E637,E966,True
N04,E638,E813,False
N04,E638,E817,False
N04,E638,E859,False
N04,E638,E884,False
N04,E639,E863,False
N04,E639,E997,True
N04,E640,E830,False
N04,E640,E864,True
N04,E640,E942,False
N04,E641,E827,False
N04,E641,E831,False
N04,E641,E871,False
N04,E641,E980,True
N04,E642,E855,False
N04,E642,E863,True
N04,E642,E946,True
N04,E643,E935,True
N04,E643,E940,True
N04,E644,E954,True
N04,E645,E842,False
N04,E645,E873,False
N04,E646,E846,True
N04,E646,E901,False
N04,E646,E931,True
N04,E647,E888,True
N04,E647,E977,True
N04,E647,E993,False
N04,E648,E880,True
N04,E648,E903,False
N04,E648,E962,True
N04,E649,E966,False
N04,E649,E986,True
N04,E650,E807,False
N04,E650,E828,False
N04,E650,E846,False
N04,E650,E867,False
N04,E650,E885,False
N04,E650,E889,True
N04,E650,E895,False
N04,E651,E904,False
N04,E651,E989,False
N04,E652,E823,False
N04,E652,E931,False
N04,E652,E960,True
N04,E652,E981,True
N04,E653,E808,False
N04,E653,E851,False
N04,E654,E834,False
N04,E654,E847,True
N04,E654,E872,False
N04,E654,E883,True
N04,E654,E919,False
N04,E654,E952,True
N04,E655,E826,True
N04,E655,E951,False
N04,E655,E969,False
N04,E655,E999,False
N04,E656,E802,False
N04,E656,E986,False
N04,E657,E948,False
N04,E657,E957,False
N04,E657,E987,False
N04,E657,E992,False
N04,E657,E998,False
N04,E658,E870,False
N04,E658,E984,False
N04,E659,E816,True
N04,E659,E881,False
N04,E660,E848,False
N04,E660,E924,False
N04,E660,E932,True
N04,E661,E957,False
N04,E662,E806,False
N04,E662,E840,False
N04,E662,E862,False
N04,E662,E866,False
N04,E662,E896,True
N04,E662,E899,True
N04,E662,E937,False
N04,E662,E961,False
N04,E662,E972,False
N04,E663,E804,False
N04,E663,E827,False
N04,E663,E829,False
N04,E663,E833,True
N04,E663,E923,False
N04,E663,E958,False
N04,E663,E975,False
N04,E664,E949,False
N04,E665,E815,False
N04,E665,E885,True
N04,E665,E921,False
N04,E665,E940,False
N04,E666,E803,True
N04,E666,E808,False
N04,E666,E858,False
N04,E666,E917,False
N04,E666,E924,True
N04,E666,E953,False
N04,E667,E808,True
N04,E667,E871,True
N04,E667,E872,False
N04,E667,E931,False
N04,E667,E957,True
N04,E667,E994,False
N04,E668,E877,True
N04,E668,E951,False
N04,E669,E902,False
N04,E669,E950,True
N04,E670,E804,False
N04,E670,E818,False
N04,E670,E884,False
N04,E670,E931,False
N04,E670,E968,True
N04,E671,E826,False
N04,E671,E984,True
N04,E672,E838,False
N04,E672,E955,False
N04,E674,E844,True
N04,E674,E877,False
N04,E674,E892,False
N04,E674,E952,False
N04,E674,E979,True
N04,E674,E990,True
N04,E675,E814,False
N04,E675,E815,True
N04,E675,E970,True
N04,E675,E988,False
N04,E676,E867,True
N04,E676,E945,True
N04,E676,E965,False
N04,E677,E875,False
N04,E677,E910,False
N04,E678,E907,True
N04,E679,E820,False
N04,E679,E825,False
N04,E679,E895,True
N04,E681,E892,False
N04,E681,E978,False
N04,E682,E910,False
N04,E682,E945,False
N04,E683,E807,True
N04,E683,E826,False
N04,E683,E861,True
N04,E683,E878,False
N04,E683,E954,False
N04,E683,E963,False
N04,E684,E914,False
N04,E685,E801,False
N04,E685,E813,True
N04,E685,E913,False
N04,E685,E944,True
N04,E686,E823,True
N04,E686,E843,False
N04,E686,E970,False
N04,E686,E974,True
N04,E687,E817,True
N04,E687,E831,False
N04,E687,E875,True
N04,E687,E916,True
N04,E687,E996,False
N04,E688,E864,False
N04,E689,E821,False
N04,E689,E822,False
N04,E689,E850,False
N04,E689,E869,False
N04,E689,E880,False
N04,E689,E891,True
N04,E689,E914,True
N04,E689,E936,False
N04,E689,E948,False
N04,E690,E913,False
N04,E692,E845,True
N04,E692,E918,False
N04,E692,E934,False
N04,E692,E995,True
N04,E693,E841,True
N04,E693,E884,True
N04,E693,E886,False
N04,E693,E906,False
N04,E693,E988,True
N04,E694,E864,False
N04,E694,E897,False
N04,E694,E924,False
N04,E694,E942,True
N04,E694,E962,False
N04,E694,E988,False
N04,E695,E825,True
N04,E695,E838,True
N04,E695,E889,False
N04,E695,E954,False
N04,E695,E994,False
N04,E696,E843,True
N04,E696,E939,False
N04,E697,E947,False
N04,E697,E970,False
N04,E698,E813,False
N04,E698,E843,False
N04,E698,E881,False
N04,E698,E917,False
N04,E698,E926,True
N04,E698,E978,False
N04,E699,E991,False
N04,E700,E899,False
N04,E700,E902,True
N04,E700,E903,False
N04,E701,E802,False
N04,E701,E941,True
N04,E702,E875,False
N04,E702,E906,False
N04,E702,E912,True
N04,E702,E985,False
N04,E703,E880,False
N04,E703,E932,False
N04,E703,E972,True
N04,E705,E901,True
N04,E706,E803,False
N04,E706,E820,True
N04,E706,E837,True
N04,E706,E858,True
N04,E706,E882,False
N04,E706,E982,False
N04,E707,E830,False
N04,E707,E835,True
N04,E707,E889,False
N04,E707,E947,True
N04,E708,E955,False
N04,E709,E823,False
N04,E709,E830,True
N04,E709,E887,False
N04,E709,E964,False
N04,E709,E974,False
N04,E710,E812,True
N04,E710,E886,True
N04,E710,E988,False
N04,E710,E991,False
N04,E711,E806,False
N04,E711,E838,False
N04,E711,E839,True
N04,E711,E845,False
N04,E711,E983,False
N04,E712,E800,False
N04,E712,E819,False
N04,E712,E904,False
N04,E713,E969,True
N04,E713,E990,False
N04,E714,E872,False
N04,E714,E927,False
N04,E715,E947,False
N04,E715,E992,True
N04,E716,E834,False
N04,E716,E919,False
N04,E716,E928,True
N04,E716,E968,False
N04,E717,E905,False
N04,E717,E956,False
N04,E718,E812,False
N04,E718,E893,False
N04,E719,E801,False
N04,E719,E849,True
N04,E719,E897,False
N04,E719,E912,False
N04,E719,E913,True
N04,E720,E899,False
N04,E721,E897,True
N04,E721,E917,False
N04,E721,E920,False
N04,E721,E923,True
N04,E721,E966,False
N04,E722,E870,True
N04,E722,E884,False
N04,E723,E828,False
N04,E723,E886,False
N04,E723,E926,False
N04,E723,E996,True
N04,E724,E983,True
N04,E725,E887,False
N04,E726,E911,False
N04,E726,E914,False
N04,E727,E833,False
N04,E727,E994,True
N04,E728,E806,False
N04,E728,E841,False
N04,E728,E849,False
N04,E728,E876,True
N04,E729,E855,True
N04,E729,E861,False
N04,E729,E961,True
N04,E730,E900,True
N04,E730,E953,True
N04,E731,E818,True
N04,E731,E838,False
N04,E731,E865,True
N04,E731,E879,True
N04,E731,E911,False
N04,E731,E968,False
N04,E732,E801,True
N04,E732,E824,False
N04,E732,E840,True
N04,E732,E850,True
N04,E732,E862,True
N04,E732,E878,False
N04,E732,E897,False
N04,E732,E980,False
N04,E733,E805,True
N04,E733,E892,False
N04,E733,E922,False
N04,E733,E964,True
N04,E733,E971,True
N04,E734,E958,True
N04,E734,E968,False
N04,E735,E916,False
N04,E735,E925,False
N04,E736,E812,False
N04,E736,E862,False
N04,E736,E874,True
N04,E737,E815,False
N04,E737,E853,False
N04,E737,E885,False
N04,E738,E878,False
N04,E738,E934,False
N04,E738,E945,False
N04,E738,E949,True
N04,E738,E973,False
N04,E739,E882,True
N04,E739,E915,True
N04,E739,E944,False
N04,E740,E852,False
N04,E740,E871,False
N04,E741,E960,False
N04,E741,E975,False
N04,E742,E857,False
N04,E742,E985,False
N04,E742,E997,False
N04,E743,E948,False
N04,E744,E829,True
N04,E745,E920,True
N04,E745,E963,True
N04,E746,E934,False
N04,E746,E943,True
N04,E746,E996,False
N04,E747,E833,False
N04,E747,E888,False
N04,E747,E995,False
N04,E748,E821,False
N04,E748,E836,False
N04,E748,E861,False
N04,E748,E971,False
N04,E748,E985,False
N04,E749,E946,False
N04,E750,E811,True
N04,E750,E973,False
N04,E751,E831,True
N04,E751,E839,False
N04,E751,E866,False
N04,E751,E908,False
N04,E751,E962,False
N04,E752,E954,False
N04,E752,E963,False
N04,E752,E965,True
N04,E753,E840,False
N04,E753,E920,False
N04,E754,E810,False
N04,E754,E821,True
N04,E754,E855,False
N04,E754,E898,False
N04,E755,E810,False
N04,E755,E890,False
N04,E755,E894,False
N04,E755,E963,False
N04,E756,E936,True
N04,E756,E949,False
N04,E756,E982,False
N04,E757,E851,True
N04,E757,E952,False
N04,E757,E977,False
N04,E758,E866,True
N04,E758,E939,True
N04,E758,E944,False
N04,E758,E956,False
N04,E759,E856,True
N04,E759,E878,True
N04,E759,E915,False
N04,E759,E960,False
N04,E759,E974,False
N04,E760,E804,False
N04,E760,E911,True
N04,E760,E922,True
N04,E760,E958,False
N04,E760,E976,False
N04,E761,E832,False
N04,E761,E898,True
N04,E761,E934,True
N04,E761,E940,False
N04,E762,E876,False
N04,E762,E905,True
N04,E763,E836,False
N04,E763,E949,False
N04,E765,E972,False
N04,E766,E907,False
N04,E766,E938,False
N04,E767,E845,False
N04,E767,E893,True
N04,E767,E989,True
N04,E768,E818,False
N04,E768,E868,False
N04,E768,E990,False
N04,E769,E860,False
N04,E769,E879,False
N04,E770,E860,False
N04,E770,E898,False
N04,E770,E987,False
N04,E771,E890,False
N04,E771,E961,False
N04,E772,E909,False
N04,E772,E928,False
N04,E772,E991,True
N04,E772,E993,True
N04,E773,E823,False
N04,E773,E858,False
N04,E773,E959,True
N04,E773,E973,False
N04,E773,E977,False
N04,E773,E983,False
N04,E773,E992,False
N04,E774,E905,False
N04,E775,E845,False
N04,E775,E863,False
N04,E775,E882,False
N04,E775,E918,True
N04,E775,E966,False
N04,E775,E990,False
N04,E776,E868,True
N04,E776,E909,True
N04,E776,E946,False
N04,E776,E979,False
N04,E777,E854,True
N04,E777,E920,False
N04,E778,E830,False
N04,E778,E967,True
N04,E778,E989,False
N04,E779,E835,False
N04,E779,E836,True
N04,E780,E800,True
N04,E780,E804,True
N04,E780,E896,False
N04,E780,E955,True
N04,E781,E847,False
N04,E781,E916,False
N04,E782,E811,False
N04,E782,E827,True
N04,E782,E909,False
N04,E782,E925,False
N04,E782,E926,False
N04,E782,E967,False
N04,E782,E982,False
N04,E783,E824,False
N04,E783,E865,False
N04,E783,E892,True
N04,E783,E919,True
N04,E783,E938,False
N04,E783,E951,True
N04,E784,E885,False
N04,E784,E944,False
N04,E785,E822,True
N04,E785,E900,False
N04,E786,E852,False
N04,E786,E853,False
N04,E786,E901,False
N04,E786,E918,False
N04,E788,E816,False
N04,E788,E889,False
N04,E788,E904,True
N04,E788,E947,False
N04,E788,E982,True
N04,E789,E819,False
N04,E789,E856,False
N04,E789,E903,False
N04,E789,E955,False
N04,E790,E991,False
N04,E791,E938,True
N04,E791,E950,False
N04,E792,E930,False
N04,E793,E819,False
N04,E793,E859,False
N04,E793,E862,False
N04,E793,E881,True
N04,E794,E872,True
N04,E794,E913,False
N04,E794,E939,False
N04,E795,E921,False
N04,E795,E985,True
N04,E796,E809,True
N04,E796,E929,False
N04,E796,E933,False
N04,E796,E948,True
N04,E797,E802,False
N04,E797,E865,False
N04,E797,E890,True
N04,E797,E903,True
N04,E799,E915,False
N05,E000,E366,False
N05,E002,E264,False
N05,E002,E361,False
N05,E002,E392,True
N05,E003,E284,False
N05,E003,E309,False
N05,E003,E396,False
N05,E004,E351,False
N05,E005,E225,False
N05,E005,E275,True
N05,E005,E302,False
N05,E006,E209,False
N05,E006,E339,False
N05,E006,E386,False
N05,E007,E227,False
N05,E007,E247,False
N05,E007,E270,True
N05,E007,E277,False
N05,E007,E281,False
N05,E007,E328,False
N05,E007,E346,False
N05,E008,E254,False
N05,E008,E309,False
N05,E008,E320,False
N05,E009,E250,False
N05,E009,E330,False
N05,E010,E365,True
N05,E011,E250,True
N05,E011,E324,False
N05,E012,E214,False
N05,E012,E300,True
N05,E013,E238,False
N05,E013,E242,True
N05,E013,E268,True
N05,E013,E288,True
N05,E013,E303,False
N05,E013,E328,True
N05,E014,E293,False
N05,E014,E342,False
N05,E015,E204,False
N05,E015,E209,True
N05,E015,E254,False
N05,E016,E342,True
N05,E016,E366,True
N05,E017,E240,True
N05,E017,E347,True
N05,E017,E385,False
N05,E017,E389,False
N05,E017,E394,True
N05,E018,E344,False
N05,E018,E369,True
N05,E019,E266,False
N05,E019,E332,False
N05,E020,E340,False
N05,E020,E378,False
N05,E022,E282,False
N05,E022,E298,True
N05,E022,E304,False
N05,E022,E368,True
N05,E023,E265,False
N05,E024,E258,True
N05,E024,E286,False
N05,E024,E296,True
N05,E024,E370,False
N05,E025,E212,True
N05,E025,E245,False
N05,E025,E273,True
N05,E025,E285,False
N05,E025,E323,False
N05,E026,E271,False
N05,E026,E371,False
N05,E026,E379,True
N05,E026,E382,False
N05,E027,E200,False
N05,E027,E257,False
N05,E028,E240,False
N05,E028,E305,False
N05,E028,E340,False
N05,E029,E269,True
N05,E030,E212,False
N05,E030,E213,False
N05,E030,E346,False
N05,E031,E237,True
N05,E031,E290,True
N05,E032,E209,False
N05,E032,E282,True
N05,E032,E304,False
N05,E033,E287,False
N05,E033,E290,False
N05,E033,E318,False
N05,E033,E372,True
N05,E034,E341,False
N05,E034,E346,False
N05,E035,E284,True
N05,E035,E289,False
N05,E036,E208,False
N05,E036,E236,False
N05,E036,E255,True
N05,E036,E355,False
N05,E036,E370,False
N05,E037,E228,False
N05,E037,E252,True
N05,E037,E345,True
N05,E038,E205,False
N05,E038,E355,True
N05,E038,E396,False
N05,E039,E209,False
N05,E039,E226,False
N05,E039,E340,False
N05,E039,E368,False
N05,E039,E380,True
N05,E040,E247,True
N05,E040,E301,True
N05,E040,E310,False
N05,E040,E390,False
N05,E041,E376,False
N05,E041,E383,False
N05,E042,E221,False
N05,E042,E286,True
N05,E042,E375,False
N05,E043,E221,True
N05,E043,E329,True
N05,E044,E223,False
N05,E044,E224,False
N05,E044,E285,False
N05,E045,E262,False
N05,E045,E313,False
N05,E045,E366,False
N05,E046,E261,True
N05,E046,E278,True
N05,E046,E291,False
N05,E046,E293,True
N05,E047,E220,True
N05,E047,E262,True
N05,E047,E333,False
N05,E048,E202,False
N05,E048,E265,False
N05,E048,E295,False
N05,E048,E334,True
N05,E049,E336,False
N05,E049,E363,False
N05,E049,E364,False
N05,E050,E304,True
N05,E050,E337,False
N05,E050,E361,True
N05,E051,E227,True
N05,E051,E264,True
N05,E051,E321,False
N05,E051,E359,False
N05,E052,E312,True
N05,E052,E314,False
N05,E053,E246,False
N05,E053,E349,False
N05,E053,E374,False
N05,E053,E397,False
N05,E054,E255,False
N05,E054,E278,False
N05,E054,E370,False
N05,E054,E378,True
N05,E055,E239,False
N05,E055,E292,False
N05,E055,E296,False
N05,E055,E381,True
N05,E056,E394,False
N05,E057,E336,True
N05,E058,E268,False
N05,E059,E279,False
N05,E060,E252,False
N05,E060,E274,False
N05,E060,E318,True
N05,E060,E397,False
N05,E061,E259,False
N05,E061,E279,False
N05,E061,E338,False
N05,E061,E350,False
N05,E061,E352,False
N05,E061,E354,True
N05,E062,E334,False
N05,E062,E377,False
N05,E062,E399,True
N05,E063,E215,False
N05,E063,E234,False
N05,E063,E299,True
N05,E063,E367,False
N05,E063,E374,False
N05,E064,E393,True
N05,E065,E213,True
N05,E065,E259,False
N05,E065,E262,False
N05,E068,E202,True
N05,E068,E216,True
N05,E068,E378,False
N05,E069,E260,False
N05,E069,E277,True
N05,E069,E330,False
N05,E069,E384,True
N05,E069,E393,False
N05,E070,E348,False
N05,E070,E356,False
N05,E071,E326,True
N05,E071,E375,True
N05,E073,E217,False
N05,E073,E283,True
N05,E073,E327,True
N05,E073,E383,True
N05,E074,E226,True
N05,E074,E300,False
N05,E075,E214,False
N05,E075,E303,False
N05,E075,E391,False
N05,E076,E206,True
N05,E076,E257,False
N05,E077,E211,False
N05,E077,E254,True
N05,E077,E270,False
N05,E077,E276,False
N05,E077,E340,True
N05,E077,E367,False
N05,E078,E297,False
N05,E079,E228,False
N05,E079,E309,True
N05,E079,E363,True
N05,E080,E251,True
N05,E081,E356,True
N05,E081,E377,False
N05,E081,E390,True
N05,E081,E399,False
N05,E082,E256,True
N05,E082,E303,True
N05,E083,E228,False
N05,E083,E246,False
N05,E083,E396,False
N05,E084,E292,True
N05,E084,E346,True
N05,E084,E373,False
N05,E085,E205,True
N05,E085,E375,False
N05,E086,E225,True
N05,E086,E242,False
N05,E086,E261,False
N05,E086,E306,True
N05,E086,E319,True
N05,E086,E328,False
N05,E087,E203,False
N05,E087,E318,False
N05,E087,E339,False
N05,E087,E360,False
N05,E087,E398,True
N05,E088,E313,True
N05,E088,E391,False
N05,E089,E357,False
N05,E090,E301,False
N05,E090,E349,True
N05,E091,E227,False
N05,E091,E237,False
N05,E091,E368,False
N05,E091,E384,False
N05,E092,E317,False
N05,E093,E236,True
N05,E093,E244,False
N05,E093,E307,False
N05,E094,E205,False
N05,E094,E276,False
N05,E094,E291,False
N05,E094,E359,True
N05,E094,E387,False
N05,E095,E283,False
N05,E095,E295,True
N05,E095,E302,True
N05,E096,E241,False
N05,E097,E347,False
N05,E098,E285,False
N05,E098,E391,True
N05,E099,E229,False
N05,E099,E312,False
N05,E099,E314,True
N05,E099,E367,False
N05,E100,E221,False
N05,E100,E271,True
N05,E100,E359,False
N05,E101,E289,True
N05,E101,E306,False
N05,E101,E324,True
N05,E101,E362,False
N05,E101,E384,False
N05,E103,E287,False
N05,E104,E274,False
N05,E104,E280,False
N05,E104,E312,False
N05,E104,E319,False
N05,E104,E333,False
N05,E104,E349,False
N05,E105,E207,True
N05,E105,E234,False
N05,E105,E320,False
N05,E105,E396,True
N05,E106,E290,False
N05,E107,E238,True
N05,E107,E251,False
N05,E107,E395,True
N05,E108,E220,False
N05,E108,E253,True
N05,E109,E230,False
N05,E109,E305,True
N05,E109,E360,True
N05,E110,E211,False
N05,E110,E232,False
N05,E110,E253,False
N05,E110,E327,False
N05,E110,E351,False
N05,E110,E354,False
N05,E110,E366,False
N05,E110,E387,False
N05,E111,E299,False
N05,E111,E300,False
N05,E111,E356,False
N05,E112,E221,False
N05,E112,E233,False
N05,E112,E239,True
N05,E112,E243,False
N05,E112,E278,False
N05,E113,E217,False
N05,E113,E229,True
N05,E113,E328,False
N05,E113,E362,True
N05,E114,E265,True
N05,E114,E306,False
N05,E114,E321,False
N05,E115,E270,False
N05,E115,E359,False
N05,E116,E382,True
N05,E117,E281,True
N05,E117,E323,False
N05,E117,E355,False
N05,E117,E390,False
N05,E118,E217,True
N05,E118,E266,False
N05,E118,E347,False
N05,E118,E358,True
N05,E118,E372,False
N05,E119,E222,False
N05,E119,E337,True
N05,E119,E352,False
N05,E119,E357,True
N05,E120,E307,False
N05,E120,E344,False
N05,E120,E371,True
N05,E121,E203,True
N05,E121,E274,True
N05,E121,E287,True
N05,E121,E365,False
N05,E121,E374,True
N05,E122,E213,False
N05,E122,E230,True
N05,E122,E272,True
N05,E122,E349,False
N05,E122,E364,True
N05,E123,E223,True
N05,E123,E361,False
N05,E124,E289,False
N05,E124,E297,True
N05,E124,E303,False
N05,E124,E316,False
N05,E124,E325,False
N05,E125,E220,False
N05,E125,E230,False
N05,E125,E250,False
N05,E125,E397,False
N05,E126,E204,True
N05,E126,E271,False
N05,E126,E291,True
N05,E126,E325,False
N05,E126,E376,True
N05,E127,E242,False
N05,E127,E294,False
N05,E127,E397,True
N05,E128,E280,True
N05,E129,E206,False
N05,E129,E232,True
N05,E129,E322,False
N05,E130,E200,True
N05,E130,E306,False
N05,E130,E344,False
N05,E130,E367,True
N05,E131,E210,False
N05,E131,E269,False
N05,E131,E311,True
N05,E131,E369,False
N05,E132,E245,True
N05,E132,E249,False
N05,E132,E282,False
N05,E132,E320,True
N05,E132,E353,True
N05,E132,E354,False
N05,E133,E233,True
N05,E133,E267,False
N05,E133,E395,False
N05,E134,E247,False
N05,E134,E288,False
N05,E134,E333,True
N05,E134,E375,False
N05,E135,E260,True
N05,E135,E326,False
N05,E135,E376,False
N05,E135,E390,False
N05,E136,E262,False
N05,E136,E263,True
N05,E136,E271,False
N05,E136,E308,False
N05,E136,E323,True
N05,E136,E385,True
N05,E137,E325,False
N05,E137,E395,False
N05,E138,E201,False
N05,E138,E392,False
N05,E140,E298,False
N05,E141,E214,False
N05,E141,E227,False
N05,E141,E257,False
N05,E141,E273,False
N05,E141,E393,False
N05,E142,E238,False
N05,E142,E329,False
N05,E142,E331,True
N05,E142,E356,False
N05,E142,E380,False
N05,E143,E241,True
N05,E143,E382,False
N05,E143,E387,False
N05,E144,E232,False
N05,E144,E235,True
N05,E144,E288,False
N05,E144,E307,True
N05,E144,E389,True
N05,E145,E275,False
N05,E145,E321,False
N05,E145,E330,True
N05,E146,E296,False
N05,E146,E317,False
N05,E146,E329,False
N05,E147,E246,False
N05,E148,E218,True
N05,E148,E298,False
N05,E148,E381,False
N05,E149,E253,False
N05,E150,E304,False
N05,E150,E317,True
N05,E150,E334,False
N05,E152,E332,False
N05,E152,E371,False
N05,E153,E281,False
N05,E153,E348,False
N05,E153,E372,False
N05,E153,E388,False
N05,E154,E246,True
N05,E154,E250,False
N05,E154,E322,True
N05,E155,E258,False
N05,E155,E274,False
N05,E155,E312,False
N05,E155,E332,True
N05,E157,E234,True
N05,E157,E267,True
N05,E157,E273,False
N05,E157,E276,False
N05,E157,E372,False
N05,E157,E377,True
N05,E158,E205,False
N05,E158,E208,True
N05,E158,E382,False
N05,E159,E277,False
N05,E159,E398,False
N05,E160,E257,True
N05,E160,E263,False
N05,E160,E321,True
N05,E160,E365,False
N05,E160,E386,True
N05,E161,E256,False
N05,E161,E287,False
N05,E161,E335,True
N05,E162,E228,True
N05,E162,E331,False
N05,E162,E355,False
N05,E162,E378,False
N05,E163,E202,False
N05,E163,E243,True
N05,E163,E294,True
N05,E163,E357,False
N05,E164,E266,True
N05,E165,E280,False
N05,E165,E315,True
N05,E165,E379,False
N05,E166,E285,True
N05,E167,E214,True
N05,E167,E229,False
N05,E167,E230,False
N05,E167,E270,False
N05,E167,E279,False
N05,E167,E315,False
N05,E167,E316,True
N05,E168,E224,True
N05,E168,E284,False
N05,E169,E219,False
N05,E169,E252,False
N05,E170,E345,False
N05,E170,E383,False
N05,E170,E395,False
N05,E171,E201,False
N05,E171,E350,True
N05,E171,E351,True
N05,E172,E210,True
N05,E172,E249,False
N05,E172,E252,False
N05,E172,E277,False
N05,E172,E388,True
N05,E173,E286,False
N05,E173,E384,False
N05,E174,E248,True
N05,E174,E296,False
N05,E175,E222,True
N05,E175,E290,False
N05,E175,E305,False
N05,E175,E311,False
N05,E175,E365,False
N05,E176,E249,True
N05,E176,E325,True
N05,E176,E353,False
N05,E176,E358,False
N05,E176,E381,False
N05,E177,E201,False
N05,E177,E248,False
N05,E177,E333,False
N05,E178,E216,False
N05,E178,E370,True
N05,E179,E204,False
N05,E179,E240,False
N05,E179,E279,True
N05,E179,E313,False
N05,E179,E352,True
N05,E179,E373,True
N05,E180,E211,True
N05,E180,E289,False
N05,E180,E307,False
N05,E180,E318,False
N05,E180,E338,True
N05,E180,E339,True
N05,E180,E371,False
N05,E181,E305,False
N05,E181,E343,False
N05,E182,E374,False
N05,E183,E218,False
N05,E183,E399,False
N05,E184,E200,False
N05,E184,E207,False
N05,E184,E272,False
N05,E184,E343,True
N05,E185,E219,True
N05,E185,E258,False
N05,E185,E338,False
N05,E186,E235,False
N05,E187,E293,False
N05,E187,E294,False
N05,E187,E320,False
N05,E188,E224,False
N05,E188,E231,False
N05,E188,E292,False
N05,E188,E310,True
N05,E188,E323,False
N05,E189,E399,False
N05,E190,E215,True
N05,E190,E231,True
N05,E190,E235,False
N05,E190,E254,False
N05,E190,E260,False
N05,E191,E357,False
N05,E192,E242,False
N05,E192,E308,True
N05,E192,E335,False
N05,E192,E387,True
N05,E193,E294,False
N05,E193,E316,False
N05,E193,E348,True
N05,E194,E201,True
N05,E194,E237,False
N05,E194,E341,True
N05,E195,E226,False
N05,E195,E317,False
N05,E195,E342,False
N05,E196,E204,False
N05,E196,E243,False
N05,E196,E259,True
N05,E197,E202,False
N05,E197,E243,False
N05,E198,E276,True
N05,E199,E244,True
N05,E199,E344,True
N05,E200,E409,False
N05,E200,E504,True
N05,E200,E581,False
N05,E201,E484,False
N05,E201,E533,True
N05,E201,E542,False
N05,E202,E436,False
N05,E202,E437,False
N05,E203,E414,False
N05,E203,E435,False
N05,E203,E502,False
N05,E203,E519,False
N05,E203,E533,False
N05,E203,E553,False
N05,E203,E594,False
N05,E204,E443,True
N05,E204,E457,True
N05,E205,E515,False
N05,E205,E529,False
N05,E205,E539,False
N05,E206,E403,False
N05,E206,E453,False
N05,E206,E459,False
N05,E206,E530,False
N05,E207,E485,False
N05,E208,E434,False
N05,E208,E449,True
N05,E208,E460,False
N05,E208,E562,False
N05,E209,E495,False
N05,E209,E535,True
N05,E210,E400,False
N05,E210,E444,True
N05,E210,E459,False
N05,E210,E509,True
N05,E210,E534,False
N05,E210,E544,False
N05,E211,E462,False
N05,E211,E496,True
N05,E212,E418,False
N05,E212,E426,False
N05,E212,E465,True
N05,E212,E567,True
N05,E212,E577,False
N05,E212,E590,True
N05,E213,E549,True
N05,E213,E581,False
N05,E213,E589,False
N05,E214,E409,False
N05,E214,E531,True
N05,E214,E566,False
N05,E216,E406,True
N05,E216,E485,True
N05,E217,E456,True
N05,E217,E498,False
N05,E217,E532,True
N05,E217,E567,False
N05,E217,E595,True
N05,E218,E449,False
N05,E218,E595,False
N05,E219,E419,False
N05,E219,E422,False
N05,E219,E482,True
N05,E219,E555,False
N05,E219,E559,False
N05,E219,E560,False
N05,E219,E563,True
N05,E219,E578,False
N05,E220,E593,False
N05,E221,E459,True
N05,E221,E575,True
N05,E222,E548,False
N05,E223,E457,False
N05,E223,E485,False
N05,E224,E489,True
N05,E224,E511,False
N05,E224,E555,True
N05,E224,E593,False
N05,E225,E569,True
N05,E225,E578,False
N05,E226,E417,False
N05,E226,E490,True
N05,E226,E493,True
N05,E226,E559,True
N05,E227,E411,False
N05,E227,E427,False
N05,E227,E436,True
N05,E227,E441,True
N05,E227,E442,False
N05,E227,E510,True
N05,E227,E573,True
N05,E227,E582,False
N05,E227,E591,False
N05,E229,E404,False
N05,E229,E419,False
N05,E229,E442,False
N05,E230,E527,False
N05,E230,E582,False
N05,E231,E507,False
N05,E231,E583,True
N05,E231,E594,False
N05,E232,E487,False
N05,E232,E519,False
N05,E232,E598,False
N05,E233,E405,False
N05,E233,E463,True
N05,E233,E536,False
N05,E234,E431,False
N05,E234,E442,True
N05,E234,E470,True
N05,E235,E409,False
N05,E235,E576,False
N05,E236,E445,True
N05,E236,E475,True
N05,E236,E489,False
N05,E237,E539,True
N05,E238,E423,True
N05,E238,E428,False
N05,E238,E439,False
N05,E238,E487,False
N05,E238,E497,False
N05,E238,E534,True
N05,E238,E546,False
N05,E238,E548,False
N05,E239,E432,False
N05,E239,E457,False
N05,E240,E414,False
N05,E240,E436,False
N05,E240,E467,True
N05,E240,E487,False
N05,E241,E570,False
N05,E242,E472,True
N05,E242,E476,True
N05,E242,E505,True
N05,E242,E525,True
N05,E242,E575,False
N05,E243,E401,True
N05,E243,E411,True
N05,E243,E416,False
N05,E243,E552,False
N05,E244,E429,False
N05,E244,E525,False
N05,E244,E593,True
N05,E245,E501,False
N05,E245,E543,False
N05,E245,E556,False
N05,E246,E400,True
N05,E246,E443,False
N05,E247,E402,False
N05,E247,E422,False
N05,E247,E590,False
N05,E247,E599,True
N05,E248,E438,True
N05,E248,E463,False
N05,E248,E496,False
N05,E248,E512,True
N05,E249,E447,True
N05,E249,E468,False
N05,E249,E474,False
N05,E249,E543,False
N05,E250,E459,False
N05,E250,E467,False
N05,E250,E494,False
N05,E251,E416,False
N05,E251,E425,False
N05,E251,E492,False
N05,E251,E522,False
N05,E252,E431,True
N05,E252,E455,False
N05,E252,E458,True
N05,E252,E506,False
N05,E252,E571,True
N05,E253,E476,False
N05,E253,E528,True
N05,E253,E531,False
N05,E253,E586,True
N05,E253,E588,True
N05,E254,E514,False
N05,E254,E582,True
N05,E255,E430,False
N05,E255,E509,False
N05,E255,E526,False
N05,E255,E531,False
N05,E256,E415,False
N05,E257,E441,False
N05,E257,E464,False
N05,E258,E447,False
N05,E258,E461,False
N05,E258,E469,False
N05,E259,E430,True
N05,E260,E454,True
N05,E260,E574,False
N05,E260,E585,True
N05,E261,E449,False
N05,E262,E404,True
N05,E262,E439,False
N05,E262,E472,False
N05,E262,E478,False
N05,E262,E541,False
N05,E262,E566,True
N05,E262,E576,False
N05,E263,E415,True
N05,E263,E452,True
N05,E263,E547,False
N05,E263,E565,True
N05,E264,E418,False
N05,E264,E502,False
N05,E265,E539,False
N05,E266,E517,False
N05,E266,E583,False
N05,E266,E587,True
N05,E267,E481,True
N05,E267,E490,False
N05,E267,E512,False
N05,E267,E550,False
N05,E268,E530,False
N05,E269,E419,True
N05,E269,E468,True
N05,E269,E480,False
N05,E269,E524,True
N05,E270,E428,True
N05,E270,E562,False
N05,E271,E420,True
N05,E271,E510,False
N05,E271,E545,False
N05,E271,E554,True
N05,E272,E532,False
N05,E273,E506,False
N05,E273,E566,False
N05,E274,E433,False
N05,E274,E482,False
N05,E274,E513,False
N05,E274,E514,False
N05,E274,E516,False
N05,E274,E545,False
N05,E274,E582,False
N05,E275,E445,False
N05,E275,E478,True
N05,E275,E513,False
N05,E275,E554,False
N05,E275,E577,False
N05,E275,E598,True
N05,E276,E447,False
N05,E276,E526,False
N05,E276,E570,False
N05,E276,E587,False
N05,E278,E524,False
N05,E278,E537,False
N05,E279,E524,False
N05,E280,E432,True
N05,E280,E458,False
N05,E280,E481,False
N05,E280,E517,True
N05,E280,E564,False
N05,E281,E410,False
N05,E281,E450,True
N05,E281,E485,False
N05,E281,E577,False
N05,E282,E420,False
N05,E282,E435,False
N05,E282,E498,True
N05,E282,E540,False
N05,E283,E425,True
N05,E283,E451,False
N05,E283,E503,True
N05,E284,E438,False
N05,E284,E494,True
N05,E285,E431,False
N05,E286,E413,False
N05,E286,E440,False
N05,E286,E478,False
N05,E286,E573,False
N05,E287,E474,True
N05,E288,E402,False
N05,E288,E494,False
N05,E288,E501,True
N05,E288,E523,True
N05,E289,E407,False
N05,E289,E469,True
N05,E289,E514,True
N05,E290,E437,True
N05,E290,E562,True
N05,E290,E568,True
N05,E291,E439,False
N05,E291,E497,True
N05,E292,E427,True
N05,E292,E450,False
N05,E292,E477,True
N05,E292,E598,False
N05,E293,E480,True
N05,E293,E503,False
N05,E293,E596,False
N05,E294,E410,False
N05,E294,E453,False
N05,E294,E474,False
N05,E294,E513,True
N05,E294,E541,True
N05,E294,E556,False
N05,E294,E579,False
N05,E294,E580,True
N05,E295,E444,False
N05,E295,E451,True
N05,E295,E473,True
N05,E295,E586,False
N05,E296,E408,True
N05,E296,E452,False
N05,E296,E456,False
N05,E296,E466,False
N05,E296,E476,False
N05,E296,E522,False
N05,E297,E500,True
N05,E297,E597,False
N05,E298,E496,False
N05,E298,E512,False
N05,E298,E547,False
N05,E299,E486,True
N05,E299,E518,False
N05,E299,E550,False
N05,E300,E457,False
N05,E302,E433,True
N05,E302,E502,False
N05,E302,E579,False
N05,E302,E591,True
N05,E303,E475,False
N05,E303,E487,True
N05,E303,E525,False
N05,E304,E421,False
N05,E304,E529,False
N05,E305,E448,False
N05,E305,E492,True
N05,E306,E506,True
N05,E307,E434,False
N05,E307,E538,True
N05,E307,E554,False
N05,E308,E462,True
N05,E309,E429,False
N05,E309,E483,True
N05,E309,E572,False
N05,E309,E594,False
N05,E310,E466,False
N05,E310,E593,False
N05,E311,E402,True
N05,E311,E521,False
N05,E311,E565,False
N05,E312,E402,False
N05,E312,E527,True
N05,E312,E581,True
N05,E313,E417,True
N05,E313,E432,False
N05,E313,E455,False
N05,E314,E421,True
N05,E314,E425,False
N05,E314,E440,True
N05,E314,E564,False
N05,E315,E501,False
N05,E315,E511,True
N05,E315,E521,True
N05,E315,E578,False
N05,E315,E589,True
N05,E316,E407,True
N05,E316,E507,True
N05,E316,E527,False
N05,E317,E448,False
N05,E317,E506,False
N05,E318,E413,False
N05,E318,E455,True
N05,E318,E499,False
N05,E318,E505,False
N05,E319,E516,False
N05,E320,E484,False
N05,E321,E424,False
N05,E321,E428,False
N05,E321,E479,False
N05,E322,E453,True
N05,E322,E594,True
N05,E323,E435,True
N05,E323,E447,False
N05,E323,E529,False
N05,E323,E556,True
N05,E323,E557,False
N05,E323,E570,False
N05,E324,E422,True
N05,E324,E423,False
N05,E324,E483,False
N05,E324,E579,True
N05,E325,E473,False
N05,E325,E491,True
N05,E325,E530,True
N05,E325,E552,False
N05,E326,E401,False
N05,E326,E426,False
N05,E326,E433,False
N05,E326,E488,False
N05,E327,E469,False
N05,E327,E537,False
N05,E328,E522,False
N05,E328,E551,True
N05,E329,E426,True
N05,E329,E576,False
N05,E330,E538,False
N05,E330,E543,True
N05,E330,E588,False
N05,E331,E436,False
N05,E331,E449,False
N05,E331,E518,False
N05,E332,E443,False
N05,E333,E409,True
N05,E333,E430,False
N05,E333,E432,False
N05,E333,E497,False
N05,E333,E544,False
N05,E335,E446,True
N05,E335,E476,False
N05,E335,E558,False
N05,E335,E559,False
N05,E335,E572,True
N05,E336,E405,True
N05,E336,E518,True
N05,E336,E565,False
N05,E336,E592,True
N05,E337,E421,False
N05,E337,E461,True
N05,E337,E491,False
N05,E337,E504,False
N05,E338,E406,False
N05,E338,E521,False
N05,E338,E552,False
N05,E339,E410,True
N05,E339,E464,False
N05,E339,E520,False
N05,E339,E528,False
N05,E340,E418,True
N05,E340,E423,False
N05,E340,E429,True
N05,E340,E516,True
N05,E340,E550,True
N05,E340,E596,True
N05,E341,E465,False
N05,E341,E591,False
N05,E342,E467,False
N05,E342,E486,False
N05,E343,E403,False
N05,E343,E475,False
N05,E343,E479,False
N05,E344,E411,False
N05,E344,E520,True
N05,E345,E544,False
N05,E345,E548,True
N05,E346,E508,True
N05,E347,E538,False
N05,E347,E551,False
N05,E348,E405,False
N05,E348,E446,False
N05,E348,E471,False
N05,E348,E501,False
N05,E348,E553,False
N05,E349,E426,False
N05,E349,E572,False
N05,E350,E536,True
N05,E350,E551,False
N05,E350,E586,False
N05,E351,E451,False
N05,E351,E541,False
N05,E352,E412,False
N05,E352,E413,True
N05,E352,E414,True
N05,E352,E470,False
N05,E352,E471,True
N05,E352,E491,False
N05,E352,E513,False
N05,E353,E400,False
N05,E353,E430,False
N05,E353,E434,True
N05,E353,E488,True
N05,E353,E531,False
N05,E353,E544,True
N05,E353,E548,False
N05,E353,E549,False
N05,E354,E438,False
N05,E354,E537,False
N05,E354,E540,False
N05,E354,E542,True
N05,E354,E561,True
N05,E354,E567,False
N05,E355,E435,False
N05,E355,E469,False
N05,E357,E442,False
N05,E358,E454,False
N05,E358,E466,True
N05,E358,E545,True
N05,E358,E547,True
N05,E359,E411,False
N05,E359,E431,False
N05,E359,E553,True
N05,E360,E479,True
N05,E360,E553,False
N05,E360,E589,False
N05,E361,E419,False
N05,E361,E490,False
N05,E361,E493,False
N05,E361,E498,False
N05,E361,E522,True
N05,E361,E571,False
N05,E362,E440,False
N05,E362,E478,False
N05,E363,E410,False
N05,E363,E450,False
N05,E363,E483,False
N05,E363,E484,True
N05,E363,E519,True
N05,E364,E499,True
N05,E365,E486,False
N05,E365,E555,False
N05,E365,E568,False
N05,E366,E417,False
N05,E366,E433,False
N05,E366,E564,True
N05,E367,E496,False
N05,E368,E424,False
N05,E368,E497,False
N05,E369,E498,False
N05,E369,E508,False
N05,E370,E481,False
N05,E370,E535,False
N05,E370,E565,False
N05,E370,E584,False
N05,E371,E523,False
N05,E371,E574,True
N05,E372,E414,False
N05,E372,E448,True
N05,E372,E475,False
N05,E372,E495,True
N05,E372,E500,False
N05,E373,E557,True
N05,E373,E563,False
N05,E374,E407,False
N05,E374,E551,False
N05,E374,E560,True
N05,E374,E569,False
N05,E375,E401,False
N05,E375,E403,True
N05,E375,E502,True
N05,E375,E550,False
N05,E375,E576,True
N05,E376,E453,False
N05,E376,E482,False
N05,E376,E577,True
N05,E377,E480,False
N05,E377,E516,False
N05,E379,E472,False
N05,E379,E484,False
N05,E379,E521,False
N05,E380,E404,False
N05,E380,E470,False
N05,E380,E529,True
N05,E380,E540,True
N05,E380,E556,False
N05,E381,E427,False
N05,E381,E439,True
N05,E381,E585,False
N05,E382,E408,False
N05,E382,E458,False
N05,E382,E470,False
N05,E382,E472,False
N05,E382,E561,False
N05,E382,E589,False
N05,E383,E580,False
N05,E384,E416,False
N05,E384,E597,True
N05,E385,E422,False
N05,E385,E455,False
N05,E385,E477,False
N05,E385,E514,False
N05,E385,E584,True
N05,E385,E590,False
N05,E386,E400,False
N05,E387,E437,False
N05,E387,E570,True
N05,E388,E464,True
N05,E388,E526,True
N05,E388,E558,False
N05,E388,E560,False
N05,E388,E571,False
N05,E389,E483,False
N05,E389,E547,False
N05,E390,E401,False
N05,E390,E403,False
N05,E390,E412,True
N05,E390,E554,False
N05,E390,E583,False
N05,E390,E592,False
N05,E391,E416,True
N05,E391,E590,False
N05,E392,E412,False
N05,E392,E495,False
N05,E392,E527,False
N05,E393,E526,False
N05,E393,E558,True
N05,E393,E599,False
N05,E395,E407,False
N05,E395,E424,True
N05,E395,E481,False
N05,E395,E552,True
N05,E396,E437,False
N05,E396,E491,False
N05,E396,E515,True
N05,E396,E525,False
N05,E396,E562,False
N05,E396,E578,True
N05,E397,E460,True
N05,E398,E443,False
N05,E398,E592,False
N05,E399,E404,False
N05,E399,E505,False
N05,E399,E537,True
N05,E399,E546,True
N05,E399,E584,False
N05,E400,E605,False
N05,E400,E636,True
N05,E400,E684,False
N05,E400,E716,True
N05,E400,E748,False
N05,E400,E756,False
N05,E401,E618,True
N05,E401,E643,False
N05,E402,E630,False
N05,E402,E688,False
N05,E402,E697,False
N05,E402,E744,False
N05,E402,E766,False
N05,E402,E783,False
N05,E403,E698,False
N05,E404,E622,True
N05,E404,E655,False
N05,E404,E723,True
N05,E404,E772,False
N05,E405,E624,False
N05,E405,E664,False
N05,E405,E711,True
N05,E406,E632,True
N05,E406,E679,False
N05,E406,E711,False
N05,E406,E761,False
N05,E407,E608,False
N05,E407,E635,False
N05,E407,E639,False
N05,E407,E694,True
N05,E407,E762,True
N05,E408,E678,True
N05,E408,E710,False
N05,E408,E718,True
N05,E408,E724,False
N05,E409,E687,False
N05,E409,E692,False
N05,E410,E673,True
N05,E410,E696,False
N05,E410,E784,False
N05,E411,E672,False
N05,E411,E681,True
N05,E411,E688,False
N05,E411,E698,False
N05,E411,E771,True
N05,E413,E740,False
N05,E414,E640,False
N05,E414,E671,False
N05,E414,E707,False
N05,E414,E749,True
N05,E414,E753,False
N05,E414,E760,True
N05,E415,E617,False
N05,E415,E723,False
N05,E415,E733,False
N05,E416,E789,False
N05,E417,E613,True
N05,E417,E639,False
N05,E417,E656,True
N05,E417,E791,True
N05,E418,E690,True
N05,E418,E692,False
N05,E418,E699,False
N05,E418,E751,True
N05,E419,E667,False
N05,E419,E685,False
N05,E419,E715,False
N05,E419,E763,False
N05,E420,E715,False
N05,E420,E792,True
N05,E421,E606,False
N05,E421,E695,False
N05,E421,E714,True
N05,E421,E723,False
N05,E422,E648,False
N05,E422,E651,False
N05,E422,E680,False
N05,E423,E671,True
N05,E423,E727,False
N05,E423,E743,True
N05,E423,E796,False
N05,E424,E700,True
N05,E424,E737,True
N05,E425,E717,True
N05,E426,E708,True
N05,E427,E666,False
N05,E427,E699,False
N05,E427,E702,True
N05,E428,E678,False
N05,E428,E693,True
N05,E428,E725,False
N05,E429,E621,False
N05,E429,E661,False
N05,E429,E780,False
N05,E431,E603,False
N05,E431,E613,False
N05,E431,E695,False
N05,E431,E730,True
N05,E431,E775,True
N05,E431,E781,False
N05,E432,E691,True
N05,E432,E701,False
N05,E432,E732,False
N05,E432,E753,True
N05,E432,E798,False
N05,E433,E728,True
N05,E434,E697,True
N05,E434,E721,True
N05,E434,E752,False
N05,E434,E782,True
N05,E434,E785,False
N05,E434,E795,False
N05,E435,E626,False
N05,E435,E677,False
N05,E435,E703,False
N05,E435,E715,False
N05,E435,E766,False
N05,E436,E629,False
N05,E436,E673,False
N05,E436,E685,False
N05,E436,E735,True
N05,E438,E609,False
N05,E438,E739,False
N05,E438,E761,False
N05,E438,E789,True
N05,E439,E656,False
N05,E439,E666,False
N05,E439,E669,True
N05,E439,E676,False
N05,E439,E738,False
N05,E439,E764,True
N05,E440,E618,False
N05,E440,E736,False
N05,E440,E768,False
N05,E441,E609,False
N05,E441,E665,False
N05,E441,E765,False
N05,E442,E632,False
N05,E443,E669,False
N05,E444,E752,True
N05,E444,E763,True
N05,E444,E791,False
N05,E445,E610,False
N05,E445,E648,True
N05,E445,E667,False
N05,E445,E738,False
N05,E446,E614,True
N05,E446,E664,False
N05,E446,E683,True
N05,E447,E605,False
N05,E447,E655,True
N05,E447,E693,False
N05,E448,E618,False
N05,E448,E634,False
N05,E448,E706,True
N05,E448,E786,False
N05,E449,E607,False
N05,E449,E610,True
N05,E449,E675,False
N05,E449,E745,True
N05,E451,E748,False
N05,E451,E771,False
N05,E451,E793,False
N05,E452,E658,False
N05,E453,E634,True
N05,E453,E783,True
N05,E454,E628,True
N05,E454,E702,False
N05,E454,E757,True
N05,E455,E767,False
N05,E456,E777,True
N05,E458,E682,False
N05,E458,E724,False
N05,E459,E703,False
N05,E459,E786,True
N05,E460,E710,False
N05,E460,E771,False
N05,E460,E798,False
N05,E461,E615,False
N05,E461,E737,False
N05,E461,E787,False
N05,E462,E633,True
N05,E462,E742,True
N05,E462,E754,False
N05,E463,E638,True
N05,E463,E663,True
N05,E463,E677,False
N05,E463,E722,True
N05,E464,E605,False
N05,E464,E641,False
N05,E464,E734,True
N05,E464,E749,False
N05,E465,E760,False
N05,E466,E601,True
N05,E466,E607,False
N05,E466,E789,False
N05,E467,E617,False
N05,E467,E722,False
N05,E467,E729,False
N05,E467,E762,False
N05,E467,E781,True
N05,E468,E641,True
N05,E468,E661,True
N05,E468,E674,False
N05,E468,E710,True
N05,E468,E799,False
N05,E469,E600,False
N05,E469,E623,True
N05,E469,E660,True
N05,E469,E728,False
N05,E469,E795,True
N05,E470,E620,False
N05,E470,E650,True
N05,E470,E733,True
N05,E470,E794,False
N05,E471,E602,False
N05,E471,E745,False
N05,E472,E630,False
N05,E472,E740,True
N05,E473,E643,True
N05,E473,E662,False
N05,E473,E769,False
N05,E474,E656,False
N05,E475,E608,False
N05,E475,E717,False
N05,E475,E732,False
N05,E475,E751,False
N05,E475,E755,False
N05,E476,E608,True
N05,E476,E649,False
N05,E476,E654,False
N05,E476,E668,True
N05,E477,E624,False
N05,E477,E657,False
N05,E478,E618,False
N05,E478,E712,True
N05,E478,E736,False
N05,E479,E704,False
N05,E480,E617,True
N05,E480,E782,False
N05,E481,E642,False
N05,E481,E683,False
N05,E481,E759,False
N05,E482,E622,False
N05,E482,E626,True
N05,E482,E654,True
N05,E482,E690,False
N05,E482,E707,True
N05,E483,E613,False
N05,E484,E615,True
N05,E484,E644,False
N05,E484,E733,False
N05,E484,E770,True
N05,E486,E678,False
N05,E486,E680,True
N05,E487,E601,False
N05,E487,E673,False
N05,E487,E740,False
N05,E487,E788,True
N05,E488,E643,False
N05,E488,E647,False
N05,E488,E662,True
N05,E488,E664,True
N05,E488,E715,True
N05,E488,E748,False
N05,E488,E754,False
N05,E488,E778,False
N05,E489,E631,False
N05,E490,E659,True
N05,E490,E785,True
N05,E491,E601,False
N05,E491,E638,False
N05,E491,E687,False
N05,E491,E723,False
N05,E491,E739,False
N05,E492,E612,True
N05,E492,E646,False
N05,E492,E681,False
N05,E493,E612,False
N05,E493,E780,True
N05,E494,E619,False
N05,E494,E670,False
N05,E494,E709,False
N05,E494,E725,False
N05,E494,E790,True
N05,E495,E703,False
N05,E495,E751,False
N05,E495,E769,True
N05,E496,E611,False
N05,E496,E665,False
N05,E496,E777,False
N05,E497,E651,False
N05,E497,E660,False
N05,E497,E754,False
N05,E499,E609,True
N05,E499,E702,False
N05,E499,E721,False
N05,E500,E620,True
N05,E500,E627,False
N05,E500,E730,False
N05,E500,E772,True
N05,E501,E600,False
N05,E501,E701,True
N05,E502,E653,False
N05,E503,E604,True
N05,E503,E613,False
N05,E503,E634,False
N05,E503,E701,False
N05,E503,E739,False
N05,E503,E756,True
N05,E503,E760,False
N05,E504,E639,True
N05,E504,E793,False
N05,E505,E637,False
N05,E505,E747,False
N05,E505,E759,True
N05,E505,E781,False
N05,E506,E672,False
N05,E506,E737,False
N05,E506,E738,True
N05,E506,E776,True
N05,E507,E779,True
N05,E508,E636,False
N05,E508,E659,False
N05,E508,E693,False
N05,E508,E706,False
N05,E508,E779,False
N05,E509,E659,False
N05,E510,E647,True
N05,E511,E709,True
N05,E511,E790,False
N05,E512,E615,False
N05,E512,E745,False
N05,E512,E797,False
N05,E514,E662,False
N05,E515,E637,False
N05,E515,E748,True
N05,E516,E636,False
N05,E516,E763,False
N05,E516,E778,True
N05,E516,E793,True
N05,E517,E600,False
N05,E517,E684,True
N05,E517,E750,False
N05,E517,E797,False
N05,E518,E621,False
N05,E518,E786,False
N05,E519,E666,False
N05,E519,E720,False
N05,E519,E731,False
N05,E519,E742,False
N05,E520,E615,False
N05,E520,E617,False
N05,E520,E699,True
N05,E521,E795,False
N05,E521,E797,True
N05,E522,E635,True
N05,E522,E724,False
N05,E523,E602,True
N05,E523,E742,False
N05,E523,E775,False
N05,E524,E619,True
N05,E524,E721,False
N05,E524,E732,True
N05,E525,E601,False
N05,E525,E716,False
N05,E525,E762,False
N05,E525,E769,False
N05,E526,E705,False
N05,E527,E607,True
N05,E527,E625,False
N05,E527,E676,False
N05,E527,E704,True
N05,E528,E660,False
N05,E530,E636,False
N05,E530,E651,True
N05,E530,E726,False
N05,E531,E746,False
N05,E532,E611,True
N05,E532,E688,True
N05,E532,E739,True
N05,E532,E767,True
N05,E533,E696,True
N05,E533,E700,False
N05,E533,E713,False
N05,E534,E720,True
N05,E534,E725,False
N05,E534,E784,True
N05,E535,E665,True
N05,E535,E676,True
N05,E535,E720,False
N05,E536,E625,True
N05,E537,E710,False
N05,E537,E742,False
N05,E537,E744,False
N05,E537,E796,False
N05,E538,E623,False
N05,E538,E653,True
N05,E538,E779,False
N05,E539,E606,False
N05,E539,E727,True
N05,E539,E744,False
N05,E539,E746,False
N05,E539,E773,True
N05,E540,E605,True
N05,E540,E624,True
N05,E540,E773,False
N05,E541,E629,True
N05,E541,E712,False
N05,E541,E729,True
N05,E541,E791,False
N05,E542,E623,False
N05,E542,E736,False
N05,E543,E674,True
N05,E543,E682,True
N05,E544,E640,True
N05,E544,E698,False
N05,E544,E703,True
N05,E544,E799,False
N05,E545,E623,False
N05,E545,E666,True
N05,E545,E667,True
N05,E545,E691,False
N05,E545,E694,False
N05,E545,E752,False
N05,E545,E758,True
N05,E546,E672,True
N05,E546,E770,False
N05,E547,E697,False
N05,E547,E727,False
N05,E547,E740,False
N05,E547,E763,False
N05,E547,E772,False
N05,E548,E600,True
N05,E548,E640,False
N05,E548,E685,True
N05,E548,E719,True
N05,E548,E761,False
N05,E549,E624,False
N05,E549,E677,True
N05,E550,E725,True
N05,E550,E731,True
N05,E550,E792,False
N05,E551,E713,True
N05,E551,E746,True
N05,E552,E604,False
N05,E552,E614,False
N05,E552,E653,False
N05,E552,E692,False
N05,E552,E776,False
N05,E553,E644,False
N05,E553,E649,True
N05,E554,E698,True
N05,E554,E750,True
N05,E555,E641,False
N05,E555,E653,False
N05,E555,E668,False
N05,E555,E718,False
N05,E555,E768,True
N05,E555,E790,False
N05,E555,E795,False
N05,E556,E684,False
N05,E556,E688,False
N05,E556,E701,False
N05,E556,E727,False
N05,E557,E616,False
N05,E557,E645,False
N05,E557,E650,False
N05,E557,E667,False
N05,E557,E681,False
N05,E557,E726,True
N05,E558,E606,True
N05,E558,E798,True
N05,E559,E787,False
N05,E559,E790,False
N05,E560,E695,True
N05,E561,E627,False
N05,E561,E758,False
N05,E562,E602,False
N05,E562,E633,False
N05,E562,E649,False
N05,E562,E682,False
N05,E562,E687,False
N05,E563,E632,False
N05,E563,E640,False
N05,E563,E659,False
N05,E563,E707,False
N05,E564,E641,False
N05,E564,E712,False
N05,E564,E774,True
N05,E565,E609,False
N05,E565,E630,True
N05,E565,E766,True
N05,E566,E635,False
N05,E566,E732,False
N05,E568,E616,True
N05,E568,E764,False
N05,E569,E630,False
N05,E570,E681,False
N05,E570,E685,False
N05,E570,E705,True
N05,E570,E786,False
N05,E570,E787,False
N05,E571,E773,False
N05,E572,E646,False
N05,E572,E652,False
N05,E572,E693,False
N05,E572,E741,False
N05,E572,E794,True
N05,E573,E638,False
N05,E573,E728,False
N05,E574,E671,False
N05,E574,E745,False
N05,E574,E780,False
N05,E575,E656,False
N05,E575,E799,True
N05,E576,E602,False
N05,E576,E658,True
N05,E576,E672,False
N05,E576,E686,True
N05,E576,E753,False
N05,E577,E626,False
N05,E577,E755,True
N05,E577,E780,False
N05,E578,E631,True
N05,E578,E757,False
N05,E579,E674,False
N05,E579,E682,False
N05,E580,E644,True
N05,E580,E689,False
N05,E580,E695,False
N05,E581,E608,False
N05,E581,E662,False
N05,E581,E684,False
N05,E581,E694,False
N05,E581,E779,False
N05,E582,E610,False
N05,E582,E690,False
N05,E582,E692,True
N05,E583,E645,True
N05,E583,E646,True
N05,E583,E670,False
N05,E584,E648,False
N05,E584,E652,True
N05,E584,E657,True
N05,E584,E736,True
N05,E584,E754,True
N05,E584,E796,True
N05,E585,E708,False
N05,E585,E756,False
N05,E585,E788,False
N05,E586,E673,False
N05,E586,E700,False
N05,E586,E744,True
N05,E586,E762,False
N05,E586,E787,True
N05,E586,E797,False
N05,E587,E735,False
N05,E588,E621,True
N05,E588,E652,False
N05,E588,E756,False
N05,E589,E734,False
N05,E590,E663,False
N05,E590,E689,True
N05,E590,E747,True
N05,E591,E632,False
N05,E591,E675,True
N05,E591,E755,False
N05,E592,E642,True
N05,E593,E637,True
N05,E593,E676,False
N05,E593,E741,True
N05,E593,E743,False
N05,E593,E765,True
N05,E593,E772,False
N05,E594,E612,False
N05,E594,E627,True
N05,E594,E670,True
N05,E594,E686,False
N05,E594,E719,False
N05,E594,E737,False
N05,E594,E761,True
N05,E595,E628,False
N05,E595,E638,False
N05,E595,E670,False
N05,E595,E679,True
N05,E596,E798,False
N05,E597,E603,True
N05,E597,E774,False
N05,E598,E714,False
N05,E598,E724,True
N05,E599,E631,False
N05,E599,E649,False
N05,E599,E687,True
N05,E599,E708,False
N05,E599,E720,False
N05,E600,E851,True
N05,E602,E887,False
N05,E602,E920,False
N05,E602,E957,True
N05,E603,E858,True
N05,E603,E875,True
N05,E603,E939,True
N05,E603,E962,False
N05,E604,E981,True
N05,E605,E847,False
N05,E605,E858,False
N05,E605,E878,False
N05,E605,E915,True
N05,E605,E934,False
N05,E605,E973,True
N05,E606,E878,False
N05,E606,E894,False
N05,E606,E900,True
N05,E606,E932,False
N05,E607,E916,False
N05,E607,E996,False
N05,E608,E819,False
N05,E608,E842,False
N05,E608,E902,True
N05,E608,E977,False
N05,E610,E812,False
N05,E610,E820,False
N05,E610,E881,True
N05,E610,E882,True
N05,E610,E983,False
N05,E612,E852,False
N05,E612,E963,False
N05,E613,E834,False
N05,E614,E849,False
N05,E614,E894,False
N05,E614,E913,False
N05,E614,E953,False
N05,E615,E861,False
N05,E615,E864,True
N05,E615,E927,False
N05,E615,E994,True
N05,E616,E860,False
N05,E616,E918,False
N05,E616,E972,False
N05,E616,E976,True
N05,E617,E912,False
N05,E617,E993,True
N05,E618,E826,True
N05,E618,E834,True
N05,E618,E897,False
N05,E619,E809,False
N05,E619,E903,False
N05,E619,E942,True
N05,E619,E960,False
N05,E620,E889,False
N05,E620,E938,False
N05,E620,E964,False
N05,E620,E999,True
N05,E621,E959,False
N05,E621,E976,False
N05,E622,E843,False
N05,E622,E850,False
N05,E622,E909,True
N05,E622,E947,False
N05,E623,E857,True
N05,E623,E873,False
N05,E623,E906,True
N05,E623,E965,True
N05,E624,E807,False
N05,E624,E840,False
N05,E624,E922,False
N05,E625,E801,False
N05,E625,E817,True
N05,E626,E918,True
N05,E626,E942,False
N05,E627,E802,True
N05,E627,E805,False
N05,E627,E846,False
N05,E627,E880,False
N05,E627,E944,False
N05,E628,E812,False
N05,E628,E864,False
N05,E628,E906,False
N05,E628,E952,True
N05,E629,E830,True
N05,E629,E932,True
N05,E629,E939,False
N05,E629,E970,False
N05,E629,E980,False
N05,E629,E982,False
N05,E630,E955,True
N05,E631,E827,True
N05,E631,E949,False
N05,E632,E828,True
N05,E632,E879,True
N05,E632,E945,False
N05,E632,E961,True
N05,E633,E810,False
N05,E633,E823,False
N05,E633,E835,False
N05,E633,E895,False
N05,E633,E899,False
N05,E633,E985,True
N05,E634,E897,True
N05,E634,E954,False
N05,E635,E800,False
N05,E635,E853,False
N05,E635,E883,False
N05,E635,E890,False
N05,E636,E891,False
N05,E636,E904,False
N05,E637,E824,True
N05,E637,E825,False
N05,E637,E840,True
N05,E637,E859,True
N05,E637,E950,False
N05,E638,E854,False
N05,E638,E856,False
N05,E638,E867,False
N05,E638,E932,False
N05,E639,E800,False
N05,E639,E847,True
N05,E639,E928,False
N05,E639,E949,True
N05,E639,E991,True
N05,E640,E811,True
N05,E640,E842,True
N05,E640,E925,False
N05,E640,E935,False
N05,E640,E941,False
N05,E641,E910,False
N05,E642,E810,True
N05,E642,E855,True
N05,E643,E811,False
N05,E643,E886,True
N05,E643,E971,False
N05,E644,E809,False
N05,E644,E956,True
N05,E644,E974,False
N05,E645,E832,False
N05,E645,E870,False
N05,E646,E811,False
N05,E647,E919,False
N05,E647,E931,False
N05,E649,E813,False
N05,E649,E827,False
N05,E650,E801,True
N05,E650,E940,True
N05,E651,E813,True
N05,E651,E833,True
N05,E651,E882,False
N05,E651,E981,False
N05,E652,E803,False
N05,E652,E897,False
N05,E652,E911,False
N05,E652,E916,False
N05,E652,E953,False
N05,E653,E867,False
N05,E654,E992,False
N05,E655,E887,False
N05,E656,E841,False
N05,E657,E825,False
N05,E657,E844,False
N05,E657,E994,False
N05,E658,E818,False
N05,E658,E844,True
N05,E658,E879,False
N05,E658,E883,True
N05,E658,E920,True
N05,E658,E924,False
N05,E658,E936,False
N05,E658,E938,True
N05,E659,E902,False
N05,E659,E921,False
N05,E659,E972,True
N05,E661,E879,False
N05,E661,E887,True
N05,E661,E957,False
N05,E661,E972,False
N05,E662,E818,False
N05,E662,E843,True
N05,E662,E850,True
N05,E662,E885,True
N05,E662,E891,False
N05,E663,E836,True
N05,E663,E854,True
N05,E663,E873,True
N05,E663,E892,False
N05,E663,E895,True
N05,E663,E974,False
N05,E663,E988,False
N05,E663,E997,False
N05,E664,E837,False
N05,E664,E947,False
N05,E665,E903,True
N05,E665,E907,True
N05,E665,E952,False
N05,E665,E967,True
N05,E666,E922,False
N05,E666,E950,True
N05,E666,E976,False
N05,E666,E991,False
N05,E668,E867,True
N05,E668,E945,True
N05,E668,E986,False
N05,E669,E823,True
N05,E669,E830,False
N05,E670,E893,True
N05,E670,E919,False
N05,E670,E988,True
N05,E671,E873,False
N05,E672,E928,True
N05,E673,E816,True
N05,E673,E929,False
N05,E673,E930,False
N05,E673,E975,False
N05,E674,E888,True
N05,E674,E893,False
N05,E674,E915,False
N05,E676,E931,False
N05,E677,E932,False
N05,E677,E939,False
N05,E677,E954,True
N05,E677,E955,False
N05,E678,E815,False
N05,E678,E875,False
N05,E678,E915,False
N05,E678,E984,True
N05,E679,E903,False
N05,E679,E977,False
N05,E680,E849,True
N05,E680,E877,False
N05,E681,E831,False
N05,E681,E941,True
N05,E681,E942,False
N05,E682,E821,False
N05,E682,E835,False
N05,E682,E923,False
N05,E682,E951,False
N05,E683,E863,False
N05,E683,E865,False
N05,E683,E885,False
N05,E684,E831,False
N05,E684,E836,False
N05,E684,E865,True
N05,E684,E874,False
N05,E684,E903,False
N05,E684,E978,False
N05,E685,E837,False
N05,E685,E944,False
N05,E685,E997,True
N05,E686,E857,False
N05,E687,E846,True
N05,E687,E977,True
N05,E687,E983,False
N05,E688,E970,True
N05,E689,E846,False
N05,E689,E852,True
N05,E689,E969,False
N05,E689,E971,False
N05,E690,E819,True
N05,E690,E837,False
N05,E690,E846,False
N05,E690,E921,False
N05,E691,E909,False
N05,E691,E973,False
N05,E693,E935,True
N05,E693,E984,False
N05,E693,E987,True
N05,E694,E860,True
N05,E694,E933,False
N05,E695,E848,True
N05,E695,E857,False
N05,E695,E887,False
N05,E695,E985,False
N05,E695,E990,True
N05,E696,E819,False
N05,E696,E822,False
N05,E696,E978,True
N05,E697,E821,True
N05,E697,E868,True
N05,E697,E869,True
N05,E697,E944,False
N05,E698,E872,True
N05,E698,E920,False
N05,E698,E925,True
N05,E698,E926,True
N05,E698,E931,False
N05,E699,E814,True
N05,E699,E890,True
N05,E699,E969,False
N05,E699,E996,False
N05,E700,E817,False
N05,E700,E965,False
N05,E701,E812,False
N05,E701,E911,True
N05,E701,E968,False
N05,E702,E910,True
N05,E703,E807,False
N05,E703,E877,True
N05,E703,E934,False
N05,E703,E967,False
N05,E703,E991,False
N05,E704,E826,False
N05,E704,E860,False
N05,E704,E876,True
N05,E704,E986,False
N05,E705,E836,False
N05,E705,E880,False
N05,E705,E948,False
N05,E705,E968,False
N05,E707,E831,True
N05,E707,E897,False
N05,E707,E982,False
N05,E708,E922,True
N05,E708,E937,False
N05,E708,E980,False
N05,E709,E828,False
N05,E709,E908,False
N05,E709,E938,False
N05,E710,E923,True
N05,E710,E942,False
N05,E710,E956,False
N05,E710,E995,False
N05,E711,E825,True
N05,E711,E838,False
N05,E711,E839,False
N05,E712,E871,False
N05,E712,E875,False
N05,E712,E886,False
N05,E712,E888,False
N05,E712,E891,False
N05,E712,E968,True
N05,E713,E827,False
N05,E713,E863,False
N05,E713,E912,False
N05,E713,E954,False
N05,E714,E815,False
N05,E714,E832,True
N05,E714,E845,False
N05,E714,E927,True
N05,E714,E929,False
N05,E715,E825,False
N05,E715,E853,True
N05,E715,E865,False
N05,E715,E892,True
N05,E715,E970,False
N05,E716,E816,False
N05,E717,E933,False
N05,E717,E989,False
N05,E718,E828,False
N05,E718,E832,False
N05,E718,E926,False
N05,E718,E998,True
N05,E719,E909,False
N05,E719,E946,False
N05,E719,E967,False
N05,E719,E994,False
N05,E720,E863,False
N05,E720,E884,False
N05,E720,E945,False
N05,E720,E977,False
N05,E721,E914,True
N05,E721,E960,False
N05,E722,E853,False
N05,E722,E870,False
N05,E723,E806,True
N05,E723,E869,False
N05,E723,E913,False
N05,E724,E898,False
N05,E724,E907,False
N05,E725,E861,False
N05,E725,E966,False
N05,E726,E912,False
N05,E726,E959,True
N05,E726,E999,False
N05,E727,E817,False
N05,E727,E833,False
N05,E727,E857,False
N05,E727,E953,True
N05,E728,E829,True
N05,E728,E856,False
N05,E728,E881,False
N05,E728,E900,False
N05,E728,E982,True
N05,E728,E989,False
N05,E729,E815,False
N05,E730,E935,False
N05,E730,E992,True
N05,E731,E808,True
N05,E731,E833,False
N05,E731,E964,False
N05,E732,E818,True
N05,E732,E849,False
N05,E732,E901,False
N05,E733,E990,False
N05,E734,E807,False
N05,E734,E824,False
N05,E734,E958,True
N05,E735,E906,False
N05,E735,E920,False
N05,E735,E969,True
N05,E735,E986,False
N05,E736,E823,False
N05,E736,E941,False
N05,E737,E807,True
N05,E737,E880,True
N05,E737,E934,True
N05,E737,E966,False
N05,E737,E985,False
N05,E738,E812,True
N05,E738,E855,False
N05,E738,E866,False
N05,E738,E867,False
N05,E738,E870,True
N05,E738,E990,False
N05,E738,E992,False
N05,E739,E876,False
N05,E739,E967,False
N05,E740,E818,False
N05,E740,E940,False
N05,E741,E845,True
N05,E741,E909,False
N05,E741,E948,False
N05,E742,E820,True
N05,E742,E848,False
N05,E742,E998,False
N05,E743,E829,False
N05,E744,E802,False
N05,E744,E804,True
N05,E744,E884,False
N05,E744,E943,False
N05,E744,E971,True
N05,E744,E987,False
N05,E745,E999,False
N05,E746,E837,True
N05,E746,E861,False
N05,E747,E804,False
N05,E747,E822,True
N05,E747,E998,False
N05,E748,E803,True
N05,E748,E905,True
N05,E748,E912,True
N05,E748,E930,True
N05,E748,E979,True
N05,E749,E893,False
N05,E749,E921,True
N05,E750,E828,False
N05,E750,E838,False
N05,E750,E871,True
N05,E750,E913,True
N05,E750,E989,True
N05,E751,E966,True
N05,E751,E978,False
N05,E752,E838,True
N05,E753,E816,False
N05,E753,E916,True
N05,E753,E963,False
N05,E753,E980,True
N05,E754,E835,True
N05,E754,E875,False
N05,E755,E805,True
N05,E755,E814,False
N05,E755,E862,True
N05,E755,E901,True
N05,E756,E813,False
N05,E756,E953,False
N05,E756,E964,True
N05,E757,E872,False
N05,E757,E876,False
N05,E757,E898,True
N05,E758,E816,False
N05,E758,E841,True
N05,E758,E858,False
N05,E758,E884,True
N05,E758,E913,False
N05,E758,E917,False
N05,E759,E810,False
N05,E759,E896,True
N05,E759,E996,False
N05,E760,E829,False
N05,E760,E852,False
N05,E762,E874,True
N05,E762,E940,False
N05,E762,E958,False
N05,E763,E836,False
N05,E763,E839,True
N05,E763,E936,True
N05,E764,E809,False
N05,E764,E911,False
N05,E764,E931,True
N05,E765,E806,False
N05,E765,E899,True
N05,E765,E951,True
N05,E765,E962,True
N05,E765,E974,True
N05,E766,E872,False
N05,E766,E904,True
N05,E766,E933,True
N05,E766,E979,False
N05,E766,E984,False
N05,E767,E868,False
N05,E767,E902,False
N05,E767,E978,False
N05,E768,E924,True
N05,E769,E813,False
N05,E770,E848,False
N05,E770,E963,True
N05,E770,E987,False
N05,E771,E972,False
N05,E772,E852,False
N05,E772,E870,False
N05,E772,E880,False
N05,E772,E986,True
N05,E773,E938,False
N05,E773,E961,False
N05,E773,E998,False
N05,E774,E833,False
N05,E774,E838,False
N05,E774,E851,False
N05,E774,E878,False
N05,E774,E911,False
N05,E774,E957,False
N05,E774,E997,False
N05,E775,E949,False
N05,E775,E952,False
N05,E775,E975,True
N05,E776,E878,True
N05,E777,E975,False
N05,E778,E970,False
N05,E779,E866,True
N05,E779,E983,True
N05,E780,E821,False
N05,E780,E905,False
N05,E780,E919,False
N05,E780,E928,False
N05,E780,E929,True
N05,E780,E941,False
N05,E780,E974,False
N05,E782,E800,True
N05,E782,E908,True
N05,E783,E856,True
N05,E783,E948,False
N05,E784,E861,True
N05,E784,E944,True
N05,E784,E946,True
N05,E785,E862,False
N05,E785,E866,False
N05,E785,E890,False
N05,E785,E947,True
N05,E786,E899,False
N05,E786,E995,False
N05,E787,E808,False
N05,E787,E914,False
N05,E787,E937,True
N05,E787,E946,False
N05,E787,E976,False
N05,E788,E863,True
N05,E788,E915,False
N05,E788,E934,False
N05,E789,E804,False
N05,E789,E859,False
N05,E789,E993,False
N05,E790,E809,True
N05,E790,E823,False
N05,E790,E943,True
N05,E791,E896,False
N05,E791,E995,True
N05,E792,E815,True
N05,E792,E894,True
N05,E792,E923,False
N05,E793,E829,False
N05,E793,E872,False
N05,E793,E889,False
N05,E793,E961,False
N05,E794,E891,True
N05,E794,E917,True
N05,E794,E963,False
N05,E795,E831,False
N05,E795,E860,False
N05,E795,E919,True
N05,E796,E889,True
N05,E796,E907,False
N05,E796,E948,True
N05,E796,E960,True
N05,E796,E964,False
N05,E796,E996,True
N05,E798,E940,False
N05,E799,E866,False
N05,E799,E892,False
N06,E000,E263,False
N06,E001,E264,False
N06,E002,E222,False
N06,E002,E289,True
N06,E002,E300,True
N06,E002,E304,True
N06,E003,E226,True
N06,E003,E251,True
N06,E003,E293,False
N06,E003,E305,False
N06,E003,E385,False
N06,E004,E217,False
N06,E004,E262,True
N06,E004,E321,True
N06,E004,E385,False
N06,E005,E236,True
N06,E005,E287,False
N06,E005,E361,False
N06,E005,E379,False
N06,E006,E253,True
N06,E006,E279,False
N06,E006,E307,False
N06,E006,E309,True
N06,E006,E386,False
N06,E006,E391,False
N06,E007,E222,False
N06,E007,E240,False
N06,E008,E221,False
N06,E008,E231,False
N06,E009,E316,True
N06,E009,E396,False
N06,E010,E240,False
N06,E010,E254,False
N06,E010,E293,True
N06,E010,E295,True
N06,E010,E391,False
N06,E011,E206,False
N06,E011,E370,False
N06,E012,E213,False
N06,E012,E237,False
N06,E012,E311,True
N06,E012,E390,False
N06,E013,E341,True
N06,E014,E265,True
N06,E014,E297,True
N06,E014,E343,True
N06,E014,E344,True
N06,E015,E244,False
N06,E015,E297,False
N06,E015,E306,False
N06,E016,E344,False
N06,E016,E384,False
N06,E017,E261,False
N06,E017,E272,False
N06,E017,E275,True
N06,E017,E295,False
N06,E017,E323,False
N06,E017,E335,False
N06,E017,E348,False
N06,E017,E379,False
N06,E018,E227,True
N06,E018,E232,False
N06,E018,E338,False
N06,E018,E393,False
N06,E019,E215,True
N06,E019,E250,False
N06,E019,E279,True
N06,E019,E306,False
N06,E019,E307,True
N06,E019,E330,False
N06,E020,E253,False
N06,E021,E224,True
N06,E021,E245,True
N06,E021,E256,False
N06,E021,E322,False
N06,E022,E209,False
N06,E022,E263,True
N06,E022,E271,False
N06,E022,E340,False
N06,E023,E363,False
N06,E023,E364,True
N06,E024,E208,False
N06,E024,E217,False
N06,E024,E283,True
N06,E025,E294,False
N06,E025,E359,True
N06,E026,E231,True
N06,E028,E370,False
N06,E028,E393,False
N06,E029,E246,True
N06,E029,E332,False
N06,E030,E271,False
N06,E030,E303,False
N06,E030,E353,False
N06,E030,E394,False
N06,E031,E203,False
N06,E031,E210,False
N06,E031,E309,False
N06,E031,E330,False
N06,E031,E352,False
N06,E031,E374,False
N06,E032,E234,True
N06,E032,E249,True
N06,E032,E346,False
N06,E032,E371,False
N06,E032,E374,True
N06,E035,E256,True
N06,E036,E298,False
N06,E036,E354,False
N06,E036,E363,False
N06,E037,E319,True
N06,E037,E328,True
N06,E037,E331,True
N06,E038,E221,False
N06,E038,E341,False
N06,E039,E274,False
N06,E039,E280,True
N06,E039,E305,True
N06,E039,E389,True
N06,E040,E286,False
N06,E041,E227,False
N06,E041,E282,True
N06,E041,E308,True
N06,E041,E340,False
N06,E041,E395,True
N06,E042,E307,False
N06,E043,E306,True
N06,E044,E276,False
N06,E044,E277,False
N06,E044,E387,True
N06,E045,E203,False
N06,E045,E250,False
N06,E045,E291,True
N06,E045,E340,False
N06,E046,E382,False
N06,E047,E252,False
N06,E047,E296,False
N06,E047,E314,False
N06,E047,E335,False
N06,E047,E344,False
N06,E048,E219,False
N06,E048,E226,False
N06,E048,E286,False
N06,E048,E299,False
N06,E048,E337,False
N06,E050,E236,False
N06,E050,E390,True
N06,E051,E200,True
N06,E051,E262,False
N06,E051,E333,False
N06,E051,E355,True
N06,E052,E207,True
N06,E052,E211,False
N06,E052,E234,False
N06,E053,E204,False
N06,E053,E323,False
N06,E053,E399,True
N06,E054,E223,False
N06,E054,E284,False
N06,E054,E286,True
N06,E054,E333,False
N06,E054,E354,True
N06,E054,E377,True
N06,E055,E261,False
N06,E055,E338,True
N06,E055,E345,False
N06,E056,E288,True
N06,E056,E352,False
N06,E056,E366,False
N06,E057,E222,True
N06,E057,E227,False
N06,E057,E233,False
N06,E057,E259,False
N06,E057,E293,False
N06,E057,E396,False
N06,E058,E218,True
N06,E058,E345,False
N06,E058,E363,False
N06,E058,E371,False
N06,E059,E235,True
N06,E059,E256,False
N06,E059,E279,False
N06,E059,E336,False
N06,E059,E349,False
N06,E059,E392,True
N06,E060,E304,False
N06,E060,E375,True
N06,E060,E394,True
N06,E061,E225,False
N06,E061,E243,True
N06,E061,E297,False
N06,E061,E366,True
N06,E062,E205,True
N06,E062,E300,False
N06,E062,E329,True
N06,E063,E232,False
N06,E063,E328,False
N06,E063,E331,False
N06,E064,E238,False
N06,E065,E379,True
N06,E066,E257,False
N06,E066,E345,False
N06,E066,E367,False
N06,E067,E208,False
N06,E067,E255,True
N06,E067,E316,False
N06,E067,E372,False
N06,E068,E213,False
N06,E068,E253,False
N06,E069,E261,True
N06,E070,E214,False
N06,E070,E332,True
N06,E071,E241,True
N06,E071,E363,True
N06,E071,E386,False
N06,E071,E394,False
N06,E072,E216,False
N06,E072,E219,True
N06,E072,E221,True
N06,E073,E218,False
N06,E073,E229,True
N06,E073,E232,True
N06,E073,E299,False
N06,E073,E368,False
N06,E074,E299,True
N06,E074,E326,False
N06,E074,E369,True
N06,E074,E378,True
N06,E075,E228,False
N06,E075,E278,True
N06,E075,E292,True
N06,E075,E313,False
N06,E076,E206,False
N06,E076,E257,True
N06,E076,E269,False
N06,E076,E312,True
N06,E076,E335,True
N06,E076,E356,True
N06,E077,E201,True
N06,E077,E293,False
N06,E077,E329,False
N06,E077,E395,False
N06,E078,E214,False
N06,E078,E270,False
N06,E078,E343,False
N06,E079,E225,True
N06,E079,E383,False
N06,E080,E266,True
N06,E080,E268,False
N06,E080,E322,True
N06,E080,E327,False
N06,E081,E259,True
N06,E081,E279,False
N06,E081,E290,True
N06,E082,E204,False
N06,E082,E253,False
N06,E082,E317,False
N06,E082,E397,False
N06,E083,E261,False
N06,E083,E273,False
N06,E083,E371,True
N06,E084,E233,False
N06,E084,E259,False
N06,E084,E330,True
N06,E084,E339,False
N06,E085,E252,True
N06,E085,E266,False
N06,E086,E238,True
N06,E086,E291,False
N06,E086,E298,True
N06,E087,E207,False
N06,E087,E281,False
N06,E087,E337,False
N06,E088,E248,True
N06,E088,E384,True
N06,E089,E254,True
N06,E089,E338,False
N06,E089,E347,True
N06,E089,E357,False
N06,E090,E239,True
N06,E090,E281,True
N06,E090,E320,True
N06,E091,E202,False
N06,E091,E212,False
N06,E091,E267,False
N06,E091,E358,False
N06,E092,E237,True
N06,E092,E271,True
N06,E092,E307,False
N06,E092,E347,False
N06,E093,E237,False
N06,E093,E320,False
N06,E093,E351,False
N06,E093,E358,True
N06,E094,E204,False
N06,E094,E360,True
N06,E095,E217,False
N06,E095,E274,False
N06,E096,E229,False
N06,E096,E376,True
N06,E097,E262,False
N06,E097,E265,False
N06,E097,E373,True
N06,E098,E375,False
N06,E099,E236,False
N06,E099,E264,False
N06,E099,E322,False
N06,E099,E385,False
N06,E099,E387,False
N06,E100,E209,True
N06,E100,E212,False
N06,E100,E383,False
N06,E101,E218,False
N06,E101,E234,False
N06,E101,E258,False
N06,E101,E360,False
N06,E101,E369,False
N06,E102,E200,False
N06,E102,E354,False
N06,E102,E372,True
N06,E102,E374,False
N06,E103,E285,False
N06,E103,E346,False
N06,E103,E347,False
N06,E103,E367,False
N06,E104,E260,False
N06,E104,E291,False
N06,E104,E328,False
N06,E105,E233,True
N06,E105,E284,False
N06,E105,E303,True
N06,E105,E340,True
N06,E106,E213,True
N06,E106,E332,False
N06,E106,E337,False
N06,E106,E376,False
N06,E106,E396,False
N06,E107,E214,False
N06,E107,E276,True
N06,E107,E299,False
N06,E107,E336,False
N06,E107,E356,False
N06,E107,E362,False
N06,E108,E231,False
N06,E108,E320,False
N06,E108,E365,False
N06,E109,E259,False
N06,E109,E310,True
N06,E109,E327,False
N06,E109,E335,False
N06,E110,E202,True
N06,E110,E246,False
N06,E110,E342,False
N06,E111,E223,True
N06,E111,E231,False
N06,E111,E238,False
N06,E111,E275,False
N06,E111,E312,False
N06,E111,E348,True
N06,E111,E364,False
N06,E112,E217,True
N06,E112,E224,False
N06,E112,E228,True
N06,E112,E382,True
N06,E113,E215,False
N06,E113,E382,False
N06,E114,E243,False
N06,E114,E244,True
N06,E114,E247,False
N06,E114,E397,False
N06,E115,E250,True
N06,E115,E312,False
N06,E116,E215,False
N06,E116,E255,False
N06,E116,E267,False
N06,E116,E339,True
N06,E116,E361,True
N06,E117,E222,False
N06,E117,E229,False
N06,E117,E278,False
N06,E117,E285,False
N06,E117,E350,False
N06,E117,E370,True
N06,E118,E232,False
N06,E118,E278,False
N06,E118,E296,True
N06,E119,E220,False
N06,E120,E245,False
N06,E120,E321,False
N06,E120,E396,True
N06,E121,E215,False
N06,E121,E226,False
N06,E121,E290,False
N06,E121,E381,True
N06,E121,E393,False
N06,E121,E398,True
N06,E121,E399,False
N06,E122,E230,False
N06,E122,E273,True
N06,E122,E294,True
N06,E122,E378,False
N06,E123,E267,False
N06,E123,E313,True
N06,E123,E318,False
N06,E123,E353,False
N06,E124,E294,False
N06,E124,E336,True
N06,E124,E359,False
N06,E125,E203,False
N06,E125,E397,True
N06,E126,E301,False
N06,E127,E204,True
N06,E127,E391,True
N06,E128,E269,False
N06,E128,E296,False
N06,E128,E397,False
N06,E129,E275,False
N06,E129,E325,False
N06,E129,E386,False
N06,E130,E216,False
N06,E130,E381,False
N06,E131,E247,True
N06,E131,E249,False
N06,E131,E342,True
N06,E131,E355,False
N06,E132,E314,False
N06,E132,E333,True
N06,E133,E288,False
N06,E133,E311,False
N06,E133,E384,False
N06,E134,E352,True
N06,E135,E378,False
N06,E135,E383,False
N06,E136,E260,False
N06,E136,E390,False
N06,E137,E200,False
N06,E137,E220,False
N06,E137,E277,False
N06,E137,E321,False
N06,E137,E324,False
N06,E138,E297,False
N06,E138,E376,False
N06,E138,E382,False
N06,E139,E208,True
N06,E139,E311,False
N06,E139,E393,True
N06,E140,E202,False
N06,E140,E314,True
N06,E140,E398,False
N06,E141,E211,True
N06,E141,E218,False
N06,E141,E258,True
N06,E141,E399,False
N06,E143,E323,False
N06,E143,E325,False
N06,E145,E219,False
N06,E145,E318,True
N06,E145,E355,False
N06,E146,E201,False
N06,E146,E246,False
N06,E146,E386,True
N06,E147,E236,False
N06,E147,E274,False
N06,E147,E315,False
N06,E148,E206,False
N06,E148,E238,False
N06,E148,E272,False
N06,E148,E399,False
N06,E149,E242,True
N06,E149,E288,False
N06,E150,E239,False
N06,E150,E269,True
N06,E150,E385,True
N06,E151,E220,True
N06,E151,E273,False
N06,E151,E308,False
N06,E152,E286,False
N06,E152,E344,False
N06,E152,E387,False
N06,E152,E389,False
N06,E153,E234,False
N06,E153,E242,False
N06,E153,E251,False
N06,E153,E380,True
N06,E154,E350,False
N06,E155,E206,True
N06,E156,E267,True
N06,E156,E320,False
N06,E156,E350,False
N06,E156,E353,False
N06,E157,E326,False
N06,E157,E395,False
N06,E158,E240,True
N06,E158,E370,False
N06,E158,E371,False
N06,E159,E268,False
N06,E159,E288,False
N06,E159,E310,False
N06,E159,E326,False
N06,E159,E360,False
N06,E160,E244,False
N06,E160,E327,True
N06,E160,E350,True
N06,E160,E359,False
N06,E161,E221,False
N06,E161,E326,True
N06,E162,E229,False
N06,E162,E305,False
N06,E162,E317,True
N06,E163,E201,False
N06,E163,E301,True
N06,E164,E269,False
N06,E164,E284,True
N06,E164,E327,False
N06,E164,E380,False
N06,E165,E255,False
N06,E165,E262,False
N06,E166,E210,False
N06,E166,E305,False
N06,E166,E319,False
N06,E167,E242,False
N06,E167,E355,False
N06,E167,E394,False
N06,E168,E237,False
N06,E169,E205,False
N06,E169,E268,False
N06,E169,E280,False
N06,E170,E281,False
N06,E170,E329,False
N06,E172,E242,False
N06,E172,E330,False
N06,E173,E213,False
N06,E173,E235,False
N06,E173,E256,False
N06,E173,E264,False
N06,E173,E271,False
N06,E173,E289,False
N06,E173,E372,False
N06,E173,E398,False
N06,E174,E268,True
N06,E174,E292,False
N06,E175,E220,False
N06,E175,E247,False
N06,E177,E258,False
N06,E177,E285,False
N06,E177,E296,False
N06,E178,E301,False
N06,E178,E373,False
N06,E178,E392,False
N06,E179,E272,True
N06,E179,E300,False
N06,E179,E324,True
N06,E179,E387,False
N06,E180,E395,False
N06,E181,E264,True
N06,E181,E283,False
N06,E181,E388,True
N06,E182,E212,False
N06,E182,E302,False
N06,E182,E343,False
N06,E183,E230,False
N06,E183,E248,False
N06,E183,E260,True
N06,E183,E274,True
N06,E183,E361,False
N06,E184,E277,True
N06,E184,E308,False
N06,E184,E324,False
N06,E184,E365,False
N06,E184,E377,False
N06,E185,E230,True
N06,E185,E249,False
N06,E185,E287,True
N06,E185,E346,True
N06,E185,E351,True
N06,E185,E367,False
N06,E186,E241,False
N06,E186,E251,False
N06,E186,E323,True
N06,E187,E313,False
N06,E187,E356,False
N06,E187,E357,True
N06,E188,E311,False
N06,E188,E316,False
N06,E188,E334,True
N06,E189,E270,True
N06,E189,E280,False
N06,E189,E337,True
N06,E189,E338,False
N06,E189,E362,True
N06,E189,E368,True
N06,E190,E212,True
N06,E190,E282,False
N06,E190,E354,False
N06,E190,E383,True
N06,E191,E216,True
N06,E191,E302,True
N06,E191,E365,True
N06,E191,E367,True
N06,E192,E211,False
N06,E192,E334,False
N06,E194,E203,True
N06,E194,E263,False
N06,E194,E349,True
N06,E194,E365,False
N06,E194,E388,False
N06,E195,E285,True
N06,E195,E353,True
N06,E196,E214,True
N06,E196,E250,False
N06,E196,E315,True
N06,E196,E325,True
N06,E196,E358,False
N06,E197,E210,True
N06,E198,E290,False
N06,E198,E345,True
N06,E199,E251,False
N06,E200,E465,False
N06,E200,E488,False
N06,E200,E497,False
N06,E200,E536,True
N06,E200,E553,False
N06,E200,E568,False
N06,E201,E501,True
N06,E201,E545,False
N06,E201,E552,False
N06,E202,E473,False
N06,E202,E533,False
N06,E202,E559,False
N06,E203,E570,False
N06,E204,E438,False
N06,E204,E448,False
N06,E205,E430,True
N06,E205,E432,True
N06,E205,E455,False
N06,E205,E468,False
N06,E205,E553,True
N06,E206,E435,False
N06,E206,E469,False
N06,E206,E484,True
N06,E206,E485,False
N06,E206,E486,False
N06,E206,E488,False
N06,E206,E558,False
N06,E206,E564,True
N06,E207,E496,False
N06,E207,E597,True
N06,E208,E420,True
N06,E208,E453,False
N06,E208,E582,True
N06,E209,E521,False
N06,E210,E481,False
N06,E211,E403,True
N06,E211,E472,False
N06,E211,E502,True
N06,E211,E517,True
N06,E212,E402,False
N06,E212,E439,False
N06,E213,E404,True
N06,E213,E493,True
N06,E213,E545,False
N06,E214,E456,True
N06,E214,E487,True
N06,E214,E589,False
N06,E215,E437,True
N06,E215,E441,False
N06,E215,E510,True
N06,E215,E550,False
N06,E215,E565,False
N06,E215,E571,True
N06,E215,E599,False
N06,E216,E406,False
N06,E216,E451,False
N06,E216,E511,False
N06,E216,E598,True
N06,E217,E575,True
N06,E217,E576,False
N06,E217,E585,False
N06,E217,E592,True
N06,E218,E405,False
N06,E218,E447,False
N06,E218,E491,False
N06,E218,E498,True
N06,E218,E536,False
N06,E219,E418,False
N06,E219,E421,False
N06,E219,E422,True
N06,E219,E431,False
N06,E219,E475,True
N06,E219,E477,False
N06,E219,E500,True
N06,E219,E520,False
N06,E219,E567,False
N06,E221,E530,False
N06,E221,E536,False
N06,E221,E576,True
N06,E221,E592,False
N06,E222,E453,True
N06,E222,E551,False
N06,E222,E564,False
N06,E222,E566,False
N06,E222,E597,False
N06,E223,E408,False
N06,E223,E513,False
N06,E224,E407,True
N06,E224,E409,False
N06,E224,E422,False
N06,E224,E515,False
N06,E224,E532,True
N06,E224,E590,False
N06,E225,E459,True
N06,E225,E471,False
N06,E225,E509,False
N06,E226,E470,False
N06,E226,E502,False
N06,E226,E513,False
N06,E226,E524,True
N06,E226,E554,False
N06,E226,E578,False
N06,E226,E585,True
N06,E226,E588,True
N06,E227,E495,True
N06,E228,E493,False
N06,E228,E552,True
N06,E230,E427,False
N06,E230,E428,False
N06,E230,E437,False
N06,E230,E515,False
N06,E230,E540,False
N06,E230,E587,False
N06,E231,E458,False
N06,E231,E496,False
N06,E231,E517,False
N06,E231,E522,False
N06,E232,E425,False
N06,E232,E438,False
N06,E232,E475,False
N06,E232,E512,False
N06,E233,E426,False
N06,E233,E489,False
N06,E233,E594,False
N06,E234,E424,False
N06,E234,E469,False
N06,E234,E490,False
N06,E234,E493,False
N06,E235,E589,False
N06,E236,E506,False
N06,E236,E556,True
N06,E236,E558,False
N06,E236,E579,False
N06,E236,E598,False
N06,E237,E477,False
N06,E237,E595,False
N06,E238,E412,True
N06,E238,E478,False
N06,E239,E446,True
N06,E239,E508,True
N06,E239,E526,False
N06,E239,E557,True
N06,E239,E580,True
N06,E239,E593,True
N06,E240,E458,False
N06,E240,E574,False
N06,E240,E592,False
N06,E241,E401,False
N06,E241,E413,True
N06,E241,E440,False
N06,E241,E540,False
N06,E243,E454,True
N06,E243,E537,False
N06,E244,E449,False
N06,E244,E487,False
N06,E244,E497,False
N06,E244,E533,False
N06,E244,E541,True
N06,E245,E483,True
N06,E245,E497,False
N06,E245,E561,False
N06,E245,E576,False
N06,E245,E596,False
N06,E246,E435,True
N06,E246,E501,False
N06,E246,E559,True
N06,E247,E469,True
N06,E247,E485,False
N06,E247,E583,True
N06,E248,E436,False
N06,E248,E441,False
N06,E248,E443,True
N06,E248,E473,True
N06,E248,E494,False
N06,E248,E514,False
N06,E248,E516,False
N06,E248,E529,False
N06,E249,E430,False
N06,E249,E502,False
N06,E249,E511,True
N06,E249,E530,True
N06,E249,E578,True
N06,E250,E436,False
N06,E250,E483,False
N06,E250,E489,True
N06,E250,E525,False
N06,E250,E527,False
N06,E250,E569,False
N06,E251,E445,False
N06,E251,E479,False
N06,E252,E423,False
N06,E253,E462,True
N06,E253,E544,True
N06,E253,E581,False
N06,E254,E441,True
N06,E254,E442,False
N06,E254,E496,True
N06,E254,E582,False
N06,E255,E478,False
N06,E255,E538,False
N06,E255,E574,True
N06,E256,E459,False
N06,E256,E509,True
N06,E256,E579,True
N06,E257,E464,False
N06,E258,E472,True
N06,E258,E548,False
N06,E258,E573,False
N06,E260,E408,False
N06,E260,E547,False
N06,E261,E416,False
N06,E261,E498,False
N06,E263,E405,False
N06,E263,E468,True
N06,E263,E470,True
N06,E263,E513,True
N06,E263,E557,False
N06,E263,E594,True
N06,E264,E477,False
N06,E265,E404,False
N06,E265,E463,True
N06,E265,E542,True
N06,E266,E466,False
N06,E266,E495,False
N06,E266,E575,False
N06,E266,E580,False
N06,E267,E461,False
N06,E267,E476,False
N06,E267,E479,True
N06,E267,E520,False
N06,E267,E521,False
N06,E267,E554,True
N06,E267,E562,False
N06,E268,E567,True
N06,E269,E433,True
N06,E269,E449,False
N06,E269,E536,False
N06,E269,E549,False
N06,E269,E586,False
N06,E270,E449,False
N06,E270,E584,False
N06,E271,E400,False
N06,E271,E410,True
N06,E271,E476,False
N06,E272,E410,False
N06,E272,E504,True
N06,E272,E522,True
N06,E273,E518,False
N06,E273,E553,False
N06,E274,E490,True
N06,E274,E519,False
N06,E274,E551,True
N06,E274,E560,False
N06,E275,E465,False
N06,E275,E470,False
N06,E275,E527,False
N06,E275,E572,False
N06,E277,E543,False
N06,E278,E437,False
N06,E278,E598,False
N06,E279,E417,False
N06,E279,E427,False
N06,E279,E430,False
N06,E279,E532,False
N06,E279,E587,True
N06,E280,E406,True
N06,E280,E475,False
N06,E280,E512,True
N06,E280,E585,False
N06,E281,E567,False
N06,E282,E407,False
N06,E282,E418,True
N06,E282,E481,False
N06,E282,E492,True
N06,E283,E449,True
N06,E283,E467,False
N06,E283,E547,False
N06,E283,E582,False
N06,E284,E519,True
N06,E286,E447,True
N06,E286,E537,True
N06,E287,E430,False
N06,E287,E568,True
N06,E288,E457,False
N06,E288,E593,False
N06,E290,E439,True
N06,E290,E530,False
N06,E290,E565,True
N06,E290,E572,True
N06,E291,E486,False
N06,E291,E532,False
N06,E292,E456,False
N06,E292,E458,True
N06,E292,E528,False
N06,E292,E549,False
N06,E293,E433,False
N06,E293,E453,False
N06,E293,E516,False
N06,E293,E594,False
N06,E294,E473,False
N06,E294,E480,False
N06,E294,E503,True
N06,E294,E521,True
N06,E294,E547,True
N06,E294,E572,False
N06,E295,E414,False
N06,E295,E434,True
N06,E295,E467,False
N06,E295,E495,False
N06,E295,E573,False
N06,E297,E402,False
N06,E297,E524,False
N06,E297,E591,True
N06,E298,E514,True
N06,E299,E451,False
N06,E300,E416,True
N06,E300,E542,False
N06,E301,E560,True
N06,E302,E428,False
N06,E303,E400,True
N06,E303,E482,False
N06,E304,E523,True
N06,E304,E589,True
N06,E305,E406,False
N06,E305,E416,False
N06,E305,E424,False
N06,E305,E499,False
N06,E305,E507,False
N06,E306,E427,True
N06,E306,E457,True
N06,E306,E549,False
N06,E306,E553,False
N06,E306,E577,True
N06,E307,E400,False
N06,E307,E461,True
N06,E307,E499,False
N06,E307,E520,False
N06,E307,E581,True
N06,E308,E529,False
N06,E308,E577,False
N06,E309,E563,False
N06,E309,E566,False
N06,E309,E571,False
N06,E310,E438,False
N06,E310,E473,False
N06,E310,E514,False
N06,E310,E595,True
N06,E311,E421,False
N06,E312,E416,False
N06,E312,E484,False
N06,E312,E547,False
N06,E313,E425,False
N06,E313,E444,False
N06,E313,E565,False
N06,E314,E403,False
N06,E314,E428,False
N06,E314,E497,True
N06,E314,E516,False
N06,E315,E448,True
N06,E315,E450,True
N06,E315,E500,False
N06,E315,E559,False
N06,E316,E441,False
N06,E316,E462,False
N06,E316,E493,False
N06,E317,E406,False
N06,E317,E492,False
N06,E317,E525,True
N06,E317,E557,False
N06,E317,E568,False
N06,E317,E583,False
N06,E317,E586,True
N06,E318,E405,False
N06,E318,E458,False
N06,E318,E485,True
N06,E318,E488,False
N06,E318,E499,True
N06,E318,E503,False
N06,E318,E575,False
N06,E320,E477,True
N06,E320,E504,False
N06,E321,E423,False
N06,E321,E535,False
N06,E321,E538,False
N06,E322,E402,True
N06,E322,E413,False
N06,E322,E438,True
N06,E322,E498,False
N06,E323,E534,False
N06,E324,E408,True
N06,E324,E506,True
N06,E324,E517,False
N06,E324,E528,True
N06,E324,E531,True
N06,E325,E439,False
N06,E325,E452,False
N06,E325,E516,True
N06,E325,E522,False
N06,E325,E562,True
N06,E326,E460,False
N06,E326,E518,False
N06,E327,E466,True
N06,E327,E507,True
N06,E328,E432,False
N06,E328,E587,False
N06,E329,E584,False
N06,E330,E459,False
N06,E330,E543,False
N06,E331,E462,False
N06,E331,E503,False
N06,E331,E506,False
N06,E331,E567,False
N06,E331,E569,True
N06,E333,E445,False
N06,E333,E504,False
N06,E334,E440,True
N06,E334,E460,True
N06,E334,E465,True
N06,E334,E515,True
N06,E335,E421,True
N06,E335,E539,True
N06,E335,E561,True
N06,E336,E541,False
N06,E337,E401,True
N06,E337,E571,False
N06,E337,E584,False
N06,E338,E424,False
N06,E338,E474,True
N06,E338,E556,False
N06,E338,E575,False
N06,E339,E420,False
N06,E339,E484,False
N06,E339,E491,False
N06,E339,E520,True
N06,E340,E411,False
N06,E340,E415,True
N06,E340,E434,False
N06,E340,E445,True
N06,E340,E526,True
N06,E340,E529,True
N06,E341,E420,False
N06,E342,E423,False
N06,E342,E527,True
N06,E342,E534,True
N06,E342,E554,False
N06,E343,E415,False
N06,E343,E417,True
N06,E343,E504,False
N06,E343,E545,True
N06,E344,E410,False
N06,E344,E442,True
N06,E344,E461,False
N06,E344,E464,True
N06,E344,E482,True
N06,E345,E414,True
N06,E345,E471,True
N06,E345,E523,False
N06,E345,E552,False
N06,E345,E557,False
N06,E346,E480,False
N06,E347,E510,False
N06,E347,E524,False
N06,E349,E404,False
N06,E349,E463,False
N06,E350,E505,False
N06,E350,E518,False
N06,E350,E558,True
N06,E351,E452,False
N06,E351,E589,False
N06,E352,E412,False
N06,E352,E425,True
N06,E352,E510,False
N06,E353,E535,True
N06,E354,E414,False
N06,E354,E419,True
N06,E355,E431,True
N06,E355,E444,False
N06,E355,E569,False
N06,E356,E563,True
N06,E357,E442,False
N06,E357,E480,False
N06,E357,E526,False
N06,E357,E555,False
N06,E357,E566,True
N06,E357,E578,False
N06,E358,E426,True
N06,E358,E480,True
N06,E359,E535,False
N06,E359,E555,True
N06,E360,E472,False
N06,E360,E494,True
N06,E360,E546,False
N06,E361,E444,True
N06,E361,E450,False
N06,E361,E474,False
N06,E361,E591,False
N06,E362,E483,False
N06,E362,E528,False
N06,E362,E531,False
N06,E364,E482,False
N06,E364,E489,False
N06,E365,E409,True
N06,E365,E443,False
N06,E365,E451,True
N06,E365,E452,True
N06,E365,E453,False
N06,E365,E457,False
N06,E365,E527,False
N06,E365,E548,True
N06,E365,E597,False
N06,E365,E599,True
N06,E366,E505,False
N06,E366,E538,True
N06,E366,E556,False
N06,E366,E596,True
N06,E367,E455,False
N06,E367,E498,False
N06,E367,E595,False
N06,E368,E448,False
N06,E368,E521,False
N06,E368,E596,False
N06,E369,E405,True
N06,E369,E466,False
N06,E369,E505,True
N06,E369,E539,False
N06,E369,E549,True
N06,E370,E422,False
N06,E370,E468,False
N06,E370,E481,False
N06,E370,E530,False
N06,E372,E444,False
N06,E372,E501,False
N06,E372,E503,False
N06,E373,E436,True
N06,E373,E508,False
N06,E374,E429,False
N06,E374,E478,True
N06,E374,E491,True
N06,E375,E424,True
N06,E375,E448,False
N06,E375,E467,True
N06,E375,E479,False
N06,E375,E505,False
N06,E375,E546,True
N06,E375,E573,False
N06,E375,E588,False
N06,E376,E419,False
N06,E376,E452,False
N06,E377,E407,False
N06,E378,E456,False
N06,E379,E454,False
N06,E380,E421,False
N06,E380,E428,True
N06,E381,E488,True
N06,E381,E518,True
N06,E381,E523,False
N06,E381,E559,False
N06,E382,E455,True
N06,E382,E479,False
N06,E382,E519,False
N06,E382,E550,True
N06,E383,E445,False
N06,E383,E491,False
N06,E385,E437,False
N06,E385,E470,False
N06,E385,E573,True
N06,E386,E543,True
N06,E386,E584,True
N06,E386,E598,False
N06,E387,E461,False
N06,E388,E420,False
N06,E388,E484,False
N06,E388,E551,False
N06,E389,E413,False
N06,E389,E481,True
N06,E389,E483,False
N06,E389,E541,False
N06,E390,E439,False
N06,E390,E507,False
N06,E391,E426,False
N06,E391,E431,False
N06,E391,E442,False
N06,E391,E446,False
N06,E391,E464,False
N06,E391,E476,True
N06,E391,E533,False
N06,E391,E543,False
N06,E391,E545,False
N06,E391,E569,False
N06,E391,E594,False
N06,E392,E423,True
N06,E392,E429,True
N06,E392,E475,False
N06,E392,E522,False
N06,E393,E478,False
N06,E393,E538,False
N06,E393,E544,False
N06,E394,E400,False
N06,E394,E436,False
N06,E394,E465,False
N06,E394,E506,False
N06,E394,E570,True
N06,E394,E574,False
N06,E394,E576,False
N06,E396,E510,False
N06,E396,E535,False
N06,E396,E580,False
N06,E396,E597,False
N06,E397,E415,False
N06,E397,E460,False
N06,E397,E486,True
N06,E398,E402,False
N06,E398,E411,True
N06,E398,E526,False
N06,E398,E590,True
N06,E399,E407,False
N06,E399,E434,False
N06,E399,E524,False
N06,E399,E533,True
N06,E399,E540,True
N06,E399,E544,False
N06,E400,E701,False
N06,E400,E795,False
N06,E401,E688,True
N06,E401,E761,True
N06,E401,E783,True
N06,E401,E789,False
N06,E403,E680,False
N06,E403,E691,False
N06,E403,E737,False
N06,E403,E743,False
N06,E404,E667,False
N06,E404,E701,False
N06,E405,E613,False
N06,E405,E651,False
N06,E406,E603,True
N06,E406,E640,False
N06,E406,E646,False
N06,E406,E707,False
N06,E406,E728,True
N06,E406,E756,False
N06,E406,E771,False
N06,E406,E788,False
N06,E407,E782,True
N06,E408,E680,False
N06,E408,E690,False
N06,E409,E611,False
N06,E409,E647,False
N06,E409,E654,False
N06,E409,E765,False
N06,E410,E601,True
N06,E410,E770,False
N06,E410,E782,False
N06,E411,E696,True
N06,E411,E709,True
N06,E411,E723,False
N06,E411,E794,False
N06,E412,E748,False
N06,E413,E636,False
N06,E413,E672,False
N06,E413,E715,False
N06,E413,E785,False
N06,E414,E670,False
N06,E414,E672,False
N06,E414,E746,True
N06,E415,E647,True
N06,E415,E673,True
N06,E415,E721,True
N06,E415,E738,True
N06,E415,E795,False
N06,E416,E669,False
N06,E416,E749,False
N06,E417,E676,True
N06,E417,E680,True
N06,E417,E701,False
N06,E417,E711,True
N06,E417,E776,True
N06,E418,E628,False
N06,E418,E635,True
N06,E418,E776,False
N06,E418,E786,False
N06,E419,E600,False
N06,E419,E602,False
N06,E419,E646,False
N06,E419,E693,True
N06,E419,E731,False
N06,E420,E687,False
N06,E420,E742,False
N06,E420,E779,False
N06,E421,E731,False
N06,E421,E752,True
N06,E421,E770,False
N06,E421,E788,False
N06,E422,E663,False
N06,E422,E717,False
N06,E423,E642,True
N06,E423,E698,True
N06,E423,E789,True
N06,E424,E610,False
N06,E424,E619,False
N06,E424,E651,False
N06,E424,E726,False
N06,E424,E758,False
N06,E426,E607,True
N06,E426,E625,False
N06,E426,E705,False
N06,E426,E769,False
N06,E426,E780,True
N06,E427,E786,True
N06,E428,E649,False
N06,E428,E654,True
N06,E428,E779,False
N06,E429,E615,False
N06,E430,E620,False
N06,E430,E757,False
N06,E430,E770,True
N06,E430,E779,True
N06,E430,E784,False
N06,E431,E710,True
N06,E432,E679,False
N06,E433,E625,True
N06,E433,E650,False
N06,E433,E658,False
N06,E433,E792,True
N06,E434,E730,False
N06,E434,E796,True
N06,E435,E610,False
N06,E435,E630,False
N06,E435,E683,True
N06,E435,E792,False
N06,E437,E662,False
N06,E437,E734,False
N06,E437,E748,True
N06,E438,E762,False
N06,E439,E791,False
N06,E440,E613,False
N06,E440,E637,False
N06,E440,E724,True
N06,E440,E751,False
N06,E440,E764,False
N06,E441,E609,False
N06,E441,E617,False
N06,E441,E646,True
N06,E441,E660,False
N06,E441,E726,False
N06,E441,E765,False
N06,E441,E794,False
N06,E441,E799,True
N06,E442,E639,True
N06,E442,E640,True
N06,E442,E662,True
N06,E442,E687,False
N06,E442,E705,False
N06,E442,E730,False
N06,E443,E652,False
N06,E443,E688,False
N06,E443,E720,True
N06,E443,E733,False
N06,E444,E657,False
N06,E444,E685,True
N06,E444,E716,True
N06,E445,E691,True
N06,E445,E796,False
N06,E446,E619,True
N06,E447,E651,True
N06,E447,E750,False
N06,E447,E768,True
N06,E447,E781,False
N06,E448,E677,True
N06,E448,E695,False
N06,E448,E786,False
N06,E449,E620,True
N06,E449,E636,True
N06,E449,E690,True
N06,E450,E659,False
N06,E450,E708,False
N06,E450,E744,False
N06,E450,E758,True
N06,E451,E696,False
N06,E452,E717,False
N06,E453,E650,True
N06,E453,E663,False
N06,E453,E794,True
N06,E454,E643,False
N06,E455,E604,False
N06,E455,E627,True
N06,E456,E633,False
N06,E456,E660,True
N06,E456,E739,False
N06,E456,E788,False
N06,E457,E600,True
N06,E457,E771,False
N06,E458,E645,True
N06,E458,E730,True
N06,E458,E739,False
N06,E458,E789,False
N06,E459,E793,False
N06,E460,E605,False
N06,E460,E641,False
N06,E460,E778,False
N06,E461,E642,False
N06,E461,E770,False
N06,E461,E775,True
N06,E462,E623,True
N06,E462,E664,False
N06,E462,E760,True
N06,E463,E667,False
N06,E463,E767,True
N06,E463,E799,False
N06,E464,E614,True
N06,E464,E712,True
N06,E465,E634,False
N06,E465,E638,False
N06,E465,E651,False
N06,E466,E648,False
N06,E466,E691,False
N06,E467,E617,True
N06,E467,E744,True
N06,E467,E765,True
N06,E467,E798,False
N06,E468,E614,False
N06,E468,E649,False
N06,E468,E673,False
N06,E468,E694,True
N06,E468,E707,False
N06,E468,E742,False
N06,E469,E603,False
N06,E469,E677,False
N06,E470,E700,True
N06,E470,E757,False
N06,E471,E606,True
N06,E471,E761,False
N06,E472,E684,False
N06,E472,E730,False
N06,E472,E732,False
N06,E473,E666,False
N06,E473,E670,True
N06,E473,E721,False
N06,E473,E733,True
N06,E474,E643,False
N06,E474,E645,False
N06,E474,E670,False
N06,E475,E726,False
N06,E475,E771,False
N06,E476,E641,True
N06,E476,E724,False
N06,E477,E611,True
N06,E477,E629,True
N06,E477,E649,True
N06,E477,E678,True
N06,E477,E682,True
N06,E477,E790,True
N06,E478,E664,True
N06,E478,E700,False
N06,E478,E781,True
N06,E479,E659,False
N06,E480,E612,True
N06,E480,E617,False
N06,E480,E687,False
N06,E480,E759,True
N06,E480,E791,True
N06,E481,E698,False
N06,E481,E785,True
N06,E482,E649,False
N06,E482,E703,True
N06,E482,E753,True
N06,E483,E677,False
N06,E483,E682,False
N06,E483,E755,True
N06,E484,E686,True
N06,E484,E734,True
N06,E484,E768,False
N06,E484,E798,False
N06,E485,E707,True
N06,E486,E693,False
N06,E486,E772,False
N06,E486,E787,False
N06,E487,E601,False
N06,E487,E610,True
N06,E487,E706,True
N06,E487,E755,False
N06,E488,E732,True
N06,E489,E738,False
N06,E490,E612,False
N06,E490,E672,True
N06,E490,E718,False
N06,E490,E752,False
N06,E490,E783,False
N06,E491,E682,False
N06,E492,E666,False
N06,E493,E693,False
N06,E493,E716,False
N06,E493,E746,False
N06,E493,E763,False
N06,E493,E788,True
N06,E494,E665,False
N06,E494,E669,False
N06,E494,E751,False
N06,E495,E692,False
N06,E495,E704,False
N06,E496,E666,True
N06,E496,E700,False
N06,E496,E760,False
N06,E497,E658,False
N06,E497,E739,True
N06,E497,E740,False
N06,E497,E798,False
N06,E498,E735,False
N06,E498,E769,True
N06,E500,E638,True
N06,E500,E652,True
N06,E500,E674,True
N06,E500,E685,False
N06,E500,E773,False
N06,E500,E781,False
N06,E501,E655,True
N06,E501,E684,True
N06,E501,E692,True
N06,E501,E706,False
N06,E502,E655,False
N06,E502,E674,False
N06,E503,E652,False
N06,E503,E699,False
N06,E504,E602,True
N06,E504,E716,False
N06,E504,E793,False
N06,E505,E648,False
N06,E505,E688,False
N06,E505,E768,False
N06,E507,E668,True
N06,E507,E709,False
N06,E507,E751,False
N06,E507,E756,True
N06,E507,E761,False
N06,E508,E740,True
N06,E508,E763,True
N06,E509,E643,False
N06,E509,E759,False
N06,E510,E633,True
N06,E510,E637,True
N06,E510,E676,False
N06,E511,E632,False
N06,E511,E663,False
N06,E512,E641,False
N06,E512,E690,False
N06,E512,E707,False
N06,E512,E711,False
N06,E512,E747,False
N06,E513,E637,False
N06,E513,E695,True
N06,E513,E731,True
N06,E513,E737,True
N06,E514,E722,True
N06,E514,E765,False
N06,E514,E768,False
N06,E515,E614,False
N06,E515,E630,True
N06,E515,E658,False
N06,E515,E665,False
N06,E515,E749,False
N06,E516,E679,True
N06,E517,E628,True
N06,E517,E708,False
N06,E517,E712,False
N06,E518,E687,True
N06,E518,E797,False
N06,E519,E656,False
N06,E519,E787,True
N06,E520,E653,True
N06,E520,E660,False
N06,E520,E716,False
N06,E520,E747,False
N06,E521,E678,False
N06,E521,E713,True
N06,E521,E750,True
N06,E522,E608,True
N06,E522,E631,False
N06,E522,E648,True
N06,E522,E672,False
N06,E522,E729,False
N06,E522,E793,False
N06,E523,E675,False
N06,E523,E708,False
N06,E524,E601,False
N06,E524,E668,False
N06,E524,E734,False
N06,E525,E718,False
N06,E525,E723,True
N06,E525,E747,False
N06,E525,E777,False
N06,E525,E782,False
N06,E526,E621,True
N06,E526,E622,False
N06,E526,E663,True
N06,E527,E662,False
N06,E528,E689,False
N06,E528,E693,False
N06,E528,E754,True
N06,E529,E657,True
N06,E529,E736,False
N06,E530,E763,False
N06,E531,E618,True
N06,E531,E631,True
N06,E531,E676,False
N06,E531,E698,False
N06,E531,E706,False
N06,E532,E600,False
N06,E532,E607,False
N06,E532,E623,False
N06,E532,E669,True
N06,E532,E675,True
N06,E532,E694,False
N06,E532,E747,True
N06,E532,E772,False
N06,E533,E635,False
N06,E533,E703,False
N06,E534,E611,False
N06,E535,E686,False
N06,E535,E691,False
N06,E535,E773,True
N06,E535,E790,False
N06,E536,E616,False
N06,E536,E624,False
N06,E536,E697,False
N06,E536,E724,False
N06,E537,E631,False
N06,E537,E720,False
N06,E538,E667,False
N06,E538,E753,False
N06,E538,E762,False
N06,E539,E641,False
N06,E539,E681,True
N06,E539,E749,True
N06,E540,E605,False
N06,E540,E652,False
N06,E540,E668,False
N06,E540,E702,False
N06,E540,E741,True
N06,E540,E742,False
N06,E540,E750,False
N06,E540,E780,False
N06,E541,E645,False
N06,E541,E699,True
N06,E541,E754,False
N06,E541,E766,False
N06,E542,E714,False
N06,E542,E727,True
N06,E543,E656,True
N06,E543,E749,False
N06,E544,E752,False
N06,E544,E777,True
N06,E545,E619,False
N06,E545,E621,False
N06,E545,E678,False
N06,E545,E767,False
N06,E546,E613,True
N06,E546,E616,False
N06,E546,E709,False
N06,E546,E741,False
N06,E547,E637,False
N06,E549,E640,False
N06,E549,E689,False
N06,E549,E742,True
N06,E549,E798,True
N06,E550,E627,False
N06,E550,E638,False
N06,E550,E778,True
N06,E550,E793,True
N06,E551,E604,False
N06,E551,E790,False
N06,E552,E628,False
N06,E552,E718,False
N06,E553,E677,False
N06,E553,E679,False
N06,E553,E718,True
N06,E553,E743,True
N06,E553,E781,False
N06,E554,E620,False
N06,E554,E636,False
N06,E554,E757,True
N06,E555,E658,True
N06,E556,E683,False
N06,E556,E717,True
N06,E556,E721,False
N06,E556,E767,False
N06,E557,E615,False
N06,E557,E634,True
N06,E558,E616,True
N06,E558,E644,False
N06,E558,E659,False
N06,E559,E602,False
N06,E559,E703,False
N06,E559,E714,True
N06,E559,E724,False
N06,E560,E659,True
N06,E560,E666,False
N06,E560,E698,False
N06,E560,E715,True
N06,E560,E764,True
N06,E560,E766,True
N06,E561,E607,False
N06,E561,E647,False
N06,E561,E735,True
N06,E562,E664,False
N06,E562,E745,False
N06,E563,E604,True
N06,E563,E622,True
N06,E563,E655,False
N06,E563,E681,False
N06,E563,E701,True
N06,E563,E728,False
N06,E563,E774,False
N06,E564,E725,True
N06,E564,E735,False
N06,E564,E795,True
N06,E565,E771,True
N06,E566,E605,False
N06,E566,E700,False
N06,E566,E704,False
N06,E566,E775,False
N06,E568,E671,False
N06,E568,E695,False
N06,E569,E759,False
N06,E570,E612,False
N06,E570,E626,False
N06,E570,E686,False
N06,E570,E725,False
N06,E571,E697,False
N06,E571,E705,False
N06,E571,E712,False
N06,E572,E737,False
N06,E572,E758,False
N06,E572,E777,False
N06,E572,E785,False
N06,E572,E797,True
N06,E573,E615,True
N06,E573,E653,False
N06,E573,E657,False
N06,E573,E719,False
N06,E574,E636,False
N06,E574,E639,False
N06,E574,E643,True
N06,E574,E667,True
N06,E574,E736,True
N06,E574,E751,True
N06,E575,E632,True
N06,E575,E721,False
N06,E575,E745,False
N06,E575,E772,True
N06,E576,E605,True
N06,E576,E618,False
N06,E576,E706,False
N06,E576,E790,False
N06,E577,E664,False
N06,E577,E748,False
N06,E577,E777,False
N06,E578,E631,False
N06,E578,E712,False
N06,E579,E628,False
N06,E579,E629,False
N06,E580,E668,False
N06,E580,E695,False
N06,E581,E606,False
N06,E581,E697,True
N06,E581,E727,False
N06,E581,E745,True
N06,E581,E756,False
N06,E581,E767,False
N06,E582,E665,False
N06,E582,E744,False
N06,E583,E608,False
N06,E583,E617,False
N06,E583,E709,False
N06,E583,E755,False
N06,E584,E620,False
N06,E584,E657,False
N06,E584,E704,True
N06,E584,E764,False
N06,E584,E797,False
N06,E585,E624,True
N06,E585,E705,True
N06,E585,E708,True
N06,E585,E722,False
N06,E585,E729,True
N06,E586,E682,False
N06,E586,E686,False
N06,E586,E746,False
N06,E586,E779,False
N06,E588,E661,True
N06,E588,E671,True
N06,E589,E689,True
N06,E589,E713,False
N06,E589,E726,True
N06,E589,E756,False
N06,E589,E761,False
N06,E590,E702,True
N06,E590,E710,False
N06,E590,E774,False
N06,E590,E784,True
N06,E590,E795,False
N06,E591,E719,True
N06,E592,E607,False
N06,E592,E644,True
N06,E592,E776,False
N06,E594,E661,False
N06,E594,E669,False
N06,E595,E609,True
N06,E595,E729,False
N06,E595,E762,True
N06,E596,E729,False
N06,E596,E774,True
N06,E596,E782,False
N06,E597,E619,False
N06,E597,E665,True
N06,E597,E760,False
N06,E598,E610,False
N06,E599,E626,True
N06,E600,E828,False
N06,E600,E926,False
N06,E601,E922,False
N06,E601,E996,False
N06,E602,E848,True
N06,E602,E877,False
N06,E603,E878,True
N06,E604,E814,False
N06,E604,E959,True
N06,E605,E818,True
N06,E605,E842,True
N06,E605,E940,True
N06,E606,E886,False
N06,E606,E912,True
N06,E606,E923,True
N06,E606,E955,False
N06,E607,E810,False
N06,E607,E839,False
N06,E607,E859,True
N06,E607,E905,False
N06,E608,E890,False
N06,E608,E997,False
N06,E609,E875,False
N06,E609,E920,True
N06,E609,E941,True
N06,E610,E938,False
N06,E610,E943,False
N06,E610,E951,False
N06,E611,E883,False
N06,E612,E841,True
N06,E612,E858,True
N06,E612,E942,False
N06,E613,E850,False
N06,E613,E860,True
N06,E613,E934,False
N06,E613,E939,True
N06,E614,E820,False
N06,E614,E936,True
N06,E614,E942,False
N06,E614,E957,True
N06,E615,E832,True
N06,E615,E890,True
N06,E615,E955,False
N06,E615,E989,False
N06,E616,E898,True
N06,E616,E947,False
N06,E616,E958,False
N06,E617,E818,False
N06,E617,E887,True
N06,E617,E929,False
N06,E618,E815,False
N06,E619,E838,True
N06,E619,E912,False
N06,E620,E842,False
N06,E620,E985,False
N06,E621,E936,False
N06,E621,E963,True
N06,E622,E927,False
N06,E623,E801,False
N06,E623,E815,True
N06,E623,E823,False
N06,E623,E877,True
N06,E624,E820,False
N06,E625,E809,True
N06,E625,E823,False
N06,E625,E829,False
N06,E625,E843,False
N06,E625,E870,True
N06,E625,E917,True
N06,E625,E979,True
N06,E626,E869,True
N06,E626,E989,False
N06,E627,E810,False
N06,E627,E958,False
N06,E628,E810,True
N06,E628,E895,False
N06,E628,E917,False
N06,E628,E959,False
N06,E629,E806,False
N06,E629,E840,True
N06,E629,E864,True
N06,E629,E879,True
N06,E630,E857,True
N06,E630,E909,False
N06,E630,E959,False
N06,E631,E843,False
N06,E631,E892,False
N06,E632,E869,False
N06,E633,E853,False
N06,E633,E921,False
N06,E633,E928,False
N06,E633,E961,True
N06,E633,E969,True
N06,E634,E878,False
N06,E634,E961,False
N06,E634,E997,True
N06,E635,E859,False
N06,E635,E897,False
N06,E635,E932,True
N06,E635,E941,False
N06,E635,E970,True
N06,E635,E992,False
N06,E636,E820,True
N06,E636,E863,False
N06,E636,E991,False
N06,E637,E852,False
N06,E637,E874,False
N06,E637,E928,True
N06,E637,E994,False
N06,E638,E843,False
N06,E638,E846,False
N06,E638,E889,False
N06,E638,E986,False
N06,E639,E852,True
N06,E640,E826,False
N06,E640,E930,False
N06,E640,E934,False
N06,E640,E942,False
N06,E640,E983,False
N06,E641,E968,False
N06,E641,E986,False
N06,E642,E851,False
N06,E642,E926,False
N06,E643,E882,False
N06,E643,E921,True
N06,E644,E878,False
N06,E645,E884,True
N06,E646,E825,False
N06,E646,E903,False
N06,E646,E911,True
N06,E646,E913,False
N06,E646,E960,False
N06,E646,E978,True
N06,E647,E920,False
N06,E647,E960,False
N06,E647,E962,False
N06,E648,E813,False
N06,E648,E830,False
N06,E648,E872,True
N06,E649,E822,True
N06,E649,E836,False
N06,E649,E859,False
N06,E649,E912,False
N06,E649,E914,False
N06,E649,E929,True
N06,E649,E944,False
N06,E649,E985,False
N06,E651,E826,True
N06,E651,E854,True
N06,E652,E870,False
N06,E652,E962,False
N06,E653,E880,False
N06,E653,E939,False
N06,E653,E975,False
N06,E653,E980,False
N06,E654,E837,True
N06,E654,E854,False
N06,E654,E969,False
N06,E655,E856,False
N06,E655,E883,True
N06,E655,E931,False
N06,E656,E812,False
N06,E656,E814,False
N06,E656,E837,False
N06,E656,E977,False
N06,E657,E933,False
N06,E657,E940,False
N06,E657,E974,True
N06,E658,E822,False
N06,E658,E827,True
N06,E658,E840,False
N06,E658,E913,False
N06,E659,E933,False
N06,E659,E954,False
N06,E660,E829,True
N06,E660,E939,False
N06,E661,E907,False
N06,E661,E925,True
N06,E661,E989,True
N06,E662,E980,False
N06,E662,E988,True
N06,E663,E977,False
N06,E663,E996,False
N06,E664,E891,True
N06,E664,E948,False
N06,E665,E906,False
N06,E666,E856,False
N06,E667,E885,False
N06,E667,E994,True
N06,E668,E918,False
N06,E669,E807,False
N06,E669,E841,False
N06,E669,E999,False
N06,E671,E855,False
N06,E671,E862,False
N06,E671,E871,True
N06,E671,E879,False
N06,E671,E926,False
N06,E672,E901,False
N06,E672,E964,False
N06,E674,E844,True
N06,E674,E869,False
N06,E674,E971,True
N06,E675,E829,False
N06,E675,E941,False
N06,E676,E811,True
N06,E676,E874,True
N06,E677,E828,False
N06,E678,E819,False
N06,E678,E821,False
N06,E678,E975,False
N06,E678,E992,True
N06,E679,E946,False
N06,E679,E987,True
N06,E680,E834,False
N06,E680,E888,False
N06,E680,E965,False
N06,E680,E974,False
N06,E681,E929,False
N06,E681,E937,False
N06,E681,E953,False
N06,E681,E993,False
N06,E682,E807,True
N06,E682,E817,False
N06,E682,E866,True
N06,E682,E892,True
N06,E682,E911,False
N06,E683,E873,True
N06,E684,E809,False
N06,E684,E815,False
N06,E684,E816,False
N06,E684,E919,False
N06,E684,E956,True
N06,E685,E953,True
N06,E686,E809,False
N06,E686,E880,False
N06,E686,E906,True
N06,E686,E958,True
N06,E687,E810,False
N06,E687,E976,False
N06,E687,E995,False
N06,E688,E877,False
N06,E688,E885,True
N06,E688,E903,False
N06,E689,E833,False
N06,E689,E976,True
N06,E690,E893,False
N06,E690,E926,True
N06,E690,E941,False
N06,E690,E946,False
N06,E691,E815,False
N06,E691,E876,False
N06,E691,E889,True
N06,E691,E945,False
N06,E692,E811,False
N06,E692,E838,False
N06,E693,E800,False
N06,E693,E868,False
N06,E693,E882,False
N06,E693,E888,True
N06,E693,E942,True
N06,E694,E905,False
N06,E694,E909,True
N06,E694,E915,True
N06,E694,E950,False
N06,E694,E955,True
N06,E695,E835,False
N06,E695,E868,False
N06,E695,E949,False
N06,E695,E995,True
N06,E696,E821,True
N06,E696,E851,True
N06,E696,E891,False
N06,E697,E893,False
N06,E697,E924,True
N06,E698,E896,False
N06,E698,E918,True
N06,E699,E813,True
N06,E699,E834,True
N06,E699,E896,False
N06,E699,E934,True
N06,E699,E966,False
N06,E699,E995,False
N06,E700,E851,False
N06,E700,E853,True
N06,E700,E937,False
N06,E700,E999,False
N06,E701,E828,True
N06,E701,E899,True
N06,E702,E843,True
N06,E703,E903,True
N06,E703,E951,True
N06,E703,E962,False
N06,E703,E989,False
N06,E704,E971,False
N06,E705,E808,False
N06,E705,E898,False
N06,E705,E978,False
N06,E705,E993,False
N06,E705,E997,False
N06,E706,E970,False
N06,E707,E879,False
N06,E707,E922,False
N06,E707,E948,True
N06,E707,E971,False
N06,E708,E823,True
N06,E708,E831,False
N06,E709,E819,False
N06,E709,E822,False
N06,E709,E847,True
N06,E709,E897,True
N06,E709,E944,True
N06,E709,E998,False
N06,E710,E881,True
N06,E710,E886,False
N06,E710,E899,False
N06,E710,E904,False
N06,E710,E944,False
N06,E710,E961,False
N06,E710,E974,False
N06,E711,E867,False
N06,E711,E877,False
N06,E712,E829,False
N06,E712,E845,False
N06,E712,E864,False
N06,E713,E907,True
N06,E713,E949,False
N06,E713,E961,False
N06,E714,E814,True
N06,E714,E876,False
N06,E714,E881,False
N06,E714,E973,False
N06,E715,E867,True
N06,E715,E910,False
N06,E715,E943,False
N06,E715,E964,True
N06,E715,E990,False
N06,E716,E916,True
N06,E716,E991,False
N06,E717,E865,True
N06,E718,E938,True
N06,E718,E966,False
N06,E719,E830,False
N06,E720,E830,False
N06,E720,E832,False
N06,E720,E888,False
N06,E720,E912,False
N06,E720,E973,True
N06,E721,E868,True
N06,E721,E923,False
N06,E721,E945,False
N06,E721,E987,False
N06,E722,E805,False
N06,E722,E830,True
N06,E722,E864,False
N06,E722,E899,False
N06,E722,E920,False
N06,E722,E938,False
N06,E722,E952,False
N06,E722,E976,False
N06,E722,E984,True
N06,E723,E803,True
N06,E723,E857,False
N06,E723,E967,True
N06,E724,E831,True
N06,E724,E895,True
N06,E724,E905,False
N06,E724,E909,False
N06,E724,E916,False
N06,E724,E954,True
N06,E725,E806,True
N06,E725,E824,False
N06,E725,E841,False
N06,E725,E885,False
N06,E725,E922,False
N06,E725,E931,True
N06,E725,E965,True
N06,E725,E996,True
N06,E726,E817,False
N06,E726,E837,False
N06,E727,E889,False
N06,E727,E915,False
N06,E727,E918,False
N06,E728,E900,False
N06,E728,E937,True
N06,E729,E913,True
N06,E729,E952,False
N06,E730,E803,False
N06,E730,E853,False
N06,E730,E879,False
N06,E730,E991,True
N06,E731,E802,False
N06,E731,E803,False
N06,E731,E846,False
N06,E731,E847,False
N06,E731,E906,False
N06,E731,E940,False
N06,E731,E950,True
N06,E731,E981,True
N06,E732,E816,False
N06,E732,E850,True
N06,E732,E948,False
N06,E733,E861,False
N06,E733,E887,False
N06,E733,E936,False
N06,E733,E950,False
N06,E733,E963,False
N06,E733,E975,False
N06,E734,E802,False
N06,E734,E825,True
N06,E734,E902,False
N06,E734,E970,False
N06,E735,E977,True
N06,E735,E983,False
N06,E736,E802,False
N06,E736,E915,False
N06,E737,E855,False
N06,E737,E953,False
N06,E738,E852,False
N06,E738,E924,False
N06,E738,E988,False
N06,E739,E972,False
N06,E739,E993,True
N06,E740,E805,True
N06,E740,E836,True
N06,E740,E902,False
N06,E740,E967,False
N06,E741,E812,False
N06,E741,E960,True
N06,E742,E827,False
N06,E742,E835,True
N06,E742,E910,False
N06,E742,E982,False
N06,E743,E807,False
N06,E744,E902,True
N06,E745,E884,False
N06,E745,E972,True
N06,E745,E982,True
N06,E746,E848,False
N06,E746,E873,False
N06,E746,E977,False
N06,E746,E979,False
N06,E747,E929,False
N06,E748,E895,False
N06,E748,E957,False
N06,E749,E908,False
N06,E749,E946,True
N06,E749,E967,False
N06,E750,E881,False
N06,E750,E908,True
N06,E751,E800,True
N06,E751,E808,False
N06,E751,E818,False
N06,E751,E968,True
N06,E751,E997,False
N06,E752,E866,False
N06,E752,E895,False
N06,E752,E916,False
N06,E753,E935,False
N06,E754,E846,False
N06,E754,E876,True
N06,E755,E849,False
N06,E755,E919,False
N06,E755,E956,False
N06,E755,E980,False
N06,E755,E992,False
N06,E756,E812,False
N06,E756,E848,False
N06,E756,E855,True
N06,E756,E900,True
N06,E756,E952,True
N06,E758,E807,False
N06,E759,E816,True
N06,E759,E891,False
N06,E760,E884,False
N06,E760,E957,False
N06,E761,E817,True
N06,E761,E858,False
N06,E761,E872,False
N06,E761,E982,False
N06,E761,E999,True
N06,E762,E903,False
N06,E762,E904,True
N06,E762,E968,False
N06,E762,E985,False
N06,E762,E995,False
N06,E763,E804,True
N06,E763,E930,True
N06,E763,E958,False
N06,E763,E966,True
N06,E764,E819,False
N06,E764,E839,True
N06,E764,E849,True
N06,E764,E873,False
N06,E764,E894,True
N06,E764,E973,False
N06,E764,E986,False
N06,E765,E813,False
N06,E765,E884,False
N06,E765,E933,True
N06,E765,E986,True
N06,E766,E801,True
N06,E766,E827,False
N06,E766,E869,False
N06,E766,E944,False
N06,E767,E804,False
N06,E767,E910,False
N06,E768,E949,True
N06,E768,E972,False
N06,E768,E987,False
N06,E770,E827,False
N06,E770,E923,False
N06,E770,E998,False
N06,E771,E841,False
N06,E771,E864,False
N06,E771,E871,False
N06,E771,E969,False
N06,E771,E975,True
N06,E771,E980,True
N06,E772,E806,False
N06,E772,E936,False
N06,E772,E945,True
N06,E772,E970,False
N06,E773,E805,False
N06,E773,E808,True
N06,E773,E905,True
N06,E773,E951,False
N06,E773,E984,False
N06,E774,E809,False
N06,E774,E919,True
N06,E775,E859,False
N06,E775,E862,True
N06,E775,E943,True
N06,E776,E816,False
N06,E777,E844,False
N06,E777,E896,True
N06,E777,E922,True
N06,E777,E984,False
N06,E778,E906,False
N06,E778,E981,False
N06,E779,E819,True
N06,E779,E846,True
N06,E779,E882,True
N06,E779,E983,True
N06,E779,E998,True
N06,E780,E874,False
N06,E780,E943,False
N06,E780,E952,False
N06,E780,E968,False
N06,E781,E873,False
N06,E782,E812,True
N06,E783,E914,True
N06,E783,E946,False
N06,E784,E860,False
N06,E784,E874,False
N06,E784,E893,True
N06,E784,E969,False
N06,E784,E983,False
N06,E784,E990,True
N06,E785,E845,True
N06,E785,E894,False
N06,E785,E962,True
N06,E786,E811,False
N06,E787,E839,False
N06,E787,E861,True
N06,E787,E886,True
N06,E787,E927,True
N06,E787,E932,False
N06,E788,E920,False
N06,E788,E935,True
N06,E789,E888,False
N06,E789,E934,False
N06,E790,E863,True
N06,E790,E948,False
N06,E791,E802,True
N06,E791,E953,False
N06,E791,E990,False
N06,E792,E833,True
N06,E792,E865,False
N06,E792,E907,False
N06,E793,E824,True
N06,E793,E860,False
N06,E793,E914,False
N06,E794,E808,False
N06,E794,E925,False
N06,E794,E938,False
N06,E795,E993,False
N06,E796,E878,False
N06,E796,E908,False
N06,E796,E910,True
N06,E796,E985,True
N06,E798,E875,True
N06,E798,E880,True
N06,E798,E901,True
N06,E798,E937,False
N06,E799,E856,True
N06,E799,E947,True
N07,E000,E202,False
N07,E000,E206,False
N07,E000,E234,False
N07,E000,E248,True
N07,E000,E301,False
N07,E001,E201,True
N07,E001,E210,True
N07,E001,E246,False
N07,E001,E345,True
N07,E001,E381,False
N07,E001,E386,False
N07,E002,E212,False
N07,E002,E239,False
N07,E003,E201,False
N07,E003,E312,False
N07,E003,E361,True
N07,E004,E213,True
N07,E004,E341,True
N07,E004,E343,False
N07,E004,E373,False
N07,E005,E206,True
N07,E005,E334,False
N07,E005,E381,True
N07,E006,E254,False
N07,E006,E299,True
N07,E007,E205,False
N07,E007,E232,True
N07,E007,E252,False
N07,E007,E253,False
N07,E007,E373,False
N07,E008,E204,True
N07,E008,E291,False
N07,E009,E243,True
N07,E009,E294,True
N07,E009,E343,False
N07,E009,E382,True
N07,E010,E209,False
N07,E010,E258,True
N07,E011,E200,True
N07,E011,E229,False
N07,E011,E268,False
N07,E012,E232,False
N07,E012,E377,False
N07,E013,E264,False
N07,E013,E352,False
N07,E014,E200,False
N07,E014,E351,False
N07,E014,E360,False
N07,E015,E225,False
N07,E015,E260,False
N07,E015,E383,True
N07,E016,E245,False
N07,E016,E281,False
N07,E016,E347,True
N07,E016,E377,False
N07,E016,E388,True
N07,E016,E393,False
N07,E017,E398,True
N07,E018,E205,False
N07,E018,E321,False
N07,E018,E371,False
N07,E019,E314,False
N07,E019,E353,False
N07,E020,E235,True
N07,E020,E251,False
N07,E020,E358,False
N07,E021,E224,False
N07,E021,E243,False
N07,E021,E272,False
N07,E021,E291,True
N07,E022,E265,False
N07,E022,E277,False
N07,E022,E287,True
N07,E022,E294,False
N07,E022,E325,False
N07,E023,E210,False
N07,E023,E308,False
N07,E024,E373,True
N07,E025,E218,False
N07,E025,E265,False
N07,E025,E329,False
N07,E025,E394,True
N07,E026,E238,False
N07,E026,E290,True
N07,E026,E391,False
N07,E027,E214,False
N07,E028,E294,False
N07,E028,E397,True
N07,E030,E244,False
N07,E030,E332,True
N07,E030,E335,True
N07,E030,E367,False
N07,E030,E389,True
N07,E030,E395,False
N07,E031,E378,True
N07,E033,E238,True
N07,E033,E324,False
N07,E033,E364,False
N07,E033,E382,False
N07,E033,E388,False
N07,E034,E217,True
N07,E034,E242,True
N07,E034,E266,True
N07,E034,E394,False
N07,E035,E268,True
N07,E035,E278,False
N07,E035,E317,True
N07,E035,E340,False
N07,E036,E251,False
N07,E036,E284,False
N07,E036,E350,True
N07,E038,E203,True
N07,E038,E204,False
N07,E038,E214,True
N07,E038,E250,True
N07,E038,E288,False
N07,E038,E304,True
N07,E038,E348,False
N07,E038,E372,True
N07,E039,E358,False
N07,E040,E319,False
N07,E040,E335,False
N07,E041,E221,True
N07,E041,E263,True
N07,E041,E349,True
N07,E041,E399,True
N07,E042,E221,False
N07,E042,E243,False
N07,E042,E315,False
N07,E042,E318,False
N07,E042,E350,False
N07,E043,E267,False
N07,E043,E268,False
N07,E043,E327,False
N07,E044,E260,False
N07,E045,E249,False
N07,E045,E300,True
N07,E046,E244,False
N07,E046,E253,False
N07,E046,E255,True
N07,E046,E366,False
N07,E047,E216,False
N07,E047,E313,False
N07,E048,E274,False
N07,E048,E282,True
N07,E048,E397,False
N07,E049,E256,False
N07,E049,E273,False
N07,E049,E300,False
N07,E049,E303,False
N07,E050,E342,False
N07,E051,E221,False
N07,E051,E293,False
N07,E052,E201,False
N07,E052,E271,False
N07,E052,E324,False
N07,E053,E229,True
N07,E053,E252,True
N07,E053,E304,False
N07,E055,E272,False
N07,E056,E236,False
N07,E056,E359,True
N07,E057,E338,False
N07,E057,E377,True
N07,E058,E200,False
N07,E059,E375,False
N07,E059,E383,False
N07,E060,E311,False
N07,E061,E227,False
N07,E061,E355,True
N07,E062,E233,True
N07,E062,E351,False
N07,E062,E362,False
N07,E062,E394,False
N07,E063,E232,False
N07,E063,E328,True
N07,E064,E255,False
N07,E064,E270,False
N07,E065,E217,False
N07,E065,E294,False
N07,E065,E360,True
N07,E065,E392,True
N07,E066,E262,False
N07,E067,E319,False
N07,E067,E333,True
N07,E068,E370,True
N07,E069,E206,False
N07,E069,E240,False
N07,E069,E280,True
N07,E069,E324,True
N07,E069,E391,False
N07,E070,E230,True
N07,E070,E283,True
N07,E070,E336,False
N07,E071,E207,True
N07,E071,E225,True
N07,E071,E257,True
N07,E071,E277,True
N07,E071,E337,False
N07,E072,E289,True
N07,E072,E327,True
N07,E073,E210,False
N07,E073,E260,False
N07,E073,E266,False
N07,E073,E270,True
N07,E073,E374,False
N07,E074,E273,False
N07,E074,E308,False
N07,E076,E207,False
N07,E076,E342,True
N07,E077,E242,False
N07,E077,E289,False
N07,E077,E328,False
N07,E078,E271,False
N07,E078,E284,False
N07,E078,E296,True
N07,E079,E382,False
N07,E080,E231,False
N07,E080,E272,True
N07,E080,E331,True
N07,E080,E338,True
N07,E081,E212,True
N07,E081,E218,True
N07,E081,E295,False
N07,E081,E307,False
N07,E081,E322,True
N07,E081,E357,False
N07,E081,E398,False
N07,E082,E202,False
N07,E082,E365,True
N07,E082,E387,True
N07,E082,E391,True
N07,E083,E251,True
N07,E083,E369,False
N07,E084,E269,False
N07,E084,E336,True
N07,E084,E385,False
N07,E084,E395,True
N07,E085,E261,True
N07,E085,E336,False
N07,E085,E398,False
N07,E086,E345,False
N07,E088,E358,True
N07,E089,E382,False
N07,E090,E213,False
N07,E090,E250,False
N07,E090,E260,True
N07,E090,E301,True
N07,E090,E316,True
N07,E090,E376,True
N07,E091,E324,False
N07,E091,E359,False
N07,E092,E222,False
N07,E092,E371,True
N07,E093,E246,True
N07,E093,E348,True
N07,E093,E375,False
N07,E094,E226,False
N07,E094,E326,False
N07,E095,E252,False
N07,E095,E346,True
N07,E095,E355,False
N07,E096,E244,True
N07,E096,E356,False
N07,E097,E239,True
N07,E097,E255,False
N07,E097,E304,False
N07,E097,E307,False
N07,E097,E317,False
N07,E097,E373,False
N07,E098,E283,False
N07,E098,E304,False
N07,E098,E321,True
N07,E098,E361,False
N07,E098,E380,True
N07,E098,E388,False
N07,E098,E390,False
N07,E099,E202,True
N07,E099,E222,True
N07,E099,E275,True
N07,E099,E281,False
N07,E099,E385,False
N07,E100,E228,False
N07,E100,E249,True
N07,E100,E261,False
N07,E100,E309,True
N07,E100,E320,True
N07,E100,E327,False
N07,E100,E375,False
N07,E101,E372,False
N07,E101,E386,True
N07,E101,E387,False
N07,E102,E269,False
N07,E102,E295,True
N07,E103,E205,False
N07,E103,E214,False
N07,E103,E298,True
N07,E103,E326,False
N07,E103,E363,False
N07,E103,E379,False
N07,E104,E223,True
N07,E104,E233,False
N07,E104,E286,False
N07,E104,E316,False
N07,E104,E330,True
N07,E104,E350,False
N07,E104,E377,False
N07,E105,E215,False
N07,E105,E284,True
N07,E105,E285,False
N07,E105,E330,False
N07,E105,E384,False
N07,E106,E231,True
N07,E106,E318,False
N07,E106,E352,False
N07,E107,E256,False
N07,E107,E287,False
N07,E107,E305,True
N07,E107,E319,True
N07,E107,E384,True
N07,E108,E211,True
N07,E108,E228,True
N07,E109,E218,False
N07,E109,E366,True
N07,E110,E277,False
N07,E110,E323,True
N07,E111,E301,False
N07,E111,E318,False
N07,E111,E364,True
N07,E112,E237,True
N07,E112,E261,False
N07,E112,E343,True
N07,E112,E380,False
N07,E112,E385,False
N07,E113,E208,True
N07,E113,E230,False
N07,E113,E379,False
N07,E114,E274,False
N07,E114,E392,False
N07,E115,E212,False
N07,E115,E273,True
N07,E115,E292,False
N07,E115,E312,True
N07,E116,E316,False
N07,E116,E364,False
N07,E116,E378,False
N07,E117,E217,False
N07,E117,E230,False
N07,E117,E281,True
N07,E118,E235,False
N07,E118,E239,False
N07,E118,E258,False
N07,E118,E275,False
N07,E118,E278,True
N07,E118,E279,False
N07,E118,E286,False
N07,E118,E356,False
N07,E118,E375,True
N07,E118,E390,True
N07,E119,E233,False
N07,E119,E332,False
N07,E120,E329,False
N07,E120,E353,True
N07,E121,E335,False
N07,E121,E394,False
N07,E122,E263,False
N07,E123,E225,False
N07,E124,E280,False
N07,E124,E348,False
N07,E124,E392,False
N07,E125,E213,False
N07,E125,E286,True
N07,E125,E309,False
N07,E125,E363,True
N07,E126,E224,True
N07,E126,E279,False
N07,E126,E311,True
N07,E127,E241,False
N07,E127,E265,False
N07,E127,E326,True
N07,E127,E344,True
N07,E128,E306,False
N07,E128,E316,False
N07,E129,E285,False
N07,E129,E307,False
N07,E129,E357,False
N07,E129,E389,False
N07,E130,E225,False
N07,E130,E290,False
N07,E130,E293,True
N07,E130,E321,False
N07,E130,E323,False
N07,E130,E334,False
N07,E131,E216,True
N07,E131,E276,False
N07,E131,E306,True
N07,E131,E339,True
N07,E131,E384,False
N07,E131,E388,False
N07,E132,E203,False
N07,E132,E339,False
N07,E132,E351,False
N07,E132,E397,False
N07,E132,E398,False
N07,E133,E218,False
N07,E133,E283,False
N07,E133,E319,False
N07,E133,E325,True
N07,E134,E247,False
N07,E135,E220,False
N07,E135,E276,False
N07,E135,E353,False
N07,E136,E248,False
N07,E137,E276,False
N07,E137,E374,False
N07,E138,E245,True
N07,E138,E254,True
N07,E138,E305,False
N07,E138,E322,False
N07,E139,E250,False
N07,E139,E275,False
N07,E139,E392,False
N07,E140,E217,False
N07,E140,E234,True
N07,E140,E279,True
N07,E140,E336,False
N07,E141,E279,False
N07,E141,E390,False
N07,E142,E236,True
N07,E142,E259,True
N07,E142,E310,False
N07,E143,E303,True
N07,E143,E310,False
N07,E144,E226,False
N07,E144,E236,False
N07,E144,E253,True
N07,E144,E310,True
N07,E144,E326,False
N07,E144,E343,False
N07,E144,E389,False
N07,E145,E308,True
N07,E145,E353,False
N07,E145,E356,False
N07,E145,E368,True
N07,E146,E269,False
N07,E146,E314,True
N07,E146,E337,False
N07,E148,E292,False
N07,E148,E308,False
N07,E148,E334,True
N07,E148,E349,False
N07,E149,E241,False
N07,E150,E209,True
N07,E150,E340,True
N07,E150,E393,False
N07,E151,E219,False
N07,E152,E226,True
N07,E152,E333,False
N07,E152,E361,False
N07,E153,E219,True
N07,E153,E369,True
N07,E154,E397,False
N07,E155,E344,False
N07,E156,E369,False
N07,E156,E371,False
N07,E157,E211,False
N07,E157,E274,True
N07,E157,E321,False
N07,E158,E264,True
N07,E159,E236,False
N07,E159,E237,False
N07,E159,E298,False
N07,E161,E241,False
N07,E161,E346,False
N07,E161,E366,False
N07,E162,E204,False
N07,E162,E250,False
N07,E162,E341,False
N07,E162,E347,False
N07,E162,E355,False
N07,E162,E374,True
N07,E163,E215,False
N07,E163,E257,False
N07,E163,E272,False
N07,E163,E351,True
N07,E163,E389,False
N07,E164,E277,False
N07,E164,E396,True
N07,E165,E216,False
N07,E165,E248,False
N07,E165,E259,False
N07,E165,E302,False
N07,E166,E238,False
N07,E167,E282,False
N07,E167,E300,False
N07,E167,E325,False
N07,E167,E387,False
N07,E168,E202,False
N07,E168,E302,True
N07,E169,E292,True
N07,E169,E300,False
N07,E169,E365,False
N07,E169,E396,False
N07,E170,E390,False
N07,E171,E265,True
N07,E171,E278,False
N07,E171,E297,False
N07,E171,E334,False
N07,E171,E347,False
N07,E171,E354,False
N07,E171,E359,False
N07,E171,E372,False
N07,E171,E386,False
N07,E172,E315,False
N07,E172,E340,False
N07,E172,E362,True
N07,E173,E205,True
N07,E173,E276,True
N07,E173,E297,True
N07,E173,E299,False
N07,E173,E342,False
N07,E173,E362,False
N07,E173,E369,False
N07,E174,E271,True
N07,E175,E256,True
N07,E175,E335,False
N07,E176,E367,True
N07,E176,E370,False
N07,E176,E385,True
N07,E177,E220,True
N07,E177,E262,True
N07,E177,E288,True
N07,E177,E307,True
N07,E178,E223,False
N07,E178,E241,True
N07,E178,E317,False
N07,E178,E331,False
N07,E178,E337,False
N07,E178,E357,True
N07,E178,E386,False
N07,E179,E247,True
N07,E179,E305,False
N07,E179,E313,False
N07,E179,E352,False
N07,E179,E393,True
N07,E180,E284,False
N07,E180,E315,False
N07,E182,E269,True
N07,E182,E289,False
N07,E182,E296,False
N07,E182,E352,True
N07,E183,E216,False
N07,E183,E281,False
N07,E183,E286,False
N07,E183,E315,True
N07,E183,E329,False
N07,E184,E240,True
N07,E184,E325,False
N07,E185,E267,True
N07,E185,E318,True
N07,E186,E399,False
N07,E188,E208,False
N07,E188,E215,True
N07,E188,E264,False
N07,E188,E305,False
N07,E188,E329,True
N07,E188,E376,False
N07,E189,E346,False
N07,E190,E227,True
N07,E190,E244,False
N07,E190,E253,False
N07,E190,E362,False
N07,E190,E367,False
N07,E191,E339,False
N07,E191,E356,True
N07,E191,E368,False
N07,E192,E254,False
N07,E193,E363,False
N07,E193,E379,True
N07,E194,E208,False
N07,E194,E235,False
N07,E194,E287,False
N07,E195,E245,False
N07,E195,E313,True
N07,E195,E320,False
N07,E195,E354,True
N07,E195,E380,False
N07,E196,E208,False
N07,E196,E370,False
N07,E196,E395,False
N07,E198,E215,False
N07,E198,E367,False
N07,E199,E246,False
N07,E199,E285,True
N07,E199,E337,True
N07,E199,E396,False
N07,E200,E402,False
N07,E200,E404,True
N07,E200,E405,False
N07,E200,E424,False
N07,E200,E504,True
N07,E201,E409,False
N07,E201,E545,False
N07,E201,E574,False
N07,E201,E578,False
N07,E202,E530,True
N07,E202,E556,False
N07,E202,E591,False
N07,E204,E465,True
N07,E204,E543,False
N07,E205,E423,True
N07,E205,E477,True
N07,E205,E492,True
N07,E206,E415,True
N07,E206,E419,False
N07,E206,E526,False
N07,E206,E528,True
N07,E206,E529,True
N07,E206,E546,True
N07,E206,E591,True
N07,E207,E430,True
N07,E207,E532,True
N07,E207,E547,False
N07,E207,E556,False
N07,E207,E578,True
N07,E208,E554,True
N07,E209,E444,False
N07,E209,E526,True
N07,E210,E411,False
N07,E211,E413,False
N07,E211,E452,False
N07,E211,E478,True
N07,E211,E501,False
N07,E211,E527,True
N07,E212,E570,False
N07,E213,E537,False
N07,E213,E599,True
N07,E214,E518,False
N07,E214,E544,False
N07,E214,E575,False
N07,E215,E403,False
N07,E215,E436,False
N07,E215,E493,True
N07,E216,E483,False
N07,E216,E529,False
N07,E216,E534,False
N07,E217,E489,False
N07,E217,E499,False
N07,E217,E545,False
N07,E217,E561,False
N07,E218,E531,True
N07,E219,E433,False
N07,E219,E487,False
N07,E220,E529,False
N07,E220,E536,False
N07,E221,E468,False
N07,E221,E473,False
N07,E222,E543,False
N07,E223,E403,True
N07,E223,E559,False
N07,E224,E428,False
N07,E224,E532,False
N07,E224,E534,False
N07,E224,E587,False
N07,E225,E409,True
N07,E225,E429,False
N07,E225,E431,False
N07,E225,E508,True
N07,E225,E509,False
N07,E226,E409,False
N07,E226,E439,True
N07,E226,E440,True
N07,E226,E464,True
N07,E226,E501,False
N07,E226,E531,False
N07,E226,E542,False
N07,E226,E574,True
N07,E227,E420,False
N07,E227,E447,True
N07,E227,E481,False
N07,E227,E571,True
N07,E228,E479,False
N07,E228,E509,False
N07,E228,E557,True
N07,E228,E587,True
N07,E228,E594,False
N07,E229,E559,False
N07,E229,E567,False
N07,E229,E574,False
N07,E230,E402,False
N07,E230,E463,False
N07,E230,E476,False
N07,E230,E564,False
N07,E231,E456,True
N07,E231,E471,False
N07,E231,E522,False
N07,E231,E540,False
N07,E231,E570,False
N07,E232,E436,False
N07,E232,E519,False
N07,E232,E525,True
N07,E232,E530,False
N07,E233,E406,False
N07,E233,E459,False
N07,E233,E470,True
N07,E233,E471,True
N07,E234,E473,True
N07,E234,E493,False
N07,E234,E520,True
N07,E234,E576,False
N07,E234,E586,False
N07,E235,E434,False
N07,E236,E411,True
N07,E236,E441,False
N07,E236,E480,True
N07,E236,E558,False
N07,E237,E483,False
N07,E237,E521,False
N07,E237,E572,False
N07,E237,E576,False
N07,E238,E496,True
N07,E239,E451,False
N07,E239,E518,True
N07,E239,E538,True
N07,E239,E547,True
N07,E239,E577,False
N07,E240,E590,False
N07,E241,E502,False
N07,E242,E426,False
N07,E242,E431,False
N07,E242,E512,True
N07,E242,E590,False
N07,E245,E450,False
N07,E245,E525,False
N07,E246,E490,True
N07,E246,E565,False
N07,E246,E586,False
N07,E247,E590,True
N07,E248,E401,False
N07,E248,E476,True
N07,E248,E513,True
N07,E249,E410,False
N07,E249,E427,False
N07,E249,E448,False
N07,E249,E474,True
N07,E250,E430,False
N07,E250,E445,True
N07,E250,E455,False
N07,E251,E420,True
N07,E251,E579,False
N07,E251,E599,False
N07,E252,E432,False
N07,E252,E552,False
N07,E252,E570,True
N07,E252,E582,False
N07,E253,E442,False
N07,E253,E510,False
N07,E253,E557,False
N07,E254,E413,True
N07,E254,E469,False
N07,E254,E559,False
N07,E254,E582,True
N07,E255,E452,True
N07,E255,E459,False
N07,E256,E401,True
N07,E256,E458,False
N07,E256,E515,True
N07,E256,E532,False
N07,E256,E573,False
N07,E257,E524,False
N07,E258,E433,True
N07,E258,E442,True
N07,E258,E517,False
N07,E259,E472,False
N07,E259,E490,False
N07,E259,E589,True
N07,E260,E407,False
N07,E261,E458,False
N07,E261,E482,False
N07,E261,E512,False
N07,E261,E528,False
N07,E261,E594,False
N07,E262,E475,False
N07,E263,E427,False
N07,E263,E495,False
N07,E263,E500,False
N07,E263,E525,False
N07,E263,E583,False
N07,E264,E451,True
N07,E264,E574,False
N07,E265,E461,True
N07,E266,E429,False
N07,E266,E431,True
N07,E266,E438,False
N07,E266,E502,True
N07,E266,E503,False
N07,E268,E441,True
N07,E268,E550,False
N07,E269,E433,False
N07,E269,E531,False
N07,E270,E465,False
N07,E271,E435,True
N07,E271,E485,False
N07,E271,E488,True
N07,E271,E494,False
N07,E271,E534,True
N07,E271,E552,False
N07,E271,E575,True
N07,E272,E523,False
N07,E272,E541,False
N07,E273,E401,False
N07,E273,E500,True
N07,E273,E529,False
N07,E274,E429,False
N07,E274,E504,False
N07,E274,E533,False
N07,E274,E551,False
N07,E275,E450,False
N07,E275,E543,True
N07,E275,E579,True
N07,E275,E587,False
N07,E276,E442,False
N07,E276,E491,False
N07,E276,E516,False
N07,E279,E427,True
N07,E279,E437,True
N07,E279,E498,True
N07,E279,E505,True
N07,E279,E527,False
N07,E280,E412,False
N07,E280,E419,False
N07,E280,E444,True
N07,E280,E486,False
N07,E280,E509,True
N07,E280,E589,False
N07,E281,E445,False
N07,E281,E535,False
N07,E281,E558,False
N07,E282,E400,False
N07,E282,E422,True
N07,E282,E594,True
N07,E283,E449,False
N07,E283,E497,True
N07,E283,E527,False
N07,E283,E542,True
N07,E286,E461,False
N07,E286,E523,True
N07,E286,E585,False
N07,E287,E455,False
N07,E287,E561,False
N07,E287,E577,False
N07,E287,E589,False
N07,E288,E479,True
N07,E288,E506,True
N07,E288,E541,True
N07,E288,E550,True
N07,E289,E408,False
N07,E289,E568,True
N07,E289,E571,False
N07,E290,E445,False
N07,E290,E446,False
N07,E290,E484,True
N07,E290,E497,False
N07,E290,E593,False
N07,E291,E458,True
N07,E291,E517,True
N07,E292,E421,False
N07,E292,E463,True
N07,E292,E466,True
N07,E292,E516,False
N07,E292,E584,True
N07,E293,E425,True
N07,E293,E427,False
N07,E293,E495,True
N07,E294,E406,True
N07,E294,E446,False
N07,E294,E456,False
N07,E295,E415,False
N07,E295,E551,False
N07,E296,E466,False
N07,E297,E558,True
N07,E297,E584,False
N07,E298,E415,False
N07,E298,E453,False
N07,E298,E474,False
N07,E298,E560,False
N07,E298,E578,False
N07,E299,E479,False
N07,E299,E499,True
N07,E300,E491,False
N07,E300,E496,False
N07,E300,E545,True
N07,E300,E555,True
N07,E300,E561,False
N07,E300,E562,False
N07,E301,E436,False
N07,E301,E524,True
N07,E302,E412,False
N07,E302,E443,False
N07,E302,E454,False
N07,E302,E501,False
N07,E302,E543,False
N07,E302,E566,True
N07,E302,E576,True
N07,E303,E426,False
N07,E303,E568,False
N07,E304,E452,False
N07,E304,E566,False
N07,E305,E441,False
N07,E306,E405,False
N07,E306,E572,True
N07,E306,E594,False
N07,E308,E508,False
N07,E309,E475,True
N07,E309,E476,False
N07,E309,E482,True
N07,E309,E517,False
N07,E310,E514,False
N07,E310,E567,False
N07,E310,E592,True
N07,E311,E431,False
N07,E311,E462,True
N07,E311,E467,False
N07,E311,E483,True
N07,E311,E559,True
N07,E311,E582,False
N07,E312,E424,False
N07,E313,E428,True
N07,E313,E443,True
N07,E313,E450,True
N07,E313,E585,False
N07,E314,E430,False
N07,E315,E412,True
N07,E315,E481,False
N07,E316,E462,False
N07,E316,E468,False
N07,E316,E593,True
N07,E317,E434,False
N07,E317,E557,False
N07,E317,E595,False
N07,E318,E449,False
N07,E318,E488,False
N07,E318,E503,True
N07,E318,E539,False
N07,E319,E415,False
N07,E319,E446,False
N07,E319,E456,False
N07,E320,E472,False
N07,E321,E533,True
N07,E321,E597,True
N07,E323,E459,True
N07,E323,E465,False
N07,E323,E497,False
N07,E323,E511,True
N07,E324,E407,False
N07,E324,E507,False
N07,E324,E523,False
N07,E325,E401,False
N07,E325,E403,False
N07,E325,E405,False
N07,E325,E419,True
N07,E325,E461,False
N07,E326,E511,False
N07,E326,E549,False
N07,E326,E551,True
N07,E326,E569,False
N07,E326,E598,False
N07,E327,E417,True
N07,E327,E459,False
N07,E328,E408,False
N07,E328,E485,False
N07,E328,E588,True
N07,E329,E412,False
N07,E329,E488,False
N07,E329,E500,False
N07,E329,E511,False
N07,E329,E535,False
N07,E329,E582,False
N07,E329,E589,False
N07,E329,E597,False
N07,E330,E416,False
N07,E330,E470,False
N07,E330,E487,False
N07,E330,E515,False
N07,E330,E545,False
N07,E331,E423,False
N07,E331,E522,True
N07,E332,E408,True
N07,E332,E417,False
N07,E332,E460,True
N07,E332,E520,False
N07,E332,E528,False
N07,E332,E556,True
N07,E334,E467,False
N07,E334,E478,False
N07,E334,E555,False
N07,E334,E573,False
N07,E336,E502,False
N07,E336,E516,False
N07,E337,E510,True
N07,E337,E524,False
N07,E337,E590,False
N07,E338,E457,False
N07,E338,E521,False
N07,E339,E407,True
N07,E339,E422,False
N07,E339,E440,False
N07,E339,E448,True
N07,E339,E485,True
N07,E339,E539,True
N07,E340,E467,False
N07,E340,E595,True
N07,E341,E444,False
N07,E342,E561,True
N07,E342,E573,True
N07,E343,E416,True
N07,E343,E428,False
N07,E343,E437,False
N07,E343,E490,False
N07,E344,E496,False
N07,E345,E452,False
N07,E345,E554,False
N07,E345,E562,True
N07,E346,E402,True
N07,E347,E453,False
N07,E347,E565,True
N07,E347,E584,False
N07,E348,E410,True
N07,E348,E457,True
N07,E348,E482,False
N07,E348,E553,False
N07,E348,E596,False
N07,E349,E405,True
N07,E349,E438,True
N07,E350,E419,False
N07,E350,E577,True
N07,E350,E581,False
N07,E351,E468,True
N07,E351,E486,True
N07,E351,E514,False
N07,E352,E424,True
N07,E352,E481,True
N07,E352,E580,False
N07,E353,E410,False
N07,E353,E421,False
N07,E353,E449,True
N07,E353,E478,False
N07,E353,E546,False
N07,E354,E421,False
N07,E354,E499,False
N07,E354,E505,False
N07,E355,E426,True
N07,E355,E511,False
N07,E356,E421,True
N07,E356,E437,False
N07,E356,E467,True
N07,E356,E506,False
N07,E356,E512,False
N07,E356,E514,True
N07,E356,E538,False
N07,E356,E562,False
N07,E357,E425,False
N07,E357,E432,False
N07,E357,E491,True
N07,E357,E570,False
N07,E357,E577,False
N07,E357,E587,False
N07,E358,E516,True
N07,E360,E503,False
N07,E360,E553,True
N07,E361,E429,True
N07,E361,E432,True
N07,E361,E457,False
N07,E361,E465,False
N07,E361,E479,False
N07,E361,E552,False
N07,E362,E434,False
N07,E362,E583,True
N07,E363,E530,False
N07,E364,E440,False
N07,E364,E565,False
N07,E365,E507,True
N07,E365,E535,True
N07,E365,E567,True
N07,E365,E598,True
N07,E366,E453,True
N07,E366,E485,False
N07,E367,E472,False
N07,E367,E498,False
N07,E368,E418,True
N07,E368,E486,False
N07,E368,E585,True
N07,E369,E435,False
N07,E369,E442,False
N07,E369,E454,True
N07,E369,E469,True
N07,E369,E477,False
N07,E369,E535,False
N07,E370,E414,True
N07,E371,E457,False
N07,E371,E458,False
N07,E371,E489,True
N07,E371,E507,False
N07,E371,E548,False
N07,E371,E580,True
N07,E372,E487,True
N07,E372,E519,True
N07,E373,E522,False
N07,E374,E417,False
N07,E374,E425,False
N07,E374,E569,True
N07,E374,E580,False
N07,E375,E407,False
N07,E375,E455,False
N07,E375,E480,False
N07,E375,E596,True
N07,E376,E433,False
N07,E376,E501,True
N07,E376,E551,False
N07,E376,E560,True
N07,E376,E580,False
N07,E377,E428,False
N07,E377,E492,False
N07,E377,E522,False
N07,E377,E567,False
N07,E378,E400,False
N07,E378,E548,True
N07,E379,E564,False
N07,E379,E592,False
N07,E380,E506,False
N07,E380,E581,True
N07,E381,E435,False
N07,E381,E444,False
N07,E381,E494,False
N07,E381,E564,True
N07,E381,E571,False
N07,E382,E508,False
N07,E382,E563,True
N07,E382,E586,True
N07,E383,E568,False
N07,E383,E595,False
N07,E384,E436,True
N07,E384,E464,False
N07,E384,E540,True
N07,E384,E563,False
N07,E386,E418,False
N07,E386,E447,False
N07,E386,E534,False
N07,E386,E546,False
N07,E387,E462,False
N07,E387,E500,False
N07,E387,E557,False
N07,E388,E404,False
N07,E388,E513,False
N07,E388,E588,False
N07,E389,E484,False
N07,E390,E460,False
N07,E390,E575,False
N07,E391,E410,False
N07,E391,E441,False
N07,E391,E510,False
N07,E391,E528,False
N07,E391,E536,True
N07,E392,E502,False
N07,E392,E510,False
N07,E392,E537,True
N07,E392,E549,True
N07,E393,E400,True
N07,E393,E402,False
N07,E393,E455,True
N07,E394,E434,True
N07,E395,E440,False
N07,E395,E472,True
N07,E395,E527,False
N07,E395,E586,False
N07,E396,E414,False
N07,E396,E490,False
N07,E396,E494,True
N07,E396,E517,False
N07,E396,E532,False
N07,E396,E544,True
N07,E396,E596,False
N07,E397,E432,False
N07,E397,E446,True
N07,E397,E461,False
N07,E397,E588,False
N07,E398,E439,False
N07,E398,E456,False
N07,E398,E514,False
N07,E398,E552,True
N07,E398,E568,False
N07,E399,E521,True
N07,E399,E583,False
N07,E400,E645,True
N07,E400,E719,False
N07,E401,E664,False
N07,E401,E688,False
N07,E401,E753,False
N07,E402,E675,False
N07,E402,E724,False
N07,E402,E729,False
N07,E402,E745,True
N07,E403,E684,True
N07,E403,E782,True
N07,E404,E623,True
N07,E404,E756,False
N07,E404,E775,False
N07,E405,E604,False
N07,E405,E620,False
N07,E405,E642,False
N07,E405,E773,True
N07,E407,E608,False
N07,E407,E761,True
N07,E407,E781,True
N07,E408,E605,False
N07,E408,E718,False
N07,E408,E740,False
N07,E408,E749,False
N07,E408,E769,True
N07,E410,E612,False
N07,E410,E619,False
N07,E410,E660,True
N07,E410,E737,False
N07,E411,E767,True
N07,E412,E600,False
N07,E412,E729,True
N07,E413,E611,False
N07,E413,E652,False
N07,E413,E676,False
N07,E413,E695,False
N07,E413,E705,False
N07,E413,E779,False
N07,E413,E795,True
N07,E414,E791,True
N07,E415,E606,False
N07,E415,E635,True
N07,E415,E745,False
N07,E416,E609,True
N07,E416,E621,False
N07,E416,E703,False
N07,E416,E752,False
N07,E416,E776,True
N07,E417,E656,False
N07,E417,E729,False
N07,E417,E746,False
N07,E417,E754,True
N07,E417,E782,False
N07,E418,E610,True
N07,E418,E719,True
N07,E419,E650,True
N07,E419,E654,True
N07,E419,E710,True
N07,E419,E715,False
N07,E419,E779,False
N07,E419,E797,False
N07,E420,E644,False
N07,E420,E731,True
N07,E420,E737,True
N07,E420,E785,False
N07,E421,E630,True
N07,E421,E706,False
N07,E421,E722,False
N07,E421,E767,False
N07,E422,E701,False
N07,E422,E707,True
N07,E422,E724,False
N07,E422,E745,False
N07,E422,E755,False
N07,E422,E784,False
N07,E423,E697,False
N07,E425,E634,False
N07,E425,E722,False
N07,E425,E786,False
N07,E425,E792,True
N07,E426,E641,True
N07,E426,E647,True
N07,E427,E680,False
N07,E427,E728,False
N07,E427,E732,True
N07,E427,E747,True
N07,E427,E771,False
N07,E428,E667,False
N07,E428,E678,True
N07,E428,E769,False
N07,E428,E792,False
N07,E429,E710,False
N07,E429,E785,False
N07,E430,E617,False
N07,E430,E625,True
N07,E430,E784,False
N07,E431,E607,True
N07,E431,E657,False
N07,E431,E733,True
N07,E431,E762,False
N07,E433,E649,True
N07,E433,E661,False
N07,E433,E692,True
N07,E433,E774,True
N07,E434,E611,False
N07,E434,E743,True
N07,E435,E695,False
N07,E435,E717,False
N07,E435,E736,True
N07,E435,E761,False
N07,E435,E789,True
N07,E436,E629,False
N07,E436,E630,False
N07,E436,E639,False
N07,E436,E662,False
N07,E436,E738,False
N07,E437,E612,False
N07,E437,E693,False
N07,E437,E695,True
N07,E437,E770,False
N07,E437,E777,True
N07,E438,E679,False
N07,E438,E720,False
N07,E439,E661,False
N07,E439,E730,True
N07,E439,E749,True
N07,E439,E757,False
N07,E439,E764,False
N07,E439,E789,False
N07,E440,E621,True
N07,E440,E673,False
N07,E440,E679,False
N07,E441,E619,False
N07,E441,E667,False
N07,E442,E604,True
N07,E442,E607,False
N07,E442,E716,True
N07,E442,E754,False
N07,E442,E763,True
N07,E442,E788,False
N07,E443,E699,True
N07,E443,E780,True
N07,E444,E737,False
N07,E444,E769,False
N07,E444,E786,False
N07,E445,E715,False
N07,E445,E752,False
N07,E446,E600,True
N07,E446,E610,False
N07,E446,E663,True
N07,E446,E790,False
N07,E447,E695,False
N07,E447,E697,True
N07,E447,E712,False
N07,E447,E780,False
N07,E448,E613,False
N07,E448,E668,True
N07,E448,E771,True
N07,E449,E649,False
N07,E449,E701,False
N07,E449,E758,True
N07,E450,E607,False
N07,E450,E670,False
N07,E450,E673,False
N07,E450,E766,True
N07,E451,E605,True
N07,E451,E676,False
N07,E451,E711,False
N07,E452,E622,True
N07,E452,E632,True
N07,E452,E756,False
N07,E452,E782,False
N07,E452,E794,False
N07,E453,E685,True
N07,E453,E712,False
N07,E453,E774,False
N07,E453,E793,True
N07,E453,E798,True
N07,E454,E656,True
N07,E454,E688,True
N07,E454,E698,False
N07,E454,E713,False
N07,E454,E781,False
N07,E454,E794,True
N07,E455,E663,False
N07,E455,E717,False
N07,E455,E731,False
N07,E455,E746,True
N07,E456,E606,False
N07,E456,E627,True
N07,E456,E724,True
N07,E456,E762,True
N07,E457,E636,False
N07,E457,E715,True
N07,E457,E748,False
N07,E457,E783,False
N07,E458,E620,False
N07,E458,E632,False
N07,E458,E669,False
N07,E458,E696,True
N07,E458,E704,False
N07,E458,E739,False
N07,E459,E739,True
N07,E459,E751,True
N07,E459,E759,False
N07,E460,E639,True
N07,E460,E658,True
N07,E461,E608,False
N07,E461,E628,False
N07,E461,E676,False
N07,E461,E785,True
N07,E462,E700,True
N07,E462,E732,False
N07,E464,E635,False
N07,E464,E643,False
N07,E464,E661,True
N07,E464,E702,False
N07,E464,E721,True
N07,E464,E739,False
N07,E464,E750,True
N07,E464,E791,False
N07,E465,E707,False
N07,E465,E783,True
N07,E466,E665,True
N07,E467,E614,False
N07,E467,E671,False
N07,E467,E680,True
N07,E468,E608,True
N07,E468,E649,False
N07,E469,E671,False
N07,E469,E699,False
N07,E469,E767,False
N07,E470,E723,False
N07,E470,E771,False
N07,E470,E775,False
N07,E470,E795,False
N07,E471,E773,False
N07,E472,E624,True
N07,E472,E673,False
N07,E472,E744,True
N07,E473,E668,False
N07,E473,E758,False
N07,E473,E783,False
N07,E473,E788,False
N07,E474,E613,True
N07,E474,E668,False
N07,E474,E706,False
N07,E475,E631,True
N07,E475,E688,False
N07,E475,E778,True
N07,E476,E605,False
N07,E476,E673,True
N07,E476,E718,False
N07,E476,E787,True
N07,E477,E690,False
N07,E477,E705,False
N07,E477,E747,False
N07,E477,E761,False
N07,E478,E725,False
N07,E478,E796,False
N07,E479,E675,False
N07,E480,E790,True
N07,E481,E613,False
N07,E481,E619,True
N07,E481,E671,False
N07,E482,E623,False
N07,E482,E657,False
N07,E482,E728,False
N07,E482,E751,False
N07,E482,E756,True
N07,E482,E798,False
N07,E483,E601,False
N07,E483,E706,True
N07,E483,E710,False
N07,E483,E731,False
N07,E483,E764,True
N07,E484,E607,False
N07,E484,E617,True
N07,E484,E667,True
N07,E484,E725,False
N07,E484,E733,False
N07,E485,E634,True
N07,E486,E714,True
N07,E486,E776,False
N07,E486,E794,False
N07,E487,E639,False
N07,E487,E670,False
N07,E487,E683,False
N07,E487,E712,True
N07,E487,E786,True
N07,E488,E625,False
N07,E488,E644,False
N07,E488,E674,True
N07,E488,E683,False
N07,E489,E666,False
N07,E489,E765,True
N07,E489,E774,False
N07,E489,E789,False
N07,E490,E625,False
N07,E491,E618,True
N07,E491,E687,False
N07,E491,E692,False
N07,E491,E725,True
N07,E491,E728,False
N07,E491,E757,False
N07,E492,E651,True
N07,E493,E615,False
N07,E493,E645,False
N07,E493,E653,True
N07,E493,E712,False
N07,E493,E751,False
N07,E493,E753,True
N07,E494,E778,False
N07,E494,E797,False
N07,E495,E768,True
N07,E496,E727,False
N07,E497,E629,True
N07,E497,E638,True
N07,E497,E650,False
N07,E497,E661,False
N07,E498,E653,False
N07,E498,E666,True
N07,E498,E672,False
N07,E499,E624,False
N07,E499,E681,True
N07,E499,E789,False
N07,E500,E624,False
N07,E500,E677,True
N07,E500,E683,True
N07,E500,E704,False
N07,E500,E718,True
N07,E500,E793,False
N07,E501,E608,False
N07,E501,E784,True
N07,E502,E634,False
N07,E502,E751,False
N07,E503,E670,True
N07,E503,E697,False
N07,E504,E622,False
N07,E504,E663,False
N07,E504,E694,True
N07,E504,E725,False
N07,E504,E748,True
N07,E505,E616,False
N07,E505,E665,False
N07,E505,E792,False
N07,E506,E638,False
N07,E506,E703,False
N07,E506,E735,True
N07,E506,E739,False
N07,E506,E741,True
N07,E506,E781,False
N07,E506,E792,False
N07,E506,E797,True
N07,E507,E626,False
N07,E507,E755,True
N07,E507,E798,False
N07,E508,E637,False
N07,E508,E656,False
N07,E508,E711,True
N07,E508,E713,True
N07,E508,E763,False
N07,E508,E779,True
N07,E508,E790,False
N07,E509,E692,False
N07,E509,E717,False
N07,E510,E648,True
N07,E510,E655,False
N07,E510,E677,False
N07,E510,E679,False
N07,E510,E718,False
N07,E510,E723,False
N07,E511,E631,False
N07,E511,E644,True
N07,E511,E668,False
N07,E512,E612,False
N07,E512,E702,False
N07,E513,E629,False
N07,E513,E651,False
N07,E513,E690,False
N07,E513,E780,False
N07,E514,E652,True
N07,E514,E733,False
N07,E514,E753,False
N07,E514,E778,False
N07,E515,E601,False
N07,E515,E659,False
N07,E515,E760,True
N07,E517,E682,False
N07,E518,E657,False
N07,E518,E734,False
N07,E518,E747,False
N07,E518,E752,False
N07,E518,E760,False
N07,E518,E768,False
N07,E519,E613,False
N07,E519,E642,False
N07,E519,E647,False
N07,E519,E685,False
N07,E519,E696,False
N07,E520,E705,True
N07,E521,E630,False
N07,E521,E781,False
N07,E522,E618,False
N07,E522,E662,False
N07,E522,E700,False
N07,E522,E766,False
N07,E523,E703,False
N07,E523,E777,False
N07,E524,E603,False
N07,E524,E617,False
N07,E524,E715,False
N07,E524,E770,True
N07,E525,E633,False
N07,E525,E674,False
N07,E525,E770,False
N07,E525,E783,False
N07,E526,E788,True
N07,E527,E633,True
N07,E527,E779,False
N07,E528,E652,False
N07,E528,E662,False
N07,E529,E628,False
N07,E529,E659,False
N07,E530,E648,False
N07,E530,E708,False
N07,E530,E767,False
N07,E531,E693,False
N07,E531,E736,False
N07,E532,E655,True
N07,E532,E750,False
N07,E533,E681,False
N07,E533,E714,False
N07,E533,E758,False
N07,E534,E660,False
N07,E534,E682,True
N07,E534,E694,False
N07,E534,E735,False
N07,E534,E744,False
N07,E535,E664,False
N07,E535,E726,False
N07,E535,E727,True
N07,E536,E678,False
N07,E536,E772,True
N07,E537,E771,False
N07,E538,E620,False
N07,E538,E686,False
N07,E538,E757,True
N07,E539,E614,True
N07,E539,E658,False
N07,E539,E752,True
N07,E540,E600,False
N07,E540,E630,False
N07,E540,E741,False
N07,E542,E697,False
N07,E542,E730,False
N07,E543,E659,True
N07,E543,E689,False
N07,E544,E672,False
N07,E544,E686,True
N07,E544,E687,True
N07,E544,E750,False
N07,E544,E795,False
N07,E545,E671,True
N07,E545,E690,True
N07,E545,E741,False
N07,E546,E638,False
N07,E546,E676,True
N07,E546,E682,False
N07,E546,E726,True
N07,E547,E609,False
N07,E547,E711,False
N07,E547,E759,False
N07,E547,E766,False
N07,E547,E799,False
N07,E548,E628,True
N07,E548,E642,True
N07,E548,E660,False
N07,E548,E723,True
N07,E548,E743,False
N07,E548,E746,False
N07,E548,E776,False
N07,E549,E601,True
N07,E549,E761,False
N07,E550,E603,True
N07,E550,E641,False
N07,E550,E654,False
N07,E550,E701,True
N07,E552,E611,True
N07,E552,E664,True
N07,E553,E728,True
N07,E553,E736,False
N07,E553,E742,False
N07,E554,E669,False
N07,E555,E651,False
N07,E555,E675,True
N07,E555,E748,False
N07,E557,E627,False
N07,E557,E636,True
N07,E557,E640,False
N07,E557,E734,True
N07,E557,E735,False
N07,E558,E693,True
N07,E558,E734,False
N07,E558,E745,False
N07,E558,E782,False
N07,E559,E610,False
N07,E559,E709,False
N07,E560,E766,False
N07,E561,E637,False
N07,E561,E640,False
N07,E561,E704,True
N07,E561,E759,False
N07,E561,E762,False
N07,E562,E637,True
N07,E562,E642,False
N07,E562,E750,False
N07,E563,E680,False
N07,E563,E690,False
N07,E563,E722,True
N07,E563,E757,False
N07,E564,E663,False
N07,E564,E669,True
N07,E564,E689,True
N07,E564,E709,True
N07,E565,E615,True
N07,E565,E618,False
N07,E566,E734,False
N07,E566,E738,False
N07,E567,E678,False
N07,E567,E795,False
N07,E568,E603,False
N07,E568,E606,True
N07,E568,E620,True
N07,E568,E639,False
N07,E568,E679,True
N07,E568,E691,False
N07,E569,E662,True
N07,E570,E602,False
N07,E570,E720,True
N07,E571,E616,False
N07,E571,E647,False
N07,E571,E721,False
N07,E572,E623,False
N07,E572,E640,False
N07,E572,E657,True
N07,E573,E651,False
N07,E574,E610,False
N07,E574,E628,False
N07,E574,E645,False
N07,E575,E646,True
N07,E575,E649,False
N07,E575,E713,False
N07,E575,E798,False
N07,E576,E703,True
N07,E576,E758,False
N07,E576,E765,False
N07,E577,E680,False
N07,E578,E602,True
N07,E578,E621,False
N07,E578,E626,True
N07,E578,E692,False
N07,E579,E627,False
N07,E579,E638,False
N07,E579,E699,False
N07,E580,E666,False
N07,E580,E717,True
N07,E581,E631,False
N07,E582,E691,True
N07,E583,E633,False
N07,E583,E687,False
N07,E583,E714,False
N07,E584,E617,False
N07,E584,E672,True
N07,E584,E698,True
N07,E584,E784,False
N07,E585,E722,False
N07,E585,E787,False
N07,E586,E612,True
N07,E586,E702,True
N07,E586,E738,False
N07,E586,E740,True
N07,E586,E796,False
N07,E587,E643,True
N07,E587,E667,False
N07,E588,E619,False
N07,E589,E796,True
N07,E590,E724,False
N07,E590,E775,True
N07,E591,E738,True
N07,E591,E759,True
N07,E591,E775,False
N07,E592,E631,False
N07,E592,E742,True
N07,E592,E772,False
N07,E592,E786,False
N07,E593,E621,False
N07,E593,E658,False
N07,E593,E666,False
N07,E593,E716,False
N07,E594,E708,True
N07,E594,E714,False
N07,E594,E740,False
N07,E595,E614,False
N07,E596,E646,False
N07,E596,E659,False
N07,E597,E616,True
N07,E597,E640,True
N07,E597,E713,False
N07,E598,E682,False
N07,E598,E799,True
N07,E599,E652,False
N07,E599,E684,False
N07,E600,E937,False
N07,E601,E832,False
N07,E601,E904,False
N07,E601,E911,False
N07,E601,E974,False
N07,E602,E815,False
N07,E602,E871,False
N07,E602,E932,True
N07,E603,E845,True
N07,E603,E849,True
N07,E603,E904,False
N07,E604,E902,False
N07,E604,E928,False
N07,E604,E950,True
N07,E604,E954,True
N07,E604,E964,False
N07,E606,E801,False
N07,E606,E857,False
N07,E606,E908,False
N07,E607,E893,False
N07,E608,E928,False
N07,E609,E933,False
N07,E610,E937,False
N07,E611,E831,True
N07,E611,E868,False
N07,E612,E818,False
N07,E612,E906,False
N07,E613,E831,False
N07,E613,E857,True
N07,E614,E829,False
N07,E614,E848,True
N07,E614,E877,True
N07,E614,E882,True
N07,E615,E865,False
N07,E615,E895,False
N07,E615,E991,False
N07,E616,E823,True
N07,E616,E899,False
N07,E616,E907,False
N07,E617,E808,False
N07,E617,E859,True
N07,E618,E836,False
N07,E618,E893,False
N07,E618,E900,False
N07,E618,E943,False
N07,E618,E963,False
N07,E619,E801,False
N07,E619,E919,True
N07,E619,E931,False
N07,E619,E951,False
N07,E620,E800,False
N07,E620,E883,False
N07,E620,E908,False
N07,E620,E917,False
N07,E620,E938,False
N07,E620,E962,False
N07,E620,E991,False
N07,E621,E953,True
N07,E624,E838,True
N07,E624,E887,False
N07,E625,E838,False
N07,E625,E899,False
N07,E626,E946,True
N07,E626,E958,False
N07,E627,E853,True
N07,E627,E890,False
N07,E627,E982,True
N07,E628,E830,False
N07,E628,E918,True
N07,E628,E919,False
N07,E629,E817,False
N07,E629,E834,True
N07,E629,E906,False
N07,E629,E936,False
N07,E629,E942,True
N07,E629,E976,False
N07,E629,E993,False
N07,E630,E806,True
N07,E630,E815,False
N07,E630,E824,True
N07,E630,E848,False
N07,E630,E937,False
N07,E630,E951,False
N07,E630,E979,False
N07,E631,E925,True
N07,E631,E944,False
N07,E632,E868,False
N07,E632,E970,True
N07,E633,E839,False
N07,E633,E916,False
N07,E633,E928,True
N07,E634,E855,False
N07,E634,E865,False
N07,E634,E929,False
N07,E634,E941,False
N07,E635,E859,False
N07,E636,E804,False
N07,E636,E890,True
N07,E636,E926,True
N07,E636,E976,False
N07,E637,E809,False
N07,E637,E810,False
N07,E637,E901,False
N07,E638,E837,False
N07,E638,E846,False
N07,E638,E939,True
N07,E638,E967,True
N07,E639,E951,False
N07,E640,E861,True
N07,E640,E905,False
N07,E640,E917,True
N07,E640,E924,False
N07,E640,E975,False
N07,E641,E850,False
N07,E641,E937,True
N07,E642,E895,True
N07,E642,E998,False
N07,E643,E989,False
N07,E644,E903,False
N07,E644,E923,True
N07,E645,E851,False
N07,E645,E898,False
N07,E645,E971,False
N07,E645,E999,False
N07,E646,E883,False
N07,E646,E931,True
N07,E646,E936,True
N07,E646,E943,True
N07,E646,E963,False
N07,E646,E996,True
N07,E647,E811,False
N07,E647,E864,True
N07,E648,E808,False
N07,E648,E863,False
N07,E648,E998,False
N07,E649,E843,False
N07,E649,E873,False
N07,E649,E909,False
N07,E650,E808,True
N07,E650,E849,False
N07,E650,E904,True
N07,E650,E930,False
N07,E650,E978,False
N07,E650,E981,True
N07,E651,E825,True
N07,E651,E968,False
N07,E651,E984,True
N07,E651,E994,False
N07,E652,E905,False
N07,E652,E909,True
N07,E652,E926,False
N07,E653,E805,False
N07,E653,E818,True
N07,E653,E872,False
N07,E653,E940,False
N07,E653,E942,False
N07,E655,E815,False
N07,E656,E818,False
N07,E656,E828,True
N07,E656,E853,False
N07,E656,E883,False
N07,E656,E884,False
N07,E656,E986,False
N07,E657,E865,True
N07,E657,E901,True
N07,E657,E961,False
N07,E658,E823,False
N07,E658,E868,True
N07,E658,E890,False
N07,E658,E948,False
N07,E659,E893,False
N07,E659,E933,False
N07,E659,E972,True
N07,E660,E841,False
N07,E660,E938,True
N07,E660,E941,False
N07,E661,E802,True
N07,E661,E803,False
N07,E661,E927,False
N07,E661,E942,False
N07,E662,E864,False
N07,E662,E888,False
N07,E662,E901,False
N07,E662,E960,False
N07,E662,E964,False
N07,E662,E968,False
N07,E663,E898,True
N07,E664,E835,False
N07,E664,E955,False
N07,E664,E965,False
N07,E664,E980,True
N07,E664,E983,False
N07,E665,E841,True
N07,E665,E925,False
N07,E665,E989,False
N07,E666,E960,False
N07,E666,E979,False
N07,E667,E885,False
N07,E667,E897,False
N07,E667,E994,True
N07,E668,E852,True
N07,E668,E865,False
N07,E668,E920,True
N07,E668,E930,True
N07,E668,E965,False
N07,E669,E965,False
N07,E669,E992,True
N07,E670,E921,True
N07,E670,E949,True
N07,E671,E845,False
N07,E672,E852,False
N07,E672,E981,False
N07,E673,E873,True
N07,E673,E916,False
N07,E673,E966,False
N07,E673,E991,True
N07,E673,E995,True
N07,E674,E811,False
N07,E675,E855,True
N07,E675,E899,True
N07,E675,E973,True
N07,E675,E983,False
N07,E675,E985,True
N07,E676,E827,False
N07,E676,E953,False
N07,E676,E954,False
N07,E676,E982,False
N07,E677,E860,True
N07,E677,E877,False
N07,E677,E890,False
N07,E677,E949,False
N07,E677,E959,False
N07,E677,E973,False
N07,E677,E983,False
N07,E678,E966,False
N07,E678,E995,False
N07,E680,E913,True
N07,E680,E915,False
N07,E680,E988,False
N07,E681,E807,False
N07,E681,E876,True
N07,E681,E906,True
N07,E681,E956,False
N07,E681,E997,False
N07,E682,E821,False
N07,E682,E957,False
N07,E683,E821,True
N07,E683,E965,True
N07,E684,E856,False
N07,E684,E889,True
N07,E684,E952,True
N07,E684,E960,False
N07,E684,E972,False
N07,E685,E807,True
N07,E685,E814,False
N07,E685,E824,False
N07,E685,E834,False
N07,E686,E847,True
N07,E686,E854,False
N07,E686,E919,False
N07,E686,E979,False
N07,E687,E875,False
N07,E688,E867,False
N07,E688,E870,False
N07,E688,E880,False
N07,E688,E991,False
N07,E689,E856,True
N07,E689,E862,True
N07,E689,E874,True
N07,E689,E875,False
N07,E689,E876,False
N07,E689,E886,False
N07,E689,E922,True
N07,E690,E843,True
N07,E690,E912,False
N07,E690,E998,True
N07,E691,E905,False
N07,E691,E983,True
N07,E691,E987,False
N07,E691,E988,False
N07,E692,E878,True
N07,E692,E961,False
N07,E694,E882,False
N07,E694,E955,True
N07,E694,E999,False
N07,E695,E940,True
N07,E695,E996,False
N07,E696,E877,False
N07,E697,E841,False
N07,E697,E879,True
N07,E697,E945,False
N07,E698,E845,False
N07,E698,E977,True
N07,E699,E863,False
N07,E699,E908,False
N07,E699,E922,False
N07,E699,E939,False
N07,E700,E835,True
N07,E700,E877,False
N07,E701,E993,True
N07,E702,E869,True
N07,E702,E884,False
N07,E703,E821,False
N07,E703,E850,False
N07,E703,E880,False
N07,E703,E920,False
N07,E703,E951,True
N07,E703,E969,False
N07,E704,E816,True
N07,E704,E925,False
N07,E704,E974,False
N07,E705,E828,False
N07,E705,E854,True
N07,E705,E857,False
N07,E705,E913,False
N07,E705,E928,False
N07,E705,E990,False
N07,E706,E801,True
N07,E706,E819,True
N07,E707,E847,False
N07,E707,E870,False
N07,E707,E872,False
N07,E707,E894,True
N07,E708,E834,False
N07,E708,E931,False
N07,E708,E955,False
N07,E708,E964,True
N07,E709,E825,False
N07,E709,E875,True
N07,E710,E805,False
N07,E710,E819,False
N07,E710,E846,True
N07,E710,E896,True
N07,E710,E970,False
N07,E710,E984,False
N07,E711,E816,False
N07,E711,E818,False
N07,E711,E892,False
N07,E711,E898,False
N07,E712,E827,True
N07,E712,E855,False
N07,E712,E950,False
N07,E713,E885,False
N07,E713,E888,False
N07,E714,E844,False
N07,E715,E832,True
N07,E715,E833,False
N07,E715,E884,True
N07,E715,E885,True
N07,E715,E908,True
N07,E716,E813,False
N07,E716,E833,False
N07,E716,E837,True
N07,E716,E896,False
N07,E717,E887,True
N07,E717,E905,True
N07,E717,E967,False
N07,E718,E822,False
N07,E718,E948,True
N07,E719,E806,False
N07,E719,E972,False
N07,E720,E916,False
N07,E720,E930,False
N07,E720,E932,False
N07,E720,E987,False
N07,E720,E992,False
N07,E722,E801,False
N07,E722,E895,False
N07,E722,E934,True
N07,E722,E966,False
N07,E723,E860,False
N07,E723,E944,False
N07,E724,E831,False
N07,E724,E870,True
N07,E725,E861,False
N07,E725,E892,True
N07,E725,E913,False
N07,E725,E931,False
N07,E725,E980,False
N07,E726,E806,False
N07,E726,E822,False
N07,E727,E878,False
N07,E727,E918,False
N07,E727,E940,False
N07,E728,E837,False
N07,E728,E844,True
N07,E728,E846,False
N07,E728,E935,True
N07,E729,E829,False
N07,E729,E839,False
N07,E729,E844,False
N07,E729,E879,False
N07,E729,E887,False
N07,E729,E923,False
N07,E730,E847,False
N07,E730,E872,True
N07,E730,E907,False
N07,E730,E940,False
N07,E731,E911,True
N07,E732,E802,False
N07,E732,E902,True
N07,E732,E914,True
N07,E732,E921,False
N07,E732,E926,False
N07,E732,E986,False
N07,E733,E826,True
N07,E733,E846,False
N07,E734,E850,True
N07,E734,E897,False
N07,E734,E956,True
N07,E735,E941,False
N07,E736,E842,True
N07,E736,E880,False
N07,E736,E882,False
N07,E736,E927,False
N07,E737,E966,True
N07,E737,E981,False
N07,E738,E920,False
N07,E739,E836,False
N07,E739,E844,False
N07,E739,E870,False
N07,E739,E944,True
N07,E740,E835,False
N07,E740,E863,True
N07,E740,E898,False
N07,E740,E924,True
N07,E741,E840,False
N07,E741,E874,False
N07,E741,E878,False
N07,E741,E939,False
N07,E742,E832,False
N07,E742,E839,True
N07,E742,E883,True
N07,E742,E884,False
N07,E742,E919,False
N07,E743,E968,True
N07,E743,E977,False
N07,E744,E858,False
N07,E745,E812,False
N07,E745,E947,False
N07,E745,E967,False
N07,E746,E813,True
N07,E746,E974,True
N07,E746,E979,True
N07,E747,E810,True
N07,E747,E902,False
N07,E747,E929,True
N07,E748,E867,True
N07,E748,E949,False
N07,E749,E811,True
N07,E749,E822,True
N07,E749,E825,False
N07,E749,E939,False
N07,E750,E812,False
N07,E750,E899,False
N07,E750,E934,False
N07,E750,E946,False
N07,E750,E987,True
N07,E750,E999,False
N07,E751,E863,False
N07,E751,E896,False
N07,E751,E920,False
N07,E752,E984,False
N07,E753,E910,False
N07,E753,E989,True
N07,E754,E958,True
N07,E755,E851,True
N07,E756,E815,True
N07,E756,E909,False
N07,E757,E804,True
N07,E757,E869,False
N07,E757,E885,False
N07,E757,E935,False
N07,E757,E975,True
N07,E757,E997,True
N07,E758,E827,False
N07,E758,E842,False
N07,E758,E922,False
N07,E759,E915,True
N07,E760,E838,False
N07,E760,E866,False
N07,E760,E907,False
N07,E761,E803,True
N07,E761,E921,False
N07,E762,E830,True
N07,E762,E834,False
N07,E762,E856,False
N07,E762,E886,True
N07,E762,E971,True
N07,E763,E947,True
N07,E763,E948,False
N07,E763,E961,True
N07,E764,E809,True
N07,E764,E891,False
N07,E765,E805,False
N07,E765,E812,False
N07,E765,E925,False
N07,E765,E959,False
N07,E766,E876,False
N07,E766,E880,True
N07,E766,E912,True
N07,E767,E805,True
N07,E767,E874,False
N07,E767,E903,False
N07,E768,E800,False
N07,E768,E903,False
N07,E768,E962,False
N07,E768,E974,False
N07,E769,E838,False
N07,E769,E910,True
N07,E769,E972,False
N07,E770,E817,True
N07,E770,E826,False
N07,E770,E927,True
N07,E770,E990,True
N07,E771,E809,False
N07,E771,E856,False
N07,E771,E900,True
N07,E771,E999,True
N07,E772,E858,True
N07,E772,E888,True
N07,E772,E893,True
N07,E772,E933,True
N07,E772,E996,False
N07,E773,E802,False
N07,E773,E837,False
N07,E773,E892,False
N07,E774,E819,False
N07,E774,E829,True
N07,E774,E833,False
N07,E774,E933,False
N07,E775,E948,False
N07,E775,E952,False
N07,E776,E840,True
N07,E776,E866,False
N07,E776,E900,False
N07,E777,E960,True
N07,E777,E969,True
N07,E777,E978,True
N07,E777,E985,False
N07,E777,E986,False
N07,E778,E847,False
N07,E778,E849,False
N07,E778,E871,True
N07,E778,E891,True
N07,E778,E912,False
N07,E778,E916,True
N07,E779,E845,False
N07,E779,E903,True
N07,E779,E943,False
N07,E779,E945,True
N07,E780,E938,False
N07,E780,E944,False
N07,E781,E833,True
N07,E781,E901,False
N07,E781,E985,False
N07,E782,E806,False
N07,E782,E889,False
N07,E782,E957,True
N07,E782,E970,False
N07,E783,E836,True
N07,E783,E902,False
N07,E783,E962,False
N07,E784,E827,False
N07,E784,E843,False
N07,E784,E930,False
N07,E785,E904,False
N07,E785,E986,True
N07,E786,E812,True
N07,E786,E897,True
N07,E786,E909,False
N07,E786,E996,False
N07,E787,E958,False
N07,E787,E969,False
N07,E787,E992,False
N07,E789,E911,False
N07,E790,E810,False
N07,E790,E824,False
N07,E790,E915,False
N07,E790,E943,False
N07,E790,E985,False
N07,E790,E997,False
N07,E791,E942,False
N07,E791,E963,True
N07,E791,E976,True
N07,E792,E907,True
N07,E792,E941,True
N07,E792,E962,True
N07,E792,E992,False
N07,E793,E881,False
N07,E793,E897,False
N07,E793,E914,False
N07,E794,E800,True
N07,E794,E814,True
N07,E794,E820,True
N07,E794,E894,False
N07,E794,E988,True
N07,E795,E820,False
N07,E795,E866,True
N07,E795,E878,False
N07,E796,E950,False
N07,E797,E881,True
N07,E797,E959,True
N07,E798,E862,False
N07,E799,E839,False
N08,E000,E300,True
N08,E001,E243,True
N08,E001,E280,False
N08,E001,E342,True
N08,E002,E226,True
N08,E002,E266,False
N08,E003,E262,False
N08,E003,E263,True
N08,E003,E308,False
N08,E003,E369,True
N08,E004,E282,False
N08,E004,E321,False
N08,E004,E341,True
N08,E004,E352,True
N08,E005,E238,False
N08,E005,E254,False
N08,E005,E294,False
N08,E006,E299,False
N08,E006,E351,False
N08,E006,E389,False
N08,E006,E396,False
N08,E008,E206,False
N08,E008,E217,False
N08,E008,E292,True
N08,E008,E391,True
N08,E009,E288,False
N08,E009,E395,False
N08,E010,E256,True
N08,E010,E266,False
N08,E010,E274,True
N08,E010,E276,False
N08,E010,E305,False
N08,E011,E261,True
N08,E011,E302,False
N08,E011,E311,False
N08,E011,E383,True
N08,E012,E214,False
N08,E013,E204,False
N08,E013,E230,False
N08,E013,E247,False
N08,E013,E381,True
N08,E013,E386,False
N08,E013,E391,False
N08,E014,E203,False
N08,E014,E209,False
N08,E014,E270,False
N08,E014,E351,False
N08,E015,E278,False
N08,E015,E317,False
N08,E015,E377,False
N08,E016,E337,False
N08,E017,E224,False
N08,E017,E282,False
N08,E017,E304,True
N08,E017,E372,False
N08,E018,E208,False
N08,E018,E237,False
N08,E018,E250,True
N08,E018,E324,False
N08,E018,E349,False
N08,E019,E227,True
N08,E019,E232,True
N08,E020,E246,True
N08,E020,E313,False
N08,E021,E234,True
N08,E021,E272,False
N08,E021,E373,False
N08,E021,E387,False
N08,E022,E305,False
N08,E023,E213,False
N08,E023,E356,False
N08,E023,E378,False
N08,E024,E229,False
N08,E026,E254,False
N08,E026,E313,False
N08,E026,E385,False
N08,E026,E387,True
N08,E028,E348,False
N08,E029,E223,False
N08,E029,E303,True
N08,E029,E339,False
N08,E029,E354,False
N08,E030,E208,False
N08,E030,E211,True
N08,E030,E253,False
N08,E031,E215,False
N08,E031,E284,False
N08,E031,E325,True
N08,E031,E397,False
N08,E032,E258,False
N08,E032,E262,True
N08,E032,E269,False
N08,E032,E285,True
N08,E032,E331,False
N08,E032,E346,False
N08,E033,E251,False
N08,E033,E271,True
N08,E033,E321,False
N08,E033,E323,True
N08,E033,E375,True
N08,E033,E377,False
N08,E034,E264,True
N08,E034,E294,True
N08,E034,E348,False
N08,E035,E249,False
N08,E035,E362,True
N08,E035,E363,False
N08,E035,E392,True
N08,E036,E221,True
N08,E036,E227,False
N08,E036,E347,False
N08,E037,E308,True
N08,E038,E354,False
N08,E038,E386,False
N08,E040,E393,False
N08,E041,E228,True
N08,E041,E290,True
N08,E042,E260,False
N08,E042,E277,False
N08,E042,E279,True
N08,E042,E293,False
N08,E042,E303,False
N08,E042,E315,False
N08,E043,E280,False
N08,E043,E315,True
N08,E043,E359,False
N08,E043,E390,False
N08,E043,E397,True
N08,E044,E226,False
N08,E044,E257,True
N08,E044,E298,True
N08,E045,E202,False
N08,E046,E325,False
N08,E047,E241,False
N08,E047,E319,True
N08,E047,E362,False
N08,E047,E369,False
N08,E048,E207,False
N08,E048,E312,False
N08,E049,E224,True
N08,E049,E238,False
N08,E049,E294,False
N08,E049,E377,True
N08,E050,E203,False
N08,E051,E216,True
N08,E051,E219,False
N08,E051,E256,False
N08,E051,E265,True
N08,E051,E272,False
N08,E051,E332,False
N08,E052,E288,False
N08,E052,E351,False
N08,E052,E357,True
N08,E052,E361,False
N08,E053,E222,True
N08,E054,E236,False
N08,E054,E367,False
N08,E055,E228,False
N08,E055,E341,False
N08,E055,E371,False
N08,E056,E338,True
N08,E057,E202,False
N08,E057,E230,False
N08,E058,E229,True
N08,E058,E389,False
N08,E059,E244,False
N08,E059,E249,True
N08,E059,E296,False
N08,E059,E330,False
N08,E059,E384,True
N08,E060,E299,True
N08,E060,E350,False
N08,E061,E207,False
N08,E061,E262,False
N08,E061,E323,False
N08,E062,E213,False
N08,E062,E347,False
N08,E063,E232,False
N08,E064,E227,False
N08,E064,E301,True
N08,E064,E362,False
N08,E065,E261,False
N08,E065,E279,False
N08,E065,E373,True
N08,E066,E215,True
N08,E066,E244,True
N08,E066,E343,False
N08,E067,E230,False
N08,E068,E217,False
N08,E068,E219,True
N08,E068,E294,False
N08,E068,E361,False
N08,E068,E373,False
N08,E069,E218,False
N08,E069,E239,False
N08,E069,E253,True
N08,E069,E258,False
N08,E069,E302,False
N08,E069,E331,True
N08,E069,E363,False
N08,E069,E378,True
N08,E069,E390,False
N08,E070,E209,False
N08,E070,E376,False
N08,E071,E293,False
N08,E071,E307,False
N08,E071,E320,False
N08,E072,E201,True
N08,E072,E216,False
N08,E072,E242,False
N08,E072,E257,False
N08,E072,E297,False
N08,E072,E379,True
N08,E073,E229,False
N08,E073,E237,False
N08,E073,E326,False
N08,E074,E210,False
N08,E074,E248,False
N08,E074,E354,True
N08,E074,E361,False
N08,E074,E371,True
N08,E075,E210,False
N08,E075,E312,True
N08,E075,E327,True
N08,E075,E348,False
N08,E075,E399,False
N08,E076,E223,True
N08,E076,E265,False
N08,E076,E323,False
N08,E077,E270,False
N08,E077,E273,False
N08,E077,E310,False
N08,E077,E384,False
N08,E077,E387,False
N08,E077,E399,False
N08,E078,E251,True
N08,E078,E260,True
N08,E078,E320,True
N08,E079,E201,False
N08,E079,E239,True
N08,E079,E244,False
N08,E079,E388,True
N08,E080,E235,False
N08,E080,E272,False
N08,E080,E322,True
N08,E081,E225,False
N08,E081,E231,False
N08,E081,E240,True
N08,E081,E353,True
N08,E081,E383,False
N08,E082,E213,False
N08,E082,E217,True
N08,E082,E233,True
N08,E085,E212,False
N08,E085,E240,False
N08,E085,E264,False
N08,E085,E278,False
N08,E085,E284,False
N08,E085,E305,False
N08,E085,E311,True
N08,E085,E316,True
N08,E085,E320,False
N08,E085,E333,False
N08,E086,E276,False
N08,E086,E295,True
N08,E086,E306,True
N08,E086,E310,True
N08,E086,E362,False
N08,E087,E203,True
N08,E087,E259,False
N08,E087,E335,False
N08,E087,E374,False
N08,E088,E270,True
N08,E088,E318,False
N08,E088,E338,False
N08,E089,E340,False
N08,E089,E365,False
N08,E090,E289,False
N08,E090,E390,False
N08,E091,E358,False
N08,E091,E376,False
N08,E092,E210,True
N08,E092,E326,False
N08,E093,E200,True
N08,E093,E324,False
N08,E093,E328,False
N08,E094,E232,False
N08,E094,E288,False
N08,E094,E315,False
N08,E094,E339,True
N08,E094,E345,True
N08,E094,E395,False
N08,E095,E225,False
N08,E095,E327,False
N08,E096,E287,True
N08,E097,E257,False
N08,E097,E395,False
N08,E099,E228,False
N08,E099,E300,False
N08,E099,E368,False
N08,E100,E289,False
N08,E100,E319,False
N08,E101,E236,True
N08,E101,E290,False
N08,E101,E331,False
N08,E102,E235,False
N08,E102,E247,False
N08,E102,E281,False
N08,E102,E325,False
N08,E102,E339,False
N08,E102,E358,False
N08,E103,E206,True
N08,E103,E279,False
N08,E104,E242,True
N08,E104,E251,False
N08,E104,E370,True
N08,E104,E377,False
N08,E105,E218,False
N08,E105,E334,False
N08,E105,E365,True
N08,E106,E204,True
N08,E106,E268,True
N08,E106,E329,True
N08,E106,E330,True
N08,E106,E375,False
N08,E106,E394,False
N08,E107,E280,True
N08,E107,E304,False
N08,E107,E308,False
N08,E108,E209,True
N08,E108,E367,True
N08,E109,E210,False
N08,E109,E259,True
N08,E109,E307,False
N08,E109,E313,True
N08,E109,E358,False
N08,E109,E382,False
N08,E110,E328,False
N08,E110,E342,False
N08,E110,E345,False
N08,E110,E358,True
N08,E110,E396,False
N08,E111,E266,True
N08,E111,E335,False
N08,E112,E246,False
N08,E112,E309,True
N08,E112,E322,False
N08,E112,E350,False
N08,E113,E215,False
N08,E113,E237,True
N08,E114,E204,False
N08,E114,E239,False
N08,E114,E326,True
N08,E114,E354,False
N08,E114,E396,False
N08,E115,E277,False
N08,E115,E314,False
N08,E115,E392,False
N08,E116,E215,False
N08,E116,E221,False
N08,E116,E399,False
N08,E117,E266,False
N08,E117,E305,True
N08,E117,E359,True
N08,E117,E381,False
N08,E118,E350,True
N08,E119,E234,False
N08,E119,E291,True
N08,E119,E366,True
N08,E119,E385,True
N08,E119,E393,True
N08,E120,E241,False
N08,E120,E295,False
N08,E120,E297,False
N08,E120,E349,True
N08,E120,E353,False
N08,E121,E246,False
N08,E121,E258,True
N08,E121,E357,False
N08,E121,E381,False
N08,E122,E301,False
N08,E122,E333,False
N08,E122,E356,False
N08,E122,E364,True
N08,E123,E222,False
N08,E123,E256,False
N08,E123,E283,False
N08,E124,E252,False
N08,E124,E258,False
N08,E124,E300,False
N08,E124,E302,True
N08,E124,E313,False
N08,E124,E314,False
N08,E124,E336,True
N08,E124,E344,False
N08,E125,E246,False
N08,E125,E355,True
N08,E126,E275,True
N08,E126,E389,False
N08,E127,E257,False
N08,E127,E289,False
N08,E127,E312,False
N08,E127,E319,False
N08,E127,E328,True
N08,E128,E245,True
N08,E128,E293,True
N08,E128,E387,False
N08,E130,E271,False
N08,E130,E379,False
N08,E131,E256,False
N08,E131,E284,False
N08,E132,E220,False
N08,E132,E241,True
N08,E132,E329,False
N08,E132,E340,False
N08,E132,E372,True
N08,E132,E376,False
N08,E132,E394,False
N08,E133,E247,True
N08,E134,E344,False
N08,E134,E359,False
N08,E135,E297,True
N08,E135,E318,True
N08,E135,E399,True
N08,E136,E208,True
N08,E136,E255,False
N08,E136,E306,False
N08,E136,E346,True
N08,E136,E379,False
N08,E137,E233,False
N08,E138,E238,False
N08,E138,E374,False
N08,E139,E356,True
N08,E139,E398,False
N08,E141,E331,False
N08,E141,E353,False
N08,E141,E382,True
N08,E142,E269,True
N08,E142,E366,False
N08,E142,E370,False
N08,E143,E309,False
N08,E143,E333,True
N08,E144,E255,False
N08,E144,E347,True
N08,E145,E263,False
N08,E145,E267,False
N08,E145,E321,False
N08,E145,E392,False
N08,E146,E316,False
N08,E148,E204,False
N08,E149,E236,False
N08,E149,E255,False
N08,E149,E277,True
N08,E149,E286,True
N08,E149,E336,False
N08,E149,E342,False
N08,E149,E345,False
N08,E149,E347,False
N08,E151,E202,True
N08,E151,E299,False
N08,E152,E200,False
N08,E152,E281,True
N08,E152,E344,False
N08,E152,E385,False
N08,E153,E218,True
N08,E154,E251,False
N08,E154,E332,False
N08,E155,E220,True
N08,E155,E221,False
N08,E155,E235,True
N08,E155,E248,True
N08,E155,E381,False
N08,E156,E269,False
N08,E156,E287,False
N08,E156,E291,False
N08,E156,E292,False
N08,E156,E307,True
N08,E156,E380,False
N08,E156,E397,False
N08,E157,E228,False
N08,E158,E205,True
N08,E158,E230,True
N08,E158,E295,False
N08,E158,E301,False
N08,E158,E353,False
N08,E158,E380,True
N08,E159,E205,False
N08,E159,E330,False
N08,E159,E378,False
N08,E160,E227,False
N08,E160,E252,True
N08,E160,E311,False
N08,E160,E389,True
N08,E161,E282,True
N08,E161,E360,True
N08,E161,E374,True
N08,E162,E203,False
N08,E162,E207,True
N08,E162,E211,False
N08,E162,E237,False
N08,E162,E355,False
N08,E162,E360,False
N08,E163,E213,True
N08,E163,E276,True
N08,E163,E332,True
N08,E163,E345,False
N08,E163,E355,False
N08,E164,E232,False
N08,E164,E393,False
N08,E165,E299,False
N08,E165,E330,False
N08,E165,E363,True
N08,E166,E282,False
N08,E166,E286,False
N08,E166,E378,False
N08,E167,E254,False
N08,E167,E308,False
N08,E167,E317,False
N08,E167,E335,True
N08,E168,E337,True
N08,E168,E340,False
N08,E169,E267,True
N08,E169,E296,True
N08,E169,E344,True
N08,E169,E363,False
N08,E169,E370,False
N08,E169,E396,True
N08,E170,E337,False
N08,E170,E388,False
N08,E171,E208,False
N08,E171,E288,True
N08,E171,E321,True
N08,E172,E248,False
N08,E172,E255,True
N08,E172,E320,False
N08,E173,E273,True
N08,E174,E368,True
N08,E175,E231,True
N08,E175,E241,False
N08,E175,E323,False
N08,E175,E348,True
N08,E175,E386,True
N08,E176,E209,False
N08,E176,E364,False
N08,E176,E380,False
N08,E177,E214,True
N08,E177,E373,False
N08,E178,E245,False
N08,E178,E286,False
N08,E178,E289,True
N08,E178,E291,False
N08,E178,E324,True
N08,E178,E336,False
N08,E179,E335,False
N08,E180,E254,True
N08,E180,E285,False
N08,E180,E343,True
N08,E181,E268,False
N08,E181,E340,True
N08,E182,E298,False
N08,E182,E302,False
N08,E182,E374,False
N08,E183,E202,False
N08,E183,E366,False
N08,E183,E391,False
N08,E185,E327,False
N08,E185,E352,False
N08,E186,E326,False
N08,E186,E359,False
N08,E186,E361,True
N08,E186,E379,False
N08,E186,E388,False
N08,E187,E205,False
N08,E187,E249,False
N08,E187,E367,False
N08,E188,E301,False
N08,E188,E325,False
N08,E188,E390,True
N08,E189,E238,True
N08,E189,E314,True
N08,E189,E376,True
N08,E190,E262,False
N08,E190,E328,False
N08,E190,E334,True
N08,E190,E369,False
N08,E191,E212,True
N08,E191,E240,False
N08,E191,E272,True
N08,E191,E327,False
N08,E191,E346,False
N08,E192,E250,False
N08,E192,E365,False
N08,E193,E229,False
N08,E193,E351,True
N08,E193,E360,False
N08,E193,E395,True
N08,E194,E216,False
N08,E194,E283,True
N08,E194,E350,False
N08,E195,E317,True
N08,E195,E386,False
N08,E196,E225,True
N08,E196,E271,False
N08,E196,E303,False
N08,E198,E274,False
N08,E198,E278,True
N08,E198,E398,True
N08,E199,E243,False
N08,E199,E244,False
N08,E199,E275,False
N08,E199,E280,False
N08,E199,E284,True
N08,E199,E394,True
N08,E200,E401,False
N08,E200,E446,False
N08,E200,E448,False
N08,E200,E584,False
N08,E201,E407,False
N08,E201,E597,True
N08,E202,E524,False
N08,E202,E526,False
N08,E203,E465,False
N08,E203,E542,False
N08,E203,E573,False
N08,E204,E482,False
N08,E204,E535,True
N08,E204,E544,False
N08,E205,E428,True
N08,E205,E437,False
N08,E205,E449,True
N08,E205,E493,False
N08,E206,E572,False
N08,E207,E559,False
N08,E207,E584,False
N08,E208,E524,False
N08,E209,E467,True
N08,E210,E408,False
N08,E211,E585,False
N08,E212,E579,True
N08,E212,E594,False
N08,E213,E424,False
N08,E213,E439,False
N08,E213,E458,True
N08,E213,E528,True
N08,E213,E541,False
N08,E214,E404,False
N08,E214,E407,False
N08,E214,E416,False
N08,E214,E428,False
N08,E214,E515,True
N08,E214,E565,False
N08,E215,E520,True
N08,E215,E547,True
N08,E216,E413,False
N08,E216,E439,False
N08,E216,E507,True
N08,E216,E515,False
N08,E216,E530,False
N08,E216,E564,False
N08,E217,E411,True
N08,E217,E546,False
N08,E218,E412,True
N08,E218,E441,False
N08,E218,E450,True
N08,E218,E496,False
N08,E218,E544,True
N08,E218,E549,False
N08,E218,E584,False
N08,E218,E589,False
N08,E219,E423,False
N08,E219,E477,False
N08,E219,E491,False
N08,E219,E530,False
N08,E220,E418,True
N08,E220,E432,False
N08,E220,E518,True
N08,E221,E498,True
N08,E222,E404,False
N08,E222,E595,False
N08,E223,E422,False
N08,E223,E558,False
N08,E223,E596,True
N08,E224,E504,True
N08,E224,E550,True
N08,E224,E569,True
N08,E224,E594,False
N08,E224,E596,False
N08,E225,E497,True
N08,E225,E540,False
N08,E225,E590,False
N08,E226,E497,False
N08,E226,E502,False
N08,E226,E577,False
N08,E226,E590,False
N08,E227,E437,False
N08,E227,E450,False
N08,E228,E485,False
N08,E228,E546,True
N08,E228,E567,True
N08,E228,E580,False
N08,E229,E506,True
N08,E229,E525,True
N08,E229,E529,False
N08,E229,E554,True
N08,E229,E593,False
N08,E230,E496,True
N08,E230,E528,False
N08,E230,E566,False
N08,E231,E409,False
N08,E232,E403,False
N08,E232,E404,True
N08,E232,E419,True
N08,E232,E438,False
N08,E232,E485,True
N08,E232,E493,True
N08,E232,E598,True
N08,E233,E405,True
N08,E233,E414,False
N08,E234,E451,False
N08,E234,E567,False
N08,E235,E491,True
N08,E235,E565,True
N08,E235,E594,True
N08,E236,E460,False
N08,E237,E406,False
N08,E237,E576,True
N08,E238,E488,False
N08,E238,E523,True
N08,E238,E571,False
N08,E239,E480,True
N08,E239,E533,True
N08,E239,E541,True
N08,E239,E560,True
N08,E239,E599,True
N08,E240,E489,True
N08,E240,E494,False
N08,E240,E589,True
N08,E241,E475,False
N08,E241,E490,True
N08,E242,E506,False
N08,E242,E529,True
N08,E242,E549,True
N08,E242,E563,False
N08,E242,E589,False
N08,E243,E403,True
N08,E243,E446,True
N08,E243,E574,True
N08,E244,E414,False
N08,E244,E550,False
N08,E244,E561,False
N08,E244,E591,False
N08,E245,E407,False
N08,E245,E413,True
N08,E245,E492,False
N08,E245,E559,True
N08,E246,E431,False
N08,E246,E464,False
N08,E246,E495,False
N08,E247,E475,False
N08,E247,E583,False
N08,E248,E410,False
N08,E248,E590,False
N08,E249,E519,True
N08,E250,E484,True
N08,E250,E583,True
N08,E251,E527,False
N08,E252,E505,False
N08,E252,E598,False
N08,E253,E466,False
N08,E253,E530,False
N08,E253,E568,False
N08,E253,E595,True
N08,E254,E416,False
N08,E254,E476,False
N08,E254,E516,False
N08,E254,E520,False
N08,E256,E503,False
N08,E256,E554,False
N08,E257,E483,False
N08,E258,E401,False
N08,E258,E430,False
N08,E258,E463,True
N08,E260,E476,True
N08,E260,E486,False
N08,E260,E576,False
N08,E261,E421,False
N08,E261,E440,True
N08,E261,E457,True
N08,E261,E495,False
N08,E261,E549,False
N08,E261,E591,True
N08,E262,E425,False
N08,E262,E518,False
N08,E263,E495,True
N08,E263,E511,False
N08,E264,E588,True
N08,E265,E456,True
N08,E265,E531,True
N08,E265,E593,False
N08,E266,E423,False
N08,E266,E478,True
N08,E267,E423,False
N08,E267,E514,True
N08,E267,E551,False
N08,E268,E459,False
N08,E268,E468,True
N08,E269,E406,False
N08,E269,E509,False
N08,E269,E521,True
N08,E269,E569,False
N08,E269,E586,False
N08,E270,E553,False
N08,E270,E556,True
N08,E271,E400,False
N08,E271,E408,True
N08,E272,E469,False
N08,E272,E470,False
N08,E273,E450,False
N08,E273,E545,True
N08,E274,E418,False
N08,E275,E419,False
N08,E275,E467,False
N08,E276,E405,False
N08,E276,E408,False
N08,E276,E511,False
N08,E276,E553,False
N08,E276,E562,False
N08,E277,E448,False
N08,E277,E505,False
N08,E277,E541,False
N08,E277,E579,False
N08,E277,E599,False
N08,E278,E542,False
N08,E278,E565,False
N08,E279,E458,False
N08,E279,E559,False
N08,E279,E561,True
N08,E280,E441,False
N08,E280,E444,False
N08,E281,E516,False
N08,E281,E538,False
N08,E282,E462,True
N08,E282,E479,True
N08,E282,E494,False
N08,E282,E532,False
N08,E282,E535,False
N08,E283,E423,True
N08,E283,E552,False
N08,E284,E445,True
N08,E284,E452,True
N08,E284,E474,False
N08,E284,E478,False
N08,E285,E471,False
N08,E285,E472,True
N08,E285,E492,False
N08,E285,E531,False
N08,E286,E426,False
N08,E286,E521,False
N08,E286,E581,False
N08,E287,E409,True
N08,E287,E499,False
N08,E287,E564,False
N08,E289,E465,True
N08,E289,E557,False
N08,E289,E558,False
N08,E290,E426,True
N08,E290,E479,False
N08,E290,E490,False
N08,E291,E412,False
N08,E291,E433,False
N08,E291,E453,False
N08,E291,E527,False
N08,E291,E569,False
N08,E291,E575,False
N08,E292,E401,True
N08,E292,E598,False
N08,E293,E419,False
N08,E293,E455,True
N08,E294,E414,True
N08,E294,E508,False
N08,E294,E514,False
N08,E295,E502,True
N08,E295,E535,False
N08,E295,E551,False
N08,E295,E592,False
N08,E296,E434,True
N08,E296,E483,True
N08,E296,E486,False
N08,E296,E588,False
N08,E297,E416,False
N08,E297,E420,False
N08,E297,E435,False
N08,E297,E469,True
N08,E297,E480,False
N08,E297,E491,False
N08,E297,E506,False
N08,E298,E429,False
N08,E298,E518,False
N08,E298,E577,True
N08,E299,E435,True
N08,E299,E531,False
N08,E299,E554,False
N08,E299,E557,True
N08,E300,E427,False
N08,E300,E437,False
N08,E300,E479,False
N08,E300,E570,True
N08,E301,E415,True
N08,E301,E434,False
N08,E301,E519,False
N08,E301,E531,False
N08,E301,E543,True
N08,E302,E450,False
N08,E302,E492,False
N08,E303,E402,True
N08,E303,E451,True
N08,E305,E421,True
N08,E305,E432,False
N08,E305,E467,False
N08,E305,E475,True
N08,E306,E495,False
N08,E308,E444,False
N08,E308,E477,False
N08,E308,E579,False
N08,E309,E501,True
N08,E309,E583,False
N08,E310,E409,False
N08,E311,E442,False
N08,E311,E443,False
N08,E311,E520,False
N08,E311,E582,False
N08,E312,E478,False
N08,E312,E484,False
N08,E312,E487,False
N08,E313,E464,False
N08,E314,E416,True
N08,E314,E420,False
N08,E314,E454,True
N08,E314,E462,False
N08,E314,E490,False
N08,E314,E522,True
N08,E314,E539,False
N08,E314,E547,False
N08,E314,E582,True
N08,E315,E574,False
N08,E316,E433,True
N08,E316,E455,False
N08,E316,E482,True
N08,E316,E588,False
N08,E317,E442,False
N08,E318,E424,True
N08,E318,E494,True
N08,E318,E597,False
N08,E319,E461,False
N08,E319,E540,True
N08,E319,E564,True
N08,E320,E418,False
N08,E320,E454,False
N08,E320,E545,False
N08,E321,E513,False
N08,E321,E589,False
N08,E322,E426,False
N08,E322,E453,False
N08,E322,E498,False
N08,E323,E419,False
N08,E323,E445,False
N08,E323,E447,False
N08,E323,E505,False
N08,E323,E511,True
N08,E323,E551,False
N08,E323,E595,False
N08,E324,E440,False
N08,E324,E571,False
N08,E324,E590,True
N08,E325,E573,False
N08,E326,E490,False
N08,E326,E528,False
N08,E326,E581,False
N08,E327,E526,True
N08,E327,E568,False
N08,E330,E410,True
N08,E330,E436,False
N08,E330,E471,False
N08,E331,E456,False
N08,E332,E470,False
N08,E332,E535,False
N08,E332,E552,True
N08,E332,E558,False
N08,E333,E408,False
N08,E333,E417,False
N08,E333,E559,False
N08,E334,E517,True
N08,E334,E571,False
N08,E335,E486,True
N08,E335,E489,False
N08,E336,E448,False
N08,E336,E470,True
N08,E336,E539,True
N08,E336,E555,False
N08,E336,E574,False
N08,E336,E581,False
N08,E337,E505,True
N08,E337,E554,False
N08,E337,E566,False
N08,E337,E585,True
N08,E337,E599,False
N08,E338,E407,True
N08,E338,E483,False
N08,E339,E421,False
N08,E339,E457,False
N08,E339,E501,False
N08,E339,E580,False
N08,E340,E462,False
N08,E340,E522,False
N08,E340,E526,False
N08,E340,E555,False
N08,E340,E561,False
N08,E340,E581,True
N08,E341,E406,True
N08,E341,E420,True
N08,E341,E479,False
N08,E341,E587,True
N08,E342,E428,False
N08,E342,E431,True
N08,E342,E452,False
N08,E342,E475,False
N08,E342,E477,True
N08,E342,E509,False
N08,E342,E548,False
N08,E343,E441,False
N08,E343,E460,False
N08,E343,E530,True
N08,E343,E548,True
N08,E343,E552,False
N08,E343,E587,False
N08,E345,E404,False
N08,E346,E422,True
N08,E346,E596,False
N08,E347,E460,True
N08,E347,E474,True
N08,E347,E487,True
N08,E347,E586,True
N08,E347,E593,False
N08,E348,E400,True
N08,E348,E466,True
N08,E348,E480,False
N08,E348,E579,False
N08,E349,E427,True
N08,E349,E563,True
N08,E349,E572,True
N08,E349,E582,False
N08,E350,E534,True
N08,E350,E567,False
N08,E351,E451,False
N08,E351,E498,False
N08,E351,E512,False
N08,E351,E527,True
N08,E351,E538,False
N08,E352,E463,False
N08,E352,E471,False
N08,E353,E432,False
N08,E353,E455,False
N08,E353,E474,False
N08,E353,E568,False
N08,E354,E449,False
N08,E354,E536,True
N08,E356,E441,True
N08,E356,E472,False
N08,E356,E537,False
N08,E356,E592,True
N08,E357,E444,True
N08,E358,E482,False
N08,E358,E557,False
N08,E358,E568,True
N08,E359,E438,False
N08,E359,E534,False
N08,E359,E537,True
N08,E359,E549,False
N08,E359,E576,False
N08,E359,E597,False
N08,E360,E458,False
N08,E361,E541,False
N08,E361,E556,False
N08,E362,E500,False
N08,E362,E511,False
N08,E363,E516,False
N08,E363,E523,False
N08,E363,E582,False
N08,E363,E584,True
N08,E363,E587,False
N08,E364,E401,False
N08,E364,E508,True
N08,E364,E548,False
N08,E365,E467,False
N08,E366,E425,False
N08,E366,E428,False
N08,E366,E434,False
N08,E366,E468,False
N08,E366,E472,False
N08,E366,E504,False
N08,E366,E578,True
N08,E366,E593,True
N08,E367,E426,False
N08,E367,E447,True
N08,E367,E477,False
N08,E367,E580,False
N08,E367,E588,False
N08,E368,E430,True
N08,E368,E449,False
N08,E368,E464,False
N08,E368,E509,False
N08,E369,E513,True
N08,E369,E594,False
N08,E370,E583,False
N08,E371,E415,False
N08,E371,E437,True
N08,E371,E532,True
N08,E371,E538,True
N08,E371,E553,False
N08,E371,E555,False
N08,E371,E562,True
N08,E372,E499,True
N08,E372,E510,False
N08,E372,E524,False
N08,E372,E597,False
N08,E373,E438,True
N08,E373,E526,False
N08,E374,E551,True
N08,E376,E417,True
N08,E376,E573,False
N08,E376,E576,False
N08,E377,E429,True
N08,E377,E499,False
N08,E377,E506,False
N08,E377,E525,False
N08,E378,E439,True
N08,E378,E459,True
N08,E378,E460,False
N08,E378,E533,False
N08,E378,E545,False
N08,E379,E425,True
N08,E379,E435,False
N08,E379,E454,False
N08,E379,E537,False
N08,E380,E473,True
N08,E380,E500,True
N08,E380,E517,False
N08,E381,E424,False
N08,E381,E509,True
N08,E381,E510,True
N08,E381,E569,False
N08,E381,E570,False
N08,E381,E571,True
N08,E383,E443,True
N08,E383,E461,False
N08,E383,E471,True
N08,E383,E512,True
N08,E383,E516,True
N08,E384,E560,False
N08,E384,E567,False
N08,E384,E586,False
N08,E385,E414,False
N08,E385,E415,False
N08,E385,E453,True
N08,E385,E484,False
N08,E385,E488,True
N08,E385,E496,False
N08,E385,E504,False
N08,E385,E558,True
N08,E386,E402,False
N08,E386,E409,False
N08,E386,E458,False
N08,E386,E473,False
N08,E386,E555,True
N08,E387,E444,False
N08,E387,E520,False
N08,E388,E432,True
N08,E388,E482,False
N08,E388,E539,False
N08,E389,E411,False
N08,E389,E422,False
N08,E389,E449,False
N08,E389,E586,False
N08,E391,E436,True
N08,E391,E442,False
N08,E391,E461,True
N08,E391,E466,False
N08,E391,E483,False
N08,E391,E489,False
N08,E391,E566,True
N08,E392,E406,False
N08,E392,E433,False
N08,E392,E524,True
N08,E392,E572,False
N08,E392,E575,True
N08,E393,E459,False
N08,E393,E491,False
N08,E393,E580,True
N08,E394,E442,True
N08,E394,E446,False
N08,E394,E448,True
N08,E394,E463,False
N08,E394,E473,False
N08,E394,E478,False
N08,E394,E481,False
N08,E394,E542,True
N08,E394,E563,False
N08,E394,E578,False
N08,E395,E429,False
N08,E395,E463,False
N08,E395,E543,False
N08,E395,E573,True
N08,E396,E417,False
N08,E396,E418,False
N08,E396,E438,False
N08,E396,E451,False
N08,E396,E481,True
N08,E396,E496,False
N08,E396,E522,False
N08,E396,E536,False
N08,E396,E539,False
N08,E397,E440,False
N08,E397,E492,True
N08,E397,E503,True
N08,E397,E523,False
N08,E398,E420,False
N08,E398,E487,False
N08,E398,E553,True
N08,E399,E464,True
N08,E399,E507,False
N08,E399,E591,False
N08,E400,E638,True
N08,E400,E652,True
N08,E400,E689,False
N08,E400,E696,False
N08,E401,E622,True
N08,E401,E658,False
N08,E401,E662,False
N08,E403,E664,False
N08,E404,E626,True
N08,E404,E682,False
N08,E404,E728,True
N08,E404,E796,True
N08,E405,E640,True
N08,E405,E691,False
N08,E405,E794,False
N08,E406,E644,False
N08,E406,E675,False
N08,E406,E676,False
N08,E406,E716,False
N08,E407,E639,False
N08,E408,E639,False
N08,E408,E709,False
N08,E408,E788,False
N08,E410,E656,False
N08,E410,E736,False
N08,E411,E649,False
N08,E411,E671,False
N08,E411,E697,True
N08,E411,E699,False
N08,E411,E750,True
N08,E413,E609,False
N08,E413,E670,True
N08,E413,E728,False
N08,E414,E619,True
N08,E414,E635,False
N08,E414,E717,False
N08,E414,E757,True
N08,E415,E677,False
N08,E415,E701,True
N08,E415,E716,False
N08,E415,E753,False
N08,E415,E758,False
N08,E415,E791,False
N08,E416,E628,False
N08,E416,E660,True
N08,E416,E709,False
N08,E416,E714,True
N08,E417,E604,True
N08,E417,E657,False
N08,E417,E700,False
N08,E417,E757,False
N08,E417,E771,False
N08,E418,E698,False
N08,E418,E748,False
N08,E418,E765,False
N08,E419,E790,True
N08,E419,E799,False
N08,E420,E622,False
N08,E420,E718,True
N08,E421,E672,False
N08,E422,E603,True
N08,E422,E638,False
N08,E422,E683,False
N08,E422,E715,False
N08,E422,E727,False
N08,E422,E750,False
N08,E423,E672,False
N08,E423,E692,True
N08,E423,E697,False
N08,E423,E722,True
N08,E423,E730,True
N08,E423,E741,False
N08,E424,E632,False
N08,E424,E643,True
N08,E424,E785,False
N08,E424,E799,True
N08,E425,E600,True
N08,E425,E660,False
N08,E425,E678,False
N08,E425,E733,True
N08,E425,E793,True
N08,E426,E614,False
N08,E426,E736,False
N08,E426,E787,False
N08,E427,E687,True
N08,E427,E749,False
N08,E427,E762,False
N08,E427,E796,False
N08,E428,E635,False
N08,E428,E702,True
N08,E428,E731,True
N08,E428,E754,False
N08,E430,E605,False
N08,E430,E613,False
N08,E430,E681,False
N08,E430,E776,True
N08,E430,E784,True
N08,E431,E626,False
N08,E431,E755,True
N08,E432,E689,True
N08,E432,E763,False
N08,E433,E651,False
N08,E433,E744,False
N08,E434,E620,True
N08,E434,E665,False
N08,E434,E715,False
N08,E434,E731,False
N08,E436,E618,False
N08,E436,E774,False
N08,E437,E614,False
N08,E437,E665,True
N08,E437,E721,True
N08,E437,E728,False
N08,E438,E630,False
N08,E438,E680,False
N08,E438,E709,False
N08,E438,E767,True
N08,E438,E770,True
N08,E439,E612,False
N08,E439,E659,False
N08,E439,E725,False
N08,E439,E762,True
N08,E439,E772,False
N08,E439,E775,False
N08,E440,E600,False
N08,E440,E618,False
N08,E440,E684,False
N08,E441,E633,False
N08,E441,E789,False
N08,E442,E797,False
N08,E443,E729,True
N08,E444,E626,False
N08,E444,E627,True
N08,E444,E747,True
N08,E444,E749,False
N08,E444,E771,True
N08,E445,E600,False
N08,E445,E647,True
N08,E445,E685,False
N08,E445,E690,False
N08,E446,E711,False
N08,E446,E745,True
N08,E447,E688,True
N08,E447,E699,True
N08,E447,E742,False
N08,E447,E755,False
N08,E447,E763,True
N08,E447,E770,False
N08,E448,E648,False
N08,E448,E657,True
N08,E448,E675,False
N08,E448,E694,True
N08,E448,E722,False
N08,E449,E754,True
N08,E450,E617,True
N08,E450,E772,False
N08,E450,E783,True
N08,E451,E618,False
N08,E451,E752,True
N08,E451,E755,False
N08,E452,E642,True
N08,E452,E659,False
N08,E452,E666,False
N08,E452,E760,True
N08,E452,E765,False
N08,E452,E780,True
N08,E453,E629,False
N08,E453,E648,True
N08,E453,E677,False
N08,E453,E771,False
N08,E454,E679,False
N08,E454,E748,False
N08,E455,E605,False
N08,E455,E681,False
N08,E455,E724,False
N08,E455,E765,False
N08,E456,E634,False
N08,E457,E641,False
N08,E457,E673,True
N08,E458,E631,True
N08,E458,E686,False
N08,E458,E741,False
N08,E458,E791,False
N08,E459,E654,True
N08,E459,E698,False
N08,E460,E726,False
N08,E461,E605,True
N08,E461,E612,True
N08,E461,E640,False
N08,E461,E702,False
N08,E461,E722,False
N08,E462,E619,False
N08,E462,E721,False
N08,E462,E770,False
N08,E462,E782,True
N08,E463,E608,False
N08,E463,E641,False
N08,E463,E687,False
N08,E464,E680,True
N08,E464,E690,False
N08,E464,E731,False
N08,E464,E734,False
N08,E464,E762,False
N08,E464,E794,False
N08,E465,E700,False
N08,E465,E732,False
N08,E466,E610,False
N08,E466,E630,False
N08,E466,E700,True
N08,E466,E726,True
N08,E466,E745,False
N08,E466,E779,False
N08,E467,E765,True
N08,E468,E611,False
N08,E468,E622,False
N08,E469,E642,False
N08,E469,E793,False
N08,E469,E796,False
N08,E470,E611,True
N08,E470,E723,True
N08,E471,E609,True
N08,E471,E717,False
N08,E471,E764,True
N08,E471,E789,True
N08,E472,E661,True
N08,E472,E679,True
N08,E472,E719,False
N08,E472,E786,False
N08,E473,E667,False
N08,E473,E715,True
N08,E474,E647,False
N08,E474,E683,False
N08,E474,E686,False
N08,E474,E739,False
N08,E474,E788,False
N08,E475,E602,False
N08,E475,E633,False
N08,E475,E675,True
N08,E475,E791,False
N08,E476,E614,True
N08,E476,E736,True
N08,E477,E615,True
N08,E477,E677,True
N08,E477,E775,False
N08,E477,E776,False
N08,E478,E628,True
N08,E478,E677,False
N08,E478,E781,True
N08,E479,E636,False
N08,E479,E637,True
N08,E479,E768,False
N08,E480,E639,True
N08,E480,E668,True
N08,E481,E664,True
N08,E481,E746,True
N08,E482,E629,False
N08,E482,E641,False
N08,E482,E647,False
N08,E482,E649,True
N08,E482,E669,False
N08,E482,E688,False
N08,E483,E688,False
N08,E484,E607,True
N08,E484,E676,True
N08,E484,E701,False
N08,E484,E747,False
N08,E485,E783,False
N08,E486,E662,False
N08,E486,E674,False
N08,E486,E737,False
N08,E486,E746,False
N08,E487,E698,True
N08,E488,E642,False
N08,E488,E790,False
N08,E489,E656,False
N08,E489,E691,True
N08,E490,E644,True
N08,E490,E715,False
N08,E490,E718,False
N08,E490,E739,True
N08,E491,E659,True
N08,E491,E686,True
N08,E491,E712,True
N08,E492,E665,False
N08,E492,E723,False
N08,E492,E737,True
N08,E493,E607,False
N08,E493,E646,True
N08,E493,E703,False
N08,E493,E785,True
N08,E495,E608,True
N08,E495,E625,True
N08,E495,E626,False
N08,E495,E694,False
N08,E495,E708,False
N08,E495,E760,False
N08,E495,E788,True
N08,E496,E684,True
N08,E496,E693,False
N08,E496,E782,False
N08,E497,E609,False
N08,E497,E661,False
N08,E497,E709,True
N08,E497,E721,False
N08,E497,E756,False
N08,E498,E618,True
N08,E499,E713,False
N08,E499,E720,False
N08,E499,E743,True
N08,E500,E630,True
N08,E500,E702,False
N08,E501,E645,False
N08,E501,E743,False
N08,E501,E790,False
N08,E502,E734,True
N08,E503,E601,False
N08,E503,E679,False
N08,E503,E683,True
N08,E503,E696,False
N08,E503,E727,False
N08,E504,E616,True
N08,E504,E645,True
N08,E504,E658,True
N08,E504,E661,False
N08,E504,E710,False
N08,E504,E720,True
N08,E504,E761,False
N08,E504,E795,True
N08,E506,E745,False
N08,E506,E764,False
N08,E507,E756,False
N08,E507,E777,False
N08,E508,E624,False
N08,E509,E615,False
N08,E509,E687,False
N08,E510,E661,False
N08,E510,E673,False
N08,E510,E705,True
N08,E510,E732,False
N08,E510,E733,False
N08,E510,E799,False
N08,E511,E683,False
N08,E511,E730,False
N08,E511,E763,False
N08,E513,E625,False
N08,E513,E702,False
N08,E513,E759,False
N08,E513,E782,False
N08,E513,E794,True
N08,E514,E655,True
N08,E514,E697,False
N08,E515,E711,False
N08,E515,E726,False
N08,E515,E778,False
N08,E515,E794,False
N08,E516,E773,True
N08,E517,E679,False
N08,E517,E688,False
N08,E518,E663,False
N08,E519,E687,False
N08,E519,E703,True
N08,E519,E758,True
N08,E520,E722,False
N08,E520,E766,False
N08,E520,E777,False
N08,E521,E620,False
N08,E521,E664,False
N08,E521,E713,True
N08,E521,E769,True
N08,E522,E652,False
N08,E522,E674,True
N08,E522,E680,False
N08,E522,E707,False
N08,E522,E732,True
N08,E523,E634,True
N08,E523,E650,False
N08,E523,E748,True
N08,E524,E768,True
N08,E525,E725,False
N08,E525,E750,False
N08,E526,E608,False
N08,E526,E713,False
N08,E526,E778,True
N08,E526,E789,False
N08,E527,E670,False
N08,E527,E735,False
N08,E527,E740,False
N08,E527,E743,False
N08,E527,E746,False
N08,E528,E645,False
N08,E528,E689,False
N08,E528,E710,True
N08,E528,E717,False
N08,E529,E603,False
N08,E529,E609,False
N08,E529,E724,False
N08,E530,E647,False
N08,E530,E720,False
N08,E530,E753,False
N08,E530,E772,False
N08,E531,E629,True
N08,E531,E695,False
N08,E531,E785,False
N08,E532,E614,False
N08,E532,E630,False
N08,E532,E646,False
N08,E532,E734,False
N08,E532,E757,False
N08,E533,E606,False
N08,E533,E693,False
N08,E533,E706,False
N08,E533,E780,False
N08,E533,E783,False
N08,E534,E738,False
N08,E534,E740,False
N08,E534,E766,False
N08,E535,E668,False
N08,E535,E704,True
N08,E536,E621,False
N08,E536,E625,False
N08,E536,E633,False
N08,E536,E751,True
N08,E537,E704,False
N08,E537,E707,True
N08,E537,E724,True
N08,E537,E780,False
N08,E537,E791,True
N08,E538,E753,True
N08,E539,E651,True
N08,E539,E728,False
N08,E539,E798,True
N08,E540,E627,False
N08,E540,E643,False
N08,E540,E673,False
N08,E540,E701,False
N08,E541,E718,False
N08,E541,E725,True
N08,E541,E761,True
N08,E541,E766,True
N08,E541,E796,False
N08,E541,E797,True
N08,E542,E638,False
N08,E542,E654,False
N08,E542,E691,False
N08,E543,E602,False
N08,E543,E606,True
N08,E543,E617,False
N08,E543,E727,True
N08,E543,E731,False
N08,E543,E735,False
N08,E543,E737,False
N08,E544,E616,False
N08,E544,E651,False
N08,E545,E619,False
N08,E546,E729,False
N08,E546,E741,False
N08,E546,E792,True
N08,E547,E681,True
N08,E547,E717,True
N08,E547,E756,True
N08,E548,E673,False
N08,E548,E705,False
N08,E548,E720,False
N08,E549,E635,True
N08,E549,E690,False
N08,E551,E606,False
N08,E551,E621,False
N08,E551,E653,False
N08,E551,E671,True
N08,E551,E744,True
N08,E552,E678,False
N08,E552,E729,False
N08,E552,E742,True
N08,E553,E741,True
N08,E553,E790,False
N08,E554,E625,False
N08,E554,E650,True
N08,E554,E675,False
N08,E554,E789,False
N08,E555,E639,False
N08,E555,E798,False
N08,E556,E693,True
N08,E556,E695,True
N08,E556,E734,False
N08,E557,E645,False
N08,E557,E711,True
N08,E558,E655,False
N08,E558,E696,False
N08,E558,E752,False
N08,E559,E610,False
N08,E559,E775,False
N08,E559,E777,False
N08,E560,E631,False
N08,E560,E792,False
N08,E561,E611,False
N08,E561,E678,True
N08,E561,E684,False
N08,E563,E607,False
N08,E563,E663,True
N08,E563,E719,True
N08,E563,E753,False
N08,E563,E784,False
N08,E564,E624,False
N08,E564,E653,False
N08,E564,E696,True
N08,E564,E716,True
N08,E564,E723,False
N08,E564,E781,False
N08,E565,E637,False
N08,E565,E704,False
N08,E566,E607,False
N08,E566,E667,True
N08,E566,E779,True
N08,E567,E623,True
N08,E567,E668,False
N08,E567,E754,False
N08,E567,E757,False
N08,E568,E601,True
N08,E568,E641,True
N08,E568,E646,False
N08,E569,E735,True
N08,E569,E774,False
N08,E570,E623,False
N08,E570,E669,True
N08,E570,E733,False
N08,E570,E752,False
N08,E570,E773,False
N08,E571,E644,False
N08,E571,E668,False
N08,E571,E692,False
N08,E572,E604,False
N08,E572,E651,False
N08,E573,E682,True
N08,E573,E708,False
N08,E573,E759,False
N08,E573,E769,False
N08,E574,E725,False
N08,E574,E759,False
N08,E575,E669,False
N08,E575,E799,False
N08,E576,E627,False
N08,E576,E655,False
N08,E577,E648,False
N08,E577,E681,False
N08,E577,E708,False
N08,E578,E624,False
N08,E578,E632,True
N08,E578,E633,True
N08,E578,E749,True
N08,E578,E762,False
N08,E579,E636,True
N08,E579,E665,False
N08,E579,E666,True
N08,E580,E775,True
N08,E581,E660,False
N08,E582,E613,True
N08,E582,E615,False
N08,E582,E685,True
N08,E582,E774,True
N08,E583,E621,True
N08,E583,E628,False
N08,E583,E656,True
N08,E583,E714,False
N08,E583,E777,True
N08,E583,E786,True
N08,E585,E686,False
N08,E585,E771,False
N08,E585,E797,False
N08,E586,E600,False
N08,E586,E653,True
N08,E586,E767,False
N08,E586,E787,True
N08,E587,E653,False
N08,E587,E716,False
N08,E587,E744,False
N08,E587,E779,False
N08,E588,E620,False
N08,E588,E663,False
N08,E588,E708,True
N08,E588,E738,True
N08,E589,E667,False
N08,E589,E698,False
N08,E589,E759,True
N08,E589,E776,False
N08,E589,E779,False
N08,E589,E795,False
N08,E590,E664,False
N08,E591,E610,True
N08,E591,E617,False
N08,E592,E662,True
N08,E592,E730,False
N08,E593,E617,False
N08,E593,E656,False
N08,E593,E723,False
N08,E593,E761,False
N08,E593,E772,True
N08,E593,E776,False
N08,E594,E697,False
N08,E594,E713,False
N08,E595,E672,True
N08,E595,E712,False
N08,E596,E612,False
N08,E596,E695,False
N08,E597,E624,True
N08,E597,E643,False
N08,E597,E648,False
N08,E598,E602,True
N08,E598,E690,True
N08,E598,E706,True
N08,E598,E743,False
N08,E598,E745,False
N08,E599,E635,False
N08,E599,E740,True
N08,E599,E751,False
N08,E599,E766,False
N08,E600,E812,False
N08,E600,E822,True
N08,E600,E885,False
N08,E600,E918,False
N08,E600,E921,False
N08,E601,E824,True
N08,E601,E856,True
N08,E601,E925,False
N08,E601,E944,True
N08,E601,E957,False
N08,E602,E809,True
N08,E602,E827,False
N08,E602,E865,True
N08,E602,E907,True
N08,E602,E929,True
N08,E603,E816,True
N08,E603,E827,False
N08,E603,E862,False
N08,E603,E867,False
N08,E603,E913,False
N08,E603,E916,False
N08,E603,E951,True
N08,E604,E943,False
N08,E605,E905,True
N08,E605,E916,False
N08,E606,E823,False
N08,E606,E917,False
N08,E606,E936,True
N08,E606,E953,True
N08,E606,E959,False
N08,E606,E982,False
N08,E607,E806,False
N08,E607,E995,True
N08,E608,E881,True
N08,E608,E883,False
N08,E608,E920,False
N08,E608,E922,False
N08,E608,E987,False
N08,E609,E806,False
N08,E609,E815,False
N08,E611,E814,False
N08,E611,E898,False
N08,E611,E933,False
N08,E612,E872,True
N08,E612,E886,True
N08,E612,E887,True
N08,E612,E935,False
N08,E613,E839,False
N08,E613,E857,False
N08,E613,E942,False
N08,E613,E972,True
N08,E614,E889,False
N08,E614,E932,False
N08,E614,E970,False
N08,E615,E832,False
N08,E615,E959,False
N08,E616,E975,False
N08,E617,E874,False
N08,E617,E894,True
N08,E617,E917,False
N08,E618,E863,False
N08,E618,E918,False
N08,E620,E880,False
N08,E620,E946,True
N08,E621,E930,True
N08,E621,E948,False
N08,E621,E973,False
N08,E621,E985,False
N08,E622,E809,False
N08,E622,E830,False
N08,E622,E929,False
N08,E622,E930,False
N08,E622,E938,True
N08,E622,E942,False
N08,E622,E957,True
N08,E622,E982,False
N08,E622,E998,True
N08,E623,E817,False
N08,E623,E853,False
N08,E623,E870,False
N08,E623,E888,False
N08,E623,E905,False
N08,E624,E861,False
N08,E624,E962,False
N08,E625,E802,False
N08,E625,E831,True
N08,E625,E832,True
N08,E625,E835,False
N08,E625,E878,False
N08,E625,E942,True
N08,E625,E969,True
N08,E627,E854,False
N08,E627,E873,False
N08,E627,E891,True
N08,E628,E815,False
N08,E628,E870,True
N08,E628,E953,False
N08,E628,E972,False
N08,E629,E806,False
N08,E629,E831,False
N08,E629,E865,False
N08,E629,E919,False
N08,E629,E954,False
N08,E630,E828,False
N08,E630,E882,False
N08,E630,E968,True
N08,E630,E976,False
N08,E631,E851,True
N08,E631,E908,False
N08,E631,E947,True
N08,E632,E884,False
N08,E632,E898,True
N08,E632,E970,False
N08,E632,E971,False
N08,E633,E900,True
N08,E633,E990,False
N08,E634,E821,False
N08,E634,E886,False
N08,E634,E918,True
N08,E635,E948,True
N08,E636,E841,False
N08,E637,E807,True
N08,E637,E901,False
N08,E638,E941,False
N08,E638,E966,False
N08,E638,E978,False
N08,E639,E819,True
N08,E639,E848,False
N08,E639,E995,False
N08,E640,E811,False
N08,E640,E850,True
N08,E640,E862,False
N08,E640,E917,False
N08,E641,E846,True
N08,E641,E990,True
N08,E643,E808,False
N08,E643,E818,True
N08,E643,E826,False
N08,E643,E881,False
N08,E643,E882,False
N08,E643,E890,True
N08,E644,E879,False
N08,E644,E918,False
N08,E644,E963,False
N08,E644,E969,False
N08,E645,E818,False
N08,E646,E818,False
N08,E646,E829,False
N08,E646,E866,True
N08,E646,E895,True
N08,E646,E914,False
N08,E646,E979,False
N08,E647,E843,True
N08,E647,E935,False
N08,E648,E933,True
N08,E648,E966,False
N08,E649,E842,True
N08,E649,E863,False
N08,E649,E871,False
N08,E649,E889,False
N08,E650,E960,False
N08,E650,E971,True
N08,E653,E822,False
N08,E653,E835,False
N08,E653,E859,True
N08,E654,E830,False
N08,E654,E833,False
N08,E654,E864,False
N08,E654,E979,True
N08,E654,E984,False
N08,E655,E816,False
N08,E655,E830,True
N08,E655,E850,False
N08,E655,E882,False
N08,E656,E856,False
N08,E656,E877,False
N08,E657,E987,True
N08,E658,E832,False
N08,E658,E874,False
N08,E658,E934,False
N08,E658,E955,False
N08,E658,E959,True
N08,E659,E852,False
N08,E659,E861,False
N08,E659,E924,False
N08,E659,E930,False
N08,E659,E985,False
N08,E660,E905,False
N08,E661,E828,True
N08,E662,E866,False
N08,E662,E923,True
N08,E662,E928,True
N08,E662,E932,False
N08,E663,E909,False
N08,E663,E973,False
N08,E664,E869,True
N08,E664,E945,True
N08,E664,E956,False
N08,E665,E839,False
N08,E665,E887,False
N08,E665,E954,True
N08,E665,E983,False
N08,E665,E988,False
N08,E666,E851,False
N08,E666,E853,False
N08,E666,E856,False
N08,E666,E926,True
N08,E666,E940,False
N08,E667,E805,False
N08,E667,E861,True
N08,E668,E820,True
N08,E668,E890,False
N08,E668,E902,True
N08,E669,E812,True
N08,E670,E910,False
N08,E670,E989,True
N08,E671,E812,False
N08,E671,E989,False
N08,E672,E876,True
N08,E672,E907,False
N08,E672,E978,False
N08,E672,E994,True
N08,E673,E826,False
N08,E673,E873,False
N08,E673,E877,False
N08,E674,E802,True
N08,E675,E989,False
N08,E675,E999,False
N08,E676,E874,True
N08,E676,E913,True
N08,E676,E953,False
N08,E677,E808,False
N08,E677,E849,False
N08,E677,E857,False
N08,E677,E858,False
N08,E677,E863,False
N08,E677,E940,False
N08,E678,E916,False
N08,E679,E813,True
N08,E679,E834,True
N08,E679,E852,True
N08,E679,E876,False
N08,E679,E928,False
N08,E680,E846,False
N08,E680,E847,True
N08,E680,E954,False
N08,E680,E988,True
N08,E680,E996,True
N08,E681,E810,True
N08,E681,E911,False
N08,E681,E932,False
N08,E682,E806,True
N08,E682,E819,False
N08,E682,E867,False
N08,E682,E962,True
N08,E682,E997,False
N08,E683,E986,False
N08,E684,E848,True
N08,E684,E893,True
N08,E684,E914,False
N08,E684,E938,False
N08,E685,E822,False
N08,E685,E945,False
N08,E686,E833,False
N08,E686,E887,False
N08,E686,E961,False
N08,E686,E968,False
N08,E687,E925,False
N08,E687,E937,True
N08,E688,E820,False
N08,E688,E880,True
N08,E688,E894,False
N08,E689,E888,False
N08,E690,E924,False
N08,E691,E901,True
N08,E691,E928,False
N08,E692,E819,False
N08,E692,E829,True
N08,E693,E842,False
N08,E693,E867,False
N08,E693,E873,True
N08,E694,E812,False
N08,E694,E833,True
N08,E694,E836,False
N08,E694,E845,False
N08,E694,E868,False
N08,E694,E883,False
N08,E694,E976,True
N08,E695,E803,False
N08,E695,E819,False
N08,E695,E825,False
N08,E695,E950,False
N08,E696,E961,True
N08,E696,E978,True
N08,E696,E981,False
N08,E696,E996,False
N08,E697,E898,False
N08,E697,E916,True
N08,E697,E921,True
N08,E697,E939,False
N08,E698,E803,True
N08,E698,E927,False
N08,E698,E987,False
N08,E699,E834,False
N08,E699,E875,True
N08,E699,E931,False
N08,E699,E964,False
N08,E700,E975,False
N08,E701,E817,True
N08,E701,E836,False
N08,E702,E860,False
N08,E702,E865,False
N08,E702,E882,True
N08,E702,E892,True
N08,E702,E938,False
N08,E703,E800,True
N08,E703,E803,False
N08,E703,E815,True
N08,E703,E891,False
N08,E703,E981,False
N08,E705,E932,True
N08,E706,E969,False
N08,E706,E986,True
N08,E707,E851,False
N08,E707,E963,True
N08,E708,E807,False
N08,E708,E811,True
N08,E708,E840,False
N08,E708,E935,True
N08,E708,E975,True
N08,E709,E875,False
N08,E709,E891,False
N08,E709,E897,True
N08,E709,E995,False
N08,E710,E820,False
N08,E710,E845,False
N08,E710,E853,False
N08,E711,E940,True
N08,E711,E986,False
N08,E712,E841,True
N08,E712,E896,False
N08,E713,E800,False
N08,E713,E838,False
N08,E713,E939,True
N08,E713,E963,False
N08,E714,E906,False
N08,E714,E974,True
N08,E714,E992,True
N08,E714,E998,False
N08,E715,E907,False
N08,E715,E940,False
N08,E715,E973,True
N08,E716,E925,True
N08,E716,E935,False
N08,E717,E927,True
N08,E717,E967,False
N08,E718,E824,False
N08,E718,E956,False
N08,E718,E971,False
N08,E719,E818,False
N08,E719,E969,False
N08,E720,E983,True
N08,E721,E817,False
N08,E721,E827,True
N08,E721,E859,False
N08,E721,E871,True
N08,E721,E900,False
N08,E722,E821,False
N08,E722,E869,False
N08,E723,E854,False
N08,E723,E864,True
N08,E723,E874,False
N08,E724,E816,False
N08,E724,E836,True
N08,E724,E847,False
N08,E724,E890,False
N08,E724,E919,False
N08,E724,E924,False
N08,E724,E936,False
N08,E725,E838,True
N08,E725,E872,False
N08,E725,E947,False
N08,E726,E840,False
N08,E726,E982,True
N08,E727,E941,False
N08,E728,E992,False
N08,E729,E821,True
N08,E729,E970,False
N08,E730,E822,False
N08,E730,E847,False
N08,E730,E883,True
N08,E730,E888,False
N08,E730,E896,True
N08,E731,E801,False
N08,E731,E823,False
N08,E731,E879,True
N08,E731,E903,True
N08,E731,E975,False
N08,E731,E997,True
N08,E732,E828,False
N08,E732,E896,False
N08,E732,E977,False
N08,E732,E981,True
N08,E732,E996,False
N08,E733,E880,False
N08,E733,E952,True
N08,E733,E966,False
N08,E733,E977,False
N08,E734,E950,True
N08,E735,E848,False
N08,E735,E919,False
N08,E735,E943,True
N08,E735,E963,False
N08,E736,E808,True
N08,E736,E834,False
N08,E736,E977,True
N08,E737,E835,False
N08,E737,E861,False
N08,E737,E970,True
N08,E738,E817,False
N08,E738,E999,False
N08,E739,E800,False
N08,E739,E809,False
N08,E739,E846,False
N08,E739,E860,False
N08,E740,E877,True
N08,E740,E962,False
N08,E741,E804,False
N08,E741,E878,True
N08,E741,E885,True
N08,E741,E893,False
N08,E741,E958,True
N08,E741,E965,True
N08,E742,E839,True
N08,E743,E840,True
N08,E743,E854,True
N08,E743,E955,True
N08,E743,E980,False
N08,E743,E994,False
N08,E744,E810,False
N08,E744,E870,False
N08,E746,E884,False
N08,E746,E929,False
N08,E746,E966,True
N08,E747,E804,True
N08,E747,E840,False
N08,E748,E934,True
N08,E748,E987,False
N08,E749,E965,False
N08,E749,E999,True
N08,E750,E804,False
N08,E750,E846,False
N08,E750,E856,False
N08,E750,E908,True
N08,E750,E946,False
N08,E750,E974,False
N08,E751,E854,False
N08,E751,E857,False
N08,E751,E954,False
N08,E751,E960,True
N08,E752,E863,True
N08,E752,E906,False
N08,E752,E936,False
N08,E752,E993,True
N08,E753,E842,False
N08,E753,E936,False
N08,E753,E937,False
N08,E753,E944,False
N08,E753,E979,False
N08,E753,E984,True
N08,E754,E843,False
N08,E754,E869,False
N08,E755,E805,True
N08,E755,E853,True
N08,E755,E904,False
N08,E756,E825,True
N08,E756,E834,False
N08,E756,E968,False
N08,E756,E985,False
N08,E757,E867,True
N08,E757,E967,False
N08,E758,E892,False
N08,E758,E903,False
N08,E758,E907,False
N08,E758,E931,True
N08,E759,E879,False
N08,E759,E919,True
N08,E759,E960,False
N08,E759,E991,False
N08,E759,E998,False
N08,E760,E845,False
N08,E760,E897,False
N08,E760,E964,True
N08,E760,E997,False
N08,E761,E855,False
N08,E761,E938,False
N08,E762,E843,False
N08,E762,E852,False
N08,E762,E945,False
N08,E762,E973,False
N08,E763,E800,False
N08,E763,E823,False
N08,E763,E951,False
N08,E764,E855,True
N08,E764,E915,True
N08,E764,E923,False
N08,E765,E833,False
N08,E765,E842,False
N08,E765,E888,True
N08,E765,E909,True
N08,E765,E920,True
N08,E766,E802,False
N08,E766,E826,True
N08,E766,E828,False
N08,E766,E871,False
N08,E766,E941,True
N08,E767,E851,False
N08,E767,E924,True
N08,E768,E808,False
N08,E768,E876,False
N08,E768,E983,False
N08,E768,E992,False
N08,E769,E845,True
N08,E769,E884,True
N08,E769,E944,False
N08,E769,E980,True
N08,E770,E956,True
N08,E770,E962,False
N08,E771,E814,True
N08,E771,E837,False
N08,E772,E980,False
N08,E772,E994,False
N08,E772,E998,False
N08,E773,E894,False
N08,E773,E937,False
N08,E773,E943,False
N08,E773,E948,False
N08,E773,E950,False
N08,E774,E826,False
N08,E774,E837,True
N08,E774,E860,True
N08,E774,E901,False
N08,E774,E921,False
N08,E775,E835,True
N08,E776,E858,True
N08,E776,E862,True
N08,E776,E902,False
N08,E776,E904,True
N08,E777,E838,False
N08,E777,E912,True
N08,E777,E913,False
N08,E777,E926,False
N08,E778,E827,False
N08,E778,E948,False
N08,E778,E978,False
N08,E778,E984,False
N08,E779,E832,False
N08,E780,E968,False
N08,E780,E991,False
N08,E781,E858,False
N08,E781,E892,False
N08,E781,E917,True
N08,E782,E804,False
N08,E782,E945,False
N08,E782,E957,False
N08,E782,E964,False
N08,E782,E991,True
N08,E783,E830,False
N08,E784,E869,False
N08,E784,E889,True
N08,E784,E911,True
N08,E784,E996,False
N08,E785,E871,False
N08,E785,E877,False
N08,E785,E899,False
N08,E786,E813,False
N08,E787,E807,False
N08,E787,E914,True
N08,E787,E949,True
N08,E787,E980,False
N08,E787,E993,False
N08,E788,E821,False
N08,E788,E823,True
N08,E788,E894,False
N08,E788,E899,True
N08,E788,E920,False
N08,E788,E950,False
N08,E789,E838,False
N08,E789,E913,False
N08,E789,E949,False
N08,E790,E895,False
N08,E790,E901,False
N08,E790,E915,False
N08,E792,E868,True
N08,E792,E906,True
N08,E792,E958,False
N08,E793,E857,True
N08,E793,E880,False
N08,E793,E884,False
N08,E793,E912,False
N08,E793,E922,True
N08,E793,E926,False
N08,E793,E967,True
N08,E793,E997,False
N08,E794,E801,True
N08,E794,E862,False
N08,E794,E891,False
N08,E795,E831,False
N08,E795,E844,True
N08,E795,E943,False
N08,E795,E985,True
N08,E796,E813,False
N08,E796,E910,True
N08,E797,E849,True
N08,E797,E981,False
N08,E798,E905,False
N08,E798,E992,False
N08,E798,E993,False
N08,E799,E844,False
N08,E799,E848,False
N08,E799,E952,False
N09,E000,E286,False
N09,E000,E348,False
N09,E000,E357,True
N09,E000,E362,True
N09,E000,E389,False
N09,E001,E255,False
N09,E001,E258,False
N09,E002,E204,False
N09,E002,E256,False
N09,E002,E284,False
N09,E002,E319,True
N09,E002,E321,False
N09,E003,E240,False
N09,E003,E249,False
N09,E003,E259,True
N09,E003,E289,False
N09,E003,E349,True
N09,E003,E371,False
N09,E004,E304,False
N09,E004,E354,True
N09,E004,E390,True
N09,E005,E238,False
N09,E005,E355,False
N09,E006,E300,False
N09,E008,E221,True
N09,E008,E272,False
N09,E008,E377,False
N09,E008,E385,True
N09,E010,E228,False
N09,E010,E307,False
N09,E010,E395,False
N09,E011,E254,False
N09,E011,E268,False
N09,E011,E274,False
N09,E011,E278,False
N09,E011,E288,False
N09,E011,E314,False
N09,E011,E338,True
N09,E011,E398,False
N09,E011,E399,False
N09,E012,E201,False
N09,E012,E273,False
N09,E012,E316,False
N09,E012,E350,True
N09,E012,E387,False
N09,E013,E232,False
N09,E013,E260,False
N09,E013,E315,False
N09,E013,E368,False
N09,E014,E264,True
N09,E014,E336,True
N09,E014,E339,False
N09,E014,E375,False
N09,E014,E399,False
N09,E015,E223,False
N09,E015,E287,False
N09,E016,E373,False
N09,E016,E375,True
N09,E017,E360,True
N09,E017,E380,True
N09,E018,E336,False
N09,E018,E362,False
N09,E018,E384,False
N09,E019,E312,False
N09,E019,E341,False
N09,E020,E200,False
N09,E020,E268,True
N09,E020,E361,True
N09,E021,E231,False
N09,E022,E286,True
N09,E022,E350,False
N09,E022,E391,False
N09,E023,E208,True
N09,E023,E257,False
N09,E023,E312,False
N09,E023,E334,False
N09,E024,E251,False
N09,E024,E286,False
N09,E025,E235,False
N09,E025,E267,True
N09,E025,E290,True
N09,E025,E367,False
N09,E026,E201,False
N09,E026,E229,False
N09,E026,E258,False
N09,E026,E271,False
N09,E026,E294,False
N09,E026,E298,True
N09,E027,E210,False
N09,E028,E203,False
N09,E028,E297,False
N09,E028,E308,False
N09,E028,E378,False
N09,E030,E310,False
N09,E030,E313,False
N09,E031,E399,True
N09,E032,E278,False
N09,E032,E317,False
N09,E033,E292,False
N09,E033,E315,False
N09,E034,E381,True
N09,E034,E382,False
N09,E035,E279,False
N09,E035,E387,False
N09,E036,E202,False
N09,E036,E222,False
N09,E036,E232,True
N09,E036,E240,False
N09,E036,E272,False
N09,E037,E211,False
N09,E037,E248,False
N09,E037,E257,False
N09,E037,E314,False
N09,E037,E365,False
N09,E037,E370,False
N09,E037,E378,False
N09,E038,E273,False
N09,E038,E353,False
N09,E038,E382,True
N09,E039,E303,True
N09,E039,E356,False
N09,E039,E377,True
N09,E040,E233,False
N09,E040,E253,False
N09,E040,E398,True
N09,E041,E296,True
N09,E041,E313,False
N09,E041,E362,False
N09,E042,E236,False
N09,E042,E250,False
N09,E042,E323,True
N09,E042,E387,False
N09,E043,E291,False
N09,E043,E317,True
N09,E043,E319,False
N09,E044,E334,True
N09,E044,E391,True
N09,E045,E243,True
N09,E045,E305,False
N09,E045,E348,True
N09,E045,E354,False
N09,E046,E263,False
N09,E046,E272,True
N09,E046,E325,True
N09,E046,E355,True
N09,E047,E205,True
N09,E047,E223,True
N09,E047,E254,True
N09,E047,E280,False
N09,E047,E328,False
N09,E048,E282,False
N09,E048,E329,True
N09,E048,E394,True
N09,E049,E246,True
N09,E049,E324,False
N09,E049,E384,True
N09,E050,E300,False
N09,E050,E329,False
N09,E050,E365,False
N09,E051,E251,False
N09,E051,E327,False
N09,E051,E369,False
N09,E052,E241,False
N09,E052,E299,True
N09,E052,E314,False
N09,E052,E339,True
N09,E052,E383,True
N09,E053,E266,True
N09,E054,E237,True
N09,E054,E321,True
N09,E054,E371,True
N09,E054,E374,False
N09,E055,E207,False
N09,E055,E237,False
N09,E055,E273,True
N09,E055,E304,False
N09,E056,E205,False
N09,E056,E223,False
N09,E057,E207,True
N09,E057,E367,True
N09,E058,E200,True
N09,E058,E209,False
N09,E058,E213,False
N09,E058,E318,False
N09,E059,E336,False
N09,E059,E386,True
N09,E060,E210,True
N09,E060,E252,False
N09,E060,E255,True
N09,E060,E324,False
N09,E060,E394,False
N09,E061,E222,False
N09,E061,E247,False
N09,E061,E295,False
N09,E062,E234,False
N09,E062,E301,False
N09,E062,E340,True
N09,E062,E361,False
N09,E063,E247,False
N09,E063,E284,False
N09,E063,E286,False
N09,E063,E321,False
N09,E064,E206,True
N09,E064,E234,True
N09,E064,E246,False
N09,E064,E252,True
N09,E064,E253,False
N09,E064,E330,False
N09,E067,E230,False
N09,E067,E244,False
N09,E067,E269,True
N09,E067,E315,True
N09,E067,E362,False
N09,E067,E395,False
N09,E068,E342,False
N09,E068,E385,False
N09,E068,E391,False
N09,E069,E220,True
N09,E069,E265,False
N09,E069,E364,False
N09,E070,E264,False
N09,E071,E224,False
N09,E071,E277,False
N09,E071,E335,True
N09,E071,E347,True
N09,E072,E203,True
N09,E072,E277,False
N09,E072,E347,False
N09,E073,E261,False
N09,E074,E235,False
N09,E074,E310,False
N09,E074,E378,False
N09,E074,E379,False
N09,E075,E287,True
N09,E075,E329,False
N09,E075,E333,False
N09,E075,E353,False
N09,E075,E354,False
N09,E075,E371,False
N09,E076,E215,False
N09,E076,E285,False
N09,E076,E316,True
N09,E077,E274,False
N09,E077,E327,True
N09,E078,E245,True
N09,E078,E275,False
N09,E078,E385,False
N09,E079,E217,True
N09,E079,E236,True
N09,E079,E244,True
N09,E079,E261,True
N09,E079,E289,False
N09,E079,E309,True
N09,E079,E339,False
N09,E079,E347,False
N09,E080,E341,True
N09,E081,E224,False
N09,E081,E317,False
N09,E081,E332,True
N09,E081,E366,True
N09,E081,E370,True
N09,E082,E218,False
N09,E082,E267,False
N09,E082,E290,False
N09,E082,E332,False
N09,E083,E204,False
N09,E083,E328,False
N09,E083,E374,True
N09,E084,E242,False
N09,E084,E375,False
N09,E085,E337,False
N09,E086,E297,False
N09,E086,E349,False
N09,E086,E399,False
N09,E087,E200,False
N09,E087,E215,False
N09,E087,E246,False
N09,E087,E262,True
N09,E087,E344,False
N09,E087,E388,True
N09,E088,E203,False
N09,E088,E219,False
N09,E088,E234,False
N09,E089,E202,True
N09,E089,E210,False
N09,E089,E247,True
N09,E090,E278,True
N09,E090,E375,False
N09,E091,E220,False
N09,E091,E323,False
N09,E092,E326,False
N09,E092,E389,False
N09,E093,E219,False
N09,E093,E304,True
N09,E093,E374,False
N09,E093,E389,True
N09,E094,E274,True
N09,E095,E212,False
N09,E096,E302,True
N09,E096,E313,False
N09,E097,E363,False
N09,E098,E231,True
N09,E098,E270,True
N09,E098,E331,False
N09,E098,E343,False
N09,E098,E393,False
N09,E099,E215,True
N09,E099,E346,False
N09,E100,E292,True
N09,E101,E369,True
N09,E101,E386,False
N09,E101,E393,False
N09,E102,E248,False
N09,E102,E308,False
N09,E103,E282,True
N09,E103,E388,False
N09,E104,E269,False
N09,E104,E365,True
N09,E105,E218,False
N09,E105,E237,False
N09,E105,E330,True
N09,E105,E366,False
N09,E105,E367,False
N09,E105,E376,True
N09,E106,E344,False
N09,E106,E345,False
N09,E107,E253,True
N09,E107,E281,True
N09,E107,E344,True
N09,E107,E373,True
N09,E108,E216,True
N09,E108,E261,False
N09,E108,E293,True
N09,E108,E348,False
N09,E109,E209,True
N09,E109,E339,False
N09,E109,E388,False
N09,E110,E233,False
N09,E110,E315,False
N09,E110,E345,True
N09,E111,E258,True
N09,E111,E305,True
N09,E112,E214,False
N09,E112,E216,False
N09,E113,E200,False
N09,E113,E211,True
N09,E113,E238,True
N09,E113,E261,False
N09,E113,E297,False
N09,E113,E380,False
N09,E114,E249,False
N09,E114,E266,False
N09,E115,E215,False
N09,E115,E260,False
N09,E115,E311,False
N09,E116,E292,False
N09,E116,E323,False
N09,E117,E217,False
N09,E117,E311,True
N09,E117,E320,False
N09,E118,E226,False
N09,E118,E250,False
N09,E118,E324,True
N09,E119,E218,True
N09,E119,E340,False
N09,E119,E390,False
N09,E119,E394,False
N09,E120,E226,True
N09,E120,E295,True
N09,E121,E242,True
N09,E121,E395,False
N09,E121,E396,False
N09,E122,E230,False
N09,E122,E253,False
N09,E122,E398,False
N09,E123,E341,False
N09,E123,E372,True
N09,E124,E205,False
N09,E124,E281,False
N09,E125,E226,False
N09,E125,E248,True
N09,E126,E201,True
N09,E126,E233,False
N09,E126,E247,False
N09,E126,E265,True
N09,E126,E283,False
N09,E126,E290,False
N09,E126,E307,False
N09,E126,E363,True
N09,E126,E378,True
N09,E127,E222,False
N09,E127,E239,True
N09,E127,E322,False
N09,E128,E318,True
N09,E128,E320,True
N09,E129,E229,True
N09,E129,E300,True
N09,E129,E345,False
N09,E129,E360,False
N09,E129,E368,True
N09,E130,E250,False
N09,E130,E271,False
N09,E131,E273,False
N09,E131,E310,False
N09,E131,E351,False
N09,E132,E310,True
N09,E133,E255,False
N09,E133,E285,False
N09,E134,E376,False
N09,E135,E309,False
N09,E136,E347,False
N09,E137,E206,False
N09,E137,E227,False
N09,E137,E230,True
N09,E137,E243,False
N09,E137,E294,True
N09,E137,E303,False
N09,E137,E369,False
N09,E137,E395,True
N09,E138,E204,False
N09,E138,E221,False
N09,E138,E345,False
N09,E138,E352,True
N09,E139,E214,True
N09,E140,E365,False
N09,E140,E381,False
N09,E141,E222,True
N09,E141,E240,False
N09,E141,E308,False
N09,E142,E249,True
N09,E142,E269,False
N09,E142,E307,True
N09,E142,E312,False
N09,E142,E356,False
N09,E142,E384,False
N09,E143,E244,False
N09,E143,E314,True
N09,E143,E349,False
N09,E143,E397,True
N09,E144,E328,False
N09,E145,E283,True
N09,E146,E275,True
N09,E146,E276,True
N09,E146,E279,True
N09,E146,E312,True
N09,E146,E327,False
N09,E146,E338,False
N09,E146,E382,False
N09,E147,E219,False
N09,E147,E227,True
N09,E147,E281,False
N09,E148,E328,True
N09,E148,E342,False
N09,E149,E244,False
N09,E149,E293,False
N09,E150,E257,True
N09,E150,E387,True
N09,E151,E203,False
N09,E151,E309,False
N09,E152,E213,True
N09,E152,E266,False
N09,E152,E280,False
N09,E152,E350,False
N09,E152,E372,False
N09,E152,E379,True
N09,E153,E259,False
N09,E153,E333,True
N09,E153,E369,False
N09,E154,E320,False
N09,E154,E388,False
N09,E155,E235,True
N09,E155,E265,False
N09,E155,E313,True
N09,E155,E331,True
N09,E156,E368,False
N09,E156,E377,False
N09,E156,E383,False
N09,E157,E270,False
N09,E157,E320,False
N09,E158,E233,True
N09,E158,E308,True
N09,E160,E239,False
N09,E160,E332,False
N09,E160,E385,False
N09,E160,E397,False
N09,E161,E256,True
N09,E161,E358,True
N09,E161,E359,False
N09,E161,E374,False
N09,E162,E344,False
N09,E163,E372,False
N09,E164,E204,True
N09,E164,E284,True
N09,E164,E302,False
N09,E164,E348,False
N09,E164,E372,False
N09,E165,E228,True
N09,E165,E321,False
N09,E165,E346,True
N09,E166,E219,True
N09,E166,E251,True
N09,E166,E319,False
N09,E167,E337,True
N09,E167,E356,True
N09,E168,E311,False
N09,E168,E377,False
N09,E168,E396,True
N09,E169,E285,False
N09,E169,E299,False
N09,E169,E326,True
N09,E169,E357,False
N09,E169,E358,False
N09,E169,E373,False
N09,E169,E392,True
N09,E170,E239,False
N09,E170,E329,False
N09,E171,E225,False
N09,E171,E246,False
N09,E171,E284,False
N09,E171,E338,False
N09,E172,E202,False
N09,E172,E218,False
N09,E172,E288,True
N09,E172,E335,False
N09,E174,E235,False
N09,E174,E295,False
N09,E174,E342,True
N09,E175,E250,True
N09,E175,E352,False
N09,E176,E228,False
N09,E176,E256,False
N09,E176,E317,False
N09,E176,E352,False
N09,E177,E291,True
N09,E177,E322,True
N09,E177,E325,False
N09,E177,E336,False
N09,E177,E351,True
N09,E177,E380,False
N09,E179,E277,True
N09,E179,E326,False
N09,E180,E245,False
N09,E180,E333,False
N09,E181,E260,True
N09,E181,E297,True
N09,E181,E386,False
N09,E182,E202,False
N09,E182,E212,True
N09,E182,E248,False
N09,E182,E276,False
N09,E182,E343,True
N09,E182,E392,False
N09,E183,E252,False
N09,E184,E241,True
N09,E184,E258,False
N09,E185,E241,False
N09,E185,E257,False
N09,E185,E275,False
N09,E185,E393,True
N09,E186,E228,False
N09,E186,E234,False
N09,E186,E296,False
N09,E186,E306,False
N09,E186,E335,False
N09,E187,E243,False
N09,E187,E298,False
N09,E187,E322,False
N09,E188,E208,False
N09,E188,E224,True
N09,E188,E353,False
N09,E188,E359,False
N09,E189,E262,False
N09,E189,E271,True
N09,E190,E225,True
N09,E190,E263,True
N09,E192,E352,False
N09,E192,E380,False
N09,E193,E259,False
N09,E193,E280,False
N09,E193,E296,False
N09,E193,E301,False
N09,E194,E220,False
N09,E194,E240,True
N09,E194,E311,False
N09,E194,E393,False
N09,E195,E301,True
N09,E195,E304,False
N09,E195,E353,True
N09,E195,E364,True
N09,E196,E201,False
N09,E196,E306,True
N09,E196,E316,False
N09,E196,E335,False
N09,E197,E217,False
N09,E197,E225,False
N09,E197,E275,False
N09,E197,E289,True
N09,E197,E349,False
N09,E198,E230,False
N09,E198,E280,True
N09,E199,E285,True
N09,E199,E359,True
N09,E201,E438,True
N09,E201,E449,False
N09,E201,E456,False
N09,E201,E485,False
N09,E202,E457,True
N09,E202,E550,False
N09,E203,E524,False
N09,E203,E528,True
N09,E203,E529,False
N09,E203,E564,True
N09,E204,E440,True
N09,E204,E484,False
N09,E206,E425,True
N09,E206,E503,False
N09,E207,E429,True
N09,E207,E463,False
N09,E207,E508,True
N09,E207,E573,False
N09,E208,E416,False
N09,E208,E427,False
N09,E208,E455,True
N09,E208,E493,False
N09,E208,E495,False
N09,E208,E542,False
N09,E208,E556,False
N09,E209,E413,False
N09,E209,E500,False
N09,E209,E575,False
N09,E210,E408,True
N09,E210,E422,True
N09,E210,E471,False
N09,E210,E500,False
N09,E210,E529,True
N09,E210,E533,False
N09,E211,E411,False
N09,E211,E439,False
N09,E211,E495,True
N09,E211,E520,False
N09,E212,E532,False
N09,E213,E548,True
N09,E214,E467,False
N09,E214,E513,False
N09,E214,E557,True
N09,E216,E419,False
N09,E216,E464,True
N09,E217,E519,False
N09,E217,E524,False
N09,E219,E489,False
N09,E219,E490,True
N09,E219,E596,False
N09,E220,E482,False
N09,E220,E503,False
N09,E220,E579,True
N09,E220,E590,False
N09,E221,E402,False
N09,E222,E423,False
N09,E222,E431,False
N09,E222,E498,False
N09,E222,E521,True
N09,E223,E467,True
N09,E223,E555,True
N09,E224,E410,True
N09,E224,E435,False
N09,E224,E440,False
N09,E224,E450,False
N09,E224,E513,False
N09,E225,E466,False
N09,E225,E523,False
N09,E226,E459,True
N09,E226,E549,False
N09,E226,E583,False
N09,E227,E447,False
N09,E227,E461,False
N09,E227,E491,False
N09,E229,E517,True
N09,E229,E556,True
N09,E230,E409,True
N09,E230,E473,False
N09,E230,E512,True
N09,E230,E599,False
N09,E231,E466,True
N09,E231,E540,True
N09,E231,E574,True
N09,E232,E469,False
N09,E232,E486,False
N09,E233,E412,False
N09,E233,E468,False
N09,E233,E477,False
N09,E233,E510,False
N09,E233,E542,False
N09,E233,E592,False
N09,E234,E491,True
N09,E234,E533,True
N09,E235,E458,True
N09,E235,E460,True
N09,E235,E465,False
N09,E235,E552,False
N09,E235,E560,True
N09,E235,E563,False
N09,E236,E400,True
N09,E236,E453,True
N09,E236,E476,False
N09,E236,E558,True
N09,E237,E451,True
N09,E237,E501,False
N09,E237,E511,True
N09,E237,E521,False
N09,E237,E545,False
N09,E237,E589,True
N09,E238,E402,True
N09,E239,E434,False
N09,E239,E438,False
N09,E239,E570,True
N09,E240,E525,False
N09,E241,E452,False
N09,E241,E486,False
N09,E241,E499,True
N09,E241,E535,False
N09,E241,E542,True
N09,E242,E442,False
N09,E242,E505,False
N09,E242,E522,True
N09,E242,E551,False
N09,E243,E532,False
N09,E243,E537,False
N09,E243,E549,False
N09,E244,E514,False
N09,E244,E552,False
N09,E244,E584,False
N09,E245,E559,False
N09,E245,E594,True
N09,E246,E432,True
N09,E246,E471,True
N09,E246,E482,True
N09,E246,E507,True
N09,E247,E423,True
N09,E247,E455,False
N09,E247,E472,True
N09,E247,E573,True
N09,E248,E446,False
N09,E248,E493,True
N09,E248,E530,True
N09,E249,E514,False
N09,E249,E547,False
N09,E249,E586,True
N09,E250,E414,False
N09,E250,E467,False
N09,E250,E590,True
N09,E250,E597,False
N09,E252,E417,False
N09,E253,E426,False
N09,E253,E457,False
N09,E253,E473,False
N09,E253,E492,False
N09,E253,E513,True
N09,E253,E526,True
N09,E254,E400,False
N09,E254,E455,False
N09,E254,E515,False
N09,E254,E524,False
N09,E254,E531,False
N09,E254,E545,True
N09,E256,E466,False
N09,E256,E544,False
N09,E256,E546,False
N09,E256,E549,True
N09,E257,E418,True
N09,E257,E454,False
N09,E257,E554,True
N09,E257,E557,False
N09,E258,E452,True
N09,E258,E459,False
N09,E258,E462,False
N09,E258,E474,False
N09,E258,E572,True
N09,E259,E410,False
N09,E259,E425,False
N09,E259,E439,False
N09,E259,E530,False
N09,E259,E538,False
N09,E259,E594,False
N09,E261,E411,False
N09,E261,E459,False
N09,E261,E518,False
N09,E262,E505,False
N09,E262,E547,False
N09,E263,E404,True
N09,E263,E413,False
N09,E263,E567,True
N09,E265,E555,False
N09,E266,E473,True
N09,E266,E487,False
N09,E266,E509,False
N09,E266,E538,False
N09,E266,E562,True
N09,E266,E591,False
N09,E267,E449,True
N09,E267,E452,False
N09,E267,E536,False
N09,E267,E573,False
N09,E267,E578,True
N09,E268,E432,False
N09,E268,E453,False
N09,E268,E489,True
N09,E268,E595,False
N09,E269,E544,True
N09,E269,E552,False
N09,E269,E563,False
N09,E270,E423,False
N09,E270,E446,True
N09,E271,E488,False
N09,E271,E510,True
N09,E271,E559,True
N09,E272,E403,True
N09,E272,E410,False
N09,E272,E415,False
N09,E272,E418,False
N09,E272,E569,True
N09,E273,E414,True
N09,E273,E443,False
N09,E273,E455,False
N09,E273,E468,False
N09,E273,E506,True
N09,E273,E519,True
N09,E273,E579,False
N09,E273,E588,True
N09,E274,E401,True
N09,E274,E447,False
N09,E274,E582,False
N09,E274,E593,False
N09,E276,E461,False
N09,E276,E511,False
N09,E277,E428,False
N09,E277,E432,False
N09,E277,E458,False
N09,E278,E437,False
N09,E278,E532,False
N09,E278,E537,False
N09,E278,E538,True
N09,E278,E569,False
N09,E279,E534,True
N09,E279,E570,False
N09,E280,E456,False
N09,E281,E406,False
N09,E282,E406,True
N09,E282,E418,False
N09,E282,E422,False
N09,E282,E569,False
N09,E283,E403,False
N09,E283,E412,True
N09,E283,E445,True
N09,E283,E508,False
N09,E283,E546,False
N09,E284,E506,False
N09,E285,E475,True
N09,E285,E534,False
N09,E285,E587,False
N09,E286,E537,True
N09,E286,E542,False
N09,E287,E412,False
N09,E287,E525,False
N09,E287,E531,True
N09,E287,E564,False
N09,E287,E567,False
N09,E289,E401,False
N09,E289,E507,False
N09,E289,E516,False
N09,E289,E560,False
N09,E290,E416,True
N09,E290,E434,True
N09,E290,E462,True
N09,E290,E516,False
N09,E290,E592,False
N09,E290,E596,True
N09,E291,E458,False
N09,E291,E465,True
N09,E292,E442,True
N09,E292,E464,False
N09,E292,E479,True
N09,E292,E481,False
N09,E292,E503,True
N09,E292,E528,False
N09,E293,E485,False
N09,E293,E498,False
N09,E293,E558,False
N09,E293,E566,False
N09,E293,E568,False
N09,E294,E408,False
N09,E294,E409,False
N09,E294,E489,False
N09,E294,E595,False
N09,E295,E427,False
N09,E295,E428,False
N09,E295,E443,True
N09,E295,E541,False
N09,E296,E429,False
N09,E296,E431,False
N09,E296,E453,False
N09,E296,E550,False
N09,E297,E436,True
N09,E297,E545,False
N09,E297,E561,True
N09,E297,E575,False
N09,E298,E459,False
N09,E299,E413,True
N09,E299,E438,False
N09,E299,E486,False
N09,E299,E574,False
N09,E299,E577,False
N09,E300,E466,False
N09,E300,E492,True
N09,E300,E534,False
N09,E301,E421,False
N09,E301,E444,False
N09,E301,E527,False
N09,E301,E584,False
N09,E302,E402,False
N09,E302,E405,False
N09,E302,E510,False
N09,E302,E518,False
N09,E302,E536,False
N09,E302,E554,False
N09,E302,E593,False
N09,E303,E587,False
N09,E303,E598,False
N09,E304,E433,True
N09,E304,E444,True
N09,E304,E448,True
N09,E304,E463,False
N09,E304,E500,True
N09,E304,E529,False
N09,E305,E498,False
N09,E305,E543,False
N09,E306,E451,False
N09,E306,E454,False
N09,E306,E511,False
N09,E306,E546,True
N09,E307,E483,False
N09,E308,E565,False
N09,E308,E585,True
N09,E309,E516,True
N09,E309,E521,False
N09,E309,E525,True
N09,E310,E422,False
N09,E310,E470,True
N09,E310,E477,True
N09,E310,E535,False
N09,E311,E501,False
N09,E311,E535,True
N09,E312,E515,True
N09,E312,E526,False
N09,E312,E596,False
N09,E313,E424,False
N09,E313,E476,True
N09,E313,E479,False
N09,E313,E534,False
N09,E314,E553,False
N09,E315,E406,False
N09,E315,E463,True
N09,E315,E482,False
N09,E315,E540,False
N09,E316,E422,False
N09,E316,E436,False
N09,E316,E454,False
N09,E316,E523,False
N09,E316,E581,False
N09,E317,E441,False
N09,E317,E448,False
N09,E317,E450,True
N09,E318,E437,True
N09,E318,E462,False
N09,E318,E524,True
N09,E318,E564,False
N09,E318,E580,True
N09,E319,E515,False
N09,E320,E431,True
N09,E320,E475,False
N09,E320,E502,True
N09,E320,E518,True
N09,E320,E541,True
N09,E320,E580,False
N09,E321,E462,False
N09,E321,E484,False
N09,E321,E547,False
N09,E321,E571,False
N09,E322,E435,False
N09,E322,E439,True
N09,E323,E424,True
N09,E323,E504,False
N09,E323,E509,False
N09,E323,E595,False
N09,E324,E404,False
N09,E324,E586,False
N09,E325,E428,True
N09,E325,E511,False
N09,E326,E405,False
N09,E326,E426,True
N09,E326,E445,False
N09,E326,E495,False
N09,E326,E515,False
N09,E326,E517,False
N09,E327,E427,True
N09,E327,E440,False
N09,E327,E514,True
N09,E327,E562,False
N09,E327,E578,False
N09,E329,E520,True
N09,E329,E550,False
N09,E330,E599,True
N09,E331,E439,False
N09,E331,E460,False
N09,E331,E481,False
N09,E331,E574,False
N09,E331,E575,True
N09,E333,E483,False
N09,E333,E514,False
N09,E335,E494,True
N09,E335,E552,True
N09,E335,E560,False
N09,E336,E550,True
N09,E336,E576,False
N09,E337,E423,False
N09,E337,E478,False
N09,E338,E470,False
N09,E338,E565,True
N09,E339,E420,False
N09,E339,E445,False
N09,E339,E480,False
N09,E339,E572,False
N09,E340,E566,True
N09,E341,E405,False
N09,E341,E430,False
N09,E341,E483,False
N09,E341,E548,False
N09,E342,E411,False
N09,E342,E522,False
N09,E342,E562,False
N09,E342,E581,False
N09,E343,E407,True
N09,E344,E447,True
N09,E344,E478,False
N09,E344,E587,True
N09,E345,E407,False
N09,E345,E536,True
N09,E345,E572,False
N09,E346,E431,False
N09,E346,E576,True
N09,E347,E435,False
N09,E347,E536,False
N09,E348,E496,False
N09,E348,E553,True
N09,E349,E478,False
N09,E349,E492,False
N09,E350,E539,True
N09,E351,E553,False
N09,E351,E595,True
N09,E352,E437,False
N09,E352,E512,False
N09,E352,E546,False
N09,E352,E559,False
N09,E353,E490,False
N09,E353,E580,False
N09,E353,E592,True
N09,E354,E421,True
N09,E354,E485,True
N09,E354,E577,True
N09,E355,E416,False
N09,E356,E419,True
N09,E356,E505,True
N09,E356,E523,True
N09,E356,E568,True
N09,E356,E584,True
N09,E357,E405,True
N09,E357,E555,False
N09,E357,E583,False
N09,E358,E541,False
N09,E358,E583,True
N09,E358,E597,True
N09,E359,E430,False
N09,E359,E445,False
N09,E359,E563,False
N09,E359,E579,False
N09,E360,E418,False
N09,E360,E421,False
N09,E360,E463,False
N09,E360,E474,True
N09,E360,E487,True
N09,E360,E523,False
N09,E361,E597,False
N09,E362,E415,True
N09,E362,E420,True
N09,E362,E468,False
N09,E362,E490,False
N09,E362,E551,True
N09,E363,E454,True
N09,E364,E430,True
N09,E364,E461,True
N09,E364,E535,False
N09,E364,E589,False
N09,E365,E432,False
N09,E365,E449,False
N09,E365,E490,False
N09,E365,E496,True
N09,E365,E531,False
N09,E365,E555,False
N09,E367,E500,False
N09,E367,E507,False
N09,E368,E411,True
N09,E368,E472,False
N09,E368,E582,True
N09,E369,E412,False
N09,E369,E443,False
N09,E369,E448,False
N09,E369,E494,False
N09,E369,E598,False
N09,E370,E497,False
N09,E371,E476,False
N09,E371,E499,False
N09,E371,E509,True
N09,E372,E420,False
N09,E372,E467,False
N09,E372,E468,True
N09,E372,E470,False
N09,E373,E481,True
N09,E373,E529,False
N09,E373,E581,True
N09,E375,E437,False
N09,E375,E441,True
N09,E375,E547,True
N09,E376,E417,True
N09,E376,E498,True
N09,E376,E537,False
N09,E377,E427,False
N09,E377,E484,True
N09,E377,E497,True
N09,E377,E504,True
N09,E378,E458,False
N09,E378,E527,True
N09,E379,E582,False
N09,E379,E588,False
N09,E380,E474,False
N09,E380,E509,False
N09,E380,E569,False
N09,E381,E584,False
N09,E382,E469,True
N09,E383,E420,False
N09,E383,E438,False
N09,E383,E501,True
N09,E384,E532,True
N09,E384,E565,False
N09,E385,E483,True
N09,E385,E488,False
N09,E385,E557,False
N09,E385,E571,True
N09,E386,E406,False
N09,E386,E452,False
N09,E386,E543,True
N09,E387,E419,False
N09,E387,E433,False
N09,E387,E480,True
N09,E387,E486,True
N09,E387,E563,True
N09,E388,E480,False
N09,E388,E484,False
N09,E388,E553,False
N09,E388,E561,False
N09,E389,E591,True
N09,E390,E488,True
N09,E390,E593,False
N09,E391,E593,True
N09,E392,E429,False
N09,E392,E502,False
N09,E392,E539,False
N09,E392,E587,False
N09,E393,E408,False
N09,E393,E456,True
N09,E393,E464,False
N09,E393,E478,True
N09,E393,E539,False
N09,E393,E588,False
N09,E394,E479,False
N09,E394,E554,False
N09,E394,E556,False
N09,E394,E557,False
N09,E395,E538,False
N09,E395,E572,False
N09,E395,E583,False
N09,E396,E435,True
N09,E396,E598,True
N09,E397,E426,False
N09,E398,E416,False
N09,E398,E476,False
N09,E398,E544,False
N09,E398,E585,False
N09,E399,E518,False
N09,E399,E560,False
N09,E400,E600,True
N09,E400,E782,False
N09,E401,E740,True
N09,E401,E751,False
N09,E402,E607,False
N09,E402,E793,True
N09,E403,E640,False
N09,E403,E700,False
N09,E403,E782,False
N09,E404,E637,True
N09,E404,E681,False
N09,E404,E770,False
N09,E405,E652,True
N09,E405,E668,False
N09,E405,E675,False
N09,E405,E687,False
N09,E405,E789,True
N09,E406,E625,False
N09,E406,E673,False
N09,E406,E770,False
N09,E407,E615,False
N09,E407,E647,False
N09,E407,E698,False
N09,E407,E753,False
N09,E407,E793,False
N09,E408,E631,True
N09,E408,E658,True
N09,E409,E691,True
N09,E409,E726,False
N09,E409,E776,False
N09,E410,E616,False
N09,E410,E722,False
N09,E410,E750,False
N09,E410,E791,False
N09,E411,E679,False
N09,E411,E689,False
N09,E411,E723,False
N09,E411,E762,False
N09,E412,E665,False
N09,E413,E638,False
N09,E413,E760,False
N09,E413,E766,False
N09,E414,E606,True
N09,E414,E753,False
N09,E415,E617,False
N09,E415,E730,False
N09,E416,E647,False
N09,E416,E704,False
N09,E416,E746,False
N09,E416,E782,True
N09,E418,E632,False
N09,E418,E737,False
N09,E418,E741,True
N09,E418,E747,False
N09,E418,E757,False
N09,E419,E644,False
N09,E420,E628,False
N09,E420,E641,False
N09,E420,E727,False
N09,E421,E652,False
N09,E421,E661,False
N09,E422,E655,True
N09,E422,E685,False
N09,E422,E748,True
N09,E423,E714,False
N09,E423,E718,False
N09,E423,E728,False
N09,E423,E778,False
N09,E424,E644,True
N09,E424,E765,True
N09,E424,E767,True
N09,E424,E770,True
N09,E424,E784,True
N09,E425,E636,False
N09,E426,E619,False
N09,E426,E627,False
N09,E426,E654,True
N09,E426,E719,True
N09,E426,E758,False
N09,E426,E762,False
N09,E427,E608,False
N09,E427,E636,True
N09,E427,E734,False
N09,E427,E739,False
N09,E427,E742,False
N09,E427,E767,False
N09,E428,E623,False
N09,E429,E695,True
N09,E429,E735,False
N09,E429,E745,False
N09,E429,E765,False
N09,E430,E686,False
N09,E430,E771,True
N09,E431,E649,False
N09,E431,E708,False
N09,E431,E788,False
N09,E432,E611,True
N09,E432,E614,True
N09,E432,E691,False
N09,E433,E624,False
N09,E433,E682,True
N09,E433,E796,False
N09,E434,E642,False
N09,E434,E659,False
N09,E434,E715,False
N09,E434,E797,False
N09,E435,E655,False
N09,E435,E659,True
N09,E435,E749,True
N09,E436,E603,False
N09,E436,E611,False
N09,E436,E685,False
N09,E436,E720,False
N09,E436,E743,False
N09,E436,E745,False
N09,E437,E670,True
N09,E437,E722,False
N09,E437,E733,False
N09,E437,E744,True
N09,E438,E627,False
N09,E438,E725,False
N09,E438,E775,False
N09,E439,E608,True
N09,E440,E754,False
N09,E440,E784,False
N09,E442,E697,True
N09,E442,E702,True
N09,E442,E787,True
N09,E443,E602,False
N09,E443,E656,False
N09,E443,E664,True
N09,E443,E681,False
N09,E443,E706,False
N09,E443,E778,True
N09,E443,E794,False
N09,E444,E601,False
N09,E444,E613,False
N09,E444,E705,False
N09,E444,E738,False
N09,E444,E750,False
N09,E444,E765,False
N09,E445,E632,False
N09,E445,E687,True
N09,E446,E614,False
N09,E446,E628,True
N09,E446,E735,True
N09,E447,E617,True
N09,E447,E678,False
N09,E447,E685,False
N09,E448,E665,True
N09,E448,E716,True
N09,E448,E768,True
N09,E449,E683,False
N09,E449,E717,True
N09,E449,E726,True
N09,E450,E727,True
N09,E452,E666,True
N09,E452,E698,False
N09,E452,E704,False
N09,E453,E688,False
N09,E453,E786,True
N09,E454,E747,True
N09,E455,E615,False
N09,E455,E656,True
N09,E455,E671,False
N09,E455,E776,True
N09,E455,E777,True
N09,E456,E643,True
N09,E456,E721,False
N09,E456,E798,True
N09,E457,E663,True
N09,E457,E693,False
N09,E457,E707,False
N09,E457,E745,True
N09,E458,E765,False
N09,E458,E799,False
N09,E459,E608,False
N09,E459,E639,False
N09,E459,E712,True
N09,E459,E769,False
N09,E460,E626,False
N09,E460,E689,True
N09,E460,E701,False
N09,E460,E786,False
N09,E461,E672,True
N09,E462,E624,True
N09,E462,E713,True
N09,E464,E632,True
N09,E464,E700,False
N09,E464,E753,True
N09,E464,E759,True
N09,E465,E683,False
N09,E465,E705,False
N09,E466,E663,False
N09,E466,E696,False
N09,E466,E734,False
N09,E466,E778,False
N09,E467,E609,True
N09,E467,E616,False
N09,E467,E671,False
N09,E467,E755,True
N09,E467,E787,False
N09,E468,E612,False
N09,E468,E657,False
N09,E468,E673,True
N09,E468,E714,False
N09,E469,E625,False
N09,E469,E637,False
N09,E470,E688,True
N09,E470,E729,False
N09,E470,E784,False
N09,E471,E601,True
N09,E471,E691,False
N09,E471,E721,True
N09,E472,E682,False
N09,E472,E772,False
N09,E473,E603,False
N09,E473,E621,True
N09,E473,E634,False
N09,E473,E689,False
N09,E473,E694,False
N09,E473,E697,False
N09,E473,E739,True
N09,E474,E696,True
N09,E474,E759,False
N09,E475,E629,False
N09,E476,E604,False
N09,E476,E700,True
N09,E477,E612,True
N09,E477,E639,True
N09,E477,E652,False
N09,E477,E662,True
N09,E477,E713,False
N09,E477,E730,True
N09,E478,E618,True
N09,E478,E664,False
N09,E478,E714,False
N09,E478,E791,False
N09,E479,E652,False
N09,E479,E696,False
N09,E479,E730,False
N09,E480,E703,True
N09,E480,E704,True
N09,E480,E750,True
N09,E481,E620,True
N09,E481,E774,False
N09,E482,E674,True
N09,E482,E798,False
N09,E483,E662,False
N09,E483,E721,False
N09,E483,E734,True
N09,E483,E760,True
N09,E483,E798,False
N09,E484,E610,True
N09,E484,E619,False
N09,E484,E668,False
N09,E485,E614,False
N09,E485,E774,False
N09,E486,E605,False
N09,E486,E679,False
N09,E486,E736,False
N09,E486,E768,False
N09,E486,E799,True
N09,E487,E631,False
N09,E487,E713,False
N09,E487,E728,False
N09,E489,E618,False
N09,E489,E656,False
N09,E489,E697,False
N09,E489,E714,True
N09,E489,E756,True
N09,E489,E791,False
N09,E489,E794,True
N09,E490,E645,False
N09,E490,E747,False
N09,E490,E779,False
N09,E491,E619,True
N09,E491,E711,False
N09,E491,E725,True
N09,E491,E754,False
N09,E492,E723,False
N09,E492,E725,False
N09,E493,E651,False
N09,E493,E707,False
N09,E494,E687,False
N09,E494,E737,False
N09,E495,E638,False
N09,E495,E640,True
N09,E495,E715,False
N09,E495,E788,True
N09,E496,E648,True
N09,E496,E693,False
N09,E496,E729,False
N09,E497,E673,False
N09,E498,E799,False
N09,E499,E760,False
N09,E499,E763,True
N09,E499,E788,False
N09,E499,E790,False
N09,E500,E623,True
N09,E500,E692,False
N09,E501,E654,False
N09,E501,E669,True
N09,E501,E744,False
N09,E501,E777,False
N09,E501,E785,True
N09,E502,E648,False
N09,E503,E634,True
N09,E504,E707,False
N09,E504,E772,True
N09,E505,E685,True
N09,E505,E749,False
N09,E505,E776,False
N09,E507,E742,False
N09,E507,E750,False
N09,E508,E626,False
N09,E508,E684,False
N09,E509,E617,False
N09,E509,E646,True
N09,E509,E672,False
N09,E509,E718,False
N09,E510,E615,False
N09,E510,E755,False
N09,E511,E611,False
N09,E511,E653,True
N09,E511,E679,False
N09,E511,E693,True
N09,E511,E712,False
N09,E511,E720,True
N09,E511,E763,False
N09,E512,E622,False
N09,E512,E642,False
N09,E512,E751,False
N09,E512,E760,False
N09,E513,E674,False
N09,E513,E681,False
N09,E513,E708,True
N09,E513,E728,True
N09,E515,E635,False
N09,E515,E678,True
N09,E516,E615,True
N09,E516,E654,False
N09,E516,E723,True
N09,E516,E766,False
N09,E517,E643,False
N09,E517,E683,True
N09,E517,E790,True
N09,E518,E772,False
N09,E518,E773,False
N09,E518,E795,False
N09,E519,E667,False
N09,E519,E710,False
N09,E520,E727,False
N09,E520,E756,False
N09,E520,E768,False
N09,E520,E780,True
N09,E521,E667,True
N09,E521,E740,False
N09,E521,E758,True
N09,E521,E781,False
N09,E522,E620,False
N09,E522,E742,True
N09,E522,E792,True
N09,E522,E796,False
N09,E523,E606,False
N09,E523,E730,False
N09,E524,E625,True
N09,E524,E660,False
N09,E524,E688,False
N09,E524,E699,False
N09,E524,E731,True
N09,E524,E781,True
N09,E525,E796,True
N09,E526,E622,False
N09,E526,E624,False
N09,E526,E646,False
N09,E526,E660,True
N09,E526,E752,True
N09,E527,E641,False
N09,E527,E642,True
N09,E527,E736,True
N09,E527,E752,False
N09,E528,E681,True
N09,E528,E688,False
N09,E528,E748,False
N09,E529,E632,False
N09,E529,E712,False
N09,E529,E762,False
N09,E529,E774,True
N09,E529,E777,False
N09,E530,E656,False
N09,E531,E678,False
N09,E531,E710,False
N09,E532,E619,False
N09,E532,E646,False
N09,E532,E677,True
N09,E532,E732,False
N09,E533,E622,True
N09,E533,E633,True
N09,E533,E657,True
N09,E533,E708,False
N09,E533,E709,False
N09,E534,E716,False
N09,E534,E759,False
N09,E534,E778,False
N09,E535,E684,True
N09,E535,E732,False
N09,E535,E792,False
N09,E536,E634,False
N09,E536,E647,True
N09,E536,E671,True
N09,E536,E717,False
N09,E536,E729,False
N09,E536,E740,False
N09,E537,E670,False
N09,E537,E671,False
N09,E537,E705,True
N09,E537,E709,False
N09,E537,E755,False
N09,E537,E789,False
N09,E538,E695,False
N09,E538,E702,False
N09,E538,E715,True
N09,E538,E747,False
N09,E538,E761,False
N09,E539,E679,True
N09,E539,E739,False
N09,E540,E641,False
N09,E540,E667,False
N09,E540,E696,False
N09,E540,E724,False
N09,E541,E613,True
N09,E541,E633,False
N09,E541,E640,False
N09,E541,E657,False
N09,E541,E665,False
N09,E541,E701,False
N09,E541,E727,False
N09,E541,E743,True
N09,E542,E651,True
N09,E542,E659,False
N09,E542,E680,False
N09,E542,E792,False
N09,E543,E627,True
N09,E543,E719,False
N09,E544,E638,True
N09,E545,E649,True
N09,E546,E699,False
N09,E547,E653,False
N09,E547,E717,False
N09,E547,E785,False
N09,E548,E711,True
N09,E548,E741,False
N09,E549,E676,False
N09,E549,E710,True
N09,E549,E757,True
N09,E549,E797,True
N09,E550,E669,False
N09,E551,E600,False
N09,E552,E751,True
N09,E553,E675,True
N09,E553,E759,False
N09,E553,E787,False
N09,E554,E668,True
N09,E554,E692,False
N09,E554,E771,False
N09,E554,E783,False
N09,E555,E670,False
N09,E555,E739,False
N09,E555,E769,True
N09,E555,E773,True
N09,E555,E783,True
N09,E556,E609,False
N09,E556,E616,True
N09,E556,E644,False
N09,E556,E755,False
N09,E557,E613,False
N09,E557,E620,False
N09,E557,E709,True
N09,E558,E605,True
N09,E558,E626,True
N09,E558,E677,False
N09,E558,E706,True
N09,E558,E775,False
N09,E559,E738,True
N09,E560,E610,False
N09,E560,E623,False
N09,E560,E698,True
N09,E560,E726,False
N09,E561,E690,True
N09,E561,E692,True
N09,E561,E722,True
N09,E562,E607,True
N09,E562,E660,False
N09,E562,E677,False
N09,E562,E692,False
N09,E563,E606,False
N09,E563,E621,False
N09,E563,E764,False
N09,E564,E618,False
N09,E564,E690,False
N09,E564,E737,True
N09,E564,E772,False
N09,E565,E640,False
N09,E566,E620,False
N09,E566,E701,True
N09,E566,E707,True
N09,E566,E746,False
N09,E566,E758,False
N09,E566,E794,False
N09,E567,E722,False
N09,E568,E606,False
N09,E568,E703,False
N09,E568,E711,False
N09,E568,E761,True
N09,E568,E780,False
N09,E569,E723,False
N09,E570,E684,False
N09,E571,E622,False
N09,E571,E701,False
N09,E572,E604,True
N09,E572,E630,True
N09,E572,E754,True
N09,E573,E653,False
N09,E573,E691,False
N09,E573,E694,True
N09,E573,E718,False
N09,E573,E766,False
N09,E573,E786,False
N09,E574,E645,True
N09,E574,E661,True
N09,E574,E687,False
N09,E574,E762,True
N09,E574,E768,False
N09,E575,E694,False
N09,E575,E697,False
N09,E576,E602,False
N09,E576,E781,False
N09,E576,E784,False
N09,E576,E795,False
N09,E577,E650,False
N09,E577,E663,False
N09,E577,E676,True
N09,E577,E713,False
N09,E577,E742,False
N09,E578,E618,False
N09,E578,E711,False
N09,E578,E724,False
N09,E578,E731,False
N09,E579,E712,False
N09,E580,E775,True
N09,E580,E791,True
N09,E581,E746,True
N09,E582,E630,False
N09,E582,E733,False
N09,E583,E680,True
N09,E583,E706,False
N09,E583,E738,False
N09,E583,E764,True
N09,E584,E666,False
N09,E584,E741,False
N09,E585,E607,False
N09,E585,E650,True
N09,E585,E698,False
N09,E585,E729,True
N09,E586,E602,False
N09,E586,E732,True
N09,E586,E775,False
N09,E588,E720,False
N09,E588,E753,False
N09,E588,E779,False
N09,E589,E795,True
N09,E590,E603,True
N09,E590,E670,False
N09,E590,E756,False
N09,E591,E733,True
N09,E592,E603,False
N09,E592,E642,False
N09,E592,E690,False
N09,E592,E693,False
N09,E592,E695,False
N09,E592,E796,False
N09,E593,E602,True
N09,E593,E636,False
N09,E593,E663,False
N09,E593,E745,False
N09,E593,E779,False
N09,E593,E780,False
N09,E594,E635,True
N09,E594,E668,False
N09,E594,E788,False
N09,E595,E629,True
N09,E595,E641,True
N09,E595,E773,False
N09,E595,E792,False
N09,E596,E660,False
N09,E596,E741,False
N09,E596,E746,False
N09,E596,E766,True
N09,E597,E654,False
N09,E597,E658,False
N09,E598,E628,False
N09,E598,E699,True
N09,E598,E721,False
N09,E598,E724,True
N09,E598,E731,False
N09,E598,E771,False
N09,E598,E795,False
N09,E599,E686,True
N09,E599,E718,True
N09,E599,E779,True
N09,E600,E801,False
N09,E600,E812,False
N09,E600,E815,False
N09,E600,E852,False
N09,E600,E945,False
N09,E601,E803,False
N09,E601,E828,False
N09,E601,E857,False
N09,E601,E880,False
N09,E601,E891,False
N09,E601,E919,False
N09,E601,E944,False
N09,E601,E998,True
N09,E602,E833,True
N09,E602,E840,False
N09,E602,E939,False
N09,E602,E988,False
N09,E603,E864,False
N09,E603,E978,False
N09,E603,E984,False
N09,E604,E888,True
N09,E604,E928,False
N09,E604,E937,True
N09,E604,E972,False
N09,E605,E848,False
N09,E605,E865,True
N09,E605,E890,True
N09,E606,E824,False
N09,E606,E870,False
N09,E607,E817,True
N09,E607,E824,True
N09,E607,E868,False
N09,E607,E900,False
N09,E608,E882,False
N09,E608,E933,False
N09,E608,E967,False
N09,E610,E812,False
N09,E610,E926,True
N09,E611,E847,False
N09,E611,E975,False
N09,E612,E986,True
N09,E612,E987,True
N09,E613,E849,False
N09,E613,E856,False
N09,E613,E925,False
N09,E614,E805,False
N09,E614,E899,False
N09,E614,E967,False
N09,E615,E817,False
N09,E615,E870,False
N09,E615,E886,False
N09,E615,E903,True
N09,E616,E824,False
N09,E616,E847,False
N09,E617,E804,False
N09,E617,E832,False
N09,E617,E833,False
N09,E617,E928,True
N09,E617,E933,False
N09,E618,E820,False
N09,E618,E843,False
N09,E619,E813,False
N09,E619,E853,False
N09,E619,E856,True
N09,E619,E879,False
N09,E619,E880,False
N09,E619,E982,True
N09,E620,E922,False
N09,E621,E948,False
N09,E622,E850,False
N09,E622,E965,False
N09,E622,E974,True
N09,E622,E993,False
N09,E623,E875,True
N09,E623,E967,False
N09,E624,E829,False
N09,E624,E908,False
N09,E625,E842,False
N09,E625,E888,False
N09,E625,E949,False
N09,E625,E976,False
N09,E625,E992,False
N09,E626,E816,False
N09,E627,E830,False
N09,E627,E983,True
N09,E627,E985,True
N09,E628,E864,True
N09,E629,E880,True
N09,E629,E996,False
N09,E630,E832,True
N09,E630,E903,False
N09,E631,E854,False
N09,E631,E919,True
N09,E631,E980,True
N09,E632,E841,False
N09,E632,E909,False
N09,E632,E931,False
N09,E632,E952,False
N09,E633,E873,False
N09,E633,E952,True
N09,E633,E978,True
N09,E634,E902,False
N09,E635,E815,True
N09,E635,E881,True
N09,E635,E979,True
N09,E636,E820,True
N09,E636,E866,True
N09,E636,E887,True
N09,E636,E921,True
N09,E637,E834,False
N09,E637,E879,True
N09,E637,E907,True
N09,E638,E923,False
N09,E639,E822,True
N09,E639,E932,False
N09,E640,E812,False
N09,E640,E825,True
N09,E640,E836,False
N09,E640,E936,True
N09,E641,E948,False
N09,E641,E958,False
N09,E642,E808,True
N09,E642,E861,False
N09,E642,E977,False
N09,E643,E812,True
N09,E643,E868,True
N09,E643,E987,False
N09,E644,E806,True
N09,E644,E842,False
N09,E644,E865,False
N09,E645,E824,False
N09,E645,E987,False
N09,E646,E863,True
N09,E646,E866,False
N09,E646,E929,True
N09,E647,E852,True
N09,E647,E921,False
N09,E648,E827,False
N09,E648,E830,False
N09,E648,E838,True
N09,E648,E890,False
N09,E648,E925,False
N09,E649,E810,False
N09,E649,E826,True
N09,E649,E839,False
N09,E649,E878,False
N09,E649,E941,True
N09,E650,E840,True
N09,E650,E851,False
N09,E650,E934,False
N09,E650,E981,False
N09,E650,E989,False
N09,E651,E874,True
N09,E651,E968,False
N09,E652,E809,False
N09,E652,E858,True
N09,E652,E894,True
N09,E652,E945,False
N09,E653,E802,False
N09,E653,E840,False
N09,E653,E861,False
N09,E654,E830,False
N09,E654,E839,False
N09,E654,E873,False
N09,E654,E910,True
N09,E654,E935,False
N09,E654,E966,True
N09,E654,E977,False
N09,E655,E889,False
N09,E656,E916,False
N09,E656,E938,False
N09,E656,E970,False
N09,E656,E979,False
N09,E657,E834,False
N09,E657,E854,False
N09,E657,E888,False
N09,E657,E954,False
N09,E658,E871,True
N09,E659,E887,False
N09,E659,E896,True
N09,E659,E939,False
N09,E659,E964,False
N09,E660,E801,False
N09,E660,E894,False
N09,E660,E968,True
N09,E662,E845,False
N09,E663,E811,False
N09,E663,E831,True
N09,E663,E853,True
N09,E663,E911,False
N09,E664,E826,False
N09,E664,E940,True
N09,E664,E995,False
N09,E664,E998,False
N09,E665,E819,True
N09,E665,E838,False
N09,E665,E847,False
N09,E665,E879,False
N09,E665,E883,False
N09,E665,E932,True
N09,E666,E805,True
N09,E666,E813,False
N09,E666,E845,True
N09,E666,E876,True
N09,E667,E822,False
N09,E667,E912,True
N09,E667,E971,False
N09,E668,E820,False
N09,E668,E889,True
N09,E668,E960,True
N09,E669,E947,True
N09,E669,E982,False
N09,E670,E903,False
N09,E671,E851,True
N09,E671,E872,False
N09,E671,E939,True
N09,E672,E857,False
N09,E672,E995,True
N09,E673,E849,True
N09,E673,E927,False
N09,E674,E818,False
N09,E674,E832,False
N09,E674,E989,True
N09,E675,E871,False
N09,E675,E938,False
N09,E676,E948,False
N09,E676,E950,False
N09,E676,E975,True
N09,E677,E804,True
N09,E677,E868,False
N09,E677,E915,False
N09,E678,E849,False
N09,E678,E876,False
N09,E678,E897,False
N09,E678,E969,True
N09,E678,E974,False
N09,E679,E894,False
N09,E679,E956,False
N09,E679,E966,False
N09,E679,E989,False
N09,E680,E905,False
N09,E681,E862,True
N09,E681,E949,True
N09,E681,E987,False
N09,E682,E861,False
N09,E682,E914,False
N09,E684,E973,False
N09,E685,E831,False
N09,E685,E938,True
N09,E685,E970,True
N09,E686,E861,True
N09,E686,E988,False
N09,E687,E870,True
N09,E687,E906,True
N09,E687,E985,False
N09,E688,E897,False
N09,E688,E914,True
N09,E688,E926,False
N09,E688,E976,False
N09,E688,E991,True
N09,E689,E847,True
N09,E689,E867,True
N09,E689,E891,False
N09,E689,E942,False
N09,E690,E800,False
N09,E690,E804,False
N09,E690,E878,False
N09,E690,E960,False
N09,E690,E968,False
N09,E691,E969,False
N09,E693,E817,False
N09,E693,E825,False
N09,E693,E881,False
N09,E693,E957,True
N09,E693,E984,True
N09,E694,E829,True
N09,E694,E832,False
N09,E694,E836,False
N09,E694,E857,True
N09,E694,E907,False
N09,E694,E919,False
N09,E694,E930,True
N09,E694,E961,False
N09,E694,E995,False
N09,E695,E827,False
N09,E695,E830,True
N09,E695,E895,True
N09,E695,E998,False
N09,E696,E842,True
N09,E696,E900,True
N09,E696,E934,False
N09,E696,E980,False
N09,E697,E864,False
N09,E697,E893,False
N09,E698,E872,False
N09,E699,E801,True
N09,E699,E956,False
N09,E699,E963,False
N09,E700,E883,False
N09,E700,E885,False
N09,E701,E888,False
N09,E702,E810,False
N09,E702,E894,False
N09,E702,E915,False
N09,E702,E960,False
N09,E702,E962,True
N09,E702,E991,False
N09,E703,E819,False
N09,E703,E833,False
N09,E703,E901,True
N09,E704,E911,False
N09,E705,E857,False
N09,E705,E885,False
N09,E706,E816,True
N09,E706,E874,False
N09,E706,E878,False
N09,E706,E937,False
N09,E707,E835,True
N09,E707,E971,True
N09,E707,E972,True
N09,E708,E917,False
N09,E709,E931,False
N09,E709,E974,False
N09,E710,E800,True
N09,E710,E912,False
N09,E710,E962,False
N09,E710,E977,True
N09,E710,E994,False
N09,E711,E875,False
N09,E711,E922,True
N09,E711,E943,False
N09,E712,E897,False
N09,E712,E913,False
N09,E713,E827,True
N09,E713,E859,True
N09,E714,E892,False
N09,E714,E917,True
N09,E714,E949,False
N09,E714,E994,False
N09,E715,E850,True
N09,E715,E859,False
N09,E715,E889,False
N09,E715,E896,False
N09,E715,E923,False
N09,E715,E993,False
N09,E717,E895,False
N09,E717,E902,True
N09,E717,E911,False
N09,E718,E862,False
N09,E718,E962,False
N09,E719,E853,False
N09,E719,E926,False
N09,E719,E951,False
N09,E719,E957,False
N09,E719,E963,True
N09,E719,E997,True
N09,E720,E844,False
N09,E720,E886,False
N09,E721,E834,False
N09,E721,E874,False
N09,E721,E906,False
N09,E721,E935,False
N09,E722,E835,False
N09,E722,E836,True
N09,E722,E959,False
N09,E722,E972,False
N09,E725,E842,False
N09,E725,E908,False
N09,E725,E992,False
N09,E726,E952,False
N09,E727,E854,True
N09,E727,E908,False
N09,E727,E950,True
N09,E727,E968,False
N09,E728,E883,False
N09,E728,E956,False
N09,E728,E997,False
N09,E729,E846,False
N09,E729,E855,True
N09,E729,E973,True
N09,E729,E976,False
N09,E730,E828,True
N09,E730,E851,False
N09,E730,E862,False
N09,E730,E897,True
N09,E730,E920,False
N09,E730,E933,True
N09,E730,E993,True
N09,E731,E831,False
N09,E731,E883,True
N09,E732,E806,False
N09,E732,E807,True
N09,E732,E893,False
N09,E732,E918,True
N09,E733,E809,False
N09,E733,E818,False
N09,E733,E843,False
N09,E733,E931,True
N09,E733,E941,False
N09,E733,E986,False
N09,E734,E814,False
N09,E734,E815,False
N09,E734,E886,False
N09,E734,E899,False
N09,E734,E942,False
N09,E735,E877,False
N09,E735,E886,True
N09,E735,E887,False
N09,E735,E916,True
N09,E735,E943,True
N09,E735,E957,False
N09,E736,E892,True
N09,E736,E927,False
N09,E736,E929,False
N09,E737,E813,False
N09,E737,E934,False
N09,E737,E997,False
N09,E738,E885,False
N09,E738,E948,True
N09,E739,E878,True
N09,E739,E942,False
N09,E739,E946,False
N09,E739,E965,True
N09,E740,E811,True
N09,E740,E860,True
N09,E740,E915,False
N09,E740,E954,True
N09,E741,E915,True
N09,E741,E980,False
N09,E743,E911,True
N09,E743,E973,False
N09,E743,E981,True
N09,E743,E996,True
N09,E744,E892,False
N09,E744,E898,False
N09,E745,E806,False
N09,E745,E829,False
N09,E745,E901,False
N09,E745,E922,False
N09,E746,E800,False
N09,E746,E893,True
N09,E746,E918,False
N09,E746,E965,False
N09,E747,E818,True
N09,E747,E924,True
N09,E747,E928,False
N09,E748,E904,True
N09,E748,E934,True
N09,E748,E954,False
N09,E749,E822,False
N09,E749,E841,True
N09,E750,E918,False
N09,E750,E961,True
N09,E750,E995,False
N09,E751,E848,False
N09,E751,E924,False
N09,E751,E936,False
N09,E751,E964,True
N09,E752,E922,False
N09,E753,E884,True
N09,E753,E885,True
N09,E753,E940,False
N09,E754,E803,True
N09,E754,E852,False
N09,E754,E992,False
N09,E755,E809,True
N09,E755,E905,False
N09,E755,E947,False
N09,E756,E851,False
N09,E756,E881,False
N09,E756,E909,True
N09,E756,E951,False
N09,E757,E914,False
N09,E758,E811,False
N09,E759,E953,False
N09,E759,E988,True
N09,E760,E810,True
N09,E760,E841,False
N09,E760,E927,False
N09,E760,E971,False
N09,E760,E981,False
N09,E761,E930,False
N09,E762,E844,False
N09,E762,E999,True
N09,E763,E827,False
N09,E763,E839,True
N09,E763,E866,False
N09,E763,E944,True
N09,E763,E946,True
N09,E763,E998,False
N09,E764,E863,False
N09,E764,E909,False
N09,E764,E954,False
N09,E764,E959,True
N09,E765,E836,False
N09,E766,E837,True
N09,E766,E867,False
N09,E766,E908,True
N09,E766,E927,True
N09,E767,E807,False
N09,E767,E891,True
N09,E767,E926,False
N09,E767,E999,False
N09,E768,E821,False
N09,E768,E899,True
N09,E769,E834,True
N09,E769,E840,False
N09,E769,E848,True
N09,E769,E900,False
N09,E769,E910,False
N09,E769,E944,False
N09,E770,E951,True
N09,E771,E906,False
N09,E772,E958,True
N09,E772,E994,True
N09,E773,E807,False
N09,E773,E889,False
N09,E773,E921,False
N09,E773,E964,False
N09,E773,E990,False
N09,E774,E853,False
N09,E774,E909,False
N09,E775,E814,True
N09,E775,E898,True
N09,E775,E933,False
N09,E775,E945,True
N09,E775,E978,False
N09,E776,E862,False
N09,E776,E872,True
N09,E776,E873,True
N09,E776,E920,True
N09,E776,E955,True
N09,E777,E913,True
N09,E777,E984,False
N09,E778,E803,False
N09,E778,E813,True
N09,E778,E823,False
N09,E778,E829,False
N09,E778,E844,True
N09,E778,E953,True
N09,E779,E828,False
N09,E779,E869,False
N09,E779,E942,True
N09,E780,E837,False
N09,E780,E864,False
N09,E781,E817,False
N09,E781,E835,False
N09,E781,E858,False
N09,E781,E992,True
N09,E782,E808,False
N09,E782,E890,False
N09,E782,E892,False
N09,E782,E896,False
N09,E782,E967,True
N09,E782,E976,True
N09,E783,E925,True
N09,E786,E877,True
N09,E786,E936,False
N09,E787,E935,False
N09,E788,E860,False
N09,E788,E935,True
N09,E788,E938,False
N09,E788,E959,False
N09,E789,E872,False
N09,E789,E905,True
N09,E790,E893,False
N09,E790,E906,False
N09,E791,E823,True
N09,E791,E869,True
N09,E791,E884,False
N09,E791,E904,False
N09,E791,E944,False
N09,E791,E958,False
N09,E792,E955,False
N09,E794,E802,True
N09,E794,E855,False
N09,E794,E880,False
N09,E794,E903,False
N09,E794,E990,True
N09,E796,E821,True
N09,E796,E843,True
N09,E796,E899,False
N09,E797,E923,True
N09,E797,E956,True
N09,E797,E971,False
N09,E798,E846,True
N09,E798,E947,False
N09,E798,E983,False
N09,E798,E990,False
N09,E799,E852,False
N09,E799,E882,True
N10,E000,E303,False
N10,E001,E325,True
N10,E001,E328,True
N10,E001,E329,False
N10,E002,E222,False
N10,E002,E318,False
N10,E003,E200,False
N10,E003,E209,False
N10,E003,E273,False
N10,E003,E317,True
N10,E003,E331,False
N10,E004,E214,False
N10,E004,E222,True
N10,E004,E261,False
N10,E004,E264,True
N10,E004,E338,False
N10,E005,E264,False
N10,E005,E288,False
N10,E005,E381,False
N10,E006,E228,False
N10,E006,E280,False
N10,E007,E219,True
N10,E008,E204,False
N10,E008,E218,False
N10,E008,E254,False
N10,E008,E279,True
N10,E008,E313,True
N10,E008,E323,False
N10,E008,E342,False
N10,E008,E385,False
N10,E009,E241,False
N10,E009,E344,False
N10,E009,E357,False
N10,E010,E248,False
N10,E010,E314,False
N10,E010,E344,False
N10,E011,E252,True
N10,E011,E267,False
N10,E011,E275,False
N10,E011,E283,True
N10,E011,E305,True
N10,E011,E314,False
N10,E012,E327,False
N10,E013,E239,False
N10,E013,E294,False
N10,E013,E387,False
N10,E014,E237,False
N10,E014,E321,False
N10,E015,E322,True
N10,E015,E392,False
N10,E016,E222,False
N10,E016,E234,False
N10,E016,E255,False
N10,E017,E230,True
N10,E017,E267,False
N10,E018,E336,False
N10,E018,E348,False
N10,E018,E355,True
N10,E019,E201,False
N10,E019,E206,False
N10,E019,E278,False
N10,E020,E238,False
N10,E020,E302,False
N10,E020,E313,False
N10,E020,E316,False
N10,E020,E330,False
N10,E020,E374,False
N10,E021,E251,False
N10,E021,E356,True
N10,E021,E386,True
N10,E022,E204,False
N10,E022,E391,True
N10,E023,E252,False
N10,E023,E254,False
N10,E023,E326,True
N10,E024,E263,True
N10,E024,E276,True
N10,E024,E319,False
N10,E024,E392,True
N10,E025,E208,False
N10,E025,E384,False
N10,E026,E226,False
N10,E027,E265,False
N10,E027,E335,True
N10,E028,E260,False
N10,E028,E311,False
N10,E028,E379,True
N10,E029,E261,False
N10,E029,E283,False
N10,E030,E217,True
N10,E030,E284,False
N10,E031,E353,True
N10,E031,E373,True
N10,E032,E291,False
N10,E033,E220,False
N10,E033,E251,False
N10,E033,E359,True
N10,E033,E393,False
N10,E033,E397,True
N10,E034,E286,True
N10,E034,E289,True
N10,E034,E350,True
N10,E035,E211,False
N10,E035,E220,False
N10,E035,E230,False
N10,E035,E257,False
N10,E035,E309,False
N10,E035,E314,True
N10,E035,E369,False
N10,E035,E377,False
N10,E035,E397,False
N10,E036,E227,False
N10,E036,E253,True
N10,E037,E207,True
N10,E037,E251,True
N10,E037,E258,True
N10,E037,E298,False
N10,E038,E250,True
N10,E038,E300,False
N10,E039,E230,False
N10,E039,E284,False
N10,E039,E340,False
N10,E040,E329,False
N10,E041,E271,False
N10,E041,E350,False
N10,E042,E202,False
N10,E042,E206,True
N10,E042,E302,True
N10,E042,E362,True
N10,E042,E388,False
N10,E043,E214,False
N10,E043,E262,True
N10,E043,E269,True
N10,E043,E355,False
N10,E044,E239,True
N10,E044,E327,False
N10,E045,E244,True
N10,E045,E344,True
N10,E045,E375,False
N10,E046,E231,False
N10,E046,E399,True
N10,E047,E237,True
N10,E047,E292,True
N10,E048,E219,False
N10,E048,E351,False
N10,E049,E273,True
N10,E049,E293,True
N10,E050,E205,False
N10,E050,E224,False
N10,E051,E304,True
N10,E051,E360,False
N10,E052,E202,True
N10,E052,E254,True
N10,E052,E332,False
N10,E052,E335,False
N10,E052,E377,False
N10,E053,E244,False
N10,E054,E203,False
N10,E054,E225,True
N10,E054,E292,False
N10,E054,E367,False
N10,E054,E374,False
N10,E055,E213,False
N10,E055,E216,False
N10,E055,E248,False
N10,E055,E346,False
N10,E055,E384,False
N10,E055,E387,False
N10,E055,E395,False
N10,E056,E216,True
N10,E056,E252,False
N10,E056,E345,False
N10,E057,E232,False
N10,E057,E378,True
N10,E058,E258,False
N10,E058,E396,True
N10,E059,E266,True
N10,E059,E288,False
N10,E059,E360,True
N10,E060,E323,False
N10,E060,E356,False
N10,E060,E393,True
N10,E061,E327,True
N10,E061,E347,False
N10,E061,E367,True
N10,E061,E385,False
N10,E061,E386,False
N10,E062,E278,False
N10,E062,E294,True
N10,E062,E324,False
N10,E062,E377,False
N10,E064,E284,True
N10,E064,E349,True
N10,E065,E215,True
N10,E065,E280,False
N10,E065,E319,False
N10,E065,E387,False
N10,E065,E390,True
N10,E066,E269,False
N10,E066,E301,False
N10,E066,E310,True
N10,E066,E357,True
N10,E066,E358,False
N10,E066,E381,False
N10,E067,E227,True
N10,E067,E233,False
N10,E068,E216,False
N10,E068,E219,False
N10,E069,E227,False
N10,E069,E234,False
N10,E069,E260,True
N10,E069,E289,False
N10,E069,E334,False
N10,E069,E341,True
N10,E070,E226,False
N10,E070,E323,True
N10,E071,E261,True
N10,E071,E262,False
N10,E071,E391,False
N10,E071,E398,False
N10,E072,E264,False
N10,E072,E266,False
N10,E072,E274,False
N10,E072,E343,True
N10,E072,E374,True
N10,E072,E380,False
N10,E073,E285,False
N10,E073,E399,False
N10,E074,E282,False
N10,E074,E316,False
N10,E074,E327,False
N10,E074,E396,False
N10,E075,E229,False
N10,E075,E265,True
N10,E075,E286,False
N10,E075,E295,False
N10,E075,E351,False
N10,E076,E215,False
N10,E076,E224,False
N10,E077,E243,True
N10,E077,E269,False
N10,E077,E316,False
N10,E078,E275,True
N10,E078,E311,False
N10,E078,E312,True
N10,E078,E315,False
N10,E078,E360,False
N10,E079,E204,True
N10,E079,E357,False
N10,E080,E219,False
N10,E080,E220,True
N10,E080,E221,False
N10,E080,E306,True
N10,E080,E324,True
N10,E080,E386,False
N10,E081,E238,True
N10,E081,E295,True
N10,E082,E229,False
N10,E082,E311,True
N10,E083,E231,False
N10,E083,E320,False
N10,E083,E372,True
N10,E084,E246,False
N10,E084,E260,False
N10,E084,E376,False
N10,E085,E300,False
N10,E085,E398,False
N10,E086,E208,False
N10,E086,E217,False
N10,E086,E293,False
N10,E087,E221,False
N10,E087,E352,False
N10,E087,E358,False
N10,E087,E365,False
N10,E088,E234,True
N10,E088,E306,False
N10,E088,E321,False
N10,E088,E346,False
N10,E089,E303,False
N10,E089,E398,False
N10,E090,E221,True
N10,E090,E301,False
N10,E091,E282,True
N10,E091,E317,False
N10,E091,E384,True
N10,E092,E223,True
N10,E093,E268,True
N10,E093,E332,True
N10,E093,E349,False
N10,E093,E370,False
N10,E094,E227,False
N10,E094,E277,False
N10,E094,E286,False
N10,E094,E325,False
N10,E094,E332,False
N10,E094,E339,False
N10,E094,E375,False
N10,E095,E217,False
N10,E095,E385,True
N10,E096,E281,False
N10,E096,E325,False
N10,E096,E348,False
N10,E096,E393,False
N10,E097,E255,False
N10,E097,E369,False
N10,E098,E271,True
N10,E098,E293,False
N10,E099,E281,False
N10,E100,E233,True
N10,E100,E291,True
N10,E103,E231,False
N10,E103,E232,False
N10,E103,E342,False
N10,E103,E371,False
N10,E103,E398,True
N10,E104,E255,True
N10,E104,E345,True
N10,E104,E364,False
N10,E105,E287,False
N10,E105,E331,False
N10,E105,E337,False
N10,E105,E347,False
N10,E107,E246,True
N10,E107,E291,False
N10,E107,E330,True
N10,E108,E214,True
N10,E108,E267,True
N10,E108,E268,False
N10,E108,E276,False
N10,E108,E319,False
N10,E109,E218,True
N10,E110,E300,False
N10,E110,E307,False
N10,E110,E354,False
N10,E111,E235,True
N10,E111,E315,True
N10,E111,E337,True
N10,E112,E347,True
N10,E112,E376,False
N10,E113,E218,False
N10,E113,E296,False
N10,E113,E339,True
N10,E113,E354,False
N10,E113,E361,False
N10,E113,E362,False
N10,E114,E277,True
N10,E114,E287,True
N10,E114,E326,False
N10,E114,E353,False
N10,E115,E223,False
N10,E115,E311,False
N10,E115,E322,False
N10,E115,E369,True
N10,E115,E383,False
N10,E116,E238,False
N10,E116,E314,False
N10,E116,E368,True
N10,E117,E213,False
N10,E117,E215,False
N10,E117,E283,False
N10,E117,E323,False
N10,E117,E379,False
N10,E117,E399,False
N10,E118,E257,True
N10,E118,E290,False
N10,E118,E305,False
N10,E118,E340,False
N10,E118,E352,False
N10,E118,E373,False
N10,E118,E382,True
N10,E120,E244,False
N10,E120,E320,False
N10,E120,E329,False
N10,E120,E373,False
N10,E121,E286,False
N10,E121,E320,True
N10,E121,E346,False
N10,E122,E202,False
N10,E123,E333,False
N10,E123,E350,False
N10,E123,E388,True
N10,E124,E340,True
N10,E125,E236,False
N10,E125,E240,True
N10,E125,E288,False
N10,E125,E308,False
N10,E125,E366,False
N10,E126,E206,False
N10,E126,E240,False
N10,E127,E267,False
N10,E127,E312,False
N10,E128,E202,False
N10,E128,E254,False
N10,E128,E290,True
N10,E128,E373,False
N10,E129,E224,True
N10,E129,E278,False
N10,E129,E347,False
N10,E130,E207,False
N10,E130,E209,False
N10,E130,E245,False
N10,E130,E358,True
N10,E130,E379,False
N10,E131,E209,True
N10,E131,E247,True
N10,E132,E259,True
N10,E132,E272,True
N10,E132,E328,False
N10,E132,E340,False
N10,E133,E376,False
N10,E134,E281,True
N10,E134,E290,False
N10,E134,E296,False
N10,E134,E364,True
N10,E134,E388,False
N10,E135,E226,False
N10,E135,E295,False
N10,E135,E383,True
N10,E136,E235,False
N10,E136,E241,True
N10,E136,E271,False
N10,E136,E274,False
N10,E136,E318,False
N10,E136,E346,True
N10,E137,E239,False
N10,E137,E343,False
N10,E137,E375,True
N10,E138,E225,False
N10,E138,E239,False
N10,E139,E228,False
N10,E139,E247,False
N10,E139,E296,False
N10,E139,E389,False
N10,E140,E259,False
N10,E140,E299,False
N10,E141,E300,True
N10,E141,E310,False
N10,E142,E201,True
N10,E142,E243,False
N10,E142,E258,False
N10,E142,E328,False
N10,E142,E393,False
N10,E144,E226,True
N10,E145,E242,False
N10,E145,E352,True
N10,E146,E200,True
N10,E146,E208,False
N10,E146,E252,False
N10,E147,E370,False
N10,E147,E378,False
N10,E148,E288,True
N10,E148,E358,False
N10,E148,E389,False
N10,E149,E242,True
N10,E149,E301,True
N10,E149,E306,False
N10,E149,E307,True
N10,E149,E342,True
N10,E149,E345,False
N10,E150,E331,True
N10,E150,E333,True
N10,E150,E348,False
N10,E150,E362,False
N10,E150,E367,False
N10,E150,E377,True
N10,E151,E229,True
N10,E151,E280,False
N10,E151,E306,False
N10,E151,E341,False
N10,E151,E343,False
N10,E151,E395,True
N10,E152,E210,False
N10,E152,E256,False
N10,E152,E280,True
N10,E152,E309,False
N10,E152,E338,False
N10,E153,E276,False
N10,E154,E232,False
N10,E154,E249,False
N10,E154,E364,False
N10,E154,E366,True
N10,E154,E370,True
N10,E154,E380,True
N10,E154,E396,False
N10,E155,E232,True
N10,E156,E245,False
N10,E156,E390,False
N10,E157,E354,False
N10,E157,E359,False
N10,E158,E297,False
N10,E158,E354,True
N10,E158,E394,True
N10,E159,E210,True
N10,E159,E231,True
N10,E159,E236,True
N10,E159,E334,True
N10,E159,E383,False
N10,E160,E211,False
N10,E161,E253,False
N10,E161,E292,False
N10,E162,E332,False
N10,E162,E360,False
N10,E163,E261,False
N10,E164,E348,True
N10,E165,E299,True
N10,E165,E351,True
N10,E165,E378,False
N10,E166,E249,True
N10,E166,E273,False
N10,E167,E368,False
N10,E168,E213,True
N10,E168,E264,False
N10,E168,E302,False
N10,E168,E361,True
N10,E169,E240,False
N10,E169,E272,False
N10,E170,E279,False
N10,E170,E309,True
N10,E171,E370,False
N10,E172,E206,False
N10,E172,E387,True
N10,E173,E294,False
N10,E173,E310,False
N10,E173,E363,False
N10,E174,E211,True
N10,E174,E297,True
N10,E174,E335,False
N10,E174,E338,True
N10,E174,E381,True
N10,E174,E382,False
N10,E175,E270,False
N10,E175,E293,False
N10,E175,E296,True
N10,E175,E334,False
N10,E175,E372,False
N10,E176,E208,True
N10,E176,E221,False
N10,E176,E256,True
N10,E176,E367,False
N10,E177,E212,False
N10,E177,E222,False
N10,E177,E242,False
N10,E177,E244,False
N10,E177,E245,False
N10,E177,E263,False
N10,E177,E349,False
N10,E178,E248,True
N10,E178,E321,True
N10,E178,E376,True
N10,E179,E212,True
N10,E179,E336,True
N10,E180,E241,False
N10,E183,E245,True
N10,E183,E270,False
N10,E183,E283,False
N10,E183,E308,True
N10,E183,E365,True
N10,E183,E389,True
N10,E184,E301,False
N10,E184,E331,False
N10,E185,E320,False
N10,E185,E386,False
N10,E186,E279,False
N10,E186,E319,True
N10,E186,E339,False
N10,E187,E205,True
N10,E187,E274,True
N10,E187,E303,True
N10,E187,E368,False
N10,E188,E325,False
N10,E189,E201,False
N10,E189,E203,True
N10,E189,E337,False
N10,E189,E380,False
N10,E189,E383,False
N10,E190,E250,False
N10,E190,E298,True
N10,E190,E385,False
N10,E190,E394,False
N10,E191,E278,True
N10,E191,E371,True
N10,E193,E247,False
N10,E193,E308,False
N10,E193,E381,False
N10,E194,E270,True
N10,E194,E285,True
N10,E195,E298,False
N10,E195,E304,False
N10,E195,E316,True
N10,E195,E318,True
N10,E195,E363,True
N10,E196,E228,True
N10,E196,E330,False
N10,E198,E213,False
N10,E198,E220,False
N10,E198,E329,True
N10,E198,E380,False
N10,E199,E251,False
N10,E199,E302,False
N10,E199,E341,False
N10,E200,E420,False
N10,E200,E421,False
N10,E200,E443,False
N10,E200,E513,False
N10,E200,E565,False
N10,E201,E510,True
N10,E201,E584,True
N10,E202,E508,False
N10,E202,E544,True
N10,E203,E423,True
N10,E203,E429,False
N10,E203,E457,True
N10,E203,E498,True
N10,E203,E582,True
N10,E204,E463,False
N10,E204,E495,True
N10,E204,E529,True
N10,E204,E540,False
N10,E204,E557,False
N10,E205,E418,False
N10,E205,E438,True
N10,E205,E527,True
N10,E205,E590,True
N10,E206,E410,False
N10,E207,E435,False
N10,E207,E444,False
N10,E207,E460,False
N10,E207,E542,False
N10,E208,E456,False
N10,E209,E446,True
N10,E209,E528,True
N10,E209,E556,False
N10,E210,E430,False
N10,E210,E471,False
N10,E210,E499,False
N10,E210,E547,False
N10,E211,E587,False
N10,E211,E589,False
N10,E212,E432,False
N10,E212,E457,False
N10,E212,E476,False
N10,E212,E478,False
N10,E212,E540,True
N10,E212,E567,True
N10,E213,E432,False
N10,E213,E484,False
N10,E214,E507,False
N10,E214,E518,False
N10,E214,E525,True
N10,E214,E581,True
N10,E215,E436,False
N10,E216,E451,True
N10,E216,E515,False
N10,E216,E556,False
N10,E216,E569,True
N10,E216,E580,True
N10,E217,E462,True
N10,E217,E501,True
N10,E217,E539,True
N10,E217,E566,False
N10,E219,E450,True
N10,E219,E467,False
N10,E219,E491,False
N10,E219,E547,False
N10,E219,E584,False
N10,E220,E479,True
N10,E220,E483,False
N10,E221,E470,True
N10,E221,E480,True
N10,E221,E512,True
N10,E222,E443,False
N10,E222,E496,False
N10,E222,E570,True
N10,E222,E597,False
N10,E223,E435,True
N10,E223,E509,False
N10,E224,E579,False
N10,E225,E576,False
N10,E225,E588,False
N10,E226,E448,False
N10,E226,E533,False
N10,E227,E455,False
N10,E227,E530,False
N10,E228,E428,True
N10,E228,E437,True
N10,E228,E449,True
N10,E228,E544,False
N10,E229,E445,False
N10,E229,E467,True
N10,E229,E472,False
N10,E229,E592,False
N10,E230,E583,False
N10,E231,E553,False
N10,E231,E567,False
N10,E232,E408,False
N10,E232,E462,False
N10,E232,E539,False
N10,E232,E551,False
N10,E232,E583,True
N10,E233,E401,False
N10,E233,E475,False
N10,E233,E547,True
N10,E234,E468,False
N10,E234,E485,False
N10,E234,E557,True
N10,E234,E563,False
N10,E235,E427,True
N10,E235,E445,True
N10,E235,E524,False
N10,E235,E565,True
N10,E236,E471,False
N10,E236,E520,False
N10,E236,E558,False
N10,E236,E574,False
N10,E237,E411,False
N10,E237,E415,False
N10,E238,E414,True
N10,E238,E436,True
N10,E238,E460,False
N10,E238,E469,True
N10,E238,E585,True
N10,E239,E494,True
N10,E239,E514,False
N10,E239,E549,True
N10,E239,E559,False
N10,E239,E561,False
N10,E239,E569,False
N10,E240,E443,False
N10,E241,E447,True
N10,E241,E452,True
N10,E241,E515,False
N10,E241,E558,True
N10,E241,E575,False
N10,E241,E586,True
N10,E242,E419,True
N10,E242,E424,True
N10,E242,E427,False
N10,E242,E441,True
N10,E242,E505,False
N10,E242,E521,False
N10,E242,E548,True
N10,E243,E411,True
N10,E243,E444,False
N10,E243,E474,True
N10,E243,E537,False
N10,E243,E595,False
N10,E244,E441,False
N10,E244,E551,False
N10,E245,E431,True
N10,E245,E439,True
N10,E246,E468,False
N10,E246,E578,False
N10,E248,E408,False
N10,E249,E544,False
N10,E250,E406,False
N10,E250,E414,False
N10,E250,E473,False
N10,E250,E500,False
N10,E250,E545,True
N10,E250,E547,False
N10,E251,E400,True
N10,E251,E575,False
N10,E251,E594,False
N10,E252,E461,False
N10,E252,E470,False
N10,E253,E405,False
N10,E253,E485,True
N10,E253,E533,False
N10,E253,E576,True
N10,E254,E467,False
N10,E254,E523,False
N10,E254,E538,False
N10,E254,E563,True
N10,E254,E574,False
N10,E254,E588,False
N10,E255,E526,False
N10,E255,E536,False
N10,E255,E590,False
N10,E256,E405,False
N10,E256,E440,False
N10,E256,E454,False
N10,E256,E497,False
N10,E256,E543,True
N10,E257,E441,False
N10,E257,E575,True
N10,E258,E552,False
N10,E258,E566,True
N10,E259,E454,False
N10,E259,E489,False
N10,E259,E508,True
N10,E259,E519,False
N10,E259,E520,False
N10,E259,E527,False
N10,E259,E554,True
N10,E260,E486,True
N10,E260,E553,True
N10,E260,E577,True
N10,E261,E459,True
N10,E261,E522,False
N10,E261,E596,False
N10,E262,E484,True
N10,E262,E492,False
N10,E263,E415,False
N10,E263,E429,True
N10,E263,E482,True
N10,E263,E521,True
N10,E263,E546,True
N10,E263,E574,True
N10,E264,E416,False
N10,E264,E470,False
N10,E264,E528,False
N10,E265,E502,True
N10,E265,E531,True
N10,E266,E433,True
N10,E266,E599,False
N10,E267,E438,False
N10,E267,E492,False
N10,E267,E570,False
N10,E268,E408,True
N10,E268,E427,False
N10,E268,E535,True
N10,E268,E589,False
N10,E269,E450,False
N10,E269,E516,False
N10,E270,E476,False
N10,E270,E480,False
N10,E270,E580,False
N10,E271,E523,False
N10,E272,E499,True
N10,E272,E573,True
N10,E273,E412,False
N10,E273,E559,True
N10,E273,E564,False
N10,E274,E410,True
N10,E274,E470,False
N10,E274,E550,False
N10,E274,E552,True
N10,E274,E593,True
N10,E275,E426,True
N10,E275,E479,False
N10,E277,E469,False
N10,E277,E532,False
N10,E277,E598,True
N10,E278,E442,False
N10,E279,E563,False
N10,E279,E575,False
N10,E279,E598,False
N10,E280,E405,True
N10,E280,E430,False
N10,E281,E510,False
N10,E281,E549,False
N10,E282,E414,False
N10,E282,E427,False
N10,E282,E518,False
N10,E282,E596,False
N10,E283,E500,False
N10,E284,E511,False
N10,E284,E579,False
N10,E285,E413,False
N10,E285,E461,False
N10,E285,E502,False
N10,E285,E532,True
N10,E286,E420,True
N10,E286,E431,False
N10,E286,E451,False
N10,E286,E474,False
N10,E286,E498,False
N10,E287,E403,False
N10,E287,E494,False
N10,E287,E511,False
N10,E287,E538,True
N10,E287,E551,True
N10,E287,E555,True
N10,E287,E590,False
N10,E288,E459,False
N10,E288,E517,False
N10,E288,E579,False
N10,E289,E418,False
N10,E289,E535,False
N10,E289,E597,True
N10,E290,E458,False
N10,E291,E462,False
N10,E292,E488,True
N10,E292,E592,True
N10,E293,E466,True
N10,E293,E491,False
N10,E294,E572,False
N10,E295,E527,False
N10,E295,E535,False
N10,E295,E556,True
N10,E296,E521,False
N10,E296,E586,False
N10,E297,E511,False
N10,E297,E522,False
N10,E297,E529,False
N10,E298,E434,True
N10,E298,E448,False
N10,E298,E491,False
N10,E298,E495,False
N10,E298,E496,True
N10,E298,E557,False
N10,E298,E571,True
N10,E299,E430,True
N10,E299,E438,False
N10,E299,E471,True
N10,E299,E533,False
N10,E300,E532,False
N10,E300,E592,False
N10,E301,E454,False
N10,E301,E472,True
N10,E303,E476,True
N10,E303,E530,True
N10,E304,E562,True
N10,E305,E503,True
N10,E305,E599,False
N10,E306,E480,False
N10,E306,E516,True
N10,E306,E522,True
N10,E306,E555,False
N10,E306,E593,False
N10,E307,E409,False
N10,E307,E422,False
N10,E307,E493,True
N10,E307,E519,False
N10,E307,E584,False
N10,E308,E403,True
N10,E308,E407,False
N10,E308,E498,False
N10,E309,E418,False
N10,E310,E463,True
N10,E310,E507,False
N10,E310,E577,False
N10,E311,E461,True
N10,E311,E490,True
N10,E312,E489,True
N10,E312,E493,False
N10,E312,E509,False
N10,E312,E513,False
N10,E312,E546,False
N10,E312,E594,False
N10,E313,E452,False
N10,E313,E569,False
N10,E314,E438,False
N10,E314,E536,False
N10,E314,E542,True
N10,E314,E571,False
N10,E315,E401,True
N10,E315,E491,True
N10,E315,E511,True
N10,E315,E522,False
N10,E316,E497,False
N10,E316,E506,False
N10,E317,E540,False
N10,E318,E458,False
N10,E319,E501,False
N10,E319,E560,True
N10,E319,E591,True
N10,E320,E484,False
N10,E320,E508,False
N10,E320,E527,False
N10,E320,E543,False
N10,E321,E525,False
N10,E321,E562,False
N10,E322,E406,True
N10,E322,E434,False
N10,E322,E554,False
N10,E323,E452,False
N10,E323,E455,True
N10,E323,E479,False
N10,E323,E595,False
N10,E324,E410,False
N10,E324,E421,False
N10,E324,E443,True
N10,E324,E531,False
N10,E325,E409,True
N10,E325,E411,False
N10,E325,E459,False
N10,E325,E506,True
N10,E326,E561,True
N10,E326,E570,False
N10,E326,E592,False
N10,E327,E456,False
N10,E327,E537,True
N10,E327,E565,False
N10,E327,E580,False
N10,E327,E589,True
N10,E328,E421,True
N10,E328,E508,False
N10,E328,E512,False
N10,E329,E426,False
N10,E329,E599,False
N10,E330,E415,False
N10,E330,E456,True
N10,E330,E476,False
N10,E330,E496,False
N10,E330,E501,False
N10,E330,E587,True
N10,E331,E475,True
N10,E331,E499,False
N10,E331,E505,True
N10,E331,E595,True
N10,E331,E596,True
N10,E332,E534,False
N10,E332,E581,False
N10,E333,E425,False
N10,E333,E442,False
N10,E333,E449,False
N10,E333,E468,False
N10,E333,E536,True
N10,E333,E562,False
N10,E334,E465,True
N10,E334,E548,False
N10,E334,E582,False
N10,E335,E437,False
N10,E335,E471,False
N10,E335,E504,False
N10,E335,E506,False
N10,E335,E578,True
N10,E336,E497,False
N10,E336,E523,False
N10,E336,E559,False
N10,E337,E418,True
N10,E337,E464,True
N10,E337,E549,False
N10,E337,E577,False
N10,E338,E453,False
N10,E338,E465,False
N10,E338,E480,False
N10,E338,E550,True
N10,E339,E484,False
N10,E339,E535,False
N10,E339,E566,False
N10,E340,E481,True
N10,E340,E482,False
N10,E340,E493,False
N10,E340,E534,True
N10,E340,E570,False
N10,E341,E403,False
N10,E342,E496,False
N10,E342,E523,True
N10,E342,E546,False
N10,E342,E566,False
N10,E343,E423,False
N10,E343,E524,True
N10,E344,E582,False
N10,E345,E556,False
N10,E346,E541,True
N10,E346,E555,False
N10,E346,E572,False
N10,E347,E449,False
N10,E347,E514,False
N10,E348,E531,False
N10,E348,E588,True
N10,E349,E453,True
N10,E349,E487,False
N10,E349,E528,False
N10,E350,E405,False
N10,E350,E419,False
N10,E350,E458,False
N10,E350,E479,False
N10,E350,E492,True
N10,E350,E524,False
N10,E350,E545,False
N10,E351,E408,False
N10,E351,E466,False
N10,E351,E505,False
N10,E351,E562,False
N10,E351,E569,False
N10,E352,E468,True
N10,E352,E472,False
N10,E352,E489,False
N10,E353,E417,True
N10,E354,E432,False
N10,E354,E472,False
N10,E354,E594,True
N10,E355,E473,True
N10,E355,E490,False
N10,E355,E567,False
N10,E356,E488,False
N10,E356,E500,True
N10,E357,E531,False
N10,E357,E578,False
N10,E357,E595,False
N10,E358,E459,False
N10,E358,E499,False
N10,E358,E555,False
N10,E358,E588,False
N10,E359,E425,False
N10,E359,E462,False
N10,E359,E474,False
N10,E359,E503,False
N10,E359,E526,True
N10,E359,E534,False
N10,E359,E563,False
N10,E359,E586,False
N10,E359,E591,False
N10,E359,E594,False
N10,E360,E425,True
N10,E360,E451,False
N10,E360,E487,True
N10,E360,E550,False
N10,E361,E407,True
N10,E361,E413,False
N10,E361,E452,False
N10,E361,E520,False
N10,E361,E540,False
N10,E361,E573,False
N10,E361,E583,False
N10,E362,E572,True
N10,E363,E533,True
N10,E364,E488,False
N10,E364,E493,False
N10,E364,E497,True
N10,E365,E557,False
N10,E365,E577,False
N10,E366,E420,False
N10,E367,E421,False
N10,E367,E444,False
N10,E367,E477,False
N10,E367,E576,False
N10,E368,E514,True
N10,E369,E458,True
N10,E369,E473,False
N10,E369,E482,False
N10,E369,E498,False
N10,E369,E526,False
N10,E369,E576,False
N10,E370,E402,True
N10,E370,E439,False
N10,E370,E477,False
N10,E370,E486,False
N10,E370,E518,True
N10,E370,E560,False
N10,E370,E568,False
N10,E371,E440,True
N10,E372,E513,True
N10,E372,E579,True
N10,E373,E400,False
N10,E373,E412,False
N10,E373,E433,False
N10,E373,E460,False
N10,E373,E505,False
N10,E373,E526,False
N10,E374,E416,False
N10,E374,E448,False
N10,E374,E599,True
N10,E375,E416,True
N10,E376,E487,False
N10,E377,E413,True
N10,E377,E464,False
N10,E378,E412,True
N10,E378,E442,True
N10,E379,E404,True
N10,E379,E409,False
N10,E379,E514,False
N10,E379,E582,False
N10,E380,E460,True
N10,E381,E402,False
N10,E381,E422,False
N10,E381,E464,False
N10,E381,E507,True
N10,E381,E515,True
N10,E381,E586,False
N10,E382,E585,False
N10,E383,E447,False
N10,E383,E564,True
N10,E384,E401,False
N10,E384,E519,True
N10,E385,E400,False
N10,E385,E422,True
N10,E385,E517,True
N10,E385,E552,False
N10,E386,E401,False
N10,E386,E446,False
N10,E388,E425,False
N10,E388,E434,False
N10,E388,E465,False
N10,E388,E477,True
N10,E388,E539,False
N10,E388,E553,False
N10,E389,E454,True
N10,E389,E504,True
N10,E389,E509,True
N10,E389,E587,False
N10,E390,E403,False
N10,E390,E424,False
N10,E390,E589,False
N10,E391,E477,False
N10,E391,E503,False
N10,E391,E544,False
N10,E392,E411,False
N10,E392,E568,True
N10,E392,E580,False
N10,E393,E417,False
N10,E393,E423,False
N10,E393,E542,False
N10,E394,E419,False
N10,E394,E428,False
N10,E394,E481,False
N10,E394,E483,True
N10,E394,E520,True
N10,E394,E559,False
N10,E395,E444,True
N10,E395,E461,False
N10,E395,E521,False
N10,E396,E404,False
N10,E396,E432,True
N10,E396,E456,False
N10,E396,E478,True
N10,E396,E561,False
N10,E397,E415,True
N10,E397,E451,False
N10,E397,E474,False
N10,E398,E437,False
N10,E398,E448,True
N10,E398,E469,False
N10,E398,E541,False
N10,E399,E414,False
N10,E399,E510,False
N10,E400,E605,False
N10,E400,E686,True
N10,E400,E757,False
N10,E401,E607,True
N10,E401,E619,False
N10,E401,E664,False
N10,E401,E670,False
N10,E401,E715,False
N10,E402,E618,False
N10,E403,E611,False
N10,E403,E628,False
N10,E404,E611,False
N10,E404,E620,False
N10,E404,E730,False
N10,E404,E746,False
N10,E404,E772,False
N10,E404,E778,False
N10,E404,E782,False
N10,E405,E660,False
N10,E405,E762,False
N10,E406,E731,False
N10,E407,E631,False
N10,E407,E706,True
N10,E408,E742,False
N10,E408,E749,False
N10,E409,E739,False
N10,E410,E697,False
N10,E410,E732,False
N10,E411,E656,False
N10,E411,E738,True
N10,E412,E667,True
N10,E412,E794,False
N10,E413,E700,False
N10,E413,E751,False
N10,E414,E756,False
N10,E414,E779,False
N10,E417,E608,False
N10,E417,E642,False
N10,E417,E712,False
N10,E418,E653,False
N10,E418,E715,True
N10,E419,E608,True
N10,E419,E702,False
N10,E420,E734,False
N10,E420,E780,False
N10,E421,E648,False
N10,E421,E727,True
N10,E425,E666,False
N10,E425,E680,False
N10,E425,E702,False
N10,E425,E785,True
N10,E426,E659,False
N10,E426,E773,False
N10,E427,E644,False
N10,E427,E656,True
N10,E427,E681,True
N10,E427,E689,False
N10,E427,E723,False
N10,E427,E728,True
N10,E427,E778,False
N10,E428,E632,False
N10,E428,E687,True
N10,E428,E745,False
N10,E429,E645,True
N10,E429,E726,False
N10,E429,E762,True
N10,E429,E788,False
N10,E430,E643,False
N10,E430,E671,False
N10,E430,E771,True
N10,E430,E778,False
N10,E431,E642,False
N10,E432,E691,False
N10,E432,E763,False
N10,E432,E764,False
N10,E432,E794,False
N10,E433,E657,False
N10,E433,E746,True
N10,E435,E646,False
N10,E435,E761,False
N10,E435,E787,True
N10,E436,E751,False
N10,E436,E784,True
N10,E437,E711,True
N10,E438,E611,True
N10,E438,E615,False
N10,E438,E695,False
N10,E439,E672,False
N10,E439,E682,True
N10,E439,E688,True
N10,E439,E759,False
N10,E439,E770,True
N10,E441,E710,False
N10,E441,E729,False
N10,E441,E758,True
N10,E443,E653,False
N10,E443,E660,False
N10,E443,E699,False
N10,E443,E761,True
N10,E444,E628,True
N10,E444,E641,False
N10,E444,E663,True
N10,E444,E715,False
N10,E444,E786,True
N10,E445,E624,True
N10,E445,E706,False
N10,E445,E717,False
N10,E445,E754,True
N10,E445,E765,False
N10,E445,E780,False
N10,E446,E605,True
N10,E447,E615,False
N10,E447,E705,False
N10,E447,E736,True
N10,E447,E787,False
N10,E448,E650,False
N10,E448,E684,True
N10,E448,E690,True
N10,E448,E768,False
N10,E448,E794,False
N10,E449,E603,True
N10,E449,E679,True
N10,E449,E680,True
N10,E449,E686,False
N10,E449,E699,False
N10,E449,E793,False
N10,E450,E700,True
N10,E450,E749,False
N10,E451,E624,False
N10,E451,E663,False
N10,E451,E665,False
N10,E451,E684,False
N10,E451,E722,False
N10,E451,E724,False
N10,E451,E737,False
N10,E452,E609,True
N10,E452,E719,True
N10,E453,E604,False
N10,E453,E622,False
N10,E453,E675,False
N10,E453,E785,False
N10,E454,E600,False
N10,E454,E747,False
N10,E454,E762,False
N10,E455,E623,False
N10,E455,E695,False
N10,E455,E733,False
N10,E455,E769,False
N10,E455,E776,False
N10,E456,E680,False
N10,E456,E699,True
N10,E456,E741,False
N10,E456,E791,True
N10,E457,E613,False
N10,E457,E637,False
N10,E457,E682,False
N10,E458,E626,False
N10,E458,E677,False
N10,E458,E742,False
N10,E459,E675,True
N10,E459,E730,True
N10,E459,E754,False
N10,E459,E776,True
N10,E460,E667,False
N10,E460,E691,False
N10,E462,E720,False
N10,E462,E776,False
N10,E463,E636,False
N10,E463,E643,False
N10,E463,E693,False
N10,E464,E695,False
N10,E464,E777,False
N10,E464,E792,False
N10,E465,E634,False
N10,E465,E637,True
N10,E465,E638,False
N10,E465,E644,False
N10,E465,E655,False
N10,E465,E658,False
N10,E465,E676,True
N10,E465,E734,True
N10,E465,E752,True
N10,E465,E774,True
N10,E466,E698,False
N10,E466,E724,True
N10,E467,E615,True
N10,E467,E632,True
N10,E468,E738,False
N10,E469,E630,False
N10,E469,E756,False
N10,E469,E757,True
N10,E470,E755,False
N10,E470,E760,False
N10,E471,E677,True
N10,E471,E686,False
N10,E471,E709,True
N10,E471,E721,True
N10,E471,E724,False
N10,E473,E658,True
N10,E473,E690,False
N10,E473,E723,True
N10,E473,E747,False
N10,E474,E693,True
N10,E474,E796,False
N10,E475,E611,False
N10,E475,E693,False
N10,E475,E729,False
N10,E476,E631,True
N10,E476,E674,False
N10,E477,E630,True
N10,E477,E733,True
N10,E477,E760,False
N10,E477,E768,False
N10,E477,E771,False
N10,E477,E790,False
N10,E477,E798,False
N10,E478,E681,False
N10,E478,E750,True
N10,E478,E783,False
N10,E478,E798,True
N10,E479,E621,True
N10,E479,E684,False
N10,E479,E703,False
N10,E479,E795,False
N10,E480,E621,False
N10,E480,E648,True
N10,E480,E701,False
N10,E480,E789,False
N10,E480,E790,True
N10,E481,E671,True
N10,E481,E678,False
N10,E482,E616,True
N10,E482,E744,True
N10,E483,E660,True
N10,E483,E763,True
N10,E484,E619,True
N10,E484,E682,False
N10,E484,E685,False
N10,E484,E709,False
N10,E484,E749,False
N10,E484,E776,False
N10,E485,E607,False
N10,E485,E609,False
N10,E485,E654,False
N10,E486,E610,False
N10,E486,E665,True
N10,E486,E701,False
N10,E486,E718,False
N10,E486,E754,False
N10,E486,E771,False
N10,E488,E601,True
N10,E488,E773,False
N10,E489,E606,False
N10,E489,E617,True
N10,E489,E775,False
N10,E490,E653,True
N10,E490,E742,True
N10,E491,E602,False
N10,E491,E645,False
N10,E491,E781,True
N10,E492,E797,True
N10,E493,E673,False
N10,E494,E635,False
N10,E494,E704,False
N10,E494,E735,True
N10,E494,E760,True
N10,E494,E798,False
N10,E495,E662,True
N10,E495,E714,True
N10,E495,E725,True
N10,E495,E731,False
N10,E495,E744,False
N10,E495,E755,False
N10,E496,E636,True
N10,E496,E795,True
N10,E497,E647,False
N10,E498,E604,False
N10,E498,E638,False
N10,E498,E695,True
N10,E498,E749,True
N10,E498,E773,False
N10,E499,E606,False
N10,E499,E610,True
N10,E499,E623,True
N10,E499,E655,True
N10,E499,E726,False
N10,E500,E607,False
N10,E500,E751,False
N10,E500,E756,True
N10,E500,E799,True
N10,E501,E701,True
N10,E501,E739,True
N10,E501,E743,False
N10,E502,E688,False
N10,E502,E727,False
N10,E503,E602,True
N10,E504,E601,False
N10,E505,E601,False
N10,E505,E633,False
N10,E505,E639,False
N10,E505,E686,False
N10,E506,E650,False
N10,E506,E671,False
N10,E506,E676,False
N10,E506,E682,False
N10,E506,E739,False
N10,E507,E609,False
N10,E507,E679,False
N10,E507,E704,True
N10,E507,E755,False
N10,E508,E613,True
N10,E508,E620,True
N10,E508,E662,False
N10,E508,E673,True
N10,E508,E679,False
N10,E508,E685,True
N10,E508,E789,True
N10,E509,E612,False
N10,E509,E614,False
N10,E509,E799,False
N10,E510,E626,False
N10,E510,E683,False
N10,E510,E687,False
N10,E510,E744,False
N10,E510,E766,True
N10,E511,E627,False
N10,E511,E670,True
N10,E512,E665,False
N10,E512,E685,False
N10,E512,E751,True
N10,E513,E649,False
N10,E513,E716,False
N10,E513,E792,False
N10,E514,E625,True
N10,E514,E636,False
N10,E514,E649,False
N10,E514,E666,False
N10,E514,E668,False
N10,E514,E706,False
N10,E514,E740,False
N10,E514,E765,True
N10,E514,E793,True
N10,E515,E615,False
N10,E515,E659,True
N10,E515,E778,True
N10,E516,E761,False
N10,E517,E641,True
N10,E517,E747,False
N10,E518,E641,False
N10,E519,E729,False
N10,E519,E746,False
N10,E519,E750,False
N10,E520,E782,True
N10,E520,E795,False
N10,E521,E629,False
N10,E522,E608,False
N10,E523,E684,False
N10,E523,E702,False
N10,E524,E602,False
N10,E524,E634,True
N10,E524,E635,False
N10,E524,E655,False
N10,E524,E737,True
N10,E524,E738,False
N10,E524,E740,True
N10,E524,E787,False
N10,E524,E794,True
N10,E525,E606,True
N10,E525,E718,True
N10,E526,E627,True
N10,E526,E697,False
N10,E526,E726,False
N10,E527,E690,False
N10,E527,E760,False
N10,E528,E696,False
N10,E528,E726,True
N10,E529,E632,False
N10,E529,E635,True
N10,E529,E655,False
N10,E529,E694,True
N10,E529,E768,False
N10,E529,E786,False
N10,E530,E640,False
N10,E530,E745,True
N10,E531,E664,True
N10,E531,E676,False
N10,E531,E705,False
N10,E532,E780,True
N10,E532,E783,True
N10,E532,E784,False
N10,E533,E632,False
N10,E533,E735,False
N10,E533,E743,True
N10,E534,E640,True
N10,E534,E642,False
N10,E534,E647,False
N10,E534,E691,False
N10,E534,E772,True
N10,E534,E788,False
N10,E535,E707,False
N10,E535,E733,False
N10,E536,E748,True
N10,E536,E755,True
N10,E536,E777,True
N10,E537,E626,True
N10,E537,E643,True
N10,E537,E758,False
N10,E538,E747,True
N10,E539,E641,False
N10,E539,E644,True
N10,E539,E705,False
N10,E539,E741,True
N10,E539,E764,True
N10,E540,E600,True
N10,E540,E674,True
N10,E540,E694,False
N10,E540,E769,False
N10,E541,E668,True
N10,E541,E669,True
N10,E541,E707,True
N10,E542,E692,False
N10,E542,E716,False
N10,E542,E775,False
N10,E543,E612,True
N10,E543,E639,True
N10,E543,E699,False
N10,E544,E604,False
N10,E544,E648,False
N10,E544,E797,False
N10,E545,E630,False
N10,E545,E696,True
N10,E546,E625,False
N10,E546,E736,False
N10,E547,E634,False
N10,E547,E651,True
N10,E547,E701,False
N10,E547,E728,False
N10,E547,E774,False
N10,E549,E652,False
N10,E549,E666,True
N10,E549,E692,False
N10,E549,E708,False
N10,E549,E774,False
N10,E549,E791,False
N10,E550,E752,False
N10,E551,E614,True
N10,E551,E700,False
N10,E552,E602,False
N10,E552,E674,False
N10,E552,E711,False
N10,E553,E668,False
N10,E553,E767,True
N10,E554,E622,False
N10,E554,E672,False
N10,E554,E677,False
N10,E554,E759,True
N10,E554,E784,False
N10,E555,E624,False
N10,E555,E717,True
N10,E555,E781,False
N10,E556,E637,False
N10,E556,E713,False
N10,E556,E787,False
N10,E557,E625,False
N10,E557,E638,True
N10,E557,E767,False
N10,E557,E768,True
N10,E557,E780,False
N10,E558,E616,False
N10,E558,E646,True
N10,E558,E651,False
N10,E558,E661,True
N10,E559,E604,True
N10,E559,E649,False
N10,E559,E710,True
N10,E560,E675,False
N10,E560,E694,False
N10,E561,E774,False
N10,E562,E692,True
N10,E562,E721,False
N10,E562,E740,False
N10,E562,E769,False
N10,E562,E777,False
N10,E563,E610,False
N10,E563,E691,True
N10,E563,E731,True
N10,E564,E618,True
N10,E564,E627,False
N10,E564,E644,False
N10,E564,E744,False
N10,E565,E619,False
N10,E565,E622,True
N10,E565,E649,True
N10,E565,E748,False
N10,E566,E683,True
N10,E566,E711,False
N10,E566,E770,False
N10,E566,E788,True
N10,E567,E698,True
N10,E567,E763,False
N10,E568,E661,False
N10,E568,E718,False
N10,E569,E621,False
N10,E569,E634,False
N10,E569,E642,True
N10,E569,E729,True
N10,E570,E653,False
N10,E570,E711,False
N10,E570,E779,True
N10,E571,E603,False
N10,E571,E697,True
N10,E572,E657,True
N10,E572,E713,True
N10,E573,E773,True
N10,E573,E781,False
N10,E573,E792,True
N10,E575,E629,True
N10,E575,E743,False
N10,E576,E757,False
N10,E576,E767,False
N10,E577,E672,True
N10,E578,E612,False
N10,E578,E721,False
N10,E578,E798,False
N10,E579,E619,False
N10,E579,E697,False
N10,E579,E753,True
N10,E579,E797,False
N10,E580,E617,False
N10,E580,E621,False
N10,E580,E650,True
N10,E580,E652,True
N10,E580,E661,False
N10,E581,E722,True
N10,E581,E790,False
N10,E582,E769,True
N10,E582,E796,True
N10,E583,E678,True
N10,E583,E732,True
N10,E583,E772,False
N10,E584,E610,False
N10,E584,E721,False
N10,E585,E636,False
N10,E585,E689,True
N10,E585,E742,False
N10,E585,E775,True
N10,E586,E743,False
N10,E586,E793,False
N10,E587,E654,True
N10,E587,E712,True
N10,E587,E788,False
N10,E588,E665,False
N10,E588,E792,False
N10,E589,E733,False
N10,E589,E766,False
N10,E590,E603,False
N10,E590,E629,False
N10,E590,E633,True
N10,E590,E637,False
N10,E590,E675,False
N10,E590,E725,False
N10,E590,E782,False
N10,E591,E717,False
N10,E591,E761,False
N10,E592,E714,False
N10,E592,E719,False
N10,E593,E603,False
N10,E593,E647,True
N10,E593,E708,True
N10,E593,E771,False
N10,E594,E716,True
N10,E594,E734,False
N10,E595,E753,False
N10,E595,E757,False
N10,E595,E772,False
N10,E596,E740,False
N10,E597,E613,False
N10,E597,E685,False
N10,E597,E702,True
N10,E597,E705,True
N10,E597,E782,False
N10,E598,E668,False
N10,E598,E703,True
N10,E598,E720,True
N10,E599,E669,False
N10,E599,E693,False
N10,E599,E710,False
N10,E600,E833,False
N10,E600,E874,False
N10,E600,E944,True
N10,E602,E972,True
N10,E603,E811,False
N10,E603,E824,False
N10,E603,E837,False
N10,E603,E959,False
N10,E604,E844,False
N10,E604,E881,True
N10,E605,E885,False
N10,E606,E816,False
N10,E606,E833,False
N10,E606,E923,True
N10,E606,E944,False
N10,E607,E817,True
N10,E607,E828,True
N10,E608,E874,True
N10,E608,E875,False
N10,E608,E916,True
N10,E609,E856,False
N10,E609,E926,False
N10,E610,E935,False
N10,E611,E822,True
N10,E611,E907,True
N10,E612,E871,False
N10,E612,E884,False
N10,E612,E994,True
N10,E613,E862,False
N10,E613,E909,True
N10,E613,E981,False
N10,E614,E830,False
N10,E614,E846,True
N10,E614,E872,True
N10,E614,E957,False
N10,E614,E958,True
N10,E615,E880,False
N10,E615,E901,False
N10,E615,E917,False
N10,E615,E985,False
N10,E616,E944,False
N10,E616,E983,True
N10,E616,E996,False
N10,E617,E909,False
N10,E617,E968,False
N10,E619,E813,False
N10,E620,E801,True
N10,E620,E835,False
N10,E620,E868,True
N10,E621,E802,True
N10,E621,E856,False
N10,E622,E987,True
N10,E622,E990,False
N10,E623,E917,False
N10,E624,E816,True
N10,E624,E818,False
N10,E624,E900,True
N10,E625,E966,True
N10,E625,E982,False
N10,E626,E800,True
N10,E626,E842,False
N10,E626,E897,False
N10,E626,E970,True
N10,E626,E997,False
N10,E628,E880,True
N10,E629,E835,True
N10,E629,E842,False
N10,E629,E935,False
N10,E630,E801,False
N10,E630,E803,True
N10,E630,E840,True
N10,E630,E849,False
N10,E630,E953,True
N10,E630,E983,False
N10,E630,E989,False
N10,E630,E993,False
N10,E631,E816,False
N10,E631,E850,True
N10,E631,E981,True
N10,E632,E961,False
N10,E632,E964,False
N10,E633,E953,False
N10,E633,E959,False
N10,E633,E991,False
N10,E634,E807,True
N10,E634,E900,False
N10,E634,E920,False
N10,E635,E882,False
N10,E635,E910,False
N10,E637,E822,False
N10,E637,E825,False
N10,E637,E841,False
N10,E637,E904,False
N10,E637,E927,False
N10,E637,E929,True
N10,E638,E934,False
N10,E638,E948,True
N10,E638,E954,True
N10,E639,E821,False
N10,E639,E834,False
N10,E639,E868,False
N10,E640,E815,True
N10,E641,E826,False
N10,E641,E832,False
N10,E641,E866,True
N10,E641,E942,False
N10,E641,E955,True
N10,E642,E821,False
N10,E642,E848,False
N10,E642,E854,False
N10,E642,E859,False
N10,E642,E903,False
N10,E642,E932,False
N10,E642,E985,False
N10,E644,E956,False
N10,E647,E808,False
N10,E647,E882,False
N10,E647,E951,True
N10,E647,E968,False
N10,E648,E891,False
N10,E648,E912,False
N10,E648,E983,False
N10,E649,E818,True
N10,E649,E847,True
N10,E649,E849,False
N10,E649,E879,False
N10,E650,E809,False
N10,E650,E869,False
N10,E650,E931,False
N10,E650,E960,False
N10,E651,E992,False
N10,E652,E875,False
N10,E652,E883,False
N10,E652,E998,True
N10,E653,E885,True
N10,E653,E906,False
N10,E654,E886,False
N10,E654,E913,False
N10,E654,E970,False
N10,E654,E999,False
N10,E655,E878,True
N10,E655,E941,False
N10,E655,E953,False
N10,E656,E907,False
N10,E656,E923,False
N10,E656,E940,False
N10,E657,E890,False
N10,E657,E957,False
N10,E658,E806,False
N10,E658,E884,False
N10,E658,E922,False
N10,E658,E984,False
N10,E659,E810,False
N10,E659,E830,False
N10,E659,E833,True
N10,E659,E839,True
N10,E659,E861,False
N10,E659,E886,False
N10,E660,E882,False
N10,E660,E915,True
N10,E660,E983,False
N10,E661,E845,False
N10,E661,E851,False
N10,E661,E975,False
N10,E662,E858,True
N10,E662,E906,True
N10,E663,E877,False
N10,E663,E910,False
N10,E663,E943,False
N10,E664,E979,True
N10,E665,E814,True
N10,E665,E829,True
N10,E665,E843,True
N10,E665,E870,True
N10,E665,E990,False
N10,E666,E876,True
N10,E666,E896,False
N10,E666,E897,False
N10,E666,E976,False
N10,E667,E831,False
N10,E667,E882,True
N10,E667,E885,False
N10,E668,E805,True
N10,E668,E867,True
N10,E668,E957,True
N10,E669,E947,True
N10,E669,E977,True
N10,E670,E810,False
N10,E670,E825,True
N10,E670,E895,False
N10,E670,E920,False
N10,E670,E978,False
N10,E671,E899,True
N10,E672,E873,True
N10,E673,E926,True
N10,E673,E952,False
N10,E673,E978,True
N10,E674,E920,True
N10,E674,E968,True
N10,E675,E901,True
N10,E675,E917,True
N10,E675,E930,True
N10,E675,E942,True
N10,E675,E970,False
N10,E676,E804,False
N10,E676,E837,True
N10,E676,E964,False
N10,E677,E938,False
N10,E678,E904,False
N10,E678,E905,True
N10,E680,E827,True
N10,E680,E846,False
N10,E680,E854,True
N10,E680,E895,False
N10,E680,E898,False
N10,E681,E819,False
N10,E681,E941,False
N10,E682,E873,False
N10,E683,E818,False
N10,E683,E849,False
N10,E683,E860,False
N10,E683,E963,False
N10,E683,E965,False
N10,E684,E956,True
N10,E685,E903,False
N10,E686,E891,True
N10,E686,E911,False
N10,E686,E913,True
N10,E687,E824,True
N10,E687,E876,False
N10,E688,E812,False
N10,E689,E832,True
N10,E689,E837,False
N10,E690,E873,False
N10,E690,E898,False
N10,E690,E924,True
N10,E690,E933,False
N10,E691,E950,True
N10,E692,E836,False
N10,E692,E858,False
N10,E692,E908,True
N10,E692,E962,False
N10,E693,E827,False
N10,E693,E835,False
N10,E694,E936,True
N10,E695,E859,False
N10,E695,E866,False
N10,E695,E961,True
N10,E695,E988,False
N10,E695,E999,True
N10,E696,E805,False
N10,E696,E894,True
N10,E696,E937,False
N10,E696,E978,False
N10,E696,E989,True
N10,E697,E951,False
N10,E698,E954,False
N10,E699,E814,False
N10,E699,E853,False
N10,E699,E863,True
N10,E699,E918,True
N10,E699,E940,True
N10,E700,E876,False
N10,E700,E951,False
N10,E700,E963,False
N10,E701,E925,True
N10,E701,E950,False
N10,E701,E992,False
N10,E702,E805,False
N10,E702,E876,False
N10,E702,E982,False
N10,E703,E856,True
N10,E704,E974,False
N10,E705,E904,True
N10,E705,E934,False
N10,E705,E947,False
N10,E705,E964,False
N10,E706,E918,False
N10,E706,E995,False
N10,E707,E820,True
N10,E707,E895,False
N10,E707,E979,False
N10,E707,E990,False
N10,E708,E844,False
N10,E709,E813,False
N10,E709,E842,True
N10,E709,E867,False
N10,E709,E870,False
N10,E709,E949,False
N10,E709,E960,False
N10,E709,E975,True
N10,E709,E991,True
N10,E709,E992,False
N10,E710,E809,False
N10,E710,E893,True
N10,E710,E946,True
N10,E711,E803,False
N10,E711,E870,False
N10,E711,E881,False
N10,E711,E888,True
N10,E711,E958,False
N10,E711,E989,False
N10,E711,E990,True
N10,E712,E902,False
N10,E712,E946,False
N10,E713,E902,False
N10,E714,E895,True
N10,E714,E982,False
N10,E714,E996,True
N10,E715,E897,False
N10,E715,E931,False
N10,E716,E820,False
N10,E716,E934,True
N10,E716,E939,True
N10,E716,E963,True
N10,E716,E976,True
N10,E718,E922,True
N10,E718,E971,True
N10,E719,E924,False
N10,E720,E823,False
N10,E720,E992,True
N10,E721,E844,True
N10,E721,E961,False
N10,E721,E986,True
N10,E722,E829,False
N10,E722,E973,False
N10,E723,E941,False
N10,E723,E980,False
N10,E724,E920,False
N10,E724,E958,False
N10,E725,E877,False
N10,E725,E936,False
N10,E726,E804,False
N10,E726,E811,False
N10,E726,E831,True
N10,E726,E903,False
N10,E726,E908,False
N10,E726,E921,True
N10,E726,E960,True
N10,E728,E917,False
N10,E728,E939,False
N10,E728,E943,True
N10,E729,E864,False
N10,E729,E886,True
N10,E730,E864,False
N10,E730,E940,False
N10,E730,E995,False
N10,E731,E802,False
N10,E731,E807,False
N10,E731,E825,False
N10,E731,E857,False
N10,E732,E800,False
N10,E733,E839,False
N10,E733,E850,False
N10,E734,E808,False
N10,E734,E855,True
N10,E735,E804,True
N10,E735,E816,False
N10,E735,E863,False
N10,E735,E864,True
N10,E735,E912,False
N10,E736,E802,False
N10,E736,E815,False
N10,E737,E849,True
N10,E737,E956,False
N10,E737,E993,False
N10,E738,E914,True
N10,E738,E969,False
N10,E738,E985,True
N10,E739,E892,True
N10,E739,E898,True
N10,E739,E948,False
N10,E739,E969,False
N10,E739,E994,False
N10,E740,E845,True
N10,E740,E928,False
N10,E741,E889,True
N10,E741,E921,False
N10,E741,E931,True
N10,E742,E961,False
N10,E743,E811,True
N10,E743,E893,False
N10,E743,E940,False
N10,E743,E946,False
N10,E743,E963,False
N10,E744,E826,True
N10,E744,E838,True
N10,E745,E869,False
N10,E745,E883,True
N10,E745,E918,False
N10,E745,E965,False
N10,E746,E831,False
N10,E746,E861,True
N10,E746,E888,False
N10,E747,E859,True
N10,E748,E852,False
N10,E748,E897,True
N10,E748,E912,True
N10,E749,E850,False
N10,E749,E903,True
N10,E749,E976,False
N10,E750,E857,False
N10,E750,E860,False
N10,E750,E890,True
N10,E750,E945,False
N10,E750,E980,True
N10,E751,E941,True
N10,E752,E905,False
N10,E752,E958,False
N10,E752,E967,False
N10,E752,E973,False
N10,E752,E984,True
N10,E753,E830,True
N10,E753,E907,False
N10,E753,E908,False
N10,E753,E919,False
N10,E753,E949,True
N10,E753,E966,False
N10,E753,E973,False
N10,E754,E821,True
N10,E754,E855,False
N10,E754,E859,False
N10,E754,E997,True
N10,E755,E853,True
N10,E755,E930,False
N10,E756,E802,False
N10,E756,E894,False
N10,E756,E939,False
N10,E757,E843,False
N10,E757,E883,False
N10,E757,E935,True
N10,E757,E967,True
N10,E757,E971,False
N10,E758,E887,True
N10,E758,E888,False
N10,E758,E946,False
N10,E758,E959,True
N10,E759,E834,False
N10,E759,E852,True
N10,E759,E875,True
N10,E759,E919,True
N10,E760,E846,False
N10,E760,E881,False
N10,E760,E902,False
N10,E760,E925,False
N10,E760,E942,False
N10,E760,E955,False
N10,E761,E809,True
N10,E761,E888,False
N10,E761,E986,False
N10,E762,E808,True
N10,E762,E821,False
N10,E762,E833,False
N10,E762,E871,False
N10,E762,E936,False
N10,E762,E982,True
N10,E763,E823,True
N10,E763,E865,True
N10,E763,E874,False
N10,E763,E887,False
N10,E763,E914,False
N10,E763,E965,False
N10,E763,E993,True
N10,E764,E975,False
N10,E765,E861,False
N10,E765,E878,False
N10,E765,E884,False
N10,E765,E892,False
N10,E765,E974,True
N10,E766,E879,True
N10,E766,E937,False
N10,E766,E962,False
N10,E766,E973,True
N10,E767,E809,False
N10,E767,E871,True
N10,E768,E906,False
N10,E768,E927,True
N10,E769,E857,True
N10,E769,E892,False
N10,E770,E865,False
N10,E770,E972,False
N10,E771,E806,True
N10,E771,E880,False
N10,E772,E828,False
N10,E772,E862,False
N10,E772,E872,False
N10,E772,E928,True
N10,E772,E999,False
N10,E773,E817,False
N10,E773,E899,False
N10,E773,E930,False
N10,E774,E826,False
N10,E774,E929,False
N10,E774,E966,False
N10,E775,E804,False
N10,E775,E834,False
N10,E775,E841,True
N10,E775,E857,False
N10,E775,E937,True
N10,E775,E962,False
N10,E775,E996,False
N10,E776,E829,False
N10,E776,E848,True
N10,E776,E866,False
N10,E776,E877,True
N10,E776,E908,False
N10,E776,E988,True
N10,E776,E997,False
N10,E777,E851,True
N10,E777,E945,True
N10,E777,E978,False
N10,E778,E829,False
N10,E779,E836,True
N10,E779,E955,False
N10,E779,E960,False
N10,E779,E985,False
N10,E780,E932,False
N10,E780,E938,True
N10,E781,E813,True
N10,E781,E862,True
N10,E781,E998,False
N10,E782,E808,False
N10,E782,E869,True
N10,E782,E910,True
N10,E782,E915,False
N10,E782,E929,False
N10,E783,E840,False
N10,E783,E896,True
N10,E783,E957,False
N10,E783,E995,True
N10,E784,E825,False
N10,E784,E898,False
N10,E784,E910,False
N10,E784,E938,False
N10,E784,E962,True
N10,E784,E995,False
N10,E785,E803,False
N10,E785,E856,False
N10,E785,E906,False
N10,E785,E932,True
N10,E785,E955,False
N10,E786,E810,True
N10,E786,E867,False
N10,E786,E899,False
N10,E786,E977,False
N10,E787,E815,False
N10,E787,E838,False
N10,E787,E950,False
N10,E787,E968,False
N10,E788,E819,False
N10,E788,E847,False
N10,E788,E858,False
N10,E788,E889,False
N10,E788,E965,True
N10,E789,E834,True
N10,E789,E867,False
N10,E789,E884,True
N10,E789,E969,True
N10,E790,E846,False
N10,E791,E934,False
N10,E791,E943,False
N10,E791,E964,True
N10,E792,E815,False
N10,E792,E931,False
N10,E793,E812,True
N10,E793,E848,False
N10,E793,E911,True
N10,E793,E969,False
N10,E793,E971,False
N10,E794,E933,True
N10,E794,E948,False
N10,E794,E959,False
N10,E795,E838,False
N10,E795,E881,False
N10,E796,E814,False
N10,E796,E860,True
N10,E796,E966,False
N10,E797,E819,True
N10,E797,E885,False
N10,E797,E916,False
N10,E797,E949,False
N10,E798,E880,False
N10,E798,E902,True
N10,E798,E909,False
N10,E798,E952,True
N10,E798,E987,False
N10,E799,E923,False
N10,E799,E974,False
N11,E000,E238,False
N11,E000,E277,True
N11,E001,E376,False
N11,E002,E307,True
N11,E003,E248,False
N11,E003,E263,False
N11,E003,E306,True
N11,E004,E261,True
N11,E004,E323,False
N11,E004,E350,False
N11,E005,E243,False
N11,E005,E289,True
N11,E005,E298,False
N11,E005,E323,True
N11,E005,E355,True
N11,E005,E357,False
N11,E006,E213,False
N11,E006,E230,False
N11,E006,E337,False
N11,E006,E382,False
N11,E006,E388,False
N11,E006,E392,False
N11,E006,E395,False
N11,E007,E217,False
N11,E007,E263,True
N11,E007,E389,True
N11,E009,E327,True
N11,E009,E332,False
N11,E009,E339,False
N11,E009,E360,True
N11,E009,E371,False
N11,E010,E227,False
N11,E010,E252,True
N11,E010,E271,True
N11,E011,E231,False
N11,E011,E273,True
N11,E012,E326,False
N11,E013,E219,False
N11,E013,E318,False
N11,E014,E331,True
N11,E014,E333,True
N11,E014,E336,False
N11,E014,E339,False
N11,E014,E340,False
N11,E015,E378,True
N11,E016,E217,False
N11,E016,E288,True
N11,E017,E235,True
N11,E017,E256,True
N11,E017,E265,False
N11,E017,E335,False
N11,E017,E396,True
N11,E018,E280,True
N11,E018,E282,False
N11,E018,E352,True
N11,E019,E209,False
N11,E019,E228,False
N11,E019,E253,True
N11,E019,E283,False
N11,E019,E344,True
N11,E020,E268,False
N11,E020,E325,True
N11,E020,E328,False
N11,E020,E348,False
N11,E020,E387,False
N11,E021,E268,False
N11,E021,E339,True
N11,E021,E370,False
N11,E022,E204,True
N11,E022,E226,False
N11,E023,E256,False
N11,E023,E278,False
N11,E024,E257,True
N11,E024,E352,False
N11,E025,E235,False
N11,E025,E267,True
N11,E025,E270,False
N11,E025,E305,False
N11,E026,E266,False
N11,E026,E336,False
N11,E027,E204,False
N11,E027,E238,False
N11,E028,E378,False
N11,E029,E302,True
N11,E029,E327,False
N11,E029,E361,False
N11,E030,E232,True
N11,E030,E357,True
N11,E031,E391,False
N11,E033,E206,True
N11,E033,E366,False
N11,E033,E385,True
N11,E034,E254,False
N11,E034,E285,True
N11,E034,E289,False
N11,E035,E294,False
N11,E035,E397,False
N11,E036,E212,False
N11,E036,E255,False
N11,E037,E212,False
N11,E037,E255,True
N11,E038,E270,False
N11,E038,E369,False
N11,E038,E381,True
N11,E039,E296,False
N11,E039,E302,False
N11,E039,E310,True
N11,E039,E337,True
N11,E040,E347,False
N11,E040,E355,False
N11,E040,E373,False
N11,E040,E380,False
N11,E041,E242,True
N11,E041,E244,True
N11,E041,E281,False
N11,E041,E384,True
N11,E041,E390,True
N11,E042,E202,False
N11,E042,E210,True
N11,E042,E356,False
N11,E042,E360,False
N11,E043,E252,False
N11,E043,E312,True
N11,E044,E213,False
N11,E044,E383,True
N11,E045,E228,False
N11,E045,E237,True
N11,E045,E274,False
N11,E045,E275,True
N11,E045,E393,False
N11,E045,E395,False
N11,E047,E359,True
N11,E048,E203,True
N11,E048,E251,False
N11,E048,E288,False
N11,E048,E302,False
N11,E048,E315,False
N11,E048,E328,False
N11,E048,E380,False
N11,E049,E205,True
N11,E049,E276,True
N11,E049,E376,False
N11,E049,E385,False
N11,E050,E292,True
N11,E050,E363,False
N11,E052,E204,False
N11,E052,E291,False
N11,E052,E312,False
N11,E052,E359,False
N11,E052,E370,True
N11,E053,E202,True
N11,E053,E371,False
N11,E054,E247,False
N11,E054,E248,False
N11,E055,E290,True
N11,E055,E295,False
N11,E055,E324,True
N11,E055,E348,True
N11,E055,E353,False
N11,E056,E209,True
N11,E056,E229,False
N11,E056,E301,False
N11,E056,E395,False
N11,E057,E213,True
N11,E057,E256,False
N11,E057,E290,False
N11,E057,E367,False
N11,E057,E372,False
N11,E058,E220,False
N11,E058,E221,False
N11,E058,E321,True
N11,E058,E358,True
N11,E058,E379,False
N11,E058,E388,False
N11,E059,E317,False
N11,E060,E230,True
N11,E060,E243,False
N11,E060,E256,False
N11,E060,E308,False
N11,E060,E398,True
N11,E061,E244,False
N11,E061,E253,False
N11,E061,E287,True
N11,E061,E322,False
N11,E062,E255,False
N11,E063,E200,False
N11,E063,E227,True
N11,E063,E234,False
N11,E063,E286,False
N11,E064,E314,False
N11,E064,E379,True
N11,E065,E245,False
N11,E065,E297,True
N11,E065,E340,False
N11,E065,E351,True
N11,E066,E338,False
N11,E066,E373,False
N11,E067,E247,False
N11,E067,E295,False
N11,E068,E247,False
N11,E068,E266,False
N11,E068,E274,False
N11,E068,E296,False
N11,E068,E326,False
N11,E069,E328,True
N11,E069,E364,False
N11,E069,E377,False
N11,E069,E385,False
N11,E070,E230,False
N11,E070,E284,True
N11,E071,E369,True
N11,E072,E219,False
N11,E073,E211,False
N11,E073,E221,True
N11,E073,E222,False
N11,E073,E272,False
N11,E073,E322,False
N11,E073,E342,True
N11,E073,E383,False
N11,E073,E387,False
N11,E074,E316,False
N11,E074,E325,False
N11,E075,E302,False
N11,E075,E312,False
N11,E076,E222,False
N11,E076,E362,False
N11,E077,E237,False
N11,E077,E288,False
N11,E077,E347,True
N11,E077,E364,True
N11,E077,E368,False
N11,E078,E217,True
N11,E078,E291,True
N11,E078,E306,False
N11,E078,E310,False
N11,E079,E251,True
N11,E079,E367,True
N11,E079,E396,False
N11,E080,E272,True
N11,E080,E284,False
N11,E080,E358,False
N11,E080,E388,False
N11,E080,E392,True
N11,E081,E246,False
N11,E081,E350,True
N11,E081,E363,True
N11,E081,E373,True
N11,E082,E225,False
N11,E082,E258,False
N11,E082,E266,False
N11,E082,E318,False
N11,E082,E329,True
N11,E082,E390,False
N11,E084,E282,False
N11,E084,E321,False
N11,E085,E222,True
N11,E085,E233,False
N11,E085,E398,False
N11,E086,E200,True
N11,E086,E309,True
N11,E086,E324,False
N11,E086,E360,False
N11,E087,E224,False
N11,E087,E263,False
N11,E088,E220,True
N11,E088,E262,True
N11,E088,E337,False
N11,E088,E340,True
N11,E089,E346,True
N11,E089,E358,False
N11,E090,E219,True
N11,E090,E236,False
N11,E090,E324,False
N11,E090,E348,False
N11,E091,E205,False
N11,E092,E239,True
N11,E092,E264,True
N11,E092,E267,False
N11,E092,E347,False
N11,E094,E209,False
N11,E094,E236,True
N11,E095,E250,True
N11,E095,E279,False
N11,E095,E360,False
N11,E095,E382,False
N11,E096,E268,False
N11,E096,E311,False
N11,E097,E227,False
N11,E097,E260,False
N11,E097,E378,False
N11,E098,E218,True
N11,E098,E264,False
N11,E098,E378,False
N11,E099,E274,True
N11,E099,E279,True
N11,E100,E207,False
N11,E100,E229,True
N11,E100,E254,True
N11,E101,E334,False
N11,E101,E352,False
N11,E102,E246,False
N11,E104,E269,False
N11,E105,E201,False
N11,E105,E202,False
N11,E105,E231,True
N11,E105,E268,True
N11,E105,E278,True
N11,E105,E320,False
N11,E105,E337,False
N11,E105,E384,False
N11,E106,E284,False
N11,E106,E291,False
N11,E107,E266,True
N11,E107,E353,True
N11,E107,E399,False
N11,E108,E207,True
N11,E108,E238,True
N11,E108,E279,False
N11,E108,E366,False
N11,E109,E291,False
N11,E109,E338,True
N11,E109,E367,False
N11,E109,E371,True
N11,E109,E391,False
N11,E110,E214,False
N11,E110,E265,True
N11,E110,E304,True
N11,E110,E393,False
N11,E111,E203,False
N11,E111,E334,False
N11,E111,E356,True
N11,E111,E392,False
N11,E112,E394,False
N11,E113,E236,False
N11,E113,E260,False
N11,E113,E270,True
N11,E113,E278,False
N11,E113,E391,True
N11,E114,E249,False
N11,E114,E299,True
N11,E115,E277,False
N11,E115,E324,False
N11,E115,E333,False
N11,E115,E393,True
N11,E116,E216,True
N11,E116,E272,False
N11,E116,E315,False
N11,E117,E271,False
N11,E118,E260,True
N11,E118,E368,False
N11,E119,E259,True
N11,E122,E254,False
N11,E122,E300,False
N11,E122,E342,False
N11,E123,E226,False
N11,E123,E272,False
N11,E124,E269,True
N11,E124,E301,True
N11,E125,E262,False
N11,E125,E275,False
N11,E125,E377,False
N11,E125,E397,False
N11,E126,E317,True
N11,E126,E347,False
N11,E126,E383,False
N11,E127,E279,False
N11,E127,E289,False
N11,E127,E334,True
N11,E128,E238,False
N11,E128,E243,True
N11,E128,E328,False
N11,E128,E357,False
N11,E129,E205,False
N11,E129,E300,True
N11,E129,E365,True
N11,E129,E373,False
N11,E130,E293,True
N11,E130,E366,True
N11,E131,E271,False
N11,E131,E322,True
N11,E131,E368,False
N11,E132,E209,False
N11,E132,E257,False
N11,E132,E274,False
N11,E132,E292,False
N11,E132,E331,False
N11,E132,E344,False
N11,E133,E232,False
N11,E133,E375,True
N11,E134,E292,False
N11,E134,E297,False
N11,E134,E314,False
N11,E134,E354,False
N11,E135,E210,False
N11,E135,E211,True
N11,E135,E223,False
N11,E135,E343,False
N11,E135,E349,False
N11,E135,E354,False
N11,E135,E355,False
N11,E135,E375,False
N11,E136,E200,False
N11,E136,E283,False
N11,E136,E300,False
N11,E137,E318,True
N11,E138,E217,False
N11,E138,E241,False
N11,E138,E248,True
N11,E138,E309,False
N11,E138,E395,True
N11,E139,E261,False
N11,E139,E313,False
N11,E139,E327,False
N11,E139,E331,False
N11,E139,E368,True
N11,E139,E391,False
N11,E140,E314,False
N11,E140,E345,False
N11,E141,E211,False
N11,E141,E233,True
N11,E141,E320,False
N11,E141,E336,True
N11,E142,E259,False
N11,E142,E281,True
N11,E142,E283,True
N11,E143,E241,True
N11,E143,E294,True
N11,E143,E303,False
N11,E144,E241,False
N11,E144,E399,False
N11,E145,E222,False
N11,E145,E225,True
N11,E145,E254,False
N11,E145,E301,False
N11,E145,E304,False
N11,E145,E361,True
N11,E146,E226,True
N11,E146,E335,True
N11,E146,E370,False
N11,E146,E399,True
N11,E147,E206,False
N11,E148,E219,False
N11,E148,E309,False
N11,E148,E311,True
N11,E148,E349,True
N11,E149,E228,True
N11,E149,E258,False
N11,E150,E224,True
N11,E150,E255,False
N11,E150,E282,True
N11,E150,E319,False
N11,E151,E341,False
N11,E151,E351,False
N11,E151,E380,True
N11,E152,E345,True
N11,E152,E377,True
N11,E153,E264,False
N11,E153,E311,False
N11,E154,E200,False
N11,E154,E208,False
N11,E154,E218,False
N11,E154,E245,True
N11,E154,E280,False
N11,E154,E298,False
N11,E154,E313,False
N11,E154,E374,False
N11,E154,E386,False
N11,E156,E287,False
N11,E156,E329,False
N11,E156,E346,False
N11,E157,E295,False
N11,E157,E372,True
N11,E157,E384,False
N11,E158,E240,False
N11,E158,E305,True
N11,E158,E309,False
N11,E159,E232,False
N11,E159,E246,False
N11,E159,E315,False
N11,E159,E357,False
N11,E159,E367,False
N11,E161,E216,False
N11,E161,E250,False
N11,E161,E251,False
N11,E161,E319,False
N11,E162,E208,True
N11,E162,E241,False
N11,E162,E286,False
N11,E162,E296,True
N11,E162,E307,False
N11,E164,E205,False
N11,E164,E246,True
N11,E164,E366,False
N11,E164,E370,False
N11,E165,E304,False
N11,E165,E364,False
N11,E165,E384,False
N11,E166,E212,True
N11,E166,E293,False
N11,E167,E201,True
N11,E167,E343,True
N11,E167,E394,False
N11,E168,E229,False
N11,E168,E276,False
N11,E168,E312,False
N11,E169,E273,False
N11,E171,E316,True
N11,E171,E326,True
N11,E172,E214,True
N11,E172,E239,False
N11,E172,E259,False
N11,E172,E299,False
N11,E172,E314,True
N11,E172,E319,True
N11,E172,E320,False
N11,E172,E330,True
N11,E172,E365,False
N11,E173,E226,False
N11,E173,E265,False
N11,E173,E305,False
N11,E174,E386,True
N11,E175,E273,False
N11,E175,E280,False
N11,E175,E283,False
N11,E175,E346,False
N11,E176,E240,True
N11,E177,E206,False
N11,E177,E234,True
N11,E177,E316,False
N11,E178,E257,False
N11,E178,E317,False
N11,E178,E319,False
N11,E178,E382,True
N11,E178,E388,True
N11,E179,E215,False
N11,E179,E257,False
N11,E179,E397,True
N11,E180,E212,False
N11,E180,E242,False
N11,E180,E301,False
N11,E181,E293,False
N11,E181,E372,False
N11,E181,E381,False
N11,E182,E247,True
N11,E182,E298,True
N11,E182,E303,True
N11,E182,E362,True
N11,E183,E264,False
N11,E183,E278,False
N11,E183,E330,False
N11,E184,E313,True
N11,E185,E296,False
N11,E185,E393,False
N11,E186,E229,False
N11,E186,E262,False
N11,E186,E332,True
N11,E186,E376,False
N11,E187,E204,False
N11,E187,E213,False
N11,E189,E223,True
N11,E189,E258,True
N11,E189,E269,False
N11,E189,E300,False
N11,E189,E374,True
N11,E190,E211,False
N11,E190,E252,False
N11,E190,E315,True
N11,E190,E320,True
N11,E190,E334,False
N11,E191,E282,False
N11,E191,E394,True
N11,E192,E308,True
N11,E192,E387,True
N11,E192,E389,False
N11,E193,E287,False
N11,E193,E382,False
N11,E194,E249,True
N11,E194,E379,False
N11,E195,E327,False
N11,E195,E341,False
N11,E196,E295,True
N11,E196,E354,True
N11,E196,E358,False
N11,E196,E397,False
N11,E197,E208,False
N11,E197,E286,True
N11,E197,E289,False
N11,E197,E371,False
N11,E198,E260,False
N11,E198,E285,False
N11,E198,E286,False
N11,E198,E336,False
N11,E198,E374,False
N11,E198,E394,False
N11,E199,E215,True
N11,E199,E341,True
N11,E199,E376,True
N11,E200,E582,False
N11,E201,E422,False
N11,E201,E460,True
N11,E201,E522,False
N11,E201,E526,True
N11,E201,E566,True
N11,E202,E553,False
N11,E203,E532,True
N11,E203,E535,True
N11,E204,E450,True
N11,E204,E503,False
N11,E204,E548,False
N11,E204,E554,False
N11,E205,E402,False
N11,E205,E454,False
N11,E205,E520,False
N11,E206,E484,False
N11,E206,E550,True
N11,E206,E568,False
N11,E206,E577,False
N11,E207,E460,False
N11,E207,E522,True
N11,E207,E580,False
N11,E208,E404,False
N11,E208,E567,True
N11,E209,E438,True
N11,E209,E443,True
N11,E210,E436,False
N11,E210,E529,False
N11,E210,E551,False
N11,E211,E453,False
N11,E211,E508,True
N11,E211,E515,True
N11,E211,E531,True
N11,E211,E565,False
N11,E212,E520,False
N11,E212,E539,False
N11,E212,E547,False
N11,E212,E570,True
N11,E214,E486,False
N11,E214,E512,False
N11,E214,E552,False
N11,E214,E589,False
N11,E214,E598,True
N11,E215,E480,True
N11,E215,E525,False
N11,E215,E556,True
N11,E215,E586,False
N11,E216,E420,False
N11,E216,E530,False
N11,E216,E554,False
N11,E217,E435,False
N11,E217,E494,False
N11,E217,E543,True
N11,E218,E411,False
N11,E218,E427,True
N11,E218,E434,True
N11,E218,E446,False
N11,E218,E449,False
N11,E218,E526,False
N11,E218,E533,True
N11,E218,E548,True
N11,E219,E485,True
N11,E220,E474,True
N11,E220,E542,False
N11,E221,E476,False
N11,E221,E515,False
N11,E221,E530,False
N11,E221,E549,False
N11,E221,E569,False
N11,E221,E588,True
N11,E222,E479,True
N11,E223,E568,False
N11,E223,E581,False
N11,E224,E409,True
N11,E225,E430,False
N11,E225,E550,False
N11,E225,E591,False
N11,E226,E419,True
N11,E226,E476,True
N11,E226,E491,False
N11,E226,E545,True
N11,E226,E559,False
N11,E226,E574,True
N11,E226,E586,False
N11,E226,E590,False
N11,E227,E499,False
N11,E228,E425,False
N11,E228,E509,False
N11,E228,E518,False
N11,E229,E403,True
N11,E229,E549,True
N11,E230,E414,False
N11,E230,E422,False
N11,E230,E424,False
N11,E230,E458,True
N11,E230,E484,False
N11,E231,E443,False
N11,E231,E492,True
N11,E231,E589,False
N11,E232,E401,False
N11,E232,E428,False
N11,E232,E465,False
N11,E232,E478,False
N11,E232,E539,True
N11,E232,E580,True
N11,E233,E446,False
N11,E233,E572,False
N11,E234,E450,False
N11,E235,E411,False
N11,E235,E433,False
N11,E235,E482,False
N11,E235,E495,False
N11,E235,E593,True
N11,E236,E466,False
N11,E236,E473,False
N11,E236,E498,False
N11,E236,E504,False
N11,E237,E407,False
N11,E237,E479,False
N11,E238,E423,False
N11,E238,E488,True
N11,E238,E498,False
N11,E238,E540,False
N11,E238,E587,False
N11,E238,E594,True
N11,E239,E400,True
N11,E239,E488,False
N11,E239,E511,True
N11,E239,E529,False
N11,E239,E571,False
N11,E240,E401,False
N11,E240,E507,True
N11,E241,E417,True
N11,E241,E473,True
N11,E241,E497,True
N11,E241,E530,True
N11,E241,E589,False
N11,E242,E527,False
N11,E242,E552,True
N11,E242,E561,True
N11,E242,E563,False
N11,E242,E585,False
N11,E242,E599,False
N11,E243,E546,True
N11,E244,E424,False
N11,E244,E511,False
N11,E244,E519,False
N11,E244,E572,True
N11,E245,E500,False
N11,E245,E506,False
N11,E247,E487,True
N11,E247,E505,False
N11,E247,E525,False
N11,E247,E563,True
N11,E248,E431,False
N11,E248,E450,False
N11,E249,E406,False
N11,E249,E420,False
N11,E249,E501,False
N11,E249,E512,True
N11,E249,E533,False
N11,E250,E427,False
N11,E250,E551,False
N11,E250,E591,False
N11,E250,E593,False
N11,E251,E407,True
N11,E252,E436,False
N11,E252,E455,True
N11,E252,E471,True
N11,E252,E516,False
N11,E252,E518,True
N11,E252,E551,True
N11,E252,E553,False
N11,E253,E410,False
N11,E253,E439,True
N11,E253,E459,False
N11,E253,E507,False
N11,E253,E547,True
N11,E253,E579,False
N11,E254,E541,False
N11,E255,E450,False
N11,E255,E471,False
N11,E255,E549,False
N11,E255,E586,False
N11,E256,E482,False
N11,E256,E518,False
N11,E256,E566,False
N11,E257,E449,True
N11,E257,E493,False
N11,E258,E401,True
N11,E258,E452,False
N11,E258,E590,True
N11,E260,E451,True
N11,E260,E454,False
N11,E260,E483,True
N11,E261,E412,True
N11,E261,E563,False
N11,E261,E599,False
N11,E262,E462,False
N11,E262,E546,False
N11,E262,E576,True
N11,E262,E598,False
N11,E263,E516,True
N11,E263,E524,False
N11,E263,E577,False
N11,E263,E596,False
N11,E264,E413,False
N11,E264,E430,True
N11,E264,E552,False
N11,E264,E559,False
N11,E265,E410,False
N11,E265,E506,True
N11,E266,E437,True
N11,E266,E457,False
N11,E266,E535,False
N11,E266,E547,False
N11,E267,E401,False
N11,E267,E441,False
N11,E267,E509,False
N11,E267,E534,False
N11,E267,E568,True
N11,E268,E405,True
N11,E268,E451,False
N11,E268,E537,False
N11,E268,E578,False
N11,E269,E488,False
N11,E269,E534,False
N11,E269,E559,False
N11,E269,E587,True
N11,E270,E541,False
N11,E270,E550,False
N11,E270,E568,False
N11,E271,E505,False
N11,E271,E596,False
N11,E272,E417,False
N11,E272,E468,False
N11,E272,E573,False
N11,E273,E423,True
N11,E274,E577,False
N11,E275,E432,True
N11,E276,E481,True
N11,E276,E505,True
N11,E277,E536,False
N11,E277,E561,False
N11,E277,E569,True
N11,E277,E578,True
N11,E277,E589,True
N11,E278,E415,True
N11,E278,E427,False
N11,E278,E538,True
N11,E279,E440,False
N11,E279,E509,True
N11,E280,E490,False
N11,E280,E516,False
N11,E280,E552,False
N11,E282,E400,False
N11,E282,E406,False
N11,E282,E408,False
N11,E282,E524,True
N11,E282,E525,False
N11,E283,E416,True
N11,E283,E496,True
N11,E283,E517,False
N11,E283,E526,False
N11,E283,E529,True
N11,E284,E462,False
N11,E284,E575,False
N11,E285,E404,True
N11,E285,E498,False
N11,E285,E590,False
N11,E285,E594,False
N11,E287,E415,False
N11,E287,E468,False
N11,E287,E491,False
N11,E287,E537,False
N11,E287,E560,False
N11,E288,E432,False
N11,E288,E470,False
N11,E288,E517,True
N11,E288,E542,True
N11,E289,E445,False
N11,E290,E400,False
N11,E290,E406,True
N11,E290,E424,True
N11,E290,E453,False
N11,E290,E459,False
N11,E290,E492,False
N11,E290,E583,True
N11,E291,E402,False
N11,E291,E454,False
N11,E291,E457,True
N11,E291,E464,False
N11,E291,E480,False
N11,E291,E564,False
N11,E292,E437,False
N11,E292,E445,False
N11,E292,E501,False
N11,E293,E445,True
N11,E293,E490,True
N11,E293,E491,True
N11,E293,E557,True
N11,E294,E416,False
N11,E294,E529,False
N11,E294,E532,False
N11,E295,E551,False
N11,E296,E585,True
N11,E297,E435,True
N11,E297,E443,False
N11,E297,E582,False
N11,E298,E514,True
N11,E298,E562,False
N11,E298,E579,True
N11,E298,E593,False
N11,E299,E464,True
N11,E299,E471,False
N11,E299,E472,True
N11,E299,E475,False
N11,E299,E558,True
N11,E299,E577,True
N11,E300,E412,False
N11,E300,E419,False
N11,E300,E527,True
N11,E300,E538,False
N11,E300,E583,False
N11,E300,E593,False
N11,E301,E584,False
N11,E302,E410,True
N11,E302,E436,False
N11,E302,E476,False
N11,E302,E506,False
N11,E302,E595,True
N11,E303,E499,False
N11,E303,E523,False
N11,E303,E556,False
N11,E304,E400,False
N11,E304,E465,False
N11,E304,E509,False
N11,E304,E574,False
N11,E305,E402,False
N11,E305,E555,False
N11,E306,E470,True
N11,E307,E405,False
N11,E307,E502,False
N11,E307,E561,False
N11,E308,E419,False
N11,E308,E426,False
N11,E308,E459,True
N11,E308,E477,False
N11,E308,E500,True
N11,E308,E530,False
N11,E308,E597,False
N11,E309,E461,False
N11,E309,E467,True
N11,E310,E456,True
N11,E310,E528,False
N11,E311,E416,False
N11,E311,E486,True
N11,E311,E561,False
N11,E311,E587,False
N11,E311,E599,False
N11,E313,E421,False
N11,E313,E469,True
N11,E313,E476,False
N11,E314,E501,True
N11,E314,E536,False
N11,E315,E436,True
N11,E315,E478,True
N11,E315,E501,False
N11,E315,E569,False
N11,E315,E573,True
N11,E316,E447,False
N11,E317,E542,False
N11,E317,E585,False
N11,E318,E482,False
N11,E318,E503,True
N11,E319,E418,True
N11,E319,E562,True
N11,E319,E599,True
N11,E320,E420,False
N11,E320,E543,False
N11,E321,E438,False
N11,E321,E441,True
N11,E321,E444,True
N11,E321,E510,False
N11,E321,E521,True
N11,E321,E524,False
N11,E321,E545,False
N11,E321,E550,False
N11,E321,E578,False
N11,E322,E404,False
N11,E322,E519,True
N11,E322,E544,False
N11,E322,E579,False
N11,E322,E591,True
N11,E323,E409,False
N11,E323,E588,False
N11,E324,E425,False
N11,E324,E488,False
N11,E324,E499,True
N11,E325,E420,True
N11,E325,E475,False
N11,E325,E504,False
N11,E325,E543,False
N11,E325,E592,False
N11,E326,E416,False
N11,E326,E597,False
N11,E327,E429,False
N11,E327,E520,False
N11,E327,E576,False
N11,E327,E595,False
N11,E328,E468,True
N11,E328,E521,False
N11,E328,E553,True
N11,E329,E571,True
N11,E329,E585,False
N11,E331,E429,False
N11,E331,E548,False
N11,E331,E570,False
N11,E332,E431,True
N11,E332,E462,True
N11,E332,E502,False
N11,E332,E536,True
N11,E333,E449,False
N11,E333,E498,True
N11,E333,E513,False
N11,E333,E545,False
N11,E334,E440,True
N11,E334,E474,False
N11,E335,E564,True
N11,E335,E596,True
N11,E337,E408,False
N11,E337,E582,True
N11,E337,E584,True
N11,E338,E419,False
N11,E338,E549,False
N11,E338,E572,False
N11,E339,E481,False
N11,E339,E489,False
N11,E339,E502,True
N11,E339,E503,False
N11,E340,E402,True
N11,E340,E413,True
N11,E340,E465,False
N11,E340,E566,False
N11,E341,E473,False
N11,E341,E496,False
N11,E342,E580,False
N11,E342,E583,False
N11,E343,E467,False
N11,E344,E469,False
N11,E344,E475,True
N11,E344,E513,True
N11,E344,E523,True
N11,E345,E463,False
N11,E346,E504,True
N11,E346,E523,False
N11,E346,E542,False
N11,E347,E590,False
N11,E348,E494,True
N11,E348,E553,False
N11,E348,E554,False
N11,E348,E557,False
N11,E349,E521,False
N11,E349,E527,False
N11,E350,E414,False
N11,E350,E426,True
N11,E350,E543,False
N11,E351,E458,False
N11,E351,E462,False
N11,E351,E515,False
N11,E351,E528,True
N11,E351,E558,False
N11,E351,E584,False
N11,E352,E516,False
N11,E353,E428,True
N11,E353,E480,False
N11,E353,E495,True
N11,E353,E555,True
N11,E354,E442,True
N11,E355,E531,False
N11,E355,E565,False
N11,E356,E495,False
N11,E356,E535,False
N11,E356,E592,True
N11,E357,E455,False
N11,E357,E470,False
N11,E357,E514,False
N11,E357,E564,False
N11,E358,E484,True
N11,E358,E517,False
N11,E359,E439,False
N11,E360,E442,False
N11,E360,E448,True
N11,E360,E474,False
N11,E361,E460,False
N11,E361,E508,False
N11,E361,E579,False
N11,E362,E448,False
N11,E363,E457,False
N11,E363,E560,True
N11,E363,E570,False
N11,E364,E423,False
N11,E364,E565,True
N11,E364,E598,False
N11,E365,E474,False
N11,E365,E512,False
N11,E365,E540,True
N11,E366,E404,False
N11,E366,E559,True
N11,E367,E408,True
N11,E367,E440,False
N11,E367,E465,True
N11,E367,E532,False
N11,E368,E555,False
N11,E369,E434,False
N11,E369,E487,False
N11,E370,E597,False
N11,E371,E504,False
N11,E371,E538,False
N11,E372,E411,False
N11,E372,E426,False
N11,E372,E446,True
N11,E372,E447,True
N11,E373,E422,True
N11,E373,E468,False
N11,E373,E482,True
N11,E373,E527,False
N11,E373,E534,False
N11,E373,E560,False
N11,E374,E425,True
N11,E374,E427,False
N11,E374,E484,False
N11,E374,E522,False
N11,E374,E557,False
N11,E375,E433,True
N11,E375,E486,False
N11,E375,E581,True
N11,E375,E586,True
N11,E375,E591,False
N11,E376,E461,True
N11,E376,E477,True
N11,E376,E544,True
N11,E378,E407,False
N11,E378,E466,True
N11,E378,E540,False
N11,E379,E447,False
N11,E379,E463,True
N11,E379,E472,False
N11,E379,E485,False
N11,E380,E453,True
N11,E380,E535,False
N11,E380,E569,False
N11,E381,E469,False
N11,E381,E485,False
N11,E381,E521,False
N11,E381,E554,True
N11,E382,E406,False
N11,E382,E464,False
N11,E382,E500,False
N11,E383,E417,False
N11,E383,E587,False
N11,E383,E594,False
N11,E384,E437,False
N11,E384,E544,False
N11,E384,E567,False
N11,E385,E452,True
N11,E385,E510,True
N11,E385,E574,False
N11,E386,E414,True
N11,E386,E418,False
N11,E386,E421,False
N11,E386,E515,False
N11,E386,E555,False
N11,E386,E570,False
N11,E387,E421,True
N11,E387,E557,False
N11,E387,E566,False
N11,E387,E575,True
N11,E388,E447,False
N11,E388,E454,True
N11,E388,E456,False
N11,E388,E483,False
N11,E388,E539,False
N11,E388,E597,True
N11,E389,E403,False
N11,E389,E425,False
N11,E389,E532,False
N11,E389,E541,True
N11,E390,E497,False
N11,E391,E411,True
N11,E392,E547,False
N11,E392,E584,False
N11,E393,E415,False
N11,E393,E443,False
N11,E393,E480,False
N11,E393,E545,False
N11,E393,E564,False
N11,E394,E431,False
N11,E394,E479,False
N11,E394,E520,True
N11,E394,E537,True
N11,E395,E444,False
N11,E395,E518,False
N11,E396,E448,False
N11,E396,E489,True
N11,E397,E424,False
N11,E397,E429,True
N11,E397,E470,False
N11,E397,E525,True
N11,E397,E598,False
N11,E398,E493,True
N11,E398,E512,False
N11,E398,E534,True
N11,E400,E720,False
N11,E401,E612,False
N11,E401,E785,True
N11,E402,E643,False
N11,E403,E684,False
N11,E404,E660,False
N11,E404,E693,True
N11,E404,E699,False
N11,E404,E746,True
N11,E404,E793,False
N11,E405,E673,False
N11,E405,E752,False
N11,E405,E782,False
N11,E406,E665,True
N11,E406,E675,True
N11,E406,E676,False
N11,E406,E717,True
N11,E406,E780,False
N11,E407,E641,True
N11,E407,E711,False
N11,E407,E720,True
N11,E407,E752,True
N11,E408,E611,False
N11,E409,E608,False
N11,E409,E629,False
N11,E409,E722,False
N11,E410,E612,True
N11,E410,E671,False
N11,E410,E706,True
N11,E410,E717,False
N11,E410,E719,True
N11,E410,E760,True
N11,E410,E762,False
N11,E410,E791,False
N11,E411,E681,False
N11,E411,E728,True
N11,E411,E748,False
N11,E412,E679,False
N11,E412,E699,False
N11,E413,E601,False
N11,E413,E625,True
N11,E413,E653,True
N11,E413,E685,False
N11,E413,E699,True
N11,E414,E605,False
N11,E414,E610,False
N11,E414,E647,False
N11,E415,E610,False
N11,E415,E614,False
N11,E415,E632,False
N11,E415,E700,True
N11,E415,E707,False
N11,E415,E735,True
N11,E415,E765,True
N11,E416,E618,False
N11,E416,E643,True
N11,E416,E689,False
N11,E416,E697,True
N11,E416,E713,False
N11,E416,E730,False
N11,E416,E769,False
N11,E416,E788,False
N11,E417,E615,False
N11,E417,E649,False
N11,E417,E656,False
N11,E417,E658,False
N11,E418,E719,False
N11,E418,E728,False
N11,E419,E758,False
N11,E420,E605,True
N11,E420,E636,False
N11,E420,E680,False
N11,E420,E718,False
N11,E420,E741,False
N11,E420,E746,False
N11,E420,E771,False
N11,E420,E789,False
N11,E421,E631,False
N11,E421,E693,False
N11,E421,E745,False
N11,E421,E759,False
N11,E421,E775,False
N11,E422,E630,False
N11,E422,E697,False
N11,E422,E704,False
N11,E422,E782,False
N11,E423,E669,False
N11,E424,E618,False
N11,E424,E653,False
N11,E424,E659,False
N11,E425,E677,False
N11,E426,E633,True
N11,E427,E707,True
N11,E427,E716,False
N11,E427,E718,False
N11,E427,E748,False
N11,E428,E696,False
N11,E428,E721,False
N11,E428,E758,True
N11,E429,E665,False
N11,E429,E694,False
N11,E429,E793,False
N11,E430,E657,True
N11,E430,E662,True
N11,E430,E767,True
N11,E431,E628,False
N11,E431,E698,True
N11,E431,E758,False
N11,E432,E762,True
N11,E432,E764,True
N11,E433,E676,False
N11,E433,E683,False
N11,E433,E723,True
N11,E433,E737,True
N11,E434,E655,False
N11,E434,E716,False
N11,E435,E693,False
N11,E435,E783,False
N11,E436,E713,False
N11,E436,E779,True
N11,E436,E788,True
N11,E437,E629,False
N11,E437,E663,False
N11,E437,E670,False
N11,E437,E765,False
N11,E438,E710,False
N11,E438,E755,False
N11,E439,E607,False
N11,E439,E615,True
N11,E439,E621,True
N11,E439,E625,False
N11,E439,E650,True
N11,E439,E710,False
N11,E439,E727,False
N11,E440,E605,False
N11,E441,E666,False
N11,E441,E670,True
N11,E443,E703,False
N11,E443,E747,False
N11,E443,E774,False
N11,E444,E698,False
N11,E445,E679,False
N11,E445,E680,True
N11,E445,E688,True
N11,E445,E749,False
N11,E445,E750,True
N11,E445,E778,True
N11,E446,E646,True
N11,E446,E777,False
N11,E447,E604,False
N11,E447,E697,False
N11,E448,E623,False
N11,E448,E632,False
N11,E448,E637,False
N11,E448,E695,False
N11,E448,E774,True
N11,E448,E793,False
N11,E450,E617,False
N11,E450,E692,False
N11,E450,E701,False
N11,E450,E737,False
N11,E450,E762,False
N11,E450,E779,False
N11,E450,E798,True
N11,E451,E606,True
N11,E451,E638,True
N11,E451,E707,False
N11,E451,E709,False
N11,E451,E727,False
N11,E452,E601,False
N11,E452,E674,False
N11,E453,E667,False
N11,E453,E776,False
N11,E454,E678,False
N11,E454,E705,False
N11,E454,E750,False
N11,E455,E672,True
N11,E455,E683,False
N11,E455,E747,False
N11,E455,E763,False
N11,E455,E770,True
N11,E457,E622,True
N11,E457,E627,False
N11,E457,E729,False
N11,E457,E772,False
N11,E458,E636,False
N11,E458,E640,True
N11,E458,E704,False
N11,E458,E706,False
N11,E459,E620,False
N11,E460,E686,False
N11,E461,E624,False
N11,E461,E681,False
N11,E461,E787,False
N11,E462,E630,True
N11,E462,E700,False
N11,E462,E761,False
N11,E463,E608,True
N11,E463,E644,True
N11,E463,E653,False
N11,E463,E752,False
N11,E463,E769,False
N11,E463,E771,True
N11,E463,E772,True
N11,E464,E642,False
N11,E464,E690,True
N11,E464,E726,True
N11,E464,E743,True
N11,E465,E625,False
N11,E466,E619,False
N11,E466,E713,False
N11,E466,E730,True
N11,E466,E732,False
N11,E467,E736,False
N11,E468,E633,False
N11,E468,E649,True
N11,E468,E664,False
N11,E468,E742,False
N11,E469,E647,False
N11,E469,E660,False
N11,E469,E666,True
N11,E470,E617,False
N11,E470,E636,True
N11,E471,E623,False
N11,E471,E642,False
N11,E471,E692,False
N11,E471,E712,False
N11,E472,E669,True
N11,E472,E687,False
N11,E472,E711,True
N11,E472,E724,True
N11,E473,E632,False
N11,E473,E731,False
N11,E473,E739,True
N11,E474,E618,False
N11,E474,E637,False
N11,E474,E658,True
N11,E474,E782,False
N11,E475,E787,False
N11,E476,E747,True
N11,E476,E756,False
N11,E477,E600,False
N11,E477,E745,False
N11,E477,E795,False
N11,E477,E797,False
N11,E478,E607,True
N11,E478,E616,False
N11,E478,E619,False
N11,E478,E750,False
N11,E478,E768,False
N11,E479,E635,True
N11,E479,E654,True
N11,E479,E685,True
N11,E480,E629,False
N11,E480,E720,False
N11,E480,E776,True
N11,E481,E704,False
N11,E481,E742,False
N11,E482,E738,False
N11,E482,E741,False
N11,E482,E756,False
N11,E482,E763,True
N11,E483,E687,True
N11,E484,E755,False
N11,E485,E691,True
N11,E486,E683,True
N11,E486,E735,False
N11,E487,E696,False
N11,E487,E711,False
N11,E487,E783,False
N11,E487,E792,False
N11,E488,E614,False
N11,E488,E682,True
N11,E489,E606,False
N11,E489,E656,True
N11,E489,E739,False
N11,E489,E763,False
N11,E490,E602,False
N11,E490,E657,False
N11,E490,E709,False
N11,E490,E787,True
N11,E491,E640,False
N11,E491,E691,False
N11,E491,E728,False
N11,E492,E660,True
N11,E492,E731,False
N11,E493,E601,True
N11,E493,E650,False
N11,E493,E686,True
N11,E493,E712,False
N11,E493,E778,False
N11,E494,E611,True
N11,E494,E618,True
N11,E494,E652,False
N11,E494,E793,True
N11,E495,E732,False
N11,E495,E755,True
N11,E495,E771,False
N11,E496,E613,False
N11,E496,E666,False
N11,E496,E795,True
N11,E497,E617,False
N11,E497,E623,True
N11,E497,E756,False
N11,E497,E766,False
N11,E498,E723,False
N11,E499,E624,False
N11,E499,E710,True
N11,E499,E715,True
N11,E499,E752,False
N11,E499,E767,False
N11,E500,E600,True
N11,E500,E626,True
N11,E500,E770,False
N11,E500,E775,True
N11,E501,E667,True
N11,E501,E685,False
N11,E501,E754,False
N11,E502,E625,False
N11,E503,E789,False
N11,E504,E780,False
N11,E505,E667,False
N11,E505,E685,False
N11,E507,E606,False
N11,E507,E741,True
N11,E507,E759,True
N11,E507,E790,True
N11,E508,E614,False
N11,E509,E684,True
N11,E509,E724,False
N11,E509,E728,False
N11,E509,E734,True
N11,E509,E761,False
N11,E510,E690,False
N11,E510,E792,False
N11,E511,E638,False
N11,E511,E705,False
N11,E511,E731,False
N11,E512,E669,False
N11,E512,E717,False
N11,E512,E790,False
N11,E512,E796,False
N11,E513,E664,False
N11,E513,E672,False
N11,E513,E761,True
N11,E514,E694,True
N11,E514,E713,True
N11,E514,E755,False
N11,E515,E622,False
N11,E515,E681,True
N11,E515,E725,False
N11,E515,E777,True
N11,E516,E631,True
N11,E516,E640,False
N11,E516,E708,True
N11,E516,E744,False
N11,E517,E603,True
N11,E517,E718,True
N11,E517,E729,False
N11,E517,E759,False
N11,E518,E641,False
N11,E518,E642,False
N11,E518,E672,False
N11,E518,E751,False
N11,E519,E688,False
N11,E519,E691,False
N11,E519,E709,True
N11,E519,E730,False
N11,E519,E731,True
N11,E520,E676,False
N11,E520,E736,False
N11,E521,E629,True
N11,E521,E740,False
N11,E522,E646,False
N11,E522,E716,True
N11,E522,E763,False
N11,E523,E633,False
N11,E523,E668,False
N11,E524,E603,False
N11,E524,E643,False
N11,E524,E721,False
N11,E524,E754,True
N11,E525,E624,True
N11,E525,E702,True
N11,E526,E651,True
N11,E526,E703,True
N11,E527,E615,False
N11,E527,E639,True
N11,E527,E748,False
N11,E527,E786,True
N11,E528,E702,False
N11,E528,E744,True
N11,E530,E609,True
N11,E530,E686,False
N11,E531,E640,False
N11,E531,E715,False
N11,E532,E621,False
N11,E532,E637,False
N11,E532,E799,True
N11,E533,E616,True
N11,E533,E722,False
N11,E533,E753,True
N11,E533,E797,False
N11,E534,E675,False
N11,E534,E714,True
N11,E534,E733,False
N11,E534,E766,True
N11,E534,E780,False
N11,E535,E645,True
N11,E535,E672,False
N11,E535,E702,False
N11,E535,E786,False
N11,E538,E654,False
N11,E539,E626,False
N11,E539,E659,True
N11,E539,E703,False
N11,E540,E701,True
N11,E541,E605,False
N11,E541,E609,False
N11,E541,E693,False
N11,E542,E634,False
N11,E542,E684,False
N11,E542,E741,False
N11,E542,E756,True
N11,E542,E759,False
N11,E542,E789,True
N11,E543,E628,True
N11,E543,E676,True
N11,E543,E733,True
N11,E543,E749,True
N11,E544,E648,True
N11,E544,E666,False
N11,E544,E730,False
N11,E544,E754,False
N11,E544,E795,False
N11,E545,E652,True
N11,E545,E784,False
N11,E545,E798,False
N11,E546,E667,False
N11,E546,E715,False
N11,E546,E748,True
N11,E546,E773,False
N11,E547,E718,False
N11,E548,E615,False
N11,E548,E659,False
N11,E548,E698,False
N11,E548,E715,False
N11,E548,E781,True
N11,E548,E784,True
N11,E548,E797,True
N11,E549,E689,True
N11,E549,E782,True
N11,E550,E653,False
N11,E550,E712,True
N11,E550,E760,False
N11,E551,E743,False
N11,E551,E744,False
N11,E552,E642,True
N11,E552,E679,False
N11,E552,E736,False
N11,E552,E768,True
N11,E553,E686,False
N11,E553,E690,False
N11,E553,E796,False
N11,E554,E643,False
N11,E554,E661,False
N11,E555,E717,False
N11,E556,E609,False
N11,E556,E613,True
N11,E556,E627,True
N11,E556,E708,False
N11,E556,E732,False
N11,E557,E658,False
N11,E557,E736,True
N11,E558,E723,False
N11,E558,E766,False
N11,E559,E688,False
N11,E559,E744,False
N11,E559,E794,False
N11,E560,E630,False
N11,E560,E753,False
N11,E561,E634,True
N11,E561,E705,True
N11,E562,E646,False
N11,E562,E776,False
N11,E563,E620,False
N11,E563,E627,False
N11,E563,E664,True
N11,E564,E633,False
N11,E564,E680,False
N11,E564,E776,False
N11,E565,E619,True
N11,E565,E620,True
N11,E565,E663,True
N11,E565,E688,False
N11,E565,E714,False
N11,E565,E761,False
N11,E566,E604,True
N11,E566,E696,True
N11,E566,E725,True
N11,E567,E671,True
N11,E567,E707,False
N11,E567,E738,False
N11,E567,E784,False
N11,E568,E614,True
N11,E568,E673,True
N11,E568,E680,False
N11,E568,E682,False
N11,E568,E734,False
N11,E568,E742,True
N11,E568,E768,False
N11,E568,E791,False
N11,E570,E674,False
N11,E570,E738,True
N11,E570,E785,False
N11,E571,E627,False
N11,E572,E632,True
N11,E572,E650,False
N11,E572,E661,True
N11,E572,E668,False
N11,E572,E727,False
N11,E572,E751,True
N11,E572,E773,False
N11,E572,E781,False
N11,E573,E677,True
N11,E573,E695,True
N11,E573,E721,True
N11,E573,E745,True
N11,E574,E656,False
N11,E574,E657,False
N11,E574,E692,True
N11,E574,E697,False
N11,E574,E709,False
N11,E575,E600,False
N11,E575,E602,True
N11,E575,E654,False
N11,E575,E679,True
N11,E576,E648,False
N11,E576,E650,False
N11,E576,E725,False
N11,E576,E743,False
N11,E578,E757,False
N11,E578,E779,False
N11,E579,E663,False
N11,E579,E787,False
N11,E579,E792,True
N11,E580,E662,False
N11,E581,E689,False
N11,E581,E740,True
N11,E582,E611,False
N11,E582,E674,True
N11,E582,E727,True
N11,E582,E783,True
N11,E582,E796,True
N11,E583,E637,True
N11,E583,E668,True
N11,E583,E794,False
N11,E584,E645,False
N11,E585,E610,True
N11,E585,E743,False
N11,E585,E773,False
N11,E586,E635,False
N11,E586,E678,True
N11,E586,E698,False
N11,E586,E724,False
N11,E586,E749,False
N11,E586,E791,True
N11,E587,E639,False
N11,E588,E722,True
N11,E588,E729,True
N11,E590,E648,False
N11,E591,E651,False
N11,E591,E687,False
N11,E591,E719,False
N11,E592,E773,True
N11,E593,E710,False
N11,E594,E611,False
N11,E594,E792,False
N11,E595,E656,False
N11,E595,E658,False
N11,E595,E704,True
N11,E595,E721,False
N11,E595,E745,False
N11,E595,E769,True
N11,E596,E617,True
N11,E596,E794,True
N11,E597,E621,False
N11,E597,E644,False
N11,E597,E647,True
N11,E597,E726,False
N11,E597,E799,False
N11,E598,E655,True
N11,E598,E732,True
N11,E598,E775,False
N11,E599,E613,False
N11,E599,E624,False
N11,E599,E635,False
N11,E599,E757,True
N11,E599,E764,False
N11,E599,E765,False
N11,E599,E780,True
N11,E599,E799,False
N11,E600,E855,False
N11,E600,E888,True
N11,E600,E910,False
N11,E601,E807,True
N11,E601,E828,True
N11,E601,E942,False
N11,E602,E871,True
N11,E602,E967,False
N11,E603,E994,True
N11,E604,E835,False
N11,E604,E865,False
N11,E605,E821,True
N11,E605,E838,False
N11,E606,E885,False
N11,E606,E949,False
N11,E608,E847,True
N11,E608,E905,False
N11,E609,E904,False
N11,E609,E932,True
N11,E609,E945,False
N11,E609,E979,False
N11,E610,E800,False
N11,E610,E827,False
N11,E610,E828,False
N11,E610,E847,False
N11,E610,E894,True
N11,E611,E888,False
N11,E612,E859,False
N11,E612,E895,False
N11,E612,E898,True
N11,E613,E810,False
N11,E613,E825,True
N11,E613,E836,True
N11,E613,E953,False
N11,E613,E967,False
N11,E613,E968,False
N11,E614,E902,False
N11,E614,E929,True
N11,E614,E959,False
N11,E614,E996,False
N11,E615,E807,False
N11,E615,E868,False
N11,E615,E962,False
N11,E615,E972,True
N11,E615,E977,False
N11,E616,E878,True
N11,E616,E916,True
N11,E619,E881,False
N11,E619,E896,False
N11,E620,E806,False
N11,E620,E872,False
N11,E620,E922,False
N11,E620,E986,False
N11,E620,E987,False
N11,E620,E997,True
N11,E621,E946,True
N11,E622,E839,True
N11,E622,E885,False
N11,E622,E987,False
N11,E623,E835,True
N11,E623,E919,False
N11,E623,E959,True
N11,E624,E843,False
N11,E624,E958,False
N11,E625,E983,False
N11,E626,E832,False
N11,E626,E908,False
N11,E627,E835,False
N11,E627,E873,False
N11,E627,E934,True
N11,E627,E980,False
N11,E627,E992,True
N11,E629,E802,False
N11,E629,E818,True
N11,E629,E868,True
N11,E629,E936,False
N11,E629,E940,False
N11,E629,E975,True
N11,E630,E831,False
N11,E630,E903,False
N11,E630,E910,False
N11,E630,E958,False
N11,E631,E851,True
N11,E631,E861,False
N11,E631,E966,False
N11,E633,E828,False
N11,E633,E925,False
N11,E633,E980,False
N11,E634,E897,True
N11,E635,E852,True
N11,E635,E944,True
N11,E637,E849,False
N11,E637,E852,False
N11,E638,E953,False
N11,E638,E959,False
N11,E639,E853,False
N11,E639,E890,False
N11,E639,E935,True
N11,E639,E937,False
N11,E639,E939,False
N11,E639,E953,True
N11,E639,E961,False
N11,E640,E895,False
N11,E640,E972,False
N11,E641,E830,False
N11,E641,E917,False
N11,E642,E871,False
N11,E642,E889,False
N11,E642,E927,False
N11,E643,E915,False
N11,E643,E965,False
N11,E643,E984,False
N11,E644,E805,True
N11,E644,E848,True
N11,E644,E873,False
N11,E644,E977,True
N11,E645,E906,False
N11,E645,E912,True
N11,E645,E968,True
N11,E645,E993,False
N11,E646,E913,True
N11,E647,E889,False
N11,E647,E905,True
N11,E647,E920,False
N11,E647,E969,False
N11,E648,E821,False
N11,E648,E995,True
N11,E649,E935,False
N11,E650,E857,False
N11,E650,E908,False
N11,E650,E926,True
N11,E650,E970,False
N11,E651,E815,False
N11,E651,E843,True
N11,E651,E867,False
N11,E651,E971,False
N11,E652,E819,False
N11,E652,E960,True
N11,E652,E991,True
N11,E653,E842,False
N11,E653,E892,True
N11,E653,E920,True
N11,E653,E945,True
N11,E653,E995,False
N11,E654,E817,True
N11,E654,E856,False
N11,E654,E954,False
N11,E655,E803,True
N11,E655,E815,True
N11,E655,E838,False
N11,E655,E930,True
N11,E656,E891,False
N11,E656,E917,True
N11,E656,E951,True
N11,E656,E994,False
N11,E657,E853,False
N11,E657,E854,True
N11,E657,E886,False
N11,E657,E907,False
N11,E657,E979,True
N11,E658,E841,False
N11,E658,E891,False
N11,E658,E981,False
N11,E659,E810,False
N11,E659,E869,True
N11,E659,E916,False
N11,E659,E923,True
N11,E659,E996,False
N11,E660,E809,False
N11,E660,E845,True
N11,E660,E870,True
N11,E660,E958,True
N11,E661,E831,True
N11,E661,E849,False
N11,E661,E851,False
N11,E662,E901,False
N11,E662,E996,False
N11,E663,E831,False
N11,E663,E911,False
N11,E663,E914,False
N11,E663,E925,False
N11,E663,E927,True
N11,E663,E981,True
N11,E663,E983,False
N11,E664,E975,False
N11,E664,E979,False
N11,E665,E812,False
N11,E665,E872,True
N11,E666,E883,True
N11,E666,E985,True
N11,E666,E998,False
N11,E667,E877,False
N11,E668,E923,False
N11,E668,E988,False
N11,E669,E862,False
N11,E669,E938,True
N11,E671,E808,False
N11,E671,E820,True
N11,E671,E825,False
N11,E671,E881,True
N11,E671,E912,False
N11,E671,E992,False
N11,E672,E900,True
N11,E672,E943,False
N11,E672,E947,False
N11,E672,E950,False
N11,E673,E811,False
N11,E673,E884,False
N11,E673,E982,False
N11,E674,E820,False
N11,E674,E841,False
N11,E674,E893,True
N11,E674,E899,False
N11,E674,E936,False
N11,E674,E937,False
N11,E674,E950,True
N11,E675,E826,True
N11,E675,E879,True
N11,E675,E890,True
N11,E675,E895,True
N11,E675,E938,False
N11,E676,E804,False
N11,E677,E802,True
N11,E677,E849,True
N11,E677,E877,True
N11,E677,E990,True
N11,E678,E881,False
N11,E679,E864,False
N11,E679,E877,False
N11,E680,E943,False
N11,E680,E979,False
N11,E680,E998,False
N11,E681,E830,True
N11,E681,E834,True
N11,E681,E929,False
N11,E682,E814,False
N11,E682,E897,False
N11,E682,E924,False
N11,E683,E856,False
N11,E683,E859,False
N11,E683,E874,False
N11,E684,E833,False
N11,E684,E960,False
N11,E685,E808,True
N11,E685,E870,False
N11,E686,E860,False
N11,E687,E898,False
N11,E688,E808,False
N11,E688,E823,False
N11,E689,E862,False
N11,E689,E899,True
N11,E689,E923,False
N11,E689,E991,False
N11,E690,E803,False
N11,E690,E833,True
N11,E691,E848,False
N11,E691,E941,True
N11,E691,E964,False
N11,E691,E972,False
N11,E692,E812,True
N11,E692,E823,True
N11,E692,E863,True
N11,E692,E878,False
N11,E692,E880,False
N11,E692,E957,False
N11,E693,E829,False
N11,E693,E840,False
N11,E693,E887,False
N11,E693,E908,False
N11,E693,E965,False
N11,E694,E972,False
N11,E695,E835,False
N11,E695,E961,False
N11,E696,E836,False
N11,E696,E930,False
N11,E697,E966,True
N11,E697,E978,True
N11,E698,E805,False
N11,E698,E834,False
N11,E698,E840,True
N11,E698,E867,True
N11,E698,E873,True
N11,E698,E901,True
N11,E698,E931,False
N11,E699,E828,False
N11,E699,E848,False
N11,E699,E987,True
N11,E700,E845,False
N11,E700,E856,True
N11,E701,E824,True
N11,E701,E868,False
N11,E702,E804,True
N11,E702,E816,False
N11,E702,E824,False
N11,E703,E827,True
N11,E703,E859,True
N11,E703,E973,False
N11,E704,E838,True
N11,E704,E919,False
N11,E704,E931,True
N11,E704,E967,False
N11,E705,E943,True
N11,E706,E816,True
N11,E706,E926,False
N11,E706,E954,True
N11,E706,E958,False
N11,E706,E983,True
N11,E707,E892,False
N11,E707,E993,True
N11,E708,E853,True
N11,E708,E857,False
N11,E708,E926,False
N11,E708,E997,False
N11,E709,E834,False
N11,E709,E842,True
N11,E709,E946,False
N11,E709,E980,True
N11,E709,E988,True
N11,E710,E804,False
N11,E710,E859,False
N11,E710,E897,False
N11,E710,E963,False
N11,E710,E980,False
N11,E711,E808,False
N11,E711,E846,True
N11,E711,E905,False
N11,E711,E936,False
N11,E711,E952,False
N11,E712,E915,False
N11,E712,E919,False
N11,E712,E929,False
N11,E712,E946,False
N11,E712,E963,True
N11,E712,E976,False
N11,E713,E860,True
N11,E713,E976,False
N11,E714,E801,False
N11,E714,E837,True
N11,E714,E854,False
N11,E715,E880,False
N11,E715,E902,False
N11,E715,E948,True
N11,E715,E985,False
N11,E716,E864,True
N11,E716,E895,False
N11,E716,E943,False
N11,E717,E844,False
N11,E717,E865,True
N11,E717,E873,False
N11,E717,E921,True
N11,E717,E969,True
N11,E717,E977,False
N11,E718,E851,False
N11,E718,E909,False
N11,E718,E914,True
N11,E719,E803,False
N11,E719,E813,True
N11,E719,E874,False
N11,E719,E969,False
N11,E720,E813,False
N11,E720,E885,False
N11,E721,E903,False
N11,E723,E922,True
N11,E725,E906,False
N11,E726,E844,True
N11,E726,E867,False
N11,E726,E893,False
N11,E726,E941,False
N11,E726,E950,False
N11,E726,E982,True
N11,E727,E940,True
N11,E727,E942,True
N11,E727,E955,False
N11,E728,E823,False
N11,E728,E891,False
N11,E728,E962,True
N11,E729,E879,False
N11,E729,E900,False
N11,E730,E810,True
N11,E730,E880,True
N11,E730,E965,True
N11,E731,E883,False
N11,E731,E952,True
N11,E732,E822,False
N11,E732,E864,False
N11,E733,E891,True
N11,E733,E950,False
N11,E734,E818,False
N11,E734,E911,True
N11,E735,E896,True
N11,E735,E933,True
N11,E736,E870,False
N11,E736,E906,True
N11,E736,E960,False
N11,E737,E832,True
N11,E737,E850,False
N11,E737,E989,False
N11,E738,E939,True
N11,E738,E957,False
N11,E738,E974,False
N11,E739,E843,False
N11,E739,E846,False
N11,E739,E875,True
N11,E739,E951,False
N11,E739,E994,False
N11,E740,E804,False
N11,E740,E841,True
N11,E740,E902,True
N11,E740,E919,True
N11,E740,E960,False
N11,E741,E939,False
N11,E742,E807,False
N11,E742,E837,False
N11,E742,E850,True
N11,E742,E855,True
N11,E742,E989,False
N11,E743,E823,False
N11,E743,E909,False
N11,E743,E912,False
N11,E744,E875,False
N11,E744,E904,False
N11,E744,E915,True
N11,E744,E967,True
N11,E745,E858,True
N11,E745,E924,False
N11,E745,E961,True
N11,E746,E814,True
N11,E746,E819,True
N11,E746,E866,True
N11,E746,E894,False
N11,E746,E925,True
N11,E746,E990,False
N11,E747,E942,False
N11,E747,E976,True
N11,E749,E927,False
N11,E749,E928,False
N11,E750,E921,False
N11,E750,E999,False
N11,E751,E800,True
N11,E751,E817,False
N11,E751,E884,False
N11,E751,E929,False
N11,E751,E949,True
N11,E751,E996,True
N11,E752,E856,False
N11,E752,E889,True
N11,E752,E905,False
N11,E752,E936,True
N11,E752,E945,False
N11,E753,E872,False
N11,E753,E922,False
N11,E753,E978,False
N11,E753,E992,False
N11,E754,E885,True
N11,E754,E915,False
N11,E754,E948,False
N11,E754,E956,False
N11,E755,E807,False
N11,E755,E876,False
N11,E755,E977,False
N11,E756,E824,False
N11,E756,E862,True
N11,E756,E888,False
N11,E756,E909,True
N11,E756,E928,True
N11,E756,E956,True
N11,E756,E963,False
N11,E757,E970,True
N11,E757,E999,False
N11,E758,E881,False
N11,E758,E887,True
N11,E759,E809,True
N11,E759,E815,False
N11,E759,E830,False
N11,E759,E889,False
N11,E759,E957,True
N11,E760,E809,False
N11,E760,E926,False
N11,E761,E826,False
N11,E761,E985,False
N11,E762,E821,False
N11,E763,E880,False
N11,E764,E932,False
N11,E765,E902,False
N11,E765,E925,False
N11,E766,E810,False
N11,E766,E899,False
N11,E766,E968,False
N11,E767,E904,True
N11,E768,E845,False
N11,E768,E876,True
N11,E768,E938,False
N11,E769,E801,True
N11,E769,E900,False
N11,E769,E987,False
N11,E770,E813,False
N11,E770,E864,False
N11,E770,E955,True
N11,E770,E994,False
N11,E771,E884,True
N11,E771,E931,False
N11,E771,E984,False
N11,E772,E882,False
N11,E772,E884,False
N11,E773,E945,False
N11,E773,E951,False
N11,E774,E802,False
N11,E774,E858,False
N11,E774,E921,False
N11,E774,E928,False
N11,E774,E944,False
N11,E774,E948,False
N11,E776,E839,False
N11,E776,E964,True
N11,E777,E838,False
N11,E777,E907,True
N11,E777,E918,True
N11,E777,E953,False
N11,E777,E984,False
N11,E780,E937,True
N11,E781,E833,False
N11,E781,E846,False
N11,E781,E855,False
N11,E781,E862,False
N11,E781,E863,False
N11,E781,E948,False
N11,E781,E973,True
N11,E783,E860,False
N11,E784,E845,False
N11,E784,E989,True
N11,E785,E984,True
N11,E786,E829,True
N11,E787,E812,False
N11,E787,E882,True
N11,E787,E928,False
N11,E787,E932,False
N11,E787,E947,True
N11,E787,E998,True
N11,E789,E816,False
N11,E789,E866,False
N11,E789,E913,False
N11,E789,E918,False
N11,E789,E930,False
N11,E789,E982,False
N11,E790,E857,True
N11,E790,E874,True
N11,E790,E876,False
N11,E790,E916,False
N11,E790,E946,False
N11,E790,E976,False
N11,E791,E931,False
N11,E791,E971,True
N11,E792,E806,True
N11,E792,E819,False
N11,E792,E831,False
N11,E792,E910,True
N11,E792,E920,False
N11,E793,E822,True
N11,E793,E869,False
N11,E793,E903,True
N11,E793,E908,True
N11,E793,E930,False
N11,E793,E934,False
N11,E794,E834,False
N11,E794,E861,True
N11,E794,E886,True
N11,E794,E907,False
N11,E794,E983,False
N11,E794,E989,False
N11,E795,E820,False
N11,E795,E933,False
N11,E796,E924,True
N11,E796,E974,True
N11,E797,E811,True
N11,E797,E872,False
N11,E797,E986,True
N11,E799,E959,False
N11,E799,E965,False
N11,E799,E999,True
N12,E000,E268,False
N12,E000,E368,False
N12,E001,E285,False
N12,E001,E299,False
N12,E001,E362,False
N12,E002,E286,False
N12,E003,E220,True
N12,E003,E325,True
N12,E003,E344,True
N12,E003,E389,False
N12,E003,E392,True
N12,E004,E209,False
N12,E004,E317,False
N12,E004,E358,False
N12,E004,E397,True
N12,E005,E260,False
N12,E005,E346,False
N12,E006,E322,False
N12,E007,E200,False
N12,E007,E236,False
N12,E007,E384,True
N12,E008,E210,True
N12,E008,E375,False
N12,E008,E376,True
N12,E009,E229,False
N12,E009,E242,True
N12,E009,E355,False
N12,E009,E373,False
N12,E010,E250,False
N12,E011,E226,False
N12,E011,E262,False
N12,E011,E318,True
N12,E011,E333,False
N12,E012,E257,False
N12,E013,E218,True
N12,E013,E273,False
N12,E014,E222,False
N12,E014,E322,False
N12,E014,E328,True
N12,E014,E395,True
N12,E015,E279,False
N12,E015,E354,True
N12,E016,E368,False
N12,E017,E230,False
N12,E017,E257,False
N12,E017,E326,False
N12,E018,E295,False
N12,E018,E333,False
N12,E018,E363,True
N12,E018,E364,True
N12,E019,E251,True
N12,E019,E269,False
N12,E020,E207,False
N12,E020,E239,False
N12,E020,E253,False
N12,E020,E347,False
N12,E020,E349,True
N12,E020,E396,True
N12,E021,E358,False
N12,E021,E389,False
N12,E023,E265,True
N12,E023,E295,False
N12,E023,E316,True
N12,E023,E350,False
N12,E023,E374,False
N12,E023,E384,False
N12,E024,E214,False
N12,E024,E273,False
N12,E024,E313,False
N12,E024,E361,False
N12,E025,E220,False
N12,E025,E318,False
N12,E025,E337,False
N12,E026,E237,False
N12,E026,E315,True
N12,E026,E317,True
N12,E026,E324,True
N12,E026,E356,False
N12,E026,E389,False
N12,E027,E216,True
N12,E027,E333,True
N12,E028,E206,False
N12,E028,E255,False
N12,E028,E328,False
N12,E028,E397,False
N12,E029,E236,True
N12,E029,E241,True
N12,E030,E204,False
N12,E030,E261,False
N12,E030,E299,False
N12,E030,E327,True
N12,E031,E382,True
N12,E032,E224,False
N12,E032,E267,False
N12,E032,E346,False
N12,E032,E376,False
N12,E032,E379,False
N12,E033,E216,False
N12,E033,E259,False
N12,E034,E208,True
N12,E034,E232,False
N12,E034,E275,True
N12,E034,E282,True
N12,E035,E245,True
N12,E035,E329,True
N12,E036,E235,False
N12,E036,E294,False
N12,E037,E265,False
N12,E037,E277,False
N12,E037,E333,False
N12,E038,E218,False
N12,E039,E239,True
N12,E039,E308,False
N12,E039,E314,False
N12,E039,E399,False
N12,E040,E366,False
N12,E041,E278,True
N12,E041,E348,True
N12,E041,E386,True
N12,E042,E221,True
N12,E042,E250,False
N12,E043,E232,False
N12,E043,E252,False
N12,E044,E249,False
N12,E044,E332,False
N12,E045,E201,False
N12,E045,E222,False
N12,E045,E276,False
N12,E045,E297,True
N12,E045,E323,False
N12,E045,E335,False
N12,E046,E323,True
N12,E046,E371,True
N12,E046,E382,False
N12,E047,E220,False
N12,E048,E214,True
N12,E048,E228,False
N12,E048,E256,True
N12,E049,E299,True
N12,E049,E308,True
N12,E049,E330,True
N12,E050,E227,True
N12,E050,E324,False
N12,E050,E345,False
N12,E050,E372,False
N12,E050,E399,False
N12,E051,E219,False
N12,E051,E231,False
N12,E051,E252,True
N12,E051,E255,True
N12,E051,E359,False
N12,E051,E397,False
N12,E052,E267,True
N12,E052,E365,False
N12,E053,E385,False
N12,E054,E207,False
N12,E054,E294,True
N12,E054,E308,False
N12,E054,E397,False
N12,E055,E325,False
N12,E055,E339,True
N12,E055,E364,False
N12,E055,E385,True
N12,E056,E305,False
N12,E056,E327,False
N12,E056,E387,True
N12,E057,E201,True
N12,E057,E368,True
N12,E057,E396,False
N12,E058,E331,False
N12,E058,E339,False
N12,E058,E370,False
N12,E058,E373,True
N12,E058,E392,False
N12,E059,E233,True
N12,E059,E245,False
N12,E059,E268,True
N12,E059,E330,False
N12,E060,E212,True
N12,E060,E257,True
N12,E060,E272,True
N12,E060,E320,False
N12,E060,E327,False
N12,E062,E281,False
N12,E062,E365,True
N12,E063,E355,True
N12,E063,E377,False
N12,E063,E391,False
N12,E064,E200,False
N12,E064,E228,True
N12,E064,E348,False
N12,E065,E215,False
N12,E065,E219,False
N12,E065,E367,True
N12,E065,E390,False
N12,E065,E393,True
N12,E066,E203,False
N12,E066,E228,False
N12,E066,E292,True
N12,E066,E344,False
N12,E066,E361,False
N12,E067,E214,False
N12,E067,E266,False
N12,E067,E289,True
N12,E067,E338,False
N12,E067,E359,True
N12,E067,E380,True
N12,E067,E383,False
N12,E068,E303,False
N12,E068,E375,False
N12,E068,E388,False
N12,E069,E240,False
N12,E069,E271,False
N12,E069,E302,True
N12,E069,E369,True
N12,E070,E226,True
N12,E070,E227,False
N12,E070,E287,True
N12,E071,E200,True
N12,E071,E274,False
N12,E071,E282,False
N12,E071,E296,True
N12,E071,E329,False
N12,E071,E375,True
N12,E072,E254,False
N12,E072,E353,True
N12,E073,E283,True
N12,E073,E293,True
N12,E073,E358,True
N12,E074,E271,True
N12,E074,E290,False
N12,E074,E311,True
N12,E074,E315,False
N12,E075,E205,False
N12,E075,E259,False
N12,E075,E360,False
N12,E076,E219,True
N12,E076,E391,True
N12,E077,E234,False
N12,E077,E250,True
N12,E077,E346,True
N12,E078,E264,False
N12,E078,E319,False
N12,E078,E369,False
N12,E079,E295,True
N12,E079,E310,False
N12,E080,E246,False
N12,E080,E338,False
N12,E081,E247,False
N12,E081,E257,False
N12,E081,E277,True
N12,E081,E287,False
N12,E081,E340,False
N12,E081,E379,True
N12,E082,E266,False
N12,E082,E285,False
N12,E082,E286,True
N12,E082,E353,False
N12,E082,E398,True
N12,E083,E246,True
N12,E083,E301,False
N12,E083,E309,False
N12,E083,E329,False
N12,E083,E343,False
N12,E084,E235,True
N12,E086,E288,True
N12,E087,E235,False
N12,E087,E390,True
N12,E088,E205,True
N12,E089,E208,False
N12,E089,E275,False
N12,E090,E371,False
N12,E091,E240,True
N12,E091,E243,True
N12,E091,E312,True
N12,E091,E380,False
N12,E092,E258,True
N12,E092,E373,False
N12,E093,E223,False
N12,E093,E225,False
N12,E094,E232,True
N12,E095,E265,False
N12,E095,E273,False
N12,E095,E343,True
N12,E097,E206,False
N12,E097,E284,False
N12,E097,E297,False
N12,E098,E266,True
N12,E098,E299,False
N12,E098,E307,False
N12,E098,E310,True
N12,E098,E388,False
N12,E099,E202,True
N12,E099,E253,True
N12,E099,E378,False
N12,E099,E386,False
N12,E100,E256,False
N12,E100,E394,True
N12,E101,E324,False
N12,E101,E349,False
N12,E102,E202,False
N12,E102,E211,True
N12,E102,E316,False
N12,E102,E351,True
N12,E103,E224,True
N12,E103,E268,False
N12,E103,E291,True
N12,E103,E355,False
N12,E103,E360,False
N12,E105,E243,False
N12,E105,E261,False
N12,E105,E279,True
N12,E106,E361,False
N12,E106,E374,False
N12,E106,E393,False
N12,E107,E252,False
N12,E107,E326,True
N12,E107,E334,True
N12,E108,E342,True
N12,E108,E387,False
N12,E109,E260,False
N12,E109,E274,False
N12,E109,E304,False
N12,E109,E340,True
N12,E110,E270,False
N12,E110,E276,False
N12,E110,E337,True
N12,E111,E203,True
N12,E111,E292,False
N12,E111,E309,True
N12,E111,E313,False
N12,E112,E314,True
N12,E112,E335,False
N12,E112,E398,False
N12,E113,E288,False
N12,E114,E214,False
N12,E114,E236,False
N12,E114,E247,False
N12,E114,E248,False
N12,E114,E264,True
N12,E114,E290,True
N12,E114,E351,False
N12,E115,E230,False
N12,E115,E298,False
N12,E116,E289,False
N12,E117,E237,True
N12,E117,E249,False
N12,E117,E355,False
N12,E119,E335,True
N12,E119,E362,True
N12,E119,E394,False
N12,E120,E221,False
N12,E120,E248,True
N12,E120,E260,False
N12,E121,E209,False
N12,E121,E298,False
N12,E122,E303,True
N12,E123,E247,True
N12,E123,E326,False
N12,E123,E354,False
N12,E123,E370,True
N12,E124,E233,False
N12,E124,E312,False
N12,E124,E352,False
N12,E124,E360,True
N12,E125,E217,True
N12,E125,E283,False
N12,E126,E285,True
N12,E126,E377,True
N12,E127,E262,True
N12,E127,E328,False
N12,E128,E360,False
N12,E129,E203,False
N12,E129,E260,True
N12,E129,E277,False
N12,E131,E242,False
N12,E131,E350,True
N12,E131,E379,False
N12,E131,E388,True
N12,E131,E396,False
N12,E132,E261,False
N12,E132,E300,True
N12,E133,E312,False
N12,E133,E399,True
N12,E134,E244,False
N12,E134,E278,False
N12,E134,E357,False
N12,E135,E212,False
N12,E135,E369,False
N12,E136,E328,False
N12,E137,E210,False
N12,E137,E243,False
N12,E137,E384,False
N12,E138,E212,False
N12,E138,E271,False
N12,E138,E366,True
N12,E138,E396,False
N12,E139,E231,True
N12,E139,E269,False
N12,E139,E290,False
N12,E140,E298,True
N12,E140,E301,True
N12,E140,E341,False
N12,E140,E374,False
N12,E141,E215,True
N12,E141,E274,True
N12,E141,E372,True
N12,E142,E213,True
N12,E142,E244,False
N12,E142,E307,True
N12,E142,E321,True
N12,E142,E363,False
N12,E143,E254,True
N12,E144,E228,False
N12,E144,E256,False
N12,E145,E208,False
N12,E145,E300,False
N12,E145,E321,False
N12,E145,E329,False
N12,E145,E352,False
N12,E146,E243,False
N12,E146,E259,True
N12,E146,E262,False
N12,E148,E256,False
N12,E149,E225,True
N12,E149,E280,False
N12,E150,E280,True
N12,E150,E312,False
N12,E150,E341,False
N12,E150,E381,False
N12,E151,E249,True
N12,E151,E254,False
N12,E151,E296,False
N12,E151,E305,True
N12,E152,E229,True
N12,E152,E265,False
N12,E153,E268,False
N12,E153,E363,False
N12,E153,E398,False
N12,E154,E276,True
N12,E155,E320,False
N12,E156,E204,True
N12,E156,E341,True
N12,E158,E206,False
N12,E158,E255,False
N12,E159,E239,False
N12,E159,E269,True
N12,E159,E343,False
N12,E160,E207,True
N12,E160,E272,False
N12,E160,E311,False
N12,E161,E239,False
N12,E162,E306,True
N12,E163,E238,True
N12,E163,E281,True
N12,E163,E314,False
N12,E164,E266,False
N12,E164,E284,True
N12,E165,E327,False
N12,E166,E247,False
N12,E166,E314,False
N12,E166,E331,False
N12,E167,E325,False
N12,E167,E395,False
N12,E168,E201,False
N12,E168,E357,False
N12,E169,E205,False
N12,E169,E251,False
N12,E169,E322,True
N12,E169,E337,False
N12,E170,E221,False
N12,E170,E244,True
N12,E170,E330,False
N12,E170,E336,False
N12,E170,E346,False
N12,E171,E261,True
N12,E171,E274,False
N12,E172,E209,True
N12,E172,E269,False
N12,E173,E378,False
N12,E174,E202,False
N12,E174,E287,False
N12,E175,E211,False
N12,E175,E270,True
N12,E175,E293,False
N12,E176,E288,False
N12,E176,E313,True
N12,E176,E336,False
N12,E177,E263,False
N12,E178,E272,False
N12,E178,E383,True
N12,E179,E321,False
N12,E179,E338,False
N12,E179,E343,False
N12,E180,E278,False
N12,E180,E323,False
N12,E181,E258,False
N12,E181,E308,False
N12,E181,E317,False
N12,E181,E351,False
N12,E181,E381,False
N12,E182,E217,False
N12,E182,E262,False
N12,E182,E336,True
N12,E183,E213,False
N12,E183,E223,True
N12,E183,E237,False
N12,E183,E291,False
N12,E183,E324,False
N12,E183,E332,True
N12,E184,E217,False
N12,E184,E229,False
N12,E184,E306,False
N12,E184,E319,False
N12,E185,E302,False
N12,E185,E345,True
N12,E185,E357,True
N12,E186,E222,True
N12,E186,E241,False
N12,E186,E374,True
N12,E186,E381,True
N12,E187,E264,False
N12,E187,E293,False
N12,E187,E378,True
N12,E187,E389,True
N12,E188,E278,False
N12,E188,E364,False
N12,E188,E379,False
N12,E189,E291,False
N12,E189,E295,False
N12,E190,E317,False
N12,E190,E361,True
N12,E191,E234,False
N12,E191,E368,False
N12,E192,E315,False
N12,E192,E334,False
N12,E193,E275,False
N12,E193,E334,False
N12,E193,E337,False
N12,E193,E340,False
N12,E193,E344,False
N12,E193,E356,True
N12,E194,E367,False
N12,E195,E221,False
N12,E195,E230,True
N12,E195,E249,False
N12,E195,E263,True
N12,E195,E319,True
N12,E195,E320,True
N12,E195,E334,False
N12,E195,E338,True
N12,E195,E347,True
N12,E195,E372,False
N12,E196,E216,False
N12,E196,E234,True
N12,E196,E304,True
N12,E196,E307,False
N12,E196,E352,True
N12,E197,E238,False
N12,E197,E281,False
N12,E198,E273,True
N12,E198,E336,False
N12,E198,E342,False
N12,E198,E366,False
N12,E198,E372,False
N12,E199,E206,True
N12,E199,E296,False
N12,E199,E331,True
N12,E199,E377,False
N12,E200,E501,False
N12,E200,E548,False
N12,E201,E464,True
N12,E201,E538,True
N12,E202,E447,True
N12,E202,E577,False
N12,E204,E414,False
N12,E205,E508,False
N12,E205,E582,False
N12,E206,E429,False
N12,E206,E438,True
N12,E206,E471,False
N12,E206,E481,False
N12,E206,E492,False
N12,E206,E579,False
N12,E207,E421,True
N12,E207,E473,False
N12,E207,E490,False
N12,E208,E490,False
N12,E208,E555,True
N12,E209,E478,True
N12,E209,E540,False
N12,E209,E554,False
N12,E209,E587,False
N12,E210,E419,True
N12,E210,E455,False
N12,E210,E472,True
N12,E210,E477,True
N12,E210,E515,False
N12,E210,E567,False
N12,E211,E533,False
N12,E211,E553,True
N12,E213,E464,False
N12,E214,E466,False
N12,E215,E506,False
N12,E215,E518,False
N12,E215,E546,False
N12,E216,E475,True
N12,E217,E426,True
N12,E217,E455,True
N12,E217,E513,False
N12,E218,E407,True
N12,E218,E416,True
N12,E218,E442,False
N12,E218,E526,True
N12,E218,E533,False
N12,E219,E470,False
N12,E219,E538,False
N12,E219,E590,False
N12,E220,E400,False
N12,E220,E414,False
N12,E220,E541,True
N12,E220,E579,True
N12,E220,E599,False
N12,E221,E403,True
N12,E221,E428,False
N12,E221,E449,False
N12,E221,E463,True
N12,E222,E458,True
N12,E222,E466,True
N12,E222,E514,True
N12,E222,E558,True
N12,E222,E560,True
N12,E222,E588,False
N12,E223,E454,False
N12,E223,E580,False
N12,E224,E404,False
N12,E224,E522,False
N12,E224,E529,False
N12,E225,E449,False
N12,E226,E413,False
N12,E226,E422,False
N12,E226,E509,False
N12,E226,E537,False
N12,E226,E578,False
N12,E227,E573,False
N12,E228,E457,False
N12,E228,E495,True
N12,E228,E515,False
N12,E229,E457,True
N12,E229,E549,True
N12,E230,E436,True
N12,E230,E536,True
N12,E230,E593,True
N12,E231,E444,False
N12,E231,E465,False
N12,E232,E453,True
N12,E232,E528,False
N12,E232,E567,True
N12,E232,E595,True
N12,E233,E471,True
N12,E233,E475,False
N12,E233,E493,False
N12,E233,E537,True
N12,E234,E502,True
N12,E234,E560,False
N12,E234,E583,False
N12,E235,E505,False
N12,E235,E510,False
N12,E236,E465,True
N12,E236,E550,True
N12,E237,E530,False
N12,E237,E570,False
N12,E238,E532,False
N12,E238,E595,False
N12,E239,E473,True
N12,E239,E532,False
N12,E239,E543,False
N12,E239,E579,False
N12,E240,E417,True
N12,E240,E478,False
N12,E241,E455,False
N12,E243,E456,True
N12,E243,E554,False
N12,E243,E576,False
N12,E244,E452,True
N12,E244,E534,True
N12,E244,E561,False
N12,E245,E432,True
N12,E245,E480,False
N12,E245,E516,True
N12,E245,E549,False
N12,E245,E574,False
N12,E245,E575,True
N12,E246,E431,True
N12,E246,E432,False
N12,E246,E520,False
N12,E246,E539,True
N12,E246,E543,False
N12,E246,E584,False
N12,E246,E585,True
N12,E247,E405,False
N12,E247,E468,False
N12,E247,E469,True
N12,E247,E544,False
N12,E248,E421,False
N12,E248,E504,True
N12,E248,E525,True
N12,E248,E547,False
N12,E248,E575,False
N12,E249,E598,False
N12,E250,E401,True
N12,E251,E470,True
N12,E251,E551,False
N12,E252,E443,False
N12,E252,E487,False
N12,E252,E523,True
N12,E252,E570,True
N12,E253,E416,False
N12,E253,E440,False
N12,E253,E505,True
N12,E253,E526,False
N12,E253,E560,False
N12,E254,E429,False
N12,E254,E487,True
N12,E254,E553,False
N12,E254,E597,True
N12,E255,E428,False
N12,E255,E522,False
N12,E256,E460,False
N12,E256,E590,True
N12,E256,E596,False
N12,E257,E400,False
N12,E257,E509,False
N12,E257,E539,False
N12,E257,E577,True
N12,E258,E439,False
N12,E258,E444,True
N12,E258,E467,True
N12,E259,E411,False
N12,E259,E442,False
N12,E259,E541,False
N12,E259,E569,False
N12,E260,E441,True
N12,E260,E460,True
N12,E261,E412,False
N12,E261,E451,False
N12,E261,E489,False
N12,E261,E573,False
N12,E262,E511,False
N12,E262,E522,False
N12,E263,E474,False
N12,E263,E476,False
N12,E263,E510,True
N12,E263,E521,False
N12,E264,E503,True
N12,E264,E518,False
N12,E265,E446,True
N12,E265,E497,False
N12,E265,E543,True
N12,E266,E417,False
N12,E266,E420,False
N12,E266,E542,False
N12,E267,E448,False
N12,E268,E502,False
N12,E268,E564,False
N12,E269,E568,True
N12,E269,E582,True
N12,E270,E512,False
N12,E270,E534,False
N12,E270,E574,False
N12,E271,E504,False
N12,E271,E539,False
N12,E272,E498,False
N12,E273,E524,True
N12,E273,E557,False
N12,E274,E557,False
N12,E274,E586,True
N12,E276,E548,False
N12,E277,E558,False
N12,E278,E419,False
N12,E278,E441,False
N12,E278,E589,False
N12,E279,E517,True
N12,E279,E590,False
N12,E280,E409,False
N12,E280,E421,False
N12,E280,E431,False
N12,E280,E517,False
N12,E280,E544,False
N12,E280,E562,True
N12,E280,E593,False
N12,E280,E598,True
N12,E281,E489,True
N12,E281,E521,False
N12,E282,E430,True
N12,E283,E482,False
N12,E284,E462,False
N12,E284,E546,False
N12,E286,E449,False
N12,E286,E450,False
N12,E286,E462,True
N12,E286,E574,False
N12,E287,E410,True
N12,E287,E566,False
N12,E288,E508,True
N12,E288,E546,True
N12,E288,E572,True
N12,E288,E575,False
N12,E288,E582,False
N12,E288,E588,True
N12,E289,E459,False
N12,E289,E461,False
N12,E289,E505,False
N12,E289,E535,True
N12,E290,E425,True
N12,E290,E572,False
N12,E291,E483,False
N12,E291,E501,True
N12,E291,E522,True
N12,E291,E528,True
N12,E291,E552,False
N12,E291,E573,False
N12,E291,E581,False
N12,E292,E407,False
N12,E292,E469,False
N12,E292,E592,False
N12,E293,E400,False
N12,E293,E402,False
N12,E293,E415,True
N12,E294,E415,False
N12,E295,E443,True
N12,E295,E502,False
N12,E295,E514,False
N12,E296,E574,True
N12,E297,E455,False
N12,E297,E482,False
N12,E298,E461,True
N12,E298,E479,False
N12,E298,E513,False
N12,E298,E525,False
N12,E298,E575,False
N12,E299,E411,True
N12,E299,E459,True
N12,E299,E486,False
N12,E299,E548,True
N12,E299,E591,True
N12,E300,E433,True
N12,E300,E564,True
N12,E300,E565,False
N12,E301,E413,False
N12,E301,E527,False
N12,E302,E446,False
N12,E302,E488,False
N12,E303,E423,True
N12,E303,E511,True
N12,E303,E537,False
N12,E304,E424,True
N12,E304,E469,False
N12,E304,E487,False
N12,E304,E552,False
N12,E304,E559,False
N12,E304,E586,False
N12,E305,E406,True
N12,E306,E408,True
N12,E306,E426,False
N12,E306,E509,False
N12,E307,E406,False
N12,E307,E506,True
N12,E308,E418,False
N12,E308,E448,True
N12,E309,E437,True
N12,E309,E484,True
N12,E309,E491,True
N12,E309,E531,True
N12,E310,E493,True
N12,E310,E561,False
N12,E311,E463,False
N12,E311,E511,False
N12,E311,E576,True
N12,E312,E402,False
N12,E312,E582,False
N12,E313,E429,False
N12,E313,E474,False
N12,E313,E508,False
N12,E313,E549,False
N12,E314,E409,False
N12,E314,E439,False
N12,E314,E529,False
N12,E315,E429,True
N12,E315,E475,False
N12,E315,E490,True
N12,E315,E563,True
N12,E316,E483,False
N12,E317,E400,True
N12,E317,E427,False
N12,E317,E436,False
N12,E317,E523,False
N12,E318,E464,False
N12,E318,E483,True
N12,E318,E498,False
N12,E318,E505,False
N12,E319,E416,False
N12,E319,E458,False
N12,E319,E463,False
N12,E319,E465,False
N12,E319,E504,False
N12,E321,E403,False
N12,E321,E459,False
N12,E321,E513,True
N12,E321,E583,True
N12,E321,E592,False
N12,E322,E420,True
N12,E322,E494,True
N12,E323,E445,True
N12,E323,E460,False
N12,E323,E480,False
N12,E324,E435,True
N12,E324,E456,False
N12,E324,E487,False
N12,E325,E425,False
N12,E325,E560,False
N12,E326,E551,True
N12,E327,E532,False
N12,E328,E521,True
N12,E329,E404,False
N12,E329,E589,True
N12,E330,E401,False
N12,E330,E557,True
N12,E330,E571,True
N12,E331,E412,False
N12,E331,E469,False
N12,E331,E473,False
N12,E331,E475,False
N12,E331,E504,False
N12,E331,E543,False
N12,E331,E569,True
N12,E332,E535,False
N12,E333,E416,False
N12,E333,E453,False
N12,E333,E507,False
N12,E333,E570,False
N12,E333,E584,True
N12,E334,E434,False
N12,E334,E440,True
N12,E334,E533,True
N12,E335,E439,True
N12,E335,E466,False
N12,E335,E527,True
N12,E335,E542,False
N12,E335,E569,False
N12,E335,E583,False
N12,E336,E430,False
N12,E336,E470,False
N12,E336,E519,False
N12,E336,E528,False
N12,E336,E565,True
N12,E337,E448,False
N12,E337,E468,True
N12,E337,E498,False
N12,E337,E507,True
N12,E337,E542,False
N12,E338,E409,True
N12,E338,E494,False
N12,E338,E588,False
N12,E338,E590,False
N12,E339,E538,False
N12,E339,E580,True
N12,E340,E413,False
N12,E340,E439,False
N12,E340,E447,False
N12,E340,E481,True
N12,E340,E506,False
N12,E340,E527,False
N12,E340,E571,False
N12,E341,E571,False
N12,E342,E449,True
N12,E342,E464,False
N12,E342,E488,True
N12,E342,E524,False
N12,E343,E472,False
N12,E343,E531,False
N12,E344,E485,False
N12,E344,E500,False
N12,E344,E571,False
N12,E344,E596,True
N12,E345,E440,False
N12,E345,E492,True
N12,E346,E568,False
N12,E347,E424,False
N12,E347,E530,False
N12,E347,E555,False
N12,E348,E597,False
N12,E349,E411,False
N12,E349,E466,False
N12,E349,E479,False
N12,E350,E482,False
N12,E350,E494,False
N12,E350,E526,False
N12,E350,E556,False
N12,E351,E404,False
N12,E351,E405,False
N12,E351,E566,True
N12,E352,E404,True
N12,E352,E587,True
N12,E353,E410,False
N12,E353,E452,False
N12,E354,E409,False
N12,E354,E458,False
N12,E354,E559,True
N12,E354,E580,False
N12,E355,E533,False
N12,E355,E599,False
N12,E356,E486,True
N12,E356,E556,False
N12,E357,E456,False
N12,E357,E576,False
N12,E357,E589,False
N12,E358,E421,False
N12,E358,E488,False
N12,E358,E496,True
N12,E358,E524,False
N12,E358,E527,False
N12,E358,E536,False
N12,E359,E437,False
N12,E359,E442,False
N12,E359,E474,True
N12,E359,E538,False
N12,E359,E576,False
N12,E360,E413,True
N12,E360,E450,True
N12,E360,E588,False
N12,E360,E591,False
N12,E361,E437,False
N12,E361,E454,True
N12,E361,E456,False
N12,E361,E462,False
N12,E361,E472,False
N12,E361,E485,True
N12,E362,E401,False
N12,E362,E450,False
N12,E362,E476,True
N12,E362,E477,False
N12,E362,E486,False
N12,E362,E500,False
N12,E362,E554,True
N12,E362,E577,False
N12,E362,E598,False
N12,E364,E425,False
N12,E364,E445,False
N12,E364,E499,False
N12,E364,E563,False
N12,E365,E482,True
N12,E365,E495,False
N12,E365,E545,False
N12,E365,E548,False
N12,E365,E552,False
N12,E365,E558,False
N12,E365,E594,True
N12,E365,E599,True
N12,E366,E518,False
N12,E366,E529,True
N12,E366,E536,False
N12,E366,E555,False
N12,E366,E567,False
N12,E367,E431,False
N12,E367,E433,False
N12,E367,E470,False
N12,E367,E496,False
N12,E367,E532,True
N12,E367,E539,False
N12,E367,E552,True
N12,E368,E594,False
N12,E369,E402,True
N12,E369,E459,False
N12,E370,E442,True
N12,E370,E451,True
N12,E370,E479,True
N12,E370,E500,True
N12,E371,E435,False
N12,E371,E524,False
N12,E371,E585,False
N12,E371,E589,False
N12,E372,E427,True
N12,E372,E462,False
N12,E372,E497,True
N12,E372,E523,False
N12,E372,E561,True
N12,E373,E422,True
N12,E373,E542,True
N12,E373,E598,False
N12,E374,E544,True
N12,E374,E566,False
N12,E375,E434,True
N12,E376,E401,False
N12,E376,E458,False
N12,E376,E509,True
N12,E376,E592,False
N12,E377,E530,False
N12,E377,E540,True
N12,E378,E474,False
N12,E378,E485,False
N12,E378,E578,True
N12,E379,E428,True
N12,E379,E480,False
N12,E379,E519,True
N12,E379,E550,False
N12,E379,E556,False
N12,E380,E418,True
N12,E380,E518,True
N12,E380,E520,True
N12,E380,E545,False
N12,E380,E558,False
N12,E380,E592,True
N12,E381,E405,True
N12,E381,E461,False
N12,E381,E467,False
N12,E381,E581,True
N12,E382,E492,False
N12,E382,E562,False
N12,E383,E408,False
N12,E383,E540,False
N12,E383,E594,False
N12,E384,E412,True
N12,E384,E414,True
N12,E384,E597,False
N12,E385,E516,False
N12,E385,E572,False
N12,E386,E423,False
N12,E386,E454,False
N12,E386,E491,False
N12,E386,E499,True
N12,E386,E596,False
N12,E388,E424,False
N12,E388,E436,False
N12,E389,E447,False
N12,E389,E553,False
N12,E390,E503,False
N12,E391,E497,False
N12,E392,E445,False
N12,E392,E467,False
N12,E392,E484,False
N12,E393,E545,True
N12,E393,E547,True
N12,E393,E556,True
N12,E394,E417,False
N12,E394,E480,True
N12,E394,E498,True
N12,E395,E457,False
N12,E395,E485,False
N12,E396,E493,False
N12,E396,E512,True
N12,E396,E530,True
N12,E397,E438,False
N12,E397,E531,False
N12,E397,E553,False
N12,E397,E573,True
N12,E398,E472,False
N12,E399,E486,False
N12,E399,E515,True
N12,E400,E766,True
N12,E400,E780,False
N12,E401,E633,True
N12,E401,E676,True
N12,E401,E791,False
N12,E402,E674,False
N12,E402,E685,True
N12,E402,E725,True
N12,E402,E752,False
N12,E403,E608,False
N12,E403,E613,False
N12,E403,E623,True
N12,E403,E765,True
N12,E403,E774,False
N12,E404,E649,False
N12,E404,E684,True
N12,E404,E690,False
N12,E404,E784,True
N12,E404,E792,False
N12,E405,E600,False
N12,E405,E615,False
N12,E405,E631,False
N12,E405,E678,False
N12,E405,E758,False
N12,E406,E659,True
N12,E406,E730,False
N12,E407,E603,False
N12,E407,E629,False
N12,E407,E711,False
N12,E409,E681,False
N12,E409,E710,False
N12,E409,E799,True
N12,E410,E742,False
N12,E411,E629,False
N12,E411,E703,True
N12,E411,E729,False
N12,E412,E674,False
N12,E412,E723,False
N12,E413,E627,False
N12,E413,E631,True
N12,E413,E641,False
N12,E413,E690,True
N12,E413,E739,False
N12,E414,E749,False
N12,E415,E605,False
N12,E415,E645,False
N12,E415,E671,False
N12,E415,E682,False
N12,E415,E688,False
N12,E415,E708,False
N12,E416,E630,False
N12,E416,E631,False
N12,E416,E637,False
N12,E416,E728,True
N12,E416,E794,False
N12,E417,E604,False
N12,E417,E607,False
N12,E417,E738,False
N12,E417,E751,True
N12,E418,E637,True
N12,E418,E646,True
N12,E418,E672,True
N12,E418,E678,False
N12,E418,E681,True
N12,E418,E727,False
N12,E418,E753,False
N12,E418,E786,False
N12,E420,E606,False
N12,E421,E690,False
N12,E421,E707,False
N12,E421,E745,True
N12,E421,E755,False
N12,E422,E603,True
N12,E422,E687,False
N12,E422,E710,False
N12,E422,E744,False
N12,E422,E759,False
N12,E422,E770,True
N12,E423,E668,False
N12,E423,E688,True
N12,E423,E706,False
N12,E423,E710,True
N12,E423,E719,False
N12,E423,E726,True
N12,E423,E789,False
N12,E425,E639,False
N12,E425,E743,False
N12,E425,E763,False
N12,E426,E616,True
N12,E426,E660,True
N12,E426,E701,False
N12,E426,E754,False
N12,E426,E759,False
N12,E427,E600,True
N12,E427,E618,False
N12,E427,E780,False
N12,E428,E644,False
N12,E428,E692,False
N12,E428,E716,True
N12,E429,E618,False
N12,E429,E629,False
N12,E429,E768,False
N12,E429,E788,True
N12,E430,E669,True
N12,E430,E767,False
N12,E431,E601,False
N12,E431,E627,False
N12,E431,E661,True
N12,E431,E691,False
N12,E432,E635,False
N12,E432,E667,False
N12,E432,E753,False
N12,E432,E781,False
N12,E433,E648,True
N12,E433,E772,False
N12,E434,E611,False
N12,E435,E695,False
N12,E435,E741,False
N12,E436,E722,False
N12,E436,E776,False
N12,E437,E658,False
N12,E437,E758,True
N12,E437,E781,False
N12,E437,E785,False
N12,E438,E617,False
N12,E438,E657,True
N12,E438,E686,False
N12,E439,E682,False
N12,E440,E608,False
N12,E440,E713,True
N12,E440,E743,True
N12,E441,E620,False
N12,E441,E644,False
N12,E441,E666,False
N12,E441,E702,False
N12,E441,E769,False
N12,E442,E611,True
N12,E442,E702,False
N12,E442,E729,False
N12,E442,E740,False
N12,E443,E674,True
N12,E443,E785,False
N12,E443,E786,False
N12,E444,E679,True
N12,E444,E726,False
N12,E445,E601,False
N12,E445,E612,False
N12,E445,E630,True
N12,E445,E714,False
N12,E446,E647,False
N12,E446,E758,False
N12,E447,E647,True
N12,E447,E798,False
N12,E448,E653,True
N12,E448,E749,True
N12,E449,E785,False
N12,E450,E604,False
N12,E450,E634,False
N12,E450,E639,False
N12,E450,E658,True
N12,E450,E709,False
N12,E450,E717,False
N12,E450,E778,False
N12,E451,E604,False
N12,E451,E716,False
N12,E451,E754,False
N12,E451,E764,False
N12,E452,E668,True
N12,E452,E799,False
N12,E453,E669,False
N12,E453,E780,False
N12,E453,E793,True
N12,E454,E717,True
N12,E454,E733,False
N12,E455,E611,False
N12,E456,E626,True
N12,E456,E634,False
N12,E457,E710,False
N12,E457,E724,True
N12,E458,E694,False
N12,E458,E705,False
N12,E458,E747,False
N12,E459,E712,False
N12,E459,E717,False
N12,E459,E797,False
N12,E460,E621,False
N12,E460,E660,False
N12,E461,E614,True
N12,E461,E654,False
N12,E461,E731,False
N12,E462,E606,False
N12,E462,E766,False
N12,E462,E783,True
N12,E463,E642,False
N12,E464,E701,True
N12,E464,E712,False
N12,E465,E612,False
N12,E465,E650,True
N12,E465,E712,True
N12,E465,E725,False
N12,E466,E614,False
N12,E466,E711,False
N12,E466,E746,True
N12,E467,E687,False
N12,E467,E709,True
N12,E467,E789,True
N12,E468,E649,False
N12,E469,E760,True
N12,E469,E777,True
N12,E470,E636,True
N12,E470,E673,True
N12,E470,E750,False
N12,E471,E619,False
N12,E472,E639,True
N12,E472,E759,True
N12,E474,E626,False
N12,E474,E769,False
N12,E474,E776,True
N12,E475,E657,False
N12,E475,E663,False
N12,E475,E798,False
N12,E476,E615,True
N12,E477,E696,True
N12,E477,E720,False
N12,E477,E721,False
N12,E477,E755,False
N12,E479,E600,False
N12,E479,E610,True
N12,E479,E713,False
N12,E479,E762,False
N12,E480,E601,False
N12,E480,E691,True
N12,E480,E706,True
N12,E480,E745,False
N12,E480,E768,True
N12,E480,E773,True
N12,E481,E620,False
N12,E481,E641,True
N12,E481,E750,False
N12,E481,E756,False
N12,E482,E601,True
N12,E482,E616,False
N12,E482,E739,True
N12,E483,E727,False
N12,E483,E784,False
N12,E484,E641,False
N12,E484,E723,True
N12,E484,E745,False
N12,E484,E757,True
N12,E486,E605,False
N12,E486,E792,True
N12,E487,E652,True
N12,E487,E654,False
N12,E487,E741,False
N12,E488,E632,False
N12,E488,E652,False
N12,E488,E721,False
N12,E489,E638,False
N12,E489,E648,False
N12,E489,E723,False
N12,E489,E791,True
N12,E490,E673,False
N12,E490,E722,False
N12,E490,E774,True
N12,E490,E782,True
N12,E491,E743,False
N12,E491,E746,False
N12,E491,E796,True
N12,E492,E632,True
N12,E492,E665,False
N12,E492,E685,False
N12,E492,E695,False
N12,E492,E769,True
N12,E492,E773,False
N12,E493,E764,False
N12,E494,E608,True
N12,E494,E632,False
N12,E495,E618,True
N12,E495,E662,False
N12,E495,E676,False
N12,E495,E679,False
N12,E495,E724,False
N12,E496,E707,False
N12,E496,E737,False
N12,E496,E740,False
N12,E496,E754,True
N12,E496,E783,False
N12,E496,E785,True
N12,E497,E689,True
N12,E497,E748,False
N12,E497,E764,False
N12,E497,E777,False
N12,E498,E635,False
N12,E499,E637,False
N12,E499,E654,False
N12,E499,E742,True
N12,E499,E760,False
N12,E499,E766,False
N12,E499,E783,False
N12,E500,E672,False
N12,E501,E683,False
N12,E501,E754,False
N12,E502,E709,False
N12,E502,E726,False
N12,E502,E732,False
N12,E502,E774,False
N12,E503,E609,False
N12,E503,E642,True
N12,E503,E698,True
N12,E503,E702,True
N12,E503,E778,False
N12,E503,E788,False
N12,E504,E748,True
N12,E505,E650,False
N12,E505,E672,False
N12,E505,E705,False
N12,E506,E619,True
N12,E507,E623,False
N12,E507,E650,False
N12,E507,E683,True
N12,E507,E684,False
N12,E507,E770,False
N12,E508,E659,False
N12,E509,E600,False
N12,E509,E648,False
N12,E509,E727,True
N12,E509,E780,True
N12,E509,E795,False
N12,E510,E624,True
N12,E510,E633,False
N12,E510,E643,False
N12,E510,E651,True
N12,E510,E678,True
N12,E510,E730,False
N12,E511,E638,True
N12,E511,E647,False
N12,E511,E670,False
N12,E512,E679,False
N12,E512,E779,False
N12,E513,E640,False
N12,E513,E655,True
N12,E513,E725,False
N12,E513,E736,True
N12,E513,E756,True
N12,E514,E622,True
N12,E514,E624,False
N12,E514,E693,False
N12,E515,E662,True
N12,E516,E625,True
N12,E516,E666,False
N12,E516,E680,True
N12,E516,E781,True
N12,E517,E699,False
N12,E517,E772,True
N12,E518,E627,True
N12,E518,E660,False
N12,E518,E663,False
N12,E518,E714,False
N12,E518,E719,True
N12,E518,E734,False
N12,E519,E666,True
N12,E519,E714,True
N12,E519,E737,True
N12,E520,E641,False
N12,E520,E675,False
N12,E521,E705,False
N12,E521,E779,True
N12,E522,E703,False
N12,E522,E738,False
N12,E523,E611,False
N12,E523,E651,False
N12,E523,E768,False
N12,E524,E680,False
N12,E524,E689,False
N12,E524,E761,False
N12,E525,E603,False
N12,E525,E616,False
N12,E525,E625,False
N12,E525,E639,False
N12,E525,E721,True
N12,E525,E775,False
N12,E525,E791,False
N12,E525,E799,False
N12,E526,E605,True
N12,E526,E614,False
N12,E526,E620,False
N12,E526,E751,False
N12,E527,E602,False
N12,E527,E621,False
N12,E527,E688,False
N12,E527,E738,True
N12,E527,E753,True
N12,E528,E630,False
N12,E528,E671,False
N12,E528,E728,False
N12,E529,E613,True
N12,E529,E667,False
N12,E529,E752,False
N12,E530,E610,False
N12,E530,E728,False
N12,E531,E692,True
N12,E531,E730,True
N12,E531,E731,True
N12,E532,E649,True
N12,E532,E709,False
N12,E532,E769,False
N12,E533,E671,True
N12,E533,E707,False
N12,E533,E787,True
N12,E534,E717,False
N12,E534,E731,False
N12,E534,E732,True
N12,E534,E735,True
N12,E534,E793,False
N12,E535,E640,True
N12,E535,E703,False
N12,E535,E714,False
N12,E535,E721,False
N12,E536,E656,False
N12,E536,E694,False
N12,E536,E773,False
N12,E536,E781,False
N12,E536,E797,True
N12,E537,E744,False
N12,E537,E752,False
N12,E537,E775,True
N12,E538,E732,False
N12,E538,E740,True
N12,E538,E763,False
N12,E538,E764,True
N12,E538,E765,False
N12,E538,E767,False
N12,E539,E602,False
N12,E539,E669,False
N12,E540,E622,False
N12,E540,E697,False
N12,E541,E704,True
N12,E541,E784,False
N12,E542,E606,False
N12,E542,E759,False
N12,E542,E762,True
N12,E543,E623,False
N12,E543,E798,True
N12,E544,E605,False
N12,E544,E609,True
N12,E544,E659,False
N12,E544,E708,True
N12,E544,E731,False
N12,E545,E670,False
N12,E545,E676,False
N12,E545,E696,False
N12,E545,E777,False
N12,E546,E618,False
N12,E547,E767,True
N12,E547,E771,True
N12,E547,E779,False
N12,E548,E638,False
N12,E548,E667,True
N12,E548,E699,False
N12,E549,E665,True
N12,E549,E718,True
N12,E549,E790,False
N12,E550,E635,True
N12,E550,E646,False
N12,E550,E649,False
N12,E551,E697,False
N12,E553,E647,False
N12,E553,E712,False
N12,E553,E772,False
N12,E553,E778,False
N12,E554,E612,True
N12,E555,E602,True
N12,E555,E661,False
N12,E555,E676,False
N12,E555,E728,False
N12,E555,E742,False
N12,E556,E644,False
N12,E556,E689,False
N12,E556,E696,False
N12,E556,E715,False
N12,E556,E761,False
N12,E558,E686,True
N12,E558,E699,True
N12,E559,E736,False
N12,E559,E750,False
N12,E559,E778,True
N12,E560,E607,True
N12,E560,E628,True
N12,E560,E677,False
N12,E561,E617,True
N12,E561,E620,True
N12,E561,E655,False
N12,E561,E695,True
N12,E561,E729,True
N12,E562,E691,False
N12,E563,E705,True
N12,E564,E681,False
N12,E564,E730,False
N12,E564,E760,False
N12,E564,E779,False
N12,E565,E634,True
N12,E565,E645,True
N12,E565,E687,False
N12,E565,E756,False
N12,E566,E663,True
N12,E566,E674,False
N12,E566,E734,True
N12,E566,E742,False
N12,E566,E747,True
N12,E567,E652,False
N12,E567,E750,True
N12,E567,E796,False
N12,E568,E634,False
N12,E568,E670,True
N12,E568,E693,True
N12,E568,E726,False
N12,E568,E772,False
N12,E569,E761,True
N12,E569,E790,False
N12,E570,E675,True
N12,E571,E602,False
N12,E572,E604,True
N12,E572,E657,False
N12,E572,E675,False
N12,E572,E743,False
N12,E572,E787,False
N12,E573,E656,True
N12,E573,E711,False
N12,E574,E720,True
N12,E574,E727,False
N12,E575,E643,False
N12,E576,E626,False
N12,E576,E671,False
N12,E576,E704,False
N12,E576,E744,True
N12,E576,E757,False
N12,E576,E782,False
N12,E577,E757,False
N12,E578,E606,True
N12,E578,E667,False
N12,E578,E733,True
N12,E578,E761,False
N12,E579,E736,False
N12,E580,E617,False
N12,E580,E657,False
N12,E580,E663,False
N12,E580,E692,False
N12,E580,E776,False
N12,E580,E784,False
N12,E581,E644,True
N12,E581,E653,False
N12,E582,E632,False
N12,E582,E664,True
N12,E582,E682,True
N12,E582,E700,True
N12,E582,E701,False
N12,E582,E735,False
N12,E582,E741,True
N12,E582,E755,True
N12,E583,E654,True
N12,E583,E691,False
N12,E583,E698,False
N12,E583,E773,False
N12,E584,E629,True
N12,E584,E636,False
N12,E584,E646,False
N12,E584,E786,False
N12,E585,E621,True
N12,E585,E707,True
N12,E586,E642,False
N12,E586,E677,True
N12,E586,E694,False
N12,E586,E702,False
N12,E586,E711,True
N12,E586,E786,True
N12,E587,E752,True
N12,E588,E724,False
N12,E588,E758,False
N12,E589,E636,False
N12,E589,E688,False
N12,E589,E798,False
N12,E590,E695,False
N12,E590,E763,False
N12,E590,E771,False
N12,E590,E790,True
N12,E591,E608,False
N12,E591,E656,False
N12,E591,E694,True
N12,E592,E643,True
N12,E592,E665,False
N12,E592,E744,False
N12,E592,E787,False
N12,E592,E789,False
N12,E593,E697,True
N12,E593,E698,False
N12,E593,E740,False
N12,E594,E607,False
N12,E594,E612,False
N12,E594,E628,False
N12,E594,E687,True
N12,E594,E700,False
N12,E594,E703,False
N12,E594,E732,False
N12,E594,E755,False
N12,E594,E762,False
N12,E595,E664,False
N12,E595,E680,False
N12,E595,E689,False
N12,E595,E795,True
N12,E596,E722,True
N12,E596,E725,False
N12,E596,E745,False
N12,E596,E794,True
N12,E597,E609,False
N12,E597,E678,False
N12,E597,E715,True
N12,E597,E763,True
N12,E598,E787,False
N12,E599,E627,False
N12,E599,E718,False
N12,E600,E854,True
N12,E601,E850,True
N12,E602,E803,False
N12,E602,E894,False
N12,E602,E998,True
N12,E603,E806,True
N12,E603,E816,True
N12,E603,E827,False
N12,E603,E918,False
N12,E603,E994,True
N12,E604,E809,False
N12,E604,E862,False
N12,E604,E869,False
N12,E604,E917,False
N12,E605,E869,True
N12,E605,E880,False
N12,E605,E945,False
N12,E606,E886,False
N12,E606,E944,False
N12,E607,E838,False
N12,E607,E876,False
N12,E607,E878,False
N12,E607,E882,False
N12,E607,E907,True
N12,E607,E946,False
N12,E607,E976,False
N12,E608,E828,True
N12,E608,E986,False
N12,E609,E877,False
N12,E609,E881,True
N12,E609,E907,False
N12,E610,E823,False
N12,E610,E826,False
N12,E610,E855,False
N12,E610,E883,False
N12,E610,E890,True
N12,E610,E948,True
N12,E610,E999,False
N12,E611,E859,False
N12,E611,E925,False
N12,E611,E974,False
N12,E612,E834,False
N12,E612,E842,True
N12,E612,E991,False
N12,E613,E813,False
N12,E613,E829,False
N12,E613,E867,False
N12,E613,E925,True
N12,E613,E968,False
N12,E614,E822,False
N12,E614,E839,False
N12,E614,E987,False
N12,E615,E828,False
N12,E615,E897,False
N12,E615,E900,True
N12,E616,E802,False
N12,E616,E973,False
N12,E616,E996,True
N12,E617,E861,False
N12,E617,E934,False
N12,E618,E830,False
N12,E618,E904,False
N12,E618,E907,False
N12,E618,E910,False
N12,E618,E938,False
N12,E618,E966,True
N12,E620,E958,False
N12,E621,E960,False
N12,E622,E900,False
N12,E622,E967,False
N12,E623,E803,False
N12,E623,E856,True
N12,E623,E927,False
N12,E623,E981,False
N12,E624,E920,True
N12,E624,E987,True
N12,E625,E809,False
N12,E625,E878,True
N12,E625,E928,False
N12,E625,E939,True
N12,E626,E818,False
N12,E626,E888,True
N12,E626,E895,True
N12,E627,E874,True
N12,E627,E963,True
N12,E629,E864,True
N12,E629,E978,False
N12,E630,E848,False
N12,E631,E808,False
N12,E631,E901,True
N12,E631,E926,True
N12,E631,E931,True
N12,E632,E920,False
N12,E633,E910,True
N12,E633,E922,False
N12,E633,E993,False
N12,E634,E955,False
N12,E635,E946,False
N12,E635,E960,False
N12,E635,E981,True
N12,E636,E892,True
N12,E636,E951,True
N12,E637,E867,False
N12,E637,E909,True
N12,E637,E998,False
N12,E638,E940,True
N12,E639,E807,False
N12,E639,E885,False
N12,E639,E924,True
N12,E639,E929,False
N12,E640,E866,True
N12,E640,E935,False
N12,E640,E990,False
N12,E641,E925,False
N12,E641,E939,False
N12,E642,E872,False
N12,E642,E921,True
N12,E642,E982,False
N12,E643,E937,False
N12,E643,E967,True
N12,E643,E991,False
N12,E644,E846,True
N12,E644,E864,False
N12,E644,E866,False
N12,E644,E870,False
N12,E644,E898,True
N12,E644,E902,False
N12,E644,E904,False
N12,E645,E805,True
N12,E645,E839,False
N12,E645,E913,False
N12,E645,E922,True
N12,E645,E971,False
N12,E646,E826,True
N12,E646,E958,True
N12,E646,E964,True
N12,E646,E986,True
N12,E647,E864,False
N12,E647,E962,False
N12,E648,E835,False
N12,E648,E886,False
N12,E648,E902,False
N12,E648,E942,False
N12,E648,E970,True
N12,E648,E999,True
N12,E649,E809,False
N12,E649,E914,False
N12,E650,E817,False
N12,E650,E869,False
N12,E650,E891,False
N12,E650,E931,False
N12,E651,E831,True
N12,E651,E857,False
N12,E651,E876,True
N12,E651,E982,True
N12,E652,E805,False
N12,E652,E820,False
N12,E652,E916,False
N12,E652,E927,False
N12,E652,E947,False
N12,E652,E952,False
N12,E652,E958,False
N12,E653,E917,True
N12,E653,E933,False
N12,E653,E965,True
N12,E653,E990,False
N12,E654,E817,False
N12,E654,E863,True
N12,E655,E829,False
N12,E655,E861,True
N12,E656,E887,False
N12,E656,E901,False
N12,E656,E907,False
N12,E656,E979,False
N12,E657,E893,False
N12,E657,E905,True
N12,E657,E908,False
N12,E657,E978,False
N12,E657,E996,False
N12,E659,E854,False
N12,E659,E883,True
N12,E659,E903,False
N12,E659,E913,True
N12,E659,E945,False
N12,E660,E845,False
N12,E660,E923,False
N12,E660,E928,True
N12,E660,E960,False
N12,E660,E974,True
N12,E661,E814,True
N12,E661,E900,False
N12,E661,E942,False
N12,E661,E986,False
N12,E662,E908,False
N12,E662,E949,False
N12,E662,E972,False
N12,E663,E909,False
N12,E663,E960,True
N12,E663,E975,True
N12,E664,E941,False
N12,E664,E997,False
N12,E665,E971,False
N12,E665,E983,False
N12,E665,E993,True
N12,E666,E842,False
N12,E666,E896,False
N12,E666,E980,False
N12,E666,E995,True
N12,E667,E858,False
N12,E667,E879,False
N12,E667,E934,False
N12,E667,E973,False
N12,E668,E932,True
N12,E668,E978,True
N12,E669,E857,True
N12,E669,E896,False
N12,E669,E969,False
N12,E670,E821,False
N12,E670,E964,False
N12,E671,E816,False
N12,E672,E844,True
N12,E673,E852,True
N12,E673,E915,False
N12,E673,E933,False
N12,E674,E801,False
N12,E675,E837,False
N12,E675,E844,False
N12,E675,E856,False
N12,E675,E942,True
N12,E675,E944,True
N12,E676,E818,False
N12,E676,E843,False
N12,E676,E935,True
N12,E676,E968,False
N12,E677,E801,True
N12,E677,E850,False
N12,E677,E866,False
N12,E677,E874,False
N12,E677,E889,False
N12,E677,E933,True
N12,E678,E810,False
N12,E678,E912,True
N12,E678,E971,False
N12,E678,E984,True
N12,E678,E998,False
N12,E679,E806,False
N12,E679,E856,False
N12,E679,E882,True
N12,E679,E918,True
N12,E679,E957,True
N12,E680,E849,True
N12,E680,E887,False
N12,E680,E983,False
N12,E681,E853,False
N12,E681,E859,True
N12,E681,E893,False
N12,E682,E832,True
N12,E682,E843,True
N12,E682,E894,True
N12,E683,E823,True
N12,E683,E911,False
N12,E683,E965,False
N12,E684,E820,False
N12,E684,E847,False
N12,E684,E977,False
N12,E684,E985,True
N12,E685,E894,False
N12,E685,E989,True
N12,E686,E963,False
N12,E687,E827,True
N12,E687,E869,False
N12,E688,E842,False
N12,E688,E930,True
N12,E688,E991,False
N12,E689,E822,True
N12,E689,E827,False
N12,E689,E870,True
N12,E689,E893,False
N12,E689,E896,True
N12,E690,E855,True
N12,E690,E886,False
N12,E690,E990,True
N12,E691,E844,False
N12,E692,E862,False
N12,E692,E943,False
N12,E693,E811,True
N12,E693,E818,False
N12,E693,E881,False
N12,E693,E901,False
N12,E693,E976,True
N12,E694,E811,False
N12,E694,E903,True
N12,E694,E912,False
N12,E695,E802,False
N12,E695,E899,False
N12,E695,E950,True
N12,E696,E841,False
N12,E696,E885,False
N12,E696,E899,True
N12,E696,E916,False
N12,E696,E939,False
N12,E696,E962,True
N12,E697,E824,False
N12,E698,E984,False
N12,E699,E863,False
N12,E699,E954,False
N12,E699,E959,False
N12,E699,E969,True
N12,E699,E982,False
N12,E700,E808,True
N12,E700,E908,False
N12,E700,E948,False
N12,E700,E983,True
N12,E702,E824,True
N12,E702,E924,False
N12,E702,E936,True
N12,E702,E944,False
N12,E702,E955,False
N12,E703,E836,True
N12,E703,E847,True
N12,E703,E888,False
N12,E704,E911,True
N12,E704,E940,False
N12,E705,E813,True
N12,E705,E836,False
N12,E705,E839,True
N12,E705,E861,False
N12,E706,E836,False
N12,E706,E868,True
N12,E706,E897,True
N12,E706,E985,False
N12,E707,E851,False
N12,E707,E906,False
N12,E707,E934,True
N12,E707,E956,False
N12,E707,E958,False
N12,E708,E883,False
N12,E709,E815,False
N12,E710,E803,False
N12,E710,E819,False
N12,E710,E858,False
N12,E711,E835,True
N12,E711,E854,False
N12,E711,E875,False
N12,E711,E966,False
N12,E711,E988,True
N12,E712,E808,False
N12,E712,E931,False
N12,E713,E887,True
N12,E714,E937,False
N12,E715,E897,False
N12,E715,E942,False
N12,E715,E988,False
N12,E716,E873,True
N12,E716,E926,False
N12,E716,E953,True
N12,E716,E956,False
N12,E717,E873,False
N12,E717,E919,False
N12,E717,E970,False
N12,E718,E851,True
N12,E718,E863,False
N12,E718,E930,False
N12,E718,E947,True
N12,E719,E800,False
N12,E719,E838,True
N12,E719,E889,True
N12,E719,E935,False
N12,E719,E945,True
N12,E721,E812,False
N12,E721,E826,False
N12,E721,E925,False
N12,E721,E952,True
N12,E722,E805,False
N12,E722,E901,False
N12,E722,E909,False
N12,E722,E912,False
N12,E722,E995,False
N12,E723,E851,False
N12,E723,E876,False
N12,E723,E885,True
N12,E723,E954,False
N12,E723,E971,True
N12,E724,E826,False
N12,E724,E847,False
N12,E724,E852,False
N12,E725,E855,False
N12,E725,E872,False
N12,E725,E972,True
N12,E726,E815,False
N12,E727,E805,False
N12,E727,E847,False
N12,E727,E885,False
N12,E727,E931,False
N12,E727,E950,False
N12,E727,E967,False
N12,E727,E997,True
N12,E728,E841,True
N12,E728,E892,False
N12,E728,E957,False
N12,E729,E895,False
N12,E729,E970,False
N12,E729,E991,True
N12,E729,E993,False
N12,E729,E996,False
N12,E729,E998,False
N12,E730,E837,True
N12,E730,E871,False
N12,E730,E941,True
N12,E730,E965,False
N12,E731,E814,False
N12,E731,E817,True
N12,E731,E886,True
N12,E731,E933,False
N12,E731,E961,False
N12,E732,E930,False
N12,E733,E802,False
N12,E733,E804,True
N12,E733,E833,False
N12,E733,E853,True
N12,E733,E904,False
N12,E734,E800,False
N12,E734,E910,False
N12,E734,E959,True
N12,E735,E865,True
N12,E735,E955,False
N12,E736,E834,True
N12,E736,E880,False
N12,E736,E884,False
N12,E737,E812,True
N12,E737,E830,True
N12,E737,E877,False
N12,E737,E912,False
N12,E737,E943,False
N12,E737,E983,False
N12,E738,E999,False
N12,E739,E852,False
N12,E739,E921,False
N12,E739,E970,False
N12,E740,E891,True
N12,E740,E968,True
N12,E741,E817,False
N12,E741,E898,False
N12,E741,E962,False
N12,E742,E807,True
N12,E742,E868,False
N12,E742,E871,True
N12,E742,E877,True
N12,E743,E809,True
N12,E743,E829,True
N12,E743,E860,True
N12,E744,E807,False
N12,E744,E835,False
N12,E744,E845,False
N12,E744,E899,False
N12,E744,E946,False
N12,E745,E848,False
N12,E745,E870,False
N12,E745,E923,True
N12,E745,E949,True
N12,E746,E821,True
N12,E746,E842,False
N12,E746,E872,True
N12,E746,E911,False
N12,E746,E918,False
N12,E747,E883,False
N12,E747,E916,True
N12,E747,E939,False
N12,E747,E964,False
N12,E748,E833,True
N12,E748,E874,False
N12,E748,E909,False
N12,E749,E818,True
N12,E749,E845,True
N12,E749,E959,False
N12,E749,E988,False
N12,E750,E874,False
N12,E750,E890,False
N12,E750,E891,False
N12,E750,E954,True
N12,E751,E857,False
N12,E751,E915,True
N12,E751,E922,False
N12,E751,E964,False
N12,E752,E816,False
N12,E752,E819,False
N12,E752,E832,False
N12,E753,E919,True
N12,E753,E985,False
N12,E754,E938,True
N12,E754,E961,True
N12,E754,E975,False
N12,E754,E995,False
N12,E755,E803,True
N12,E755,E858,True
N12,E755,E908,True
N12,E755,E977,False
N12,E755,E986,False
N12,E756,E825,False
N12,E756,E830,False
N12,E756,E979,True
N12,E756,E992,True
N12,E757,E906,True
N12,E757,E946,True
N12,E757,E992,False
N12,E758,E861,False
N12,E758,E917,False
N12,E758,E953,False
N12,E759,E974,False
N12,E760,E812,False
N12,E760,E850,False
N12,E760,E978,False
N12,E761,E819,True
N12,E761,E929,True
N12,E761,E977,True
N12,E762,E831,False
N12,E762,E873,False
N12,E763,E810,False
N12,E763,E996,False
N12,E763,E997,False
N12,E764,E985,False
N12,E764,E993,False
N12,E765,E823,False
N12,E765,E890,False
N12,E765,E928,False
N12,E765,E994,False
N12,E766,E830,False
N12,E766,E876,False
N12,E766,E987,False
N12,E767,E972,False
N12,E768,E810,True
N12,E768,E829,False
N12,E769,E831,False
N12,E769,E848,False
N12,E770,E848,True
N12,E770,E858,False
N12,E770,E914,False
N12,E770,E953,False
N12,E771,E857,False
N12,E772,E823,False
N12,E772,E840,False
N12,E772,E922,False
N12,E773,E989,False
N12,E774,E955,True
N12,E774,E956,True
N12,E775,E822,False
N12,E775,E825,True
N12,E775,E936,False
N12,E776,E879,True
N12,E776,E880,True
N12,E776,E893,True
N12,E776,E904,True
N12,E776,E917,False
N12,E776,E951,False
N12,E776,E953,False
N12,E777,E800,True
N12,E777,E905,False
N12,E777,E916,False
N12,E777,E989,False
N12,E778,E849,False
N12,E780,E915,False
N12,E781,E860,False
N12,E781,E918,False
N12,E782,E832,False
N12,E782,E855,False
N12,E783,E867,False
N12,E783,E937,True
N12,E783,E950,False
N12,E784,E802,True
N12,E784,E824,False
N12,E784,E865,False
N12,E784,E973,True
N12,E785,E820,True
N12,E785,E943,True
N12,E785,E982,False
N12,E786,E806,False
N12,E786,E882,False
N12,E787,E856,False
N12,E787,E894,False
N12,E787,E945,False
N12,E787,E966,False
N12,E788,E840,True
N12,E788,E902,True
N12,E788,E914,False
N12,E788,E973,False
N12,E788,E980,True
N12,E789,E840,False
N12,E789,E913,False
N12,E790,E839,False
N12,E790,E862,True
N12,E791,E835,False
N12,E791,E957,False
N12,E791,E976,False
N12,E792,E846,False
N12,E792,E875,True
N12,E792,E902,False
N12,E793,E932,False
N12,E793,E943,False
N12,E795,E867,True
N12,E795,E961,False
N12,E796,E804,False
N12,E796,E914,True
N12,E796,E927,True
N12,E797,E992,False
N12,E798,E822,False
N12,E798,E836,False
N12,E798,E884,True
N12,E798,E887,False
N12,E798,E951,False
N12,E799,E815,True
N12,E799,E927,False
N13,E000,E213,False
N13,E000,E272,False
N13,E000,E337,True
N13,E001,E206,False
N13,E001,E316,True
N13,E001,E374,False
N13,E001,E378,False
N13,E002,E233,False
N13,E002,E254,False
N13,E002,E312,True
N13,E002,E327,False
N13,E002,E335,False
N13,E002,E396,False
N13,E003,E254,False
N13,E003,E278,False
N13,E003,E294,True
N13,E003,E326,False
N13,E003,E378,True
N13,E003,E385,True
N13,E004,E371,True
N13,E005,E212,True
N13,E005,E292,False
N13,E005,E339,True
N13,E005,E355,False
N13,E005,E365,False
N13,E006,E272,False
N13,E006,E302,True
N13,E006,E339,False
N13,E006,E395,False
N13,E007,E226,False
N13,E008,E230,False
N13,E008,E267,False
N13,E009,E204,True
N13,E009,E269,False
N13,E011,E210,True
N13,E011,E306,False
N13,E011,E332,True
N13,E011,E339,False
N13,E011,E358,False
N13,E012,E214,False
N13,E012,E229,False
N13,E013,E264,False
N13,E013,E287,False
N13,E013,E318,False
N13,E014,E225,True
N13,E014,E291,False
N13,E014,E363,False
N13,E015,E289,True
N13,E015,E381,True
N13,E016,E322,True
N13,E017,E265,True
N13,E017,E315,True
N13,E017,E332,False
N13,E018,E214,False
N13,E018,E218,True
N13,E018,E234,False
N13,E018,E313,False
N13,E018,E381,False
N13,E020,E271,True
N13,E020,E293,True
N13,E020,E325,False
N13,E020,E331,True
N13,E021,E258,False
N13,E022,E356,False
N13,E023,E270,False
N13,E023,E356,True
N13,E023,E373,False
N13,E023,E394,False
N13,E024,E223,False
N13,E024,E303,False
N13,E024,E323,True
N13,E024,E329,False
N13,E024,E365,True
N13,E025,E255,False
N13,E025,E351,False
N13,E026,E207,False
N13,E026,E227,True
N13,E026,E255,False
N13,E026,E369,True
N13,E027,E212,False
N13,E027,E398,False
N13,E028,E251,True
N13,E028,E283,True
N13,E029,E377,False
N13,E030,E230,False
N13,E030,E335,True
N13,E030,E342,True
N13,E030,E348,False
N13,E030,E364,False
N13,E032,E210,False
N13,E032,E308,False
N13,E033,E266,False
N13,E033,E326,False
N13,E033,E352,False
N13,E034,E241,True
N13,E034,E246,False
N13,E034,E352,True
N13,E034,E360,False
N13,E034,E397,False
N13,E035,E309,True
N13,E035,E356,False
N13,E036,E314,False
N13,E036,E349,True
N13,E036,E378,False
N13,E037,E200,False
N13,E037,E228,False
N13,E037,E259,False
N13,E037,E340,False
N13,E037,E344,True
N13,E037,E377,False
N13,E037,E379,False
N13,E038,E247,False
N13,E038,E260,True
N13,E038,E293,False
N13,E038,E296,True
N13,E039,E224,False
N13,E039,E347,True
N13,E039,E391,False
N13,E040,E200,False
N13,E040,E239,False
N13,E040,E256,True
N13,E040,E268,False
N13,E041,E299,False
N13,E041,E304,False
N13,E041,E387,True
N13,E042,E209,False
N13,E042,E346,True
N13,E042,E368,False
N13,E043,E245,False
N13,E043,E249,False
N13,E043,E275,False
N13,E043,E305,True
N13,E043,E338,False
N13,E044,E295,False
N13,E044,E383,True
N13,E045,E213,False
N13,E045,E353,False
N13,E046,E255,True
N13,E046,E263,False
N13,E046,E313,False
N13,E046,E333,False
N13,E046,E367,False
N13,E047,E248,False
N13,E047,E255,False
N13,E048,E240,False
N13,E048,E317,False
N13,E049,E366,False
N13,E049,E372,True
N13,E049,E390,False
N13,E050,E204,False
N13,E050,E254,True
N13,E050,E350,False
N13,E050,E361,False
N13,E050,E388,False
N13,E051,E325,False
N13,E051,E342,False
N13,E051,E357,False
N13,E051,E379,True
N13,E051,E380,False
N13,E052,E231,True
N13,E052,E253,False
N13,E052,E280,False
N13,E052,E330,False
N13,E052,E379,False
N13,E053,E201,False
N13,E053,E209,False
N13,E054,E228,True
N13,E054,E233,True
N13,E054,E261,True
N13,E054,E291,True
N13,E054,E296,False
N13,E054,E311,True
N13,E054,E338,True
N13,E054,E373,False
N13,E054,E380,False
N13,E054,E396,True
N13,E055,E274,False
N13,E055,E307,False
N13,E055,E357,True
N13,E056,E217,False
N13,E056,E267,True
N13,E056,E368,True
N13,E057,E208,False
N13,E057,E212,False
N13,E057,E243,False
N13,E057,E274,True
N13,E057,E324,True
N13,E059,E244,True
N13,E059,E396,False
N13,E060,E220,False
N13,E060,E299,False
N13,E061,E275,True
N13,E061,E376,True
N13,E061,E397,False
N13,E062,E290,False
N13,E062,E319,False
N13,E062,E398,True
N13,E063,E202,True
N13,E063,E208,True
N13,E063,E261,False
N13,E064,E260,False
N13,E064,E289,False
N13,E064,E326,False
N13,E064,E344,False
N13,E064,E353,True
N13,E064,E367,False
N13,E064,E382,False
N13,E065,E303,False
N13,E065,E381,False
N13,E066,E264,False
N13,E066,E334,False
N13,E066,E361,False
N13,E066,E389,True
N13,E067,E285,False
N13,E067,E359,True
N13,E067,E374,True
N13,E068,E211,True
N13,E068,E231,False
N13,E068,E260,False
N13,E068,E384,False
N13,E069,E213,False
N13,E069,E292,True
N13,E070,E330,False
N13,E070,E349,False
N13,E071,E273,True
N13,E073,E236,False
N13,E073,E297,False
N13,E073,E323,False
N13,E073,E365,False
N13,E074,E242,False
N13,E074,E358,True
N13,E074,E395,True
N13,E075,E234,True
N13,E075,E309,False
N13,E075,E376,False
N13,E075,E382,False
N13,E075,E393,False
N13,E076,E321,False
N13,E077,E214,True
N13,E077,E256,False
N13,E077,E281,False
N13,E077,E311,False
N13,E077,E376,False
N13,E077,E386,False
N13,E078,E251,False
N13,E078,E262,False
N13,E078,E303,False
N13,E078,E376,False
N13,E078,E379,False
N13,E079,E280,True
N13,E080,E237,False
N13,E080,E359,False
N13,E081,E275,False
N13,E081,E299,False
N13,E082,E375,False
N13,E083,E251,False
N13,E083,E254,False
N13,E083,E340,True
N13,E084,E239,True
N13,E084,E264,True
N13,E085,E221,False
N13,E085,E266,True
N13,E085,E350,False
N13,E086,E232,False
N13,E086,E237,False
N13,E086,E392,True
N13,E087,E305,False
N13,E087,E320,True
N13,E088,E202,False
N13,E088,E320,False
N13,E088,E364,True
N13,E089,E248,True
N13,E089,E250,True
N13,E090,E336,False
N13,E091,E223,False
N13,E091,E272,True
N13,E091,E334,False
N13,E092,E209,False
N13,E092,E224,False
N13,E092,E246,False
N13,E092,E259,True
N13,E092,E343,True
N13,E092,E386,True
N13,E092,E387,False
N13,E093,E216,False
N13,E093,E262,False
N13,E093,E301,False
N13,E093,E368,False
N13,E093,E370,True
N13,E093,E372,False
N13,E095,E279,False
N13,E095,E290,True
N13,E095,E326,True
N13,E095,E363,True
N13,E095,E373,True
N13,E095,E385,False
N13,E096,E276,False
N13,E096,E343,False
N13,E097,E279,False
N13,E098,E303,True
N13,E098,E358,False
N13,E099,E208,False
N13,E099,E210,False
N13,E099,E282,True
N13,E100,E237,False
N13,E100,E341,True
N13,E100,E355,True
N13,E101,E222,True
N13,E101,E292,False
N13,E102,E206,False
N13,E102,E234,False
N13,E102,E302,False
N13,E103,E222,False
N13,E103,E243,False
N13,E103,E300,False
N13,E103,E317,True
N13,E103,E341,False
N13,E103,E352,False
N13,E104,E269,True
N13,E105,E279,True
N13,E105,E328,True
N13,E105,E333,True
N13,E105,E388,False
N13,E106,E309,False
N13,E106,E314,False
N13,E106,E346,False
N13,E106,E355,False
N13,E106,E363,False
N13,E107,E224,True
N13,E107,E274,False
N13,E107,E350,False
N13,E109,E260,False
N13,E109,E286,False
N13,E109,E338,False
N13,E109,E347,False
N13,E110,E203,False
N13,E110,E253,True
N13,E111,E362,True
N13,E111,E369,False
N13,E112,E205,False
N13,E112,E270,False
N13,E113,E242,False
N13,E113,E287,False
N13,E113,E354,True
N13,E113,E394,False
N13,E114,E270,True
N13,E114,E278,True
N13,E114,E361,False
N13,E114,E390,True
N13,E115,E244,False
N13,E115,E320,False
N13,E115,E347,False
N13,E115,E381,False
N13,E116,E345,True
N13,E117,E308,True
N13,E117,E370,False
N13,E118,E205,True
N13,E118,E285,True
N13,E118,E300,False
N13,E118,E396,False
N13,E119,E209,True
N13,E119,E322,False
N13,E120,E286,True
N13,E120,E392,False
N13,E121,E329,True
N13,E121,E349,False
N13,E122,E207,False
N13,E122,E250,False
N13,E123,E208,False
N13,E123,E263,True
N13,E123,E334,False
N13,E124,E360,True
N13,E125,E239,False
N13,E126,E217,True
N13,E126,E364,False
N13,E127,E258,True
N13,E127,E263,False
N13,E127,E266,False
N13,E127,E324,False
N13,E128,E215,False
N13,E128,E245,True
N13,E128,E280,False
N13,E128,E371,False
N13,E129,E394,True
N13,E130,E214,False
N13,E130,E262,True
N13,E130,E383,False
N13,E131,E222,False
N13,E131,E234,False
N13,E131,E259,False
N13,E131,E284,True
N13,E132,E334,True
N13,E132,E350,True
N13,E132,E384,False
N13,E134,E220,False
N13,E134,E277,True
N13,E134,E312,False
N13,E134,E355,False
N13,E134,E387,False
N13,E135,E224,False
N13,E135,E246,True
N13,E135,E264,False
N13,E135,E329,False
N13,E135,E352,False
N13,E137,E222,False
N13,E137,E382,False
N13,E138,E211,False
N13,E138,E283,False
N13,E138,E325,True
N13,E138,E361,True
N13,E138,E398,False
N13,E139,E221,False
N13,E139,E231,False
N13,E139,E338,False
N13,E140,E271,False
N13,E140,E294,False
N13,E140,E391,False
N13,E140,E393,False
N13,E141,E249,True
N13,E141,E271,False
N13,E141,E289,False
N13,E142,E262,False
N13,E142,E268,True
N13,E142,E392,False
N13,E143,E200,True
N13,E143,E210,False
N13,E143,E238,True
N13,E143,E256,False
N13,E144,E207,True
N13,E144,E237,True
N13,E145,E362,False
N13,E145,E393,False
N13,E146,E253,False
N13,E146,E293,False
N13,E146,E339,False
N13,E147,E213,True
N13,E147,E249,False
N13,E147,E300,True
N13,E148,E235,False
N13,E148,E243,True
N13,E148,E283,False
N13,E149,E235,True
N13,E150,E240,True
N13,E150,E277,False
N13,E150,E295,True
N13,E150,E314,False
N13,E150,E330,True
N13,E150,E375,True
N13,E151,E204,False
N13,E151,E240,False
N13,E151,E279,False
N13,E151,E354,False
N13,E152,E242,True
N13,E152,E330,False
N13,E153,E298,True
N13,E153,E314,True
N13,E153,E318,True
N13,E153,E341,False
N13,E153,E375,False
N13,E154,E201,True
N13,E154,E311,False
N13,E154,E372,False
N13,E155,E201,False
N13,E155,E220,False
N13,E155,E313,True
N13,E155,E367,True
N13,E156,E321,False
N13,E156,E388,False
N13,E157,E247,True
N13,E157,E351,True
N13,E157,E377,False
N13,E157,E399,True
N13,E158,E232,False
N13,E158,E252,True
N13,E158,E257,True
N13,E158,E284,False
N13,E158,E295,False
N13,E158,E305,False
N13,E159,E336,True
N13,E160,E223,True
N13,E160,E389,False
N13,E160,E397,True
N13,E161,E247,False
N13,E161,E271,False
N13,E161,E276,True
N13,E161,E301,True
N13,E161,E307,True
N13,E161,E351,False
N13,E162,E302,False
N13,E162,E348,False
N13,E162,E391,False
N13,E163,E211,False
N13,E163,E243,False
N13,E163,E281,True
N13,E163,E353,False
N13,E164,E236,False
N13,E164,E290,False
N13,E165,E204,False
N13,E165,E369,False
N13,E165,E382,True
N13,E165,E394,False
N13,E166,E203,False
N13,E166,E219,False
N13,E167,E297,True
N13,E168,E223,False
N13,E168,E336,False
N13,E168,E384,True
N13,E169,E329,False
N13,E169,E377,True
N13,E169,E387,False
N13,E170,E297,False
N13,E170,E299,True
N13,E170,E337,False
N13,E170,E343,False
N13,E171,E221,False
N13,E171,E310,True
N13,E171,E315,False
N13,E171,E358,False
N13,E172,E215,True
N13,E172,E252,False
N13,E172,E310,False
N13,E172,E348,True
N13,E172,E372,False
N13,E173,E203,True
N13,E173,E366,True
N13,E174,E257,False
N13,E174,E265,False
N13,E175,E380,False
N13,E176,E248,False
N13,E176,E316,False
N13,E176,E374,False
N13,E176,E375,False
N13,E177,E206,True
N13,E177,E221,True
N13,E177,E306,True
N13,E177,E317,False
N13,E178,E242,False
N13,E179,E219,True
N13,E179,E313,False
N13,E179,E388,True
N13,E179,E399,False
N13,E180,E225,False
N13,E180,E284,False
N13,E180,E290,False
N13,E181,E220,True
N13,E181,E233,False
N13,E181,E323,False
N13,E182,E227,False
N13,E182,E249,False
N13,E182,E337,False
N13,E182,E393,True
N13,E183,E250,False
N13,E183,E252,False
N13,E183,E293,False
N13,E183,E321,True
N13,E184,E298,False
N13,E185,E256,False
N13,E185,E297,False
N13,E186,E327,True
N13,E186,E356,False
N13,E187,E296,False
N13,E187,E304,True
N13,E188,E216,True
N13,E188,E283,False
N13,E189,E232,True
N13,E189,E241,False
N13,E189,E307,False
N13,E189,E331,False
N13,E189,E351,False
N13,E190,E261,False
N13,E190,E282,False
N13,E190,E302,False
N13,E191,E238,False
N13,E191,E259,False
N13,E191,E321,False
N13,E191,E368,False
N13,E192,E275,False
N13,E192,E319,True
N13,E193,E229,True
N13,E193,E273,False
N13,E193,E328,False
N13,E193,E353,False
N13,E194,E289,False
N13,E195,E218,False
N13,E195,E232,False
N13,E195,E233,False
N13,E195,E257,False
N13,E195,E305,False
N13,E195,E345,False
N13,E196,E226,True
N13,E196,E230,False
N13,E196,E386,False
N13,E197,E296,False
N13,E197,E385,False
N13,E198,E230,True
N13,E198,E236,True
N13,E198,E287,True
N13,E198,E288,True
N13,E198,E347,False
N13,E198,E360,False
N13,E198,E380,True
N13,E198,E391,True
N13,E199,E288,False
N13,E199,E346,False
N13,E199,E373,False
N13,E200,E449,False
N13,E200,E453,False
N13,E200,E456,True
N13,E200,E524,False
N13,E200,E550,False
N13,E200,E595,True
N13,E201,E502,False
N13,E201,E544,False
N13,E201,E556,True
N13,E202,E566,False
N13,E204,E420,False
N13,E204,E596,False
N13,E204,E598,False
N13,E205,E409,True
N13,E205,E443,True
N13,E205,E444,False
N13,E205,E482,False
N13,E205,E576,True
N13,E206,E426,False
N13,E206,E427,False
N13,E206,E477,False
N13,E207,E442,False
N13,E207,E525,False
N13,E207,E559,False
N13,E208,E498,False
N13,E208,E526,False
N13,E208,E561,False
N13,E208,E588,False
N13,E208,E599,True
N13,E209,E410,False
N13,E209,E465,False
N13,E209,E546,False
N13,E209,E578,True
N13,E210,E455,False
N13,E210,E494,True
N13,E210,E562,False
N13,E210,E594,False
N13,E211,E401,True
N13,E211,E406,True
N13,E211,E465,True
N13,E211,E537,False
N13,E212,E400,False
N13,E212,E427,False
N13,E212,E529,True
N13,E212,E558,True
N13,E212,E567,True
N13,E212,E578,False
N13,E213,E436,True
N13,E213,E439,True
N13,E214,E402,False
N13,E215,E537,True
N13,E216,E423,False
N13,E217,E431,False
N13,E217,E524,True
N13,E219,E443,False
N13,E219,E497,False
N13,E219,E536,False
N13,E219,E569,False
N13,E219,E586,True
N13,E219,E590,False
N13,E219,E595,False
N13,E220,E416,False
N13,E220,E512,False
N13,E220,E540,False
N13,E221,E472,False
N13,E221,E480,False
N13,E221,E502,False
N13,E221,E530,False
N13,E221,E559,True
N13,E222,E446,True
N13,E222,E462,True
N13,E222,E576,False
N13,E223,E488,True
N13,E224,E467,False
N13,E224,E515,True
N13,E224,E577,False
N13,E224,E580,False
N13,E224,E581,True
N13,E225,E400,True
N13,E225,E462,False
N13,E225,E505,False
N13,E225,E525,True
N13,E225,E582,False
N13,E225,E586,False
N13,E226,E417,True
N13,E226,E419,True
N13,E226,E441,False
N13,E226,E483,True
N13,E226,E491,False
N13,E227,E401,False
N13,E227,E431,True
N13,E227,E462,False
N13,E227,E493,True
N13,E227,E495,True
N13,E227,E523,False
N13,E228,E512,True
N13,E228,E518,False
N13,E229,E404,False
N13,E229,E489,False
N13,E229,E548,False
N13,E230,E508,False
N13,E231,E419,False
N13,E231,E454,False
N13,E231,E488,False
N13,E231,E569,True
N13,E231,E575,False
N13,E232,E432,True
N13,E232,E519,True
N13,E233,E451,True
N13,E233,E520,True
N13,E233,E595,False
N13,E233,E598,False
N13,E235,E475,False
N13,E235,E549,True
N13,E236,E514,False
N13,E237,E407,False
N13,E237,E445,False
N13,E237,E599,False
N13,E238,E455,False
N13,E238,E540,False
N13,E239,E428,False
N13,E239,E471,True
N13,E240,E448,True
N13,E241,E435,False
N13,E241,E484,False
N13,E241,E532,True
N13,E242,E489,False
N13,E242,E551,False
N13,E242,E598,False
N13,E243,E489,True
N13,E243,E500,False
N13,E243,E506,False
N13,E243,E546,True
N13,E243,E555,False
N13,E244,E529,False
N13,E245,E406,False
N13,E245,E463,False
N13,E245,E493,False
N13,E245,E494,False
N13,E245,E587,True
N13,E246,E592,False
N13,E247,E474,True
N13,E248,E407,True
N13,E248,E543,True
N13,E248,E564,False
N13,E249,E438,True
N13,E249,E468,True
N13,E249,E579,False
N13,E250,E471,False
N13,E250,E575,False
N13,E250,E589,False
N13,E251,E504,False
N13,E251,E539,True
N13,E251,E550,False
N13,E252,E481,False
N13,E253,E596,True
N13,E254,E528,True
N13,E255,E410,True
N13,E255,E507,False
N13,E255,E523,False
N13,E255,E544,True
N13,E255,E587,False
N13,E256,E422,False
N13,E256,E428,True
N13,E256,E517,False
N13,E257,E452,True
N13,E258,E481,False
N13,E258,E550,False
N13,E258,E577,True
N13,E259,E413,True
N13,E259,E591,True
N13,E260,E534,True
N13,E261,E423,False
N13,E261,E552,False
N13,E262,E426,False
N13,E262,E429,False
N13,E262,E439,False
N13,E262,E450,True
N13,E263,E530,True
N13,E263,E561,False
N13,E263,E564,False
N13,E264,E420,True
N13,E264,E512,False
N13,E264,E521,False
N13,E264,E558,False
N13,E264,E560,True
N13,E265,E450,False
N13,E265,E490,False
N13,E265,E564,True
N13,E266,E513,True
N13,E266,E555,False
N13,E267,E461,False
N13,E267,E588,True
N13,E268,E535,True
N13,E269,E420,False
N13,E269,E497,True
N13,E270,E528,False
N13,E271,E466,False
N13,E272,E426,False
N13,E272,E440,False
N13,E272,E460,False
N13,E272,E517,True
N13,E272,E584,True
N13,E273,E440,False
N13,E273,E537,False
N13,E274,E509,False
N13,E275,E403,False
N13,E275,E476,False
N13,E275,E492,True
N13,E275,E590,True
N13,E276,E457,True
N13,E276,E458,False
N13,E276,E492,False
N13,E276,E510,True
N13,E277,E438,False
N13,E277,E464,False
N13,E277,E509,False
N13,E277,E542,False
N13,E277,E571,False
N13,E277,E592,True
N13,E278,E413,False
N13,E278,E415,False
N13,E278,E430,False
N13,E278,E432,False
N13,E278,E448,False
N13,E278,E474,False
N13,E278,E539,False
N13,E279,E426,True
N13,E279,E431,False
N13,E279,E491,False
N13,E279,E504,True
N13,E279,E511,True
N13,E279,E519,False
N13,E280,E447,False
N13,E280,E487,False
N13,E281,E416,False
N13,E281,E447,False
N13,E281,E496,False
N13,E281,E541,False
N13,E281,E542,True
N13,E282,E527,True
N13,E282,E530,False
N13,E283,E446,False
N13,E283,E459,False
N13,E283,E519,False
N13,E284,E412,False
N13,E284,E415,False
N13,E284,E583,False
N13,E285,E451,False
N13,E285,E473,False
N13,E285,E544,False
N13,E285,E593,False
N13,E286,E526,True
N13,E286,E538,True
N13,E287,E473,False
N13,E287,E582,False
N13,E288,E439,False
N13,E288,E564,False
N13,E289,E523,True
N13,E289,E579,False
N13,E290,E414,True
N13,E290,E557,True
N13,E290,E597,False
N13,E291,E407,False
N13,E291,E444,True
N13,E292,E467,True
N13,E292,E509,True
N13,E292,E570,True
N13,E292,E599,False
N13,E293,E461,True
N13,E293,E538,False
N13,E294,E400,False
N13,E294,E483,False
N13,E294,E561,True
N13,E294,E593,True
N13,E295,E516,False
N13,E295,E548,True
N13,E295,E553,False
N13,E296,E570,False
N13,E297,E415,False
N13,E297,E430,False
N13,E297,E445,False
N13,E298,E466,False
N13,E298,E469,False
N13,E298,E588,False
N13,E299,E418,False
N13,E299,E464,False
N13,E299,E468,False
N13,E299,E574,False
N13,E300,E473,False
N13,E300,E515,False
N13,E300,E522,True
N13,E300,E550,True
N13,E300,E568,True
N13,E301,E430,False
N13,E301,E500,True
N13,E301,E569,False
N13,E301,E582,False
N13,E302,E458,False
N13,E302,E486,False
N13,E303,E412,True
N13,E303,E443,False
N13,E304,E435,True
N13,E304,E500,False
N13,E304,E541,False
N13,E305,E466,True
N13,E305,E508,False
N13,E306,E405,False
N13,E306,E415,True
N13,E306,E430,True
N13,E306,E434,False
N13,E306,E455,False
N13,E306,E522,False
N13,E306,E582,True
N13,E307,E413,False
N13,E307,E440,True
N13,E307,E455,True
N13,E307,E535,False
N13,E308,E429,False
N13,E308,E480,True
N13,E308,E483,False
N13,E308,E501,False
N13,E308,E574,True
N13,E309,E434,False
N13,E309,E528,False
N13,E309,E532,False
N13,E309,E591,False
N13,E310,E423,False
N13,E310,E448,False
N13,E310,E501,False
N13,E310,E520,False
N13,E310,E547,False
N13,E310,E565,False
N13,E311,E463,True
N13,E311,E470,True
N13,E311,E475,True
N13,E311,E486,False
N13,E311,E496,True
N13,E311,E503,True
N13,E311,E545,True
N13,E312,E436,False
N13,E312,E534,False
N13,E313,E424,True
N13,E313,E447,False
N13,E313,E522,False
N13,E314,E458,False
N13,E314,E577,False
N13,E315,E479,False
N13,E315,E491,False
N13,E315,E531,False
N13,E316,E457,False
N13,E316,E471,False
N13,E316,E586,False
N13,E316,E590,False
N13,E317,E408,False
N13,E317,E418,True
N13,E317,E491,True
N13,E317,E513,False
N13,E317,E518,True
N13,E317,E541,True
N13,E318,E460,False
N13,E319,E422,True
N13,E319,E437,True
N13,E319,E450,False
N13,E319,E538,False
N13,E319,E560,False
N13,E319,E594,True
N13,E320,E411,True
N13,E320,E446,False
N13,E320,E516,False
N13,E321,E402,False
N13,E321,E481,False
N13,E321,E490,False
N13,E321,E497,False
N13,E321,E585,False
N13,E321,E592,False
N13,E323,E437,False
N13,E323,E448,False
N13,E323,E547,False
N13,E324,E485,False
N13,E324,E531,True
N13,E324,E579,True
N13,E324,E581,False
N13,E325,E432,False
N13,E325,E507,False
N13,E326,E473,True
N13,E326,E487,False
N13,E326,E505,False
N13,E326,E536,True
N13,E326,E553,True
N13,E326,E566,False
N13,E327,E485,True
N13,E328,E572,False
N13,E329,E436,False
N13,E329,E518,False
N13,E329,E533,True
N13,E329,E562,False
N13,E329,E573,True
N13,E329,E578,False
N13,E330,E438,False
N13,E330,E588,False
N13,E331,E434,True
N13,E331,E538,False
N13,E332,E545,False
N13,E332,E547,False
N13,E332,E577,False
N13,E333,E408,True
N13,E333,E427,False
N13,E333,E596,False
N13,E334,E469,True
N13,E335,E464,False
N13,E335,E467,False
N13,E335,E499,False
N13,E336,E551,True
N13,E336,E571,True
N13,E336,E589,True
N13,E336,E599,False
N13,E337,E454,False
N13,E337,E540,True
N13,E337,E592,False
N13,E338,E438,False
N13,E338,E501,False
N13,E338,E505,True
N13,E338,E561,False
N13,E338,E566,True
N13,E339,E425,False
N13,E339,E533,False
N13,E339,E554,False
N13,E339,E595,False
N13,E340,E425,True
N13,E340,E469,False
N13,E340,E472,True
N13,E340,E527,False
N13,E340,E548,False
N13,E340,E555,False
N13,E340,E586,False
N13,E341,E424,False
N13,E342,E478,True
N13,E342,E547,True
N13,E342,E557,False
N13,E343,E433,False
N13,E343,E449,True
N13,E343,E534,False
N13,E343,E539,False
N13,E344,E419,False
N13,E344,E486,True
N13,E344,E573,False
N13,E344,E574,False
N13,E345,E442,False
N13,E345,E484,True
N13,E345,E511,False
N13,E345,E571,False
N13,E347,E421,True
N13,E347,E482,True
N13,E347,E495,False
N13,E347,E510,False
N13,E347,E519,False
N13,E347,E563,False
N13,E347,E572,True
N13,E348,E429,False
N13,E348,E481,True
N13,E348,E549,False
N13,E349,E405,True
N13,E349,E416,True
N13,E349,E480,False
N13,E350,E517,False
N13,E351,E441,True
N13,E351,E459,True
N13,E351,E502,False
N13,E351,E506,False
N13,E351,E521,False
N13,E352,E451,False
N13,E352,E453,False
N13,E352,E487,False
N13,E353,E412,False
N13,E353,E467,False
N13,E354,E478,False
N13,E354,E549,False
N13,E354,E552,True
N13,E354,E583,True
N13,E354,E585,True
N13,E355,E414,False
N13,E355,E442,True
N13,E356,E477,True
N13,E357,E447,True
N13,E358,E443,False
N13,E358,E508,True
N13,E358,E543,False
N13,E359,E433,False
N13,E359,E460,False
N13,E359,E501,True
N13,E359,E507,True
N13,E359,E597,True
N13,E361,E563,True
N13,E362,E418,False
N13,E362,E441,False
N13,E362,E459,False
N13,E362,E500,False
N13,E363,E431,False
N13,E363,E435,False
N13,E363,E453,True
N13,E363,E471,False
N13,E363,E504,False
N13,E364,E551,False
N13,E365,E403,True
N13,E365,E499,True
N13,E365,E502,True
N13,E365,E563,False
N13,E365,E569,False
N13,E366,E400,False
N13,E366,E404,True
N13,E366,E416,False
N13,E366,E442,False
N13,E366,E508,False
N13,E367,E571,False
N13,E368,E515,False
N13,E368,E540,False
N13,E369,E402,True
N13,E369,E421,False
N13,E369,E454,True
N13,E369,E469,False
N13,E369,E572,False
N13,E371,E445,True
N13,E371,E506,True
N13,E371,E518,False
N13,E371,E575,True
N13,E372,E427,True
N13,E372,E493,False
N13,E372,E555,True
N13,E373,E409,False
N13,E373,E499,False
N13,E374,E449,False
N13,E374,E452,False
N13,E374,E458,True
N13,E374,E535,False
N13,E374,E563,False
N13,E375,E403,False
N13,E375,E456,False
N13,E375,E496,False
N13,E376,E429,True
N13,E376,E495,False
N13,E376,E565,False
N13,E377,E476,True
N13,E377,E495,False
N13,E377,E516,True
N13,E377,E593,False
N13,E378,E464,True
N13,E378,E470,False
N13,E379,E437,False
N13,E379,E453,False
N13,E379,E478,False
N13,E379,E556,False
N13,E379,E560,False
N13,E380,E490,True
N13,E381,E504,False
N13,E381,E580,False
N13,E382,E489,False
N13,E382,E517,False
N13,E384,E562,True
N13,E385,E411,False
N13,E385,E452,False
N13,E385,E530,False
N13,E385,E580,True
N13,E386,E460,True
N13,E386,E479,True
N13,E386,E533,False
N13,E387,E407,False
N13,E387,E418,False
N13,E387,E450,False
N13,E387,E487,True
N13,E387,E565,False
N13,E388,E423,True
N13,E388,E445,False
N13,E388,E566,False
N13,E389,E433,True
N13,E389,E514,True
N13,E389,E568,False
N13,E390,E444,False
N13,E390,E486,False
N13,E390,E584,False
N13,E391,E503,False
N13,E392,E452,False
N13,E392,E554,True
N13,E393,E498,True
N13,E393,E533,False
N13,E393,E598,True
N13,E394,E434,False
N13,E394,E446,False
N13,E394,E535,False
N13,E395,E417,False
N13,E395,E420,False
N13,E395,E439,False
N13,E395,E521,True
N13,E396,E404,False
N13,E396,E419,False
N13,E397,E543,False
N13,E398,E584,False
N13,E399,E435,False
N13,E399,E451,False
N13,E399,E457,False
N13,E399,E553,False
N13,E399,E565,True
N13,E399,E567,False
N13,E399,E594,False
N13,E400,E704,False
N13,E400,E760,True
N13,E400,E763,True
N13,E401,E716,False
N13,E402,E708,True
N13,E403,E646,False
N13,E403,E653,False
N13,E403,E686,True
N13,E403,E779,False
N13,E404,E600,False
N13,E404,E729,False
N13,E405,E617,False
N13,E405,E737,False
N13,E406,E632,False
N13,E406,E659,True
N13,E406,E767,False
N13,E406,E792,True
N13,E407,E648,True
N13,E407,E691,False
N13,E407,E693,True
N13,E407,E701,True
N13,E407,E746,False
N13,E407,E747,True
N13,E408,E601,True
N13,E408,E780,True
N13,E409,E713,False
N13,E410,E603,False
N13,E410,E682,True
N13,E410,E703,True
N13,E410,E719,False
N13,E411,E657,False
N13,E411,E672,False
N13,E411,E706,False
N13,E411,E726,True
N13,E412,E742,True
N13,E412,E763,False
N13,E413,E616,False
N13,E413,E649,False
N13,E413,E685,False
N13,E414,E606,True
N13,E414,E766,True
N13,E414,E789,True
N13,E415,E728,False
N13,E416,E609,False
N13,E416,E734,True
N13,E416,E750,True
N13,E417,E604,True
N13,E417,E617,True
N13,E417,E647,True
N13,E417,E669,False
N13,E418,E613,False
N13,E419,E629,False
N13,E419,E634,False
N13,E419,E641,True
N13,E419,E694,False
N13,E419,E718,False
N13,E419,E767,False
N13,E420,E611,True
N13,E420,E652,False
N13,E420,E693,False
N13,E420,E724,True
N13,E420,E753,True
N13,E421,E627,True
N13,E421,E725,True
N13,E422,E664,True
N13,E423,E666,False
N13,E423,E798,False
N13,E423,E799,False
N13,E424,E634,True
N13,E424,E757,True
N13,E425,E604,False
N13,E425,E616,False
N13,E426,E633,True
N13,E426,E666,True
N13,E427,E611,False
N13,E427,E620,False
N13,E427,E689,False
N13,E427,E710,True
N13,E427,E782,False
N13,E428,E629,True
N13,E428,E656,True
N13,E428,E706,False
N13,E428,E765,False
N13,E429,E629,False
N13,E429,E647,False
N13,E429,E650,True
N13,E429,E653,True
N13,E429,E666,False
N13,E429,E688,True
N13,E430,E611,False
N13,E430,E633,False
N13,E430,E781,True
N13,E431,E639,False
N13,E431,E776,True
N13,E431,E788,True
N13,E433,E653,False
N13,E433,E725,False
N13,E433,E730,False
N13,E435,E605,False
N13,E435,E658,True
N13,E435,E700,False
N13,E435,E740,False
N13,E435,E776,False
N13,E436,E713,False
N13,E436,E732,False
N13,E436,E743,True
N13,E436,E755,True
N13,E437,E641,False
N13,E437,E685,False
N13,E437,E704,True
N13,E437,E748,True
N13,E437,E785,True
N13,E438,E671,False
N13,E438,E691,False
N13,E439,E616,False
N13,E439,E618,False
N13,E439,E663,False
N13,E440,E649,True
N13,E440,E712,True
N13,E440,E732,True
N13,E440,E735,True
N13,E441,E610,True
N13,E441,E634,False
N13,E441,E763,False
N13,E441,E787,False
N13,E442,E676,False
N13,E442,E684,False
N13,E443,E622,False
N13,E443,E636,False
N13,E443,E713,True
N13,E443,E747,False
N13,E444,E600,True
N13,E444,E703,False
N13,E444,E746,True
N13,E444,E749,False
N13,E444,E761,True
N13,E445,E705,True
N13,E446,E619,False
N13,E446,E624,True
N13,E446,E673,True
N13,E446,E721,True
N13,E446,E724,False
N13,E447,E668,False
N13,E447,E713,False
N13,E448,E747,False
N13,E448,E753,False
N13,E449,E702,False
N13,E450,E621,True
N13,E450,E641,False
N13,E450,E669,False
N13,E450,E759,False
N13,E450,E767,True
N13,E451,E618,False
N13,E451,E665,False
N13,E451,E672,False
N13,E451,E680,True
N13,E451,E692,True
N13,E451,E718,False
N13,E451,E784,False
N13,E452,E612,False
N13,E452,E710,False
N13,E452,E760,False
N13,E452,E762,False
N13,E452,E775,False
N13,E453,E743,False
N13,E453,E798,False
N13,E454,E642,False
N13,E454,E748,False
N13,E454,E760,False
N13,E455,E610,False
N13,E455,E624,False
N13,E455,E639,True
N13,E455,E782,True
N13,E456,E604,False
N13,E457,E684,False
N13,E457,E728,False
N13,E457,E758,False
N13,E457,E772,True
N13,E458,E606,False
N13,E458,E683,True
N13,E458,E756,False
N13,E458,E764,True
N13,E459,E607,True
N13,E459,E619,False
N13,E459,E658,False
N13,E459,E707,True
N13,E459,E795,True
N13,E460,E603,False
N13,E460,E725,False
N13,E460,E734,False
N13,E461,E624,False
N13,E461,E708,False
N13,E462,E671,False
N13,E462,E698,False
N13,E462,E786,True
N13,E463,E610,False
N13,E463,E690,False
N13,E463,E727,True
N13,E463,E756,True
N13,E463,E790,False
N13,E464,E637,False
N13,E464,E675,False
N13,E464,E718,True
N13,E464,E746,False
N13,E465,E628,False
N13,E465,E788,False
N13,E466,E731,False
N13,E466,E773,True
N13,E467,E627,False
N13,E467,E722,False
N13,E467,E737,True
N13,E468,E669,True
N13,E468,E673,False
N13,E468,E755,False
N13,E469,E636,True
N13,E469,E665,True
N13,E469,E724,False
N13,E469,E784,False
N13,E470,E669,False
N13,E470,E718,False
N13,E470,E791,False
N13,E471,E751,False
N13,E471,E754,True
N13,E471,E792,False
N13,E472,E716,True
N13,E472,E744,True
N13,E472,E779,True
N13,E473,E623,False
N13,E473,E727,False
N13,E473,E777,False
N13,E474,E617,False
N13,E474,E739,False
N13,E475,E678,False
N13,E475,E696,True
N13,E475,E698,False
N13,E475,E790,False
N13,E476,E644,False
N13,E476,E654,True
N13,E476,E699,False
N13,E476,E729,True
N13,E476,E749,False
N13,E477,E670,False
N13,E477,E678,True
N13,E479,E663,True
N13,E479,E723,True
N13,E479,E778,False
N13,E480,E675,True
N13,E481,E611,False
N13,E481,E632,True
N13,E481,E708,False
N13,E481,E711,False
N13,E482,E660,True
N13,E482,E702,False
N13,E482,E756,False
N13,E483,E649,False
N13,E483,E686,False
N13,E483,E740,False
N13,E484,E654,False
N13,E484,E704,False
N13,E484,E711,True
N13,E484,E715,True
N13,E484,E765,True
N13,E485,E681,False
N13,E485,E699,True
N13,E485,E723,False
N13,E485,E765,False
N13,E485,E795,False
N13,E486,E774,True
N13,E487,E651,False
N13,E487,E667,False
N13,E487,E762,True
N13,E488,E631,False
N13,E488,E673,False
N13,E488,E777,False
N13,E489,E680,False
N13,E490,E791,True
N13,E491,E670,False
N13,E491,E672,True
N13,E491,E698,True
N13,E491,E793,False
N13,E492,E619,True
N13,E492,E643,False
N13,E492,E724,False
N13,E492,E739,True
N13,E492,E758,False
N13,E493,E652,True
N13,E493,E670,True
N13,E493,E797,False
N13,E494,E660,False
N13,E495,E657,True
N13,E496,E686,False
N13,E497,E662,True
N13,E497,E674,True
N13,E497,E735,False
N13,E498,E717,False
N13,E498,E742,False
N13,E499,E738,False
N13,E499,E779,False
N13,E500,E630,False
N13,E500,E685,False
N13,E500,E698,False
N13,E500,E720,False
N13,E500,E788,False
N13,E501,E635,False
N13,E501,E667,True
N13,E501,E677,False
N13,E501,E697,False
N13,E501,E738,False
N13,E502,E623,True
N13,E502,E685,True
N13,E502,E799,False
N13,E503,E757,False
N13,E503,E797,False
N13,E504,E630,True
N13,E504,E660,False
N13,E504,E757,False
N13,E505,E614,False
N13,E506,E656,False
N13,E506,E736,False
N13,E507,E643,True
N13,E507,E695,False
N13,E507,E716,False
N13,E507,E769,False
N13,E508,E600,False
N13,E508,E651,False
N13,E508,E697,False
N13,E508,E733,True
N13,E508,E756,False
N13,E508,E771,False
N13,E508,E775,True
N13,E509,E626,False
N13,E509,E728,False
N13,E509,E758,False
N13,E509,E786,False
N13,E510,E748,False
N13,E510,E794,True
N13,E511,E694,True
N13,E512,E689,True
N13,E513,E621,False
N13,E513,E720,False
N13,E514,E732,False
N13,E514,E737,False
N13,E514,E759,True
N13,E515,E624,False
N13,E515,E644,False
N13,E515,E774,False
N13,E516,E752,True
N13,E516,E785,False
N13,E517,E662,False
N13,E517,E708,False
N13,E517,E745,True
N13,E517,E776,False
N13,E518,E721,False
N13,E520,E641,False
N13,E520,E717,True
N13,E521,E640,False
N13,E521,E664,False
N13,E521,E687,False
N13,E521,E740,True
N13,E522,E602,False
N13,E522,E638,False
N13,E522,E650,False
N13,E522,E687,True
N13,E522,E752,False
N13,E522,E754,False
N13,E522,E764,False
N13,E522,E783,True
N13,E523,E687,False
N13,E523,E753,False
N13,E523,E757,False
N13,E524,E621,False
N13,E524,E677,True
N13,E524,E770,False
N13,E525,E661,False
N13,E525,E671,True
N13,E525,E768,False
N13,E525,E785,False
N13,E525,E794,False
N13,E526,E638,True
N13,E526,E679,False
N13,E527,E723,False
N13,E527,E796,False
N13,E528,E622,True
N13,E528,E696,False
N13,E528,E700,False
N13,E528,E706,False
N13,E528,E739,False
N13,E528,E744,False
N13,E529,E664,False
N13,E529,E668,False
N13,E529,E784,True
N13,E530,E608,True
N13,E530,E688,False
N13,E530,E749,False
N13,E531,E741,False
N13,E532,E633,False
N13,E532,E675,False
N13,E532,E777,True
N13,E533,E768,False
N13,E534,E635,False
N13,E534,E741,True
N13,E534,E783,False
N13,E535,E640,False
N13,E535,E771,True
N13,E537,E602,True
N13,E537,E613,True
N13,E537,E626,False
N13,E537,E680,False
N13,E537,E715,False
N13,E537,E719,True
N13,E538,E700,True
N13,E538,E720,True
N13,E539,E607,False
N13,E539,E745,False
N13,E539,E787,True
N13,E540,E679,True
N13,E540,E758,True
N13,E540,E798,True
N13,E541,E603,False
N13,E541,E712,False
N13,E541,E714,True
N13,E541,E790,True
N13,E542,E648,False
N13,E542,E691,True
N13,E542,E709,False
N13,E542,E720,False
N13,E542,E745,False
N13,E542,E771,False
N13,E543,E709,False
N13,E543,E768,True
N13,E543,E793,True
N13,E544,E614,False
N13,E544,E638,False
N13,E544,E659,False
N13,E544,E709,True
N13,E545,E676,False
N13,E545,E780,False
N13,E546,E692,False
N13,E546,E796,False
N13,E547,E607,False
N13,E547,E617,False
N13,E547,E722,True
N13,E547,E738,True
N13,E547,E762,False
N13,E547,E766,False
N13,E547,E786,False
N13,E548,E620,False
N13,E548,E631,False
N13,E548,E798,False
N13,E549,E609,True
N13,E549,E615,False
N13,E549,E702,True
N13,E550,E600,False
N13,E550,E621,False
N13,E550,E645,False
N13,E550,E646,True
N13,E550,E751,False
N13,E551,E612,True
N13,E551,E631,True
N13,E551,E653,False
N13,E551,E731,True
N13,E551,E786,False
N13,E552,E650,False
N13,E552,E717,False
N13,E552,E726,False
N13,E554,E636,False
N13,E554,E652,False
N13,E554,E655,True
N13,E555,E612,False
N13,E555,E620,True
N13,E555,E699,False
N13,E556,E644,True
N13,E556,E705,False
N13,E556,E781,False
N13,E557,E673,False
N13,E557,E722,False
N13,E557,E750,False
N13,E558,E626,True
N13,E558,E712,False
N13,E558,E759,False
N13,E560,E674,False
N13,E560,E762,False
N13,E560,E782,False
N13,E561,E606,False
N13,E561,E656,False
N13,E561,E695,False
N13,E561,E714,False
N13,E561,E719,False
N13,E562,E665,False
N13,E562,E783,False
N13,E563,E668,False
N13,E563,E681,False
N13,E563,E705,False
N13,E563,E772,False
N13,E564,E625,True
N13,E564,E736,True
N13,E564,E789,False
N13,E565,E728,True
N13,E565,E742,False
N13,E565,E749,True
N13,E565,E761,False
N13,E566,E634,False
N13,E566,E700,False
N13,E567,E707,False
N13,E567,E778,True
N13,E568,E680,False
N13,E568,E744,False
N13,E569,E607,False
N13,E569,E672,False
N13,E569,E766,False
N13,E570,E695,True
N13,E570,E797,True
N13,E571,E638,False
N13,E572,E712,False
N13,E572,E755,False
N13,E572,E764,False
N13,E573,E613,False
N13,E573,E676,True
N13,E573,E683,False
N13,E573,E733,False
N13,E574,E618,True
N13,E574,E635,True
N13,E574,E636,False
N13,E574,E723,False
N13,E575,E769,False
N13,E576,E657,False
N13,E576,E730,True
N13,E576,E753,False
N13,E576,E799,True
N13,E577,E679,False
N13,E577,E701,False
N13,E577,E727,False
N13,E578,E697,True
N13,E578,E717,False
N13,E578,E744,False
N13,E579,E603,True
N13,E579,E625,False
N13,E579,E642,True
N13,E579,E770,True
N13,E580,E605,True
N13,E580,E747,False
N13,E581,E614,True
N13,E581,E623,False
N13,E581,E688,False
N13,E581,E706,True
N13,E581,E745,False
N13,E581,E751,False
N13,E582,E655,False
N13,E582,E783,False
N13,E583,E651,True
N13,E583,E681,True
N13,E583,E725,False
N13,E584,E627,False
N13,E584,E678,False
N13,E584,E684,True
N13,E584,E738,False
N13,E584,E793,False
N13,E585,E606,False
N13,E585,E627,False
N13,E585,E668,True
N13,E585,E681,False
N13,E585,E735,False
N13,E585,E769,True
N13,E585,E784,False
N13,E586,E620,False
N13,E586,E682,False
N13,E586,E736,False
N13,E586,E765,False
N13,E587,E751,True
N13,E588,E640,True
N13,E588,E690,True
N13,E590,E616,True
N13,E590,E670,False
N13,E590,E735,False
N13,E590,E752,False
N13,E590,E773,False
N13,E591,E612,False
N13,E591,E652,False
N13,E591,E794,False
N13,E591,E796,True
N13,E592,E601,False
N13,E592,E663,False
N13,E592,E719,False
N13,E593,E628,False
N13,E593,E645,True
N13,E594,E608,False
N13,E594,E637,True
N13,E594,E709,False
N13,E595,E625,False
N13,E595,E661,True
N13,E595,E768,False
N13,E596,E647,False
N13,E596,E704,False
N13,E597,E689,False
N13,E597,E730,False
N13,E598,E615,True
N13,E598,E690,False
N13,E598,E731,False
N13,E599,E628,True
N13,E599,E739,False
N13,E600,E802,False
N13,E600,E827,False
N13,E600,E878,True
N13,E600,E997,False
N13,E601,E814,True
N13,E601,E943,False
N13,E602,E898,False
N13,E603,E840,False
N13,E603,E864,False
N13,E604,E959,False
N13,E604,E985,False
N13,E605,E883,True
N13,E605,E906,False
N13,E605,E926,True
N13,E605,E962,False
N13,E605,E993,False
N13,E606,E811,False
N13,E606,E872,False
N13,E606,E910,False
N13,E606,E931,True
N13,E606,E965,True
N13,E606,E987,False
N13,E606,E992,False
N13,E607,E847,True
N13,E607,E934,False
N13,E607,E993,False
N13,E608,E834,True
N13,E608,E900,False
N13,E609,E880,True
N13,E609,E918,False
N13,E610,E986,False
N13,E611,E870,False
N13,E611,E882,False
N13,E611,E952,False
N13,E612,E819,False
N13,E612,E860,True
N13,E613,E806,True
N13,E613,E867,True
N13,E613,E968,False
N13,E613,E972,False
N13,E614,E914,False
N13,E614,E942,False
N13,E614,E971,False
N13,E615,E951,True
N13,E616,E893,False
N13,E617,E844,True
N13,E618,E927,False
N13,E618,E966,False
N13,E618,E975,False
N13,E619,E805,False
N13,E619,E964,False
N13,E619,E981,True
N13,E620,E989,False
N13,E622,E938,False
N13,E623,E806,False
N13,E623,E870,True
N13,E623,E924,False
N13,E623,E940,True
N13,E623,E947,False
N13,E624,E850,False
N13,E624,E933,True
N13,E625,E852,False
N13,E625,E856,False
N13,E625,E902,False
N13,E625,E940,False
N13,E625,E954,False
N13,E625,E970,True
N13,E626,E884,False
N13,E627,E833,True
N13,E627,E905,False
N13,E628,E806,False
N13,E628,E821,False
N13,E628,E855,True
N13,E628,E888,True
N13,E628,E991,True
N13,E629,E897,False
N13,E629,E921,False
N13,E630,E854,False
N13,E630,E921,False
N13,E630,E969,False
N13,E631,E805,True
N13,E631,E814,False
N13,E631,E839,True
N13,E631,E850,True
N13,E631,E862,False
N13,E631,E875,False
N13,E631,E944,False
N13,E631,E997,False
N13,E632,E917,False
N13,E633,E827,False
N13,E633,E836,True
N13,E633,E841,False
N13,E633,E848,False
N13,E633,E966,True
N13,E634,E812,False
N13,E634,E846,True
N13,E634,E942,False
N13,E635,E937,False
N13,E635,E946,False
N13,E635,E998,False
N13,E636,E908,True
N13,E636,E929,False
N13,E637,E857,False
N13,E637,E863,False
N13,E638,E821,False
N13,E638,E989,False
N13,E639,E830,False
N13,E640,E862,False
N13,E640,E890,True
N13,E640,E925,True
N13,E640,E986,True
N13,E641,E891,False
N13,E641,E907,False
N13,E641,E959,False
N13,E642,E877,False
N13,E642,E899,False
N13,E643,E820,False
N13,E643,E904,True
N13,E643,E907,False
N13,E643,E914,True
N13,E644,E842,False
N13,E644,E861,False
N13,E644,E872,True
N13,E644,E886,True
N13,E644,E898,True
N13,E644,E929,False
N13,E644,E990,False
N13,E645,E803,True
N13,E645,E932,True
N13,E645,E939,True
N13,E645,E941,False
N13,E645,E984,False
N13,E646,E814,False
N13,E646,E849,False
N13,E646,E883,False
N13,E646,E885,True
N13,E646,E983,False
N13,E647,E889,False
N13,E647,E971,True
N13,E648,E984,False
N13,E649,E810,True
N13,E649,E845,False
N13,E649,E900,False
N13,E649,E990,True
N13,E650,E835,True
N13,E650,E851,False
N13,E650,E876,True
N13,E650,E964,True
N13,E650,E976,False
N13,E651,E832,False
N13,E651,E847,False
N13,E651,E862,True
N13,E651,E908,False
N13,E652,E949,False
N13,E653,E815,True
N13,E653,E848,False
N13,E653,E872,False
N13,E654,E925,False
N13,E654,E996,False
N13,E655,E836,False
N13,E655,E880,False
N13,E655,E904,False
N13,E655,E914,False
N13,E655,E973,False
N13,E656,E819,True
N13,E656,E828,False
N13,E656,E858,False
N13,E656,E919,True
N13,E656,E931,False
N13,E657,E874,False
N13,E657,E933,False
N13,E657,E963,False
N13,E657,E979,True
N13,E657,E998,False
N13,E658,E815,False
N13,E658,E838,False
N13,E658,E913,True
N13,E659,E855,False
N13,E660,E888,False
N13,E660,E941,True
N13,E661,E881,False
N13,E661,E952,False
N13,E661,E998,False
N13,E662,E812,False
N13,E662,E824,False
N13,E662,E950,True
N13,E663,E948,True
N13,E664,E846,False
N13,E664,E865,True
N13,E664,E972,True
N13,E665,E802,False
N13,E666,E802,True
N13,E666,E836,False
N13,E666,E906,False
N13,E666,E926,False
N13,E666,E940,False
N13,E666,E956,False
N13,E667,E868,True
N13,E667,E989,False
N13,E668,E867,False
N13,E668,E940,False
N13,E668,E995,True
N13,E669,E870,False
N13,E669,E896,True
N13,E669,E910,False
N13,E669,E939,False
N13,E669,E988,False
N13,E671,E828,False
N13,E671,E848,False
N13,E671,E974,True
N13,E672,E821,True
N13,E672,E904,False
N13,E672,E974,False
N13,E673,E803,False
N13,E673,E884,False
N13,E673,E895,False
N13,E673,E912,True
N13,E673,E913,False
N13,E673,E996,True
N13,E674,E917,True
N13,E675,E809,True
N13,E675,E819,False
N13,E675,E915,False
N13,E676,E976,True
N13,E677,E820,False
N13,E677,E923,False
N13,E678,E825,False
N13,E678,E916,True
N13,E678,E953,False
N13,E678,E999,True
N13,E679,E854,False
N13,E679,E937,True
N13,E679,E982,False
N13,E680,E851,True
N13,E680,E887,False
N13,E681,E822,True
N13,E682,E884,True
N13,E682,E893,True
N13,E682,E924,True
N13,E682,E943,False
N13,E683,E891,True
N13,E684,E821,False
N13,E684,E827,True
N13,E684,E888,False
N13,E684,E893,False
N13,E684,E901,False
N13,E685,E863,False
N13,E685,E892,False
N13,E685,E894,False
N13,E685,E977,False
N13,E686,E849,True
N13,E686,E920,False
N13,E687,E837,False
N13,E687,E875,False
N13,E687,E909,False
N13,E687,E956,False
N13,E688,E822,False
N13,E688,E856,False
N13,E688,E897,True
N13,E688,E902,False
N13,E688,E932,False
N13,E689,E885,False
N13,E689,E929,True
N13,E690,E866,True
N13,E690,E877,True
N13,E691,E868,False
N13,E691,E873,False
N13,E691,E897,False
N13,E692,E812,True
N13,E692,E962,True
N13,E693,E908,False
N13,E693,E978,True
N13,E693,E990,False
N13,E694,E860,False
N13,E694,E890,False
N13,E694,E950,False
N13,E694,E974,False
N13,E695,E899,False
N13,E695,E969,False
N13,E696,E836,False
N13,E696,E983,False
N13,E697,E930,False
N13,E698,E825,False
N13,E698,E907,False
N13,E699,E811,False
N13,E699,E861,True
N13,E699,E895,True
N13,E699,E927,False
N13,E699,E935,False
N13,E699,E995,False
N13,E700,E845,True
N13,E700,E849,False
N13,E700,E974,False
N13,E701,E866,False
N13,E702,E826,False
N13,E702,E892,True
N13,E702,E906,False
N13,E702,E943,False
N13,E702,E949,True
N13,E703,E965,False
N13,E703,E981,False
N13,E704,E809,False
N13,E704,E816,True
N13,E704,E832,True
N13,E704,E900,True
N13,E704,E906,True
N13,E705,E822,False
N13,E705,E863,False
N13,E705,E917,False
N13,E705,E935,True
N13,E705,E952,False
N13,E706,E854,True
N13,E706,E897,False
N13,E706,E925,False
N13,E706,E999,False
N13,E708,E826,False
N13,E708,E920,False
N13,E709,E899,True
N13,E709,E936,True
N13,E710,E817,True
N13,E710,E842,True
N13,E710,E865,False
N13,E710,E909,True
N13,E710,E975,True
N13,E711,E808,True
N13,E711,E835,False
N13,E711,E948,False
N13,E712,E847,False
N13,E712,E870,False
N13,E712,E879,False
N13,E712,E975,False
N13,E713,E820,True
N13,E713,E869,False
N13,E713,E884,False
N13,E713,E888,False
N13,E713,E952,True
N13,E713,E961,True
N13,E713,E977,True
N13,E713,E978,False
N13,E713,E994,False
N13,E714,E903,False
N13,E714,E991,False
N13,E715,E905,True
N13,E715,E945,False
N13,E715,E967,True
N13,E716,E833,False
N13,E716,E880,False
N13,E717,E881,False
N13,E717,E918,True
N13,E718,E823,False
N13,E718,E824,False
N13,E718,E842,False
N13,E718,E916,False
N13,E718,E946,True
N13,E719,E817,False
N13,E719,E837,True
N13,E719,E922,False
N13,E719,E968,True
N13,E719,E985,True
N13,E720,E823,True
N13,E720,E852,False
N13,E720,E886,False
N13,E720,E928,True
N13,E720,E955,True
N13,E721,E877,False
N13,E721,E883,False
N13,E721,E997,False
N13,E722,E904,False
N13,E722,E916,False
N13,E723,E804,False
N13,E723,E807,True
N13,E723,E856,True
N13,E723,E945,True
N13,E723,E992,False
N13,E724,E853,False
N13,E724,E859,True
N13,E724,E864,False
N13,E724,E957,True
N13,E725,E826,False
N13,E725,E848,True
N13,E725,E856,False
N13,E725,E902,False
N13,E725,E979,False
N13,E726,E801,False
N13,E726,E885,False
N13,E726,E910,True
N13,E726,E941,False
N13,E726,E945,False
N13,E726,E991,False
N13,E727,E844,False
N13,E727,E859,False
N13,E727,E957,False
N13,E727,E965,False
N13,E728,E841,True
N13,E729,E831,False
N13,E729,E835,False
N13,E729,E896,False
N13,E729,E911,True
N13,E729,E969,True
N13,E730,E929,False
N13,E730,E980,True
N13,E732,E857,True
N13,E733,E842,False
N13,E733,E905,False
N13,E734,E826,True
N13,E734,E864,True
N13,E735,E933,False
N13,E735,E946,False
N13,E735,E961,False
N13,E735,E995,False
N13,E736,E819,False
N13,E736,E955,False
N13,E736,E956,True
N13,E736,E968,False
N13,E737,E853,False
N13,E737,E914,False
N13,E737,E967,False
N13,E738,E984,False
N13,E739,E902,True
N13,E740,E911,False
N13,E741,E829,True
N13,E741,E901,True
N13,E741,E962,False
N13,E742,E893,False
N13,E742,E963,False
N13,E743,E909,False
N13,E743,E911,False
N13,E743,E924,False
N13,E743,E959,True
N13,E743,E989,True
N13,E744,E829,False
N13,E745,E875,True
N13,E745,E938,True
N13,E745,E981,False
N13,E745,E999,False
N13,E746,E845,False
N13,E746,E911,False
N13,E746,E919,False
N13,E746,E927,True
N13,E746,E991,False
N13,E747,E871,True
N13,E747,E887,True
N13,E748,E808,False
N13,E748,E905,False
N13,E749,E824,True
N13,E749,E994,True
N13,E750,E803,False
N13,E750,E878,False
N13,E750,E923,True
N13,E751,E804,True
N13,E751,E838,True
N13,E751,E927,False
N13,E752,E818,False
N13,E752,E838,False
N13,E752,E917,False
N13,E752,E954,True
N13,E752,E973,True
N13,E753,E957,False
N13,E754,E810,False
N13,E754,E868,False
N13,E755,E852,True
N13,E755,E986,False
N13,E756,E818,False
N13,E757,E828,True
N13,E757,E903,True
N13,E757,E924,False
N13,E757,E945,False
N13,E757,E994,False
N13,E758,E915,True
N13,E759,E825,True
N13,E759,E874,True
N13,E761,E843,False
N13,E761,E920,True
N13,E761,E922,True
N13,E761,E983,True
N13,E762,E849,False
N13,E763,E963,False
N13,E765,E986,False
N13,E766,E858,False
N13,E766,E953,False
N13,E768,E815,False
N13,E768,E816,False
N13,E768,E832,False
N13,E768,E951,False
N13,E768,E984,True
N13,E768,E998,True
N13,E769,E800,True
N13,E769,E823,False
N13,E769,E895,False
N13,E769,E970,False
N13,E770,E872,False
N13,E770,E953,True
N13,E770,E959,False
N13,E770,E980,False
N13,E770,E982,True
N13,E771,E876,False
N13,E771,E894,False
N13,E771,E994,False
N13,E772,E805,False
N13,E773,E837,False
N13,E773,E840,True
N13,E773,E864,False
N13,E773,E943,True
N13,E774,E944,True
N13,E774,E969,False
N13,E775,E807,False
N13,E776,E853,False
N13,E776,E958,True
N13,E776,E960,True
N13,E777,E801,True
N13,E777,E810,False
N13,E777,E831,True
N13,E777,E912,False
N13,E777,E934,True
N13,E777,E947,True
N13,E777,E997,True
N13,E778,E858,False
N13,E778,E882,True
N13,E778,E900,False
N13,E779,E850,False
N13,E779,E875,False
N13,E779,E977,False
N13,E780,E809,False
N13,E780,E813,False
N13,E780,E947,False
N13,E780,E992,True
N13,E781,E844,False
N13,E782,E830,True
N13,E782,E858,True
N13,E782,E993,True
N13,E783,E800,False
N13,E783,E845,False
N13,E783,E894,True
N13,E783,E933,False
N13,E783,E942,True
N13,E783,E949,False
N13,E783,E987,True
N13,E784,E811,True
N13,E784,E825,False
N13,E784,E881,True
N13,E784,E983,False
N13,E785,E802,False
N13,E785,E839,False
N13,E786,E963,True
N13,E787,E960,False
N13,E788,E881,False
N13,E788,E921,True
N13,E789,E813,True
N13,E789,E840,False
N13,E789,E843,True
N13,E789,E885,False
N13,E790,E818,True
N13,E790,E827,False
N13,E790,E830,False
N13,E790,E851,False
N13,E791,E853,True
N13,E791,E869,True
N13,E791,E930,True
N13,E792,E812,False
N13,E792,E863,True
N13,E792,E873,True
N13,E792,E920,False
N13,E792,E936,False
N13,E792,E988,True
N13,E793,E841,False
N13,E793,E866,False
N13,E793,E907,True
N13,E793,E958,False
N13,E794,E928,False
N13,E794,E977,False
N13,E794,E981,False
N13,E794,E992,False
N13,E795,E810,False
N13,E795,E880,False
N13,E795,E889,True
N13,E795,E995,False
N13,E796,E815,False
N13,E796,E839,False
N13,E796,E957,False
N13,E797,E801,False
N13,E797,E879,True
N13,E797,E887,False
N13,E797,E916,False
N13,E797,E970,False
N13,E798,E862,False
N13,E799,E829,False
N13,E799,E834,False
N13,E799,E871,False
N13,E799,E993,False
N14,E000,E241,True
N14,E000,E322,True
N14,E001,E252,False
N14,E001,E345,False
N14,E001,E365,True
N14,E002,E286,False
N14,E003,E216,True
N14,E005,E286,True
N14,E005,E355,True
N14,E006,E203,False
N14,E006,E220,False
N14,E006,E265,False
N14,E006,E282,False
N14,E006,E311,False
N14,E007,E228,False
N14,E007,E277,False
N14,E008,E246,False
N14,E008,E290,True
N14,E008,E384,True
N14,E009,E362,True
N14,E010,E250,False
N14,E010,E280,False
N14,E011,E212,True
N14,E011,E236,False
N14,E011,E253,False
N14,E011,E342,False
N14,E011,E395,True
N14,E012,E249,False
N14,E013,E264,False
N14,E014,E203,False
N14,E014,E395,False
N14,E015,E269,True
N14,E015,E285,False
N14,E015,E339,True
N14,E016,E223,False
N14,E016,E273,True
N14,E016,E301,False
N14,E017,E217,True
N14,E018,E217,False
N14,E018,E225,False
N14,E018,E230,False
N14,E018,E291,False
N14,E018,E302,False
N14,E018,E324,False
N14,E019,E206,False
N14,E019,E272,False
N14,E019,E353,False
N14,E019,E398,False
N14,E020,E263,False
N14,E020,E355,False
N14,E021,E248,True
N14,E021,E305,False
N14,E021,E330,False
N14,E022,E258,False
N14,E022,E266,False
N14,E023,E343,False
N14,E023,E348,False
N14,E023,E383,True
N14,E025,E220,True
N14,E025,E243,False
N14,E025,E281,False
N14,E025,E297,False
N14,E025,E339,False
N14,E025,E353,False
N14,E026,E259,False
N14,E026,E326,False
N14,E026,E379,False
N14,E028,E238,True
N14,E028,E242,False
N14,E028,E331,False
N14,E029,E235,False
N14,E029,E366,True
N14,E029,E397,True
N14,E030,E215,True
N14,E031,E212,False
N14,E032,E227,False
N14,E032,E229,False
N14,E032,E262,True
N14,E032,E264,True
N14,E032,E377,False
N14,E033,E227,True
N14,E033,E284,False
N14,E033,E309,False
N14,E033,E364,False
N14,E034,E255,False
N14,E034,E362,False
N14,E035,E275,False
N14,E035,E293,False
N14,E036,E228,True
N14,E036,E231,True
N14,E036,E307,True
N14,E036,E309,True
N14,E036,E357,False
N14,E036,E370,False
N14,E037,E224,True
N14,E037,E266,False
N14,E037,E279,True
N14,E037,E392,False
N14,E037,E393,False
N14,E038,E313,True
N14,E039,E247,True
N14,E039,E255,True
N14,E039,E263,True
N14,E039,E268,False
N14,E039,E304,False
N14,E040,E249,False
N14,E041,E210,False
N14,E041,E238,False
N14,E041,E318,False
N14,E041,E378,False
N14,E042,E221,True
N14,E042,E222,True
N14,E042,E226,False
N14,E042,E303,False
N14,E042,E306,False
N14,E043,E282,True
N14,E043,E320,False
N14,E044,E202,True
N14,E045,E230,False
N14,E045,E258,True
N14,E045,E265,False
N14,E045,E270,False
N14,E045,E352,True
N14,E046,E346,False
N14,E047,E271,False
N14,E047,E305,False
N14,E047,E390,False
N14,E048,E266,True
N14,E048,E333,False
N14,E048,E377,False
N14,E048,E396,True
N14,E049,E326,True
N14,E049,E330,False
N14,E049,E345,True
N14,E051,E212,False
N14,E051,E347,True
N14,E051,E358,False
N14,E052,E237,False
N14,E052,E335,False
N14,E052,E375,True
N14,E053,E208,False
N14,E053,E243,False
N14,E053,E312,False
N14,E053,E334,False
N14,E053,E340,True
N14,E054,E233,False
N14,E054,E307,False
N14,E055,E285,False
N14,E055,E301,True
N14,E055,E333,True
N14,E055,E371,False
N14,E056,E214,True
N14,E056,E230,True
N14,E056,E237,False
N14,E057,E249,False
N14,E057,E294,False
N14,E057,E306,True
N14,E057,E388,False
N14,E059,E366,False
N14,E060,E228,False
N14,E060,E257,False
N14,E060,E267,True
N14,E060,E368,True
N14,E061,E351,False
N14,E061,E378,False
N14,E062,E204,False
N14,E062,E233,False
N14,E062,E243,True
N14,E062,E316,False
N14,E062,E391,True
N14,E063,E223,True
N14,E064,E291,True
N14,E064,E340,False
N14,E064,E353,True
N14,E064,E358,False
N14,E065,E200,False
N14,E065,E223,False
N14,E065,E256,True
N14,E065,E311,False
N14,E066,E204,False
N14,E066,E227,False
N14,E066,E245,True
N14,E066,E298,True
N14,E066,E338,True
N14,E067,E243,False
N14,E067,E264,False
N14,E067,E269,False
N14,E067,E285,False
N14,E067,E304,True
N14,E068,E283,False
N14,E068,E343,True
N14,E068,E351,True
N14,E068,E352,False
N14,E069,E236,False
N14,E069,E242,True
N14,E070,E242,False
N14,E070,E337,False
N14,E070,E388,False
N14,E072,E305,True
N14,E073,E219,False
N14,E073,E256,False
N14,E074,E226,False
N14,E074,E232,False
N14,E074,E244,False
N14,E074,E257,False
N14,E074,E302,False
N14,E074,E374,True
N14,E075,E209,False
N14,E075,E218,False
N14,E075,E274,False
N14,E076,E208,True
N14,E076,E234,False
N14,E077,E226,False
N14,E077,E279,False
N14,E077,E331,False
N14,E077,E392,True
N14,E078,E206,True
N14,E078,E211,True
N14,E078,E365,False
N14,E078,E370,False
N14,E078,E386,True
N14,E079,E231,False
N14,E079,E287,False
N14,E079,E311,True
N14,E079,E359,False
N14,E079,E389,False
N14,E080,E303,True
N14,E080,E342,True
N14,E081,E317,True
N14,E082,E223,False
N14,E082,E344,False
N14,E083,E311,False
N14,E083,E329,True
N14,E084,E207,False
N14,E084,E234,True
N14,E084,E360,True
N14,E085,E231,False
N14,E085,E260,False
N14,E087,E321,False
N14,E087,E325,False
N14,E087,E363,False
N14,E087,E385,False
N14,E089,E239,True
N14,E089,E240,True
N14,E089,E352,False
N14,E090,E210,False
N14,E091,E218,True
N14,E091,E287,False
N14,E091,E321,True
N14,E092,E222,False
N14,E092,E228,False
N14,E092,E298,False
N14,E092,E378,False
N14,E093,E213,True
N14,E093,E278,False
N14,E093,E296,True
N14,E093,E297,False
N14,E093,E308,False
N14,E094,E234,False
N14,E094,E366,False
N14,E094,E381,True
N14,E094,E393,False
N14,E095,E251,False
N14,E095,E267,False
N14,E095,E317,False
N14,E095,E350,True
N14,E096,E215,False
N14,E096,E383,False
N14,E097,E204,True
N14,E097,E292,True
N14,E097,E310,True
N14,E097,E343,False
N14,E097,E371,True
N14,E098,E203,False
N14,E098,E297,False
N14,E100,E210,False
N14,E100,E213,False
N14,E100,E279,False
N14,E100,E283,True
N14,E100,E319,False
N14,E101,E300,True
N14,E101,E305,False
N14,E101,E363,False
N14,E102,E205,True
N14,E102,E325,True
N14,E102,E331,False
N14,E103,E394,True
N14,E104,E293,False
N14,E104,E295,False
N14,E104,E327,False
N14,E104,E367,False
N14,E104,E370,True
N14,E104,E385,False
N14,E104,E391,False
N14,E105,E214,False
N14,E105,E224,False
N14,E105,E373,False
N14,E106,E270,False
N14,E106,E278,False
N14,E106,E324,False
N14,E106,E353,False
N14,E107,E262,False
N14,E107,E275,True
N14,E107,E324,True
N14,E107,E346,False
N14,E108,E229,False
N14,E108,E280,False
N14,E108,E295,False
N14,E108,E314,False
N14,E108,E315,False
N14,E109,E237,True
N14,E109,E339,False
N14,E110,E229,False
N14,E110,E319,False
N14,E110,E361,False
N14,E110,E398,True
N14,E111,E225,False
N14,E111,E329,False
N14,E112,E337,True
N14,E112,E380,False
N14,E113,E209,True
N14,E113,E287,True
N14,E113,E307,False
N14,E113,E328,True
N14,E113,E350,False
N14,E114,E222,False
N14,E114,E358,False
N14,E114,E387,False
N14,E115,E261,False
N14,E115,E295,True
N14,E115,E363,False
N14,E115,E371,False
N14,E115,E396,False
N14,E116,E248,False
N14,E116,E280,True
N14,E116,E359,True
N14,E117,E363,True
N14,E118,E303,False
N14,E118,E357,False
N14,E118,E370,False
N14,E119,E238,False
N14,E119,E373,True
N14,E119,E381,False
N14,E119,E390,True
N14,E120,E254,False
N14,E120,E277,True
N14,E120,E382,True
N14,E121,E308,True
N14,E123,E207,True
N14,E123,E226,True
N14,E123,E235,True
N14,E123,E255,False
N14,E123,E281,False
N14,E123,E282,False
N14,E123,E304,False
N14,E123,E310,False
N14,E123,E318,False
N14,E123,E383,False
N14,E124,E293,False
N14,E124,E294,True
N14,E124,E389,False
N14,E125,E272,True
N14,E125,E327,False
N14,E125,E389,True
N14,E126,E222,False
N14,E126,E318,False
N14,E126,E374,False
N14,E126,E395,False
N14,E127,E224,False
N14,E127,E330,False
N14,E127,E338,False
N14,E127,E344,True
N14,E128,E216,False
N14,E128,E281,True
N14,E129,E268,False
N14,E129,E367,False
N14,E130,E232,True
N14,E130,E246,True
N14,E130,E249,True
N14,E130,E253,True
N14,E130,E262,False
N14,E131,E278,True
N14,E131,E379,True
N14,E131,E386,False
N14,E132,E276,False
N14,E133,E221,False
N14,E133,E268,True
N14,E133,E285,True
N14,E133,E367,True
N14,E133,E387,True
N14,E134,E275,False
N14,E134,E360,False
N14,E135,E263,False
N14,E135,E288,True
N14,E135,E310,False
N14,E135,E369,True
N14,E136,E244,False
N14,E136,E263,False
N14,E136,E369,False
N14,E136,E393,True
N14,E138,E235,False
N14,E138,E252,False
N14,E138,E254,True
N14,E138,E259,True
N14,E138,E356,False
N14,E139,E203,True
N14,E139,E235,False
N14,E140,E231,False
N14,E140,E278,False
N14,E140,E399,False
N14,E141,E357,True
N14,E142,E229,True
N14,E142,E390,False
N14,E142,E399,True
N14,E143,E320,True
N14,E143,E348,True
N14,E143,E354,False
N14,E144,E313,False
N14,E145,E201,True
N14,E145,E202,False
N14,E145,E289,False
N14,E145,E290,False
N14,E145,E308,False
N14,E145,E336,False
N14,E145,E346,True
N14,E146,E244,True
N14,E146,E341,False
N14,E146,E368,False
N14,E146,E374,False
N14,E147,E239,False
N14,E147,E272,False
N14,E148,E297,True
N14,E149,E262,False
N14,E149,E323,False
N14,E149,E356,False
N14,E149,E358,True
N14,E150,E225,True
N14,E150,E287,False
N14,E150,E316,True
N14,E150,E397,False
N14,E151,E322,False
N14,E151,E327,True
N14,E151,E388,True
N14,E152,E275,False
N14,E152,E360,False
N14,E152,E372,False
N14,E153,E240,False
N14,E153,E316,False
N14,E153,E329,False
N14,E154,E265,True
N14,E154,E303,False
N14,E154,E317,False
N14,E154,E364,False
N14,E154,E376,True
N14,E154,E381,False
N14,E155,E206,False
N14,E155,E219,False
N14,E155,E293,True
N14,E155,E332,True
N14,E155,E346,False
N14,E156,E277,False
N14,E156,E315,True
N14,E156,E316,False
N14,E156,E318,True
N14,E156,E336,False
N14,E156,E356,True
N14,E156,E365,False
N14,E157,E299,True
N14,E157,E371,False
N14,E158,E254,False
N14,E158,E294,False
N14,E158,E300,False
N14,E159,E351,False
N14,E160,E211,False
N14,E160,E321,False
N14,E160,E380,True
N14,E160,E388,False
N14,E161,E273,False
N14,E161,E334,True
N14,E162,E205,False
N14,E162,E240,False
N14,E162,E242,False
N14,E162,E261,True
N14,E162,E294,False
N14,E162,E315,False
N14,E162,E378,True
N14,E163,E218,False
N14,E165,E301,False
N14,E165,E332,False
N14,E165,E341,True
N14,E166,E207,False
N14,E167,E331,True
N14,E167,E361,True
N14,E167,E385,True
N14,E168,E284,False
N14,E168,E288,False
N14,E168,E355,False
N14,E169,E237,False
N14,E169,E359,False
N14,E170,E284,True
N14,E170,E326,False
N14,E170,E374,False
N14,E171,E212,False
N14,E171,E221,False
N14,E171,E292,False
N14,E171,E345,False
N14,E172,E200,True
N14,E172,E276,False
N14,E172,E384,False
N14,E173,E211,False
N14,E173,E256,False
N14,E173,E260,False
N14,E173,E315,False
N14,E173,E343,False
N14,E174,E218,False
N14,E174,E234,False
N14,E174,E247,False
N14,E174,E259,False
N14,E174,E335,True
N14,E174,E399,False
N14,E175,E274,True
N14,E175,E286,False
N14,E175,E319,False
N14,E175,E349,False
N14,E176,E351,False
N14,E176,E361,False
N14,E176,E364,True
N14,E177,E230,False
N14,E178,E201,False
N14,E178,E253,False
N14,E179,E251,False
N14,E179,E328,False
N14,E179,E393,False
N14,E180,E289,True
N14,E180,E354,True
N14,E181,E271,True
N14,E181,E298,False
N14,E181,E336,True
N14,E181,E377,False
N14,E182,E219,True
N14,E182,E257,True
N14,E182,E314,True
N14,E183,E216,False
N14,E183,E245,False
N14,E184,E254,False
N14,E184,E319,True
N14,E184,E329,False
N14,E185,E201,False
N14,E186,E252,True
N14,E186,E326,False
N14,E186,E330,True
N14,E186,E376,False
N14,E186,E392,False
N14,E187,E233,True
N14,E187,E281,False
N14,E187,E352,False
N14,E187,E375,False
N14,E187,E383,False
N14,E189,E209,False
N14,E189,E236,False
N14,E189,E241,False
N14,E189,E251,True
N14,E189,E270,True
N14,E189,E304,False
N14,E190,E259,False
N14,E190,E349,True
N14,E190,E379,False
N14,E190,E382,False
N14,E191,E260,True
N14,E191,E283,False
N14,E191,E299,False
N14,E191,E302,True
N14,E191,E310,False
N14,E191,E317,False
N14,E191,E323,True
N14,E191,E355,False
N14,E191,E372,True
N14,E191,E377,True
N14,E191,E394,False
N14,E192,E210,True
N14,E192,E239,False
N14,E192,E248,False
N14,E192,E260,False
N14,E193,E233,False
N14,E194,E201,False
N14,E194,E252,False
N14,E194,E345,False
N14,E194,E347,False
N14,E195,E200,False
N14,E195,E236,True
N14,E195,E274,False
N14,E195,E296,False
N14,E195,E328,False
N14,E195,E367,False
N14,E196,E250,True
N14,E196,E267,False
N14,E196,E276,True
N14,E196,E312,True
N14,E198,E276,False
N14,E198,E380,False
N14,E199,E325,False
N14,E200,E475,False
N14,E200,E595,False
N14,E201,E511,True
N14,E201,E537,False
N14,E201,E580,False
N14,E202,E405,False
N14,E202,E408,False
N14,E202,E414,True
N14,E202,E434,True
N14,E202,E436,False
N14,E202,E444,False
N14,E202,E550,True
N14,E203,E438,False
N14,E203,E447,False
N14,E203,E563,False
N14,E204,E403,False
N14,E204,E429,False
N14,E204,E451,True
N14,E204,E477,False
N14,E205,E471,False
N14,E205,E565,False
N14,E206,E430,False
N14,E206,E432,False
N14,E206,E557,False
N14,E206,E561,False
N14,E206,E586,False
N14,E206,E589,False
N14,E207,E409,False
N14,E207,E419,False
N14,E207,E420,False
N14,E207,E473,True
N14,E207,E515,False
N14,E207,E545,False
N14,E207,E553,True
N14,E207,E565,True
N14,E207,E569,False
N14,E208,E415,False
N14,E209,E474,False
N14,E209,E583,False
N14,E210,E412,True
N14,E210,E436,True
N14,E210,E497,False
N14,E210,E509,True
N14,E210,E556,True
N14,E211,E405,True
N14,E211,E571,False
N14,E212,E484,False
N14,E212,E546,False
N14,E213,E542,False
N14,E214,E419,False
N14,E214,E535,False
N14,E214,E573,True
N14,E215,E513,True
N14,E216,E466,True
N14,E216,E534,True
N14,E217,E455,False
N14,E218,E422,False
N14,E218,E528,True
N14,E218,E599,False
N14,E219,E460,True
N14,E219,E465,False
N14,E219,E498,True
N14,E219,E582,True
N14,E219,E589,True
N14,E220,E515,True
N14,E220,E519,False
N14,E221,E476,False
N14,E221,E543,False
N14,E222,E408,True
N14,E222,E441,False
N14,E222,E513,False
N14,E222,E518,True
N14,E223,E456,False
N14,E223,E463,True
N14,E223,E496,False
N14,E223,E599,False
N14,E224,E572,False
N14,E225,E446,False
N14,E225,E492,True
N14,E226,E459,False
N14,E226,E526,True
N14,E226,E576,False
N14,E226,E598,False
N14,E227,E453,True
N14,E227,E455,False
N14,E227,E464,False
N14,E227,E506,True
N14,E228,E439,True
N14,E228,E544,False
N14,E228,E549,False
N14,E228,E577,True
N14,E229,E426,False
N14,E229,E433,True
N14,E229,E452,False
N14,E229,E483,False
N14,E229,E519,False
N14,E229,E528,False
N14,E229,E559,True
N14,E230,E413,False
N14,E230,E494,False
N14,E231,E422,True
N14,E231,E473,False
N14,E231,E478,False
N14,E231,E576,False
N14,E232,E401,False
N14,E232,E421,False
N14,E232,E518,False
N14,E232,E520,False
N14,E232,E536,False
N14,E233,E568,False
N14,E234,E457,True
N14,E234,E523,False
N14,E234,E584,True
N14,E234,E585,False
N14,E235,E407,False
N14,E235,E416,True
N14,E235,E465,False
N14,E235,E493,False
N14,E235,E511,False
N14,E235,E519,False
N14,E235,E571,False
N14,E236,E520,True
N14,E236,E547,False
N14,E236,E570,True
N14,E236,E591,False
N14,E237,E416,False
N14,E237,E436,False
N14,E237,E475,False
N14,E237,E525,False
N14,E237,E539,False
N14,E238,E444,False
N14,E238,E517,False
N14,E238,E536,False
N14,E239,E423,True
N14,E240,E419,True
N14,E240,E431,False
N14,E240,E441,False
N14,E240,E514,True
N14,E240,E564,False
N14,E240,E578,True
N14,E240,E584,False
N14,E240,E591,True
N14,E242,E437,False
N14,E242,E456,False
N14,E242,E562,False
N14,E243,E475,False
N14,E243,E494,False
N14,E243,E585,False
N14,E244,E528,False
N14,E245,E466,False
N14,E246,E433,False
N14,E246,E441,True
N14,E246,E509,False
N14,E246,E533,False
N14,E246,E581,True
N14,E247,E411,False
N14,E247,E458,True
N14,E247,E531,False
N14,E247,E584,False
N14,E248,E507,False
N14,E248,E586,True
N14,E249,E483,True
N14,E250,E501,True
N14,E250,E552,False
N14,E250,E591,False
N14,E251,E417,True
N14,E251,E442,False
N14,E251,E470,False
N14,E252,E467,True
N14,E252,E540,False
N14,E252,E593,False
N14,E253,E402,True
N14,E253,E531,True
N14,E254,E400,True
N14,E254,E549,False
N14,E254,E594,True
N14,E254,E597,False
N14,E256,E401,False
N14,E256,E402,False
N14,E256,E413,True
N14,E256,E496,False
N14,E256,E513,False
N14,E256,E578,False
N14,E257,E424,False
N14,E257,E485,True
N14,E257,E510,True
N14,E257,E572,True
N14,E258,E503,True
N14,E258,E558,True
N14,E259,E566,True
N14,E259,E569,True
N14,E260,E423,False
N14,E260,E523,True
N14,E261,E482,True
N14,E262,E411,False
N14,E262,E429,False
N14,E262,E471,False
N14,E263,E433,False
N14,E263,E447,True
N14,E263,E501,False
N14,E264,E471,False
N14,E264,E484,False
N14,E264,E499,False
N14,E264,E528,False
N14,E264,E590,True
N14,E265,E481,False
N14,E266,E416,False
N14,E266,E521,False
N14,E267,E443,True
N14,E267,E583,False
N14,E268,E403,True
N14,E268,E479,False
N14,E268,E551,False
N14,E268,E569,False
N14,E269,E431,False
N14,E269,E438,True
N14,E269,E445,False
N14,E269,E469,False
N14,E269,E474,False
N14,E269,E484,False
N14,E269,E574,False
N14,E270,E522,True
N14,E270,E573,False
N14,E270,E595,True
N14,E271,E432,False
N14,E271,E492,False
N14,E271,E534,False
N14,E272,E440,False
N14,E272,E557,True
N14,E273,E438,False
N14,E273,E547,True
N14,E273,E586,False
N14,E274,E404,True
N14,E274,E444,True
N14,E274,E486,False
N14,E274,E499,False
N14,E275,E449,False
N14,E275,E467,False
N14,E276,E516,False
N14,E277,E468,False
N14,E277,E500,True
N14,E277,E596,False
N14,E278,E436,False
N14,E278,E523,False
N14,E278,E535,True
N14,E279,E410,False
N14,E279,E443,False
N14,E279,E489,True
N14,E279,E497,True
N14,E279,E521,False
N14,E279,E527,True
N14,E279,E582,False
N14,E279,E590,False
N14,E280,E549,True
N14,E280,E556,False
N14,E281,E542,True
N14,E281,E551,True
N14,E282,E404,False
N14,E282,E428,True
N14,E282,E505,False
N14,E282,E514,False
N14,E282,E529,True
N14,E282,E554,True
N14,E282,E570,False
N14,E282,E574,False
N14,E283,E490,True
N14,E283,E527,False
N14,E283,E595,False
N14,E284,E403,False
N14,E284,E522,False
N14,E285,E424,False
N14,E285,E496,True
N14,E285,E523,False
N14,E286,E448,False
N14,E286,E514,False
N14,E286,E517,True
N14,E287,E502,False
N14,E287,E512,False
N14,E288,E597,True
N14,E289,E482,False
N14,E289,E485,False
N14,E289,E548,False
N14,E289,E560,True
N14,E290,E423,False
N14,E290,E525,True
N14,E290,E538,True
N14,E290,E576,True
N14,E291,E452,True
N14,E291,E501,False
N14,E292,E454,False
N14,E292,E593,True
N14,E293,E472,True
N14,E293,E507,True
N14,E294,E429,True
N14,E294,E453,False
N14,E294,E484,True
N14,E294,E486,False
N14,E294,E530,False
N14,E295,E460,False
N14,E296,E459,True
N14,E296,E469,True
N14,E296,E476,True
N14,E296,E481,True
N14,E296,E551,False
N14,E297,E415,True
N14,E297,E472,False
N14,E297,E505,False
N14,E298,E442,False
N14,E298,E503,False
N14,E298,E515,False
N14,E298,E532,True
N14,E299,E421,False
N14,E299,E443,False
N14,E299,E565,False
N14,E300,E414,False
N14,E300,E508,True
N14,E301,E426,False
N14,E301,E531,False
N14,E302,E422,False
N14,E302,E570,False
N14,E304,E455,True
N14,E304,E574,True
N14,E305,E451,False
N14,E305,E503,False
N14,E305,E541,True
N14,E306,E460,False
N14,E306,E467,False
N14,E306,E486,False
N14,E306,E560,False
N14,E307,E465,True
N14,E307,E504,True
N14,E308,E411,True
N14,E308,E559,False
N14,E309,E433,False
N14,E309,E443,False
N14,E309,E449,False
N14,E309,E530,False
N14,E310,E487,False
N14,E311,E506,False
N14,E311,E579,True
N14,E312,E437,False
N14,E312,E468,True
N14,E312,E562,True
N14,E313,E505,True
N14,E313,E524,True
N14,E313,E527,False
N14,E313,E536,True
N14,E314,E442,False
N14,E314,E445,True
N14,E314,E573,False
N14,E314,E596,True
N14,E315,E493,False
N14,E315,E581,False
N14,E316,E406,False
N14,E316,E471,True
N14,E316,E568,True
N14,E316,E585,False
N14,E317,E418,False
N14,E317,E430,True
N14,E317,E525,False
N14,E318,E400,False
N14,E318,E567,False
N14,E319,E427,True
N14,E320,E446,False
N14,E320,E488,True
N14,E320,E490,False
N14,E321,E482,False
N14,E321,E493,False
N14,E321,E510,False
N14,E321,E546,True
N14,E322,E421,True
N14,E322,E432,False
N14,E322,E447,False
N14,E322,E464,True
N14,E322,E533,False
N14,E322,E578,False
N14,E323,E548,True
N14,E323,E590,False
N14,E323,E598,True
N14,E324,E599,True
N14,E325,E400,False
N14,E325,E537,True
N14,E326,E546,False
N14,E327,E477,False
N14,E327,E564,True
N14,E327,E594,False
N14,E328,E462,False
N14,E329,E460,False
N14,E329,E504,False
N14,E329,E507,False
N14,E330,E420,True
N14,E330,E529,False
N14,E331,E508,False
N14,E332,E487,True
N14,E332,E501,False
N14,E332,E517,False
N14,E333,E532,False
N14,E333,E579,False
N14,E333,E582,False
N14,E334,E401,False
N14,E334,E449,True
N14,E334,E567,True
N14,E334,E587,True
N14,E334,E592,False
N14,E335,E406,True
N14,E335,E410,True
N14,E335,E425,False
N14,E335,E478,False
N14,E336,E488,False
N14,E337,E431,False
N14,E337,E470,False
N14,E337,E522,False
N14,E339,E424,False
N14,E339,E456,True
N14,E339,E477,False
N14,E339,E535,False
N14,E341,E461,False
N14,E341,E478,True
N14,E341,E490,False
N14,E342,E442,True
N14,E342,E491,True
N14,E342,E495,False
N14,E342,E555,True
N14,E343,E434,False
N14,E343,E435,False
N14,E343,E485,False
N14,E343,E526,False
N14,E343,E571,True
N14,E344,E423,False
N14,E344,E446,False
N14,E344,E557,False
N14,E345,E446,True
N14,E345,E541,False
N14,E346,E431,True
N14,E346,E479,True
N14,E346,E503,False
N14,E346,E563,True
N14,E346,E567,False
N14,E347,E410,False
N14,E347,E516,False
N14,E347,E583,True
N14,E347,E587,False
N14,E348,E416,False
N14,E348,E437,True
N14,E348,E439,False
N14,E348,E500,False
N14,E348,E533,True
N14,E348,E549,False
N14,E349,E544,False
N14,E349,E545,False
N14,E350,E408,False
N14,E350,E494,False
N14,E350,E568,False
N14,E351,E435,True
N14,E351,E493,True
N14,E352,E543,True
N14,E353,E403,False
N14,E353,E445,False
N14,E353,E461,False
N14,E353,E555,False
N14,E353,E566,False
N14,E354,E401,True
N14,E354,E434,False
N14,E354,E494,True
N14,E354,E512,False
N14,E354,E513,False
N14,E355,E506,False
N14,E356,E417,False
N14,E356,E458,False
N14,E356,E545,False
N14,E356,E558,False
N14,E356,E599,False
N14,E357,E450,False
N14,E357,E480,True
N14,E357,E491,False
N14,E357,E596,False
N14,E358,E425,False
N14,E358,E427,False
N14,E358,E457,False
N14,E358,E506,False
N14,E359,E452,False
N14,E359,E534,False
N14,E359,E577,False
N14,E360,E407,True
N14,E360,E409,False
N14,E360,E499,True
N14,E361,E454,True
N14,E361,E455,False
N14,E361,E470,True
N14,E361,E576,False
N14,E362,E502,False
N14,E362,E543,False
N14,E362,E557,False
N14,E363,E474,False
N14,E363,E554,False
N14,E365,E412,False
N14,E365,E461,True
N14,E365,E482,False
N14,E365,E588,False
N14,E366,E462,True
N14,E366,E466,False
N14,E366,E508,False
N14,E367,E555,False
N14,E367,E567,False
N14,E368,E473,False
N14,E368,E492,False
N14,E368,E512,True
N14,E368,E516,False
N14,E368,E560,False
N14,E368,E575,True
N14,E368,E592,False
N14,E369,E400,False
N14,E369,E408,False
N14,E369,E538,False
N14,E370,E422,False
N14,E370,E521,True
N14,E370,E552,False
N14,E370,E581,False
N14,E371,E448,True
N14,E371,E480,False
N14,E371,E553,False
N14,E372,E402,False
N14,E372,E449,False
N14,E372,E450,True
N14,E372,E524,False
N14,E373,E463,False
N14,E373,E545,True
N14,E373,E580,False
N14,E373,E594,False
N14,E374,E405,False
N14,E374,E472,False
N14,E374,E477,True
N14,E374,E515,False
N14,E375,E424,True
N14,E375,E561,True
N14,E375,E578,False
N14,E375,E591,False
N14,E376,E498,False
N14,E377,E485,False
N14,E377,E505,False
N14,E377,E527,False
N14,E377,E550,False
N14,E378,E409,True
N14,E378,E418,True
N14,E378,E475,True
N14,E378,E489,False
N14,E378,E555,False
N14,E378,E575,False
N14,E378,E582,False
N14,E379,E590,False
N14,E380,E530,True
N14,E381,E426,True
N14,E381,E486,True
N14,E381,E568,False
N14,E382,E470,False
N14,E382,E517,False
N14,E382,E520,False
N14,E383,E413,False
N14,E383,E552,True
N14,E384,E516,True
N14,E385,E592,True
N14,E386,E544,False
N14,E386,E580,True
N14,E387,E483,False
N14,E388,E428,False
N14,E388,E456,False
N14,E389,E415,False
N14,E389,E580,False
N14,E390,E420,False
N14,E390,E510,False
N14,E390,E522,False
N14,E391,E469,False
N14,E391,E581,False
N14,E392,E402,False
N14,E392,E410,False
N14,E392,E476,False
N14,E392,E519,True
N14,E393,E588,True
N14,E394,E432,True
N14,E394,E529,False
N14,E394,E539,True
N14,E394,E544,True
N14,E394,E589,False
N14,E395,E440,True
N14,E396,E495,True
N14,E396,E500,False
N14,E396,E511,False
N14,E396,E577,False
N14,E397,E434,False
N14,E397,E474,True
N14,E397,E575,False
N14,E397,E583,False
N14,E397,E585,True
N14,E398,E502,True
N14,E398,E540,True
N14,E399,E425,True
N14,E399,E586,False
N14,E400,E613,False
N14,E400,E631,False
N14,E400,E643,True
N14,E400,E663,False
N14,E400,E727,True
N14,E401,E622,False
N14,E401,E682,False
N14,E401,E715,False
N14,E401,E767,False
N14,E401,E768,False
N14,E402,E751,False
N14,E403,E731,True
N14,E403,E777,False
N14,E403,E778,False
N14,E404,E601,False
N14,E404,E683,False
N14,E404,E686,True
N14,E404,E789,False
N14,E405,E609,True
N14,E405,E711,False
N14,E405,E725,True
N14,E405,E746,False
N14,E405,E750,False
N14,E405,E789,False
N14,E406,E611,False
N14,E406,E634,False
N14,E406,E643,False
N14,E406,E727,False
N14,E406,E758,False
N14,E407,E686,False
N14,E407,E786,False
N14,E409,E650,False
N14,E409,E667,False
N14,E409,E791,True
N14,E410,E724,False
N14,E410,E730,False
N14,E410,E783,False
N14,E410,E785,True
N14,E411,E624,False
N14,E411,E632,False
N14,E411,E682,False
N14,E411,E712,False
N14,E411,E724,False
N14,E411,E729,True
N14,E412,E650,False
N14,E412,E662,False
N14,E412,E701,True
N14,E412,E712,False
N14,E412,E718,False
N14,E412,E720,True
N14,E412,E741,False
N14,E413,E605,False
N14,E413,E689,True
N14,E414,E672,True
N14,E414,E741,True
N14,E415,E622,False
N14,E415,E623,False
N14,E415,E687,True
N14,E415,E760,True
N14,E415,E787,False
N14,E416,E621,False
N14,E416,E757,False
N14,E416,E765,False
N14,E417,E662,True
N14,E417,E685,False
N14,E417,E693,False
N14,E417,E743,False
N14,E417,E759,False
N14,E417,E785,False
N14,E417,E786,False
N14,E417,E794,False
N14,E418,E668,True
N14,E418,E707,False
N14,E418,E711,True
N14,E418,E748,False
N14,E419,E633,False
N14,E419,E654,True
N14,E419,E793,False
N14,E420,E629,False
N14,E420,E654,False
N14,E421,E601,False
N14,E421,E647,False
N14,E421,E659,True
N14,E421,E733,True
N14,E421,E795,True
N14,E422,E605,False
N14,E422,E652,False
N14,E422,E682,False
N14,E422,E754,True
N14,E422,E778,True
N14,E423,E626,True
N14,E423,E653,False
N14,E423,E676,False
N14,E423,E703,True
N14,E423,E740,False
N14,E423,E794,False
N14,E424,E663,False
N14,E424,E673,True
N14,E424,E767,False
N14,E425,E604,True
N14,E425,E699,False
N14,E427,E623,False
N14,E428,E664,False
N14,E428,E740,False
N14,E429,E615,False
N14,E429,E779,True
N14,E430,E693,False
N14,E430,E769,True
N14,E431,E627,True
N14,E431,E742,False
N14,E432,E626,False
N14,E432,E722,False
N14,E432,E741,False
N14,E433,E641,True
N14,E433,E787,False
N14,E434,E601,True
N14,E434,E617,False
N14,E434,E673,False
N14,E434,E700,True
N14,E434,E757,False
N14,E435,E606,False
N14,E435,E720,False
N14,E436,E602,False
N14,E436,E635,True
N14,E436,E648,False
N14,E436,E663,False
N14,E436,E719,False
N14,E436,E723,False
N14,E436,E794,True
N14,E437,E770,True
N14,E437,E797,True
N14,E438,E687,False
N14,E439,E706,False
N14,E440,E621,True
N14,E440,E632,False
N14,E440,E758,False
N14,E440,E767,True
N14,E440,E788,True
N14,E441,E690,True
N14,E441,E755,False
N14,E441,E790,False
N14,E443,E685,False
N14,E443,E737,False
N14,E444,E651,False
N14,E444,E654,False
N14,E444,E691,True
N14,E444,E733,False
N14,E444,E760,False
N14,E444,E771,True
N14,E445,E761,True
N14,E445,E784,False
N14,E446,E738,False
N14,E447,E631,True
N14,E447,E632,True
N14,E447,E646,True
N14,E447,E748,False
N14,E447,E755,True
N14,E447,E756,False
N14,E448,E678,False
N14,E448,E704,False
N14,E448,E731,False
N14,E448,E740,False
N14,E448,E742,True
N14,E449,E620,False
N14,E449,E675,True
N14,E449,E772,False
N14,E449,E777,False
N14,E450,E652,True
N14,E450,E726,False
N14,E450,E772,False
N14,E451,E642,True
N14,E451,E720,False
N14,E451,E763,False
N14,E451,E785,False
N14,E452,E638,True
N14,E452,E718,True
N14,E452,E722,False
N14,E452,E747,True
N14,E452,E775,False
N14,E452,E789,True
N14,E453,E680,False
N14,E453,E714,False
N14,E453,E719,False
N14,E453,E739,False
N14,E454,E627,False
N14,E454,E691,False
N14,E454,E774,False
N14,E454,E783,True
N14,E454,E789,False
N14,E455,E685,False
N14,E455,E721,False
N14,E455,E751,False
N14,E456,E722,True
N14,E457,E664,True
N14,E457,E724,True
N14,E457,E755,False
N14,E457,E791,False
N14,E458,E644,True
N14,E458,E680,True
N14,E458,E721,False
N14,E458,E771,False
N14,E459,E630,False
N14,E459,E726,True
N14,E460,E605,True
N14,E460,E710,False
N14,E460,E744,True
N14,E460,E749,True
N14,E461,E625,True
N14,E461,E640,False
N14,E461,E697,True
N14,E461,E764,False
N14,E461,E769,False
N14,E462,E773,True
N14,E463,E632,False
N14,E463,E750,True
N14,E463,E751,True
N14,E464,E747,False
N14,E464,E778,False
N14,E465,E614,False
N14,E465,E626,False
N14,E465,E628,True
N14,E466,E617,True
N14,E466,E644,False
N14,E466,E669,False
N14,E466,E799,False
N14,E467,E619,True
N14,E467,E655,False
N14,E467,E757,True
N14,E467,E760,False
N14,E468,E639,False
N14,E468,E640,True
N14,E468,E681,True
N14,E468,E695,False
N14,E468,E745,False
N14,E469,E651,False
N14,E469,E699,False
N14,E469,E705,False
N14,E469,E730,False
N14,E470,E668,False
N14,E470,E780,False
N14,E470,E786,True
N14,E471,E704,False
N14,E472,E641,False
N14,E473,E614,False
N14,E473,E661,False
N14,E473,E672,False
N14,E473,E756,True
N14,E474,E628,False
N14,E474,E642,False
N14,E474,E701,False
N14,E474,E709,False
N14,E474,E736,False
N14,E475,E649,False
N14,E475,E692,False
N14,E475,E743,False
N14,E476,E615,False
N14,E476,E684,False
N14,E476,E705,False
N14,E476,E753,False
N14,E477,E627,False
N14,E477,E630,True
N14,E477,E797,False
N14,E478,E608,True
N14,E478,E675,False
N14,E478,E697,False
N14,E478,E705,True
N14,E478,E769,False
N14,E479,E633,True
N14,E479,E658,True
N14,E479,E741,False
N14,E479,E753,True
N14,E480,E600,False
N14,E480,E694,False
N14,E480,E729,False
N14,E480,E753,False
N14,E481,E686,False
N14,E481,E691,False
N14,E481,E721,True
N14,E481,E739,True
N14,E481,E774,True
N14,E481,E796,True
N14,E481,E799,False
N14,E482,E610,True
N14,E482,E643,False
N14,E482,E695,True
N14,E482,E710,False
N14,E483,E666,False
N14,E483,E706,True
N14,E483,E717,False
N14,E483,E734,False
N14,E485,E613,False
N14,E485,E679,False
N14,E486,E627,False
N14,E486,E656,False
N14,E486,E658,False
N14,E486,E670,False
N14,E486,E730,True
N14,E486,E743,True
N14,E486,E775,True
N14,E487,E738,True
N14,E489,E719,True
N14,E490,E710,False
N14,E490,E758,True
N14,E490,E777,True
N14,E491,E613,False
N14,E491,E633,False
N14,E491,E779,False
N14,E491,E792,True
N14,E492,E648,True
N14,E492,E696,False
N14,E492,E761,False
N14,E493,E624,True
N14,E493,E687,False
N14,E493,E708,False
N14,E493,E779,False
N14,E494,E637,False
N14,E494,E714,True
N14,E494,E723,False
N14,E494,E758,False
N14,E495,E635,False
N14,E495,E688,False
N14,E495,E746,False
N14,E496,E609,False
N14,E497,E603,True
N14,E497,E622,False
N14,E497,E663,True
N14,E497,E679,True
N14,E497,E699,True
N14,E498,E612,False
N14,E498,E653,False
N14,E498,E665,False
N14,E498,E686,False
N14,E499,E637,True
N14,E499,E659,False
N14,E499,E694,False
N14,E499,E798,True
N14,E500,E698,True
N14,E501,E651,True
N14,E501,E667,False
N14,E501,E670,False
N14,E501,E672,False
N14,E501,E755,False
N14,E502,E620,False
N14,E502,E653,True
N14,E502,E714,False
N14,E502,E748,False
N14,E503,E628,False
N14,E503,E788,False
N14,E504,E634,True
N14,E504,E708,True
N14,E505,E735,True
N14,E505,E752,True
N14,E506,E601,False
N14,E506,E694,True
N14,E506,E695,False
N14,E506,E704,True
N14,E506,E770,False
N14,E507,E642,False
N14,E507,E650,True
N14,E507,E670,True
N14,E507,E712,True
N14,E507,E762,True
N14,E507,E796,False
N14,E508,E620,False
N14,E508,E655,True
N14,E508,E702,False
N14,E508,E716,True
N14,E509,E773,False
N14,E509,E788,False
N14,E510,E638,False
N14,E510,E748,True
N14,E511,E746,False
N14,E512,E696,False
N14,E512,E725,False
N14,E513,E618,False
N14,E513,E676,True
N14,E513,E706,False
N14,E513,E797,False
N14,E514,E688,True
N14,E514,E726,False
N14,E514,E727,False
N14,E515,E613,True
N14,E515,E624,False
N14,E515,E730,False
N14,E516,E600,False
N14,E516,E657,False
N14,E516,E787,True
N14,E517,E677,True
N14,E517,E761,False
N14,E518,E637,False
N14,E518,E642,False
N14,E518,E660,False
N14,E518,E676,False
N14,E518,E681,False
N14,E518,E799,False
N14,E519,E608,False
N14,E519,E623,True
N14,E519,E666,True
N14,E520,E744,False
N14,E521,E669,True
N14,E521,E684,True
N14,E521,E759,True
N14,E522,E683,True
N14,E522,E701,False
N14,E522,E705,False
N14,E522,E715,False
N14,E523,E602,True
N14,E523,E694,False
N14,E523,E793,False
N14,E524,E657,True
N14,E524,E684,False
N14,E524,E759,False
N14,E524,E795,False
N14,E525,E611,False
N14,E525,E717,False
N14,E525,E736,True
N14,E526,E687,False
N14,E526,E713,False
N14,E526,E728,True
N14,E527,E612,True
N14,E527,E678,False
N14,E528,E683,False
N14,E528,E713,False
N14,E528,E768,False
N14,E529,E728,False
N14,E530,E678,True
N14,E530,E737,False
N14,E530,E781,False
N14,E531,E671,False
N14,E531,E703,False
N14,E532,E676,False
N14,E533,E609,False
N14,E533,E616,True
N14,E533,E723,True
N14,E533,E733,False
N14,E533,E795,False
N14,E534,E619,False
N14,E534,E647,False
N14,E534,E660,True
N14,E534,E747,False
N14,E535,E685,True
N14,E535,E702,False
N14,E536,E611,True
N14,E536,E688,False
N14,E537,E604,False
N14,E537,E727,False
N14,E537,E764,True
N14,E537,E776,True
N14,E538,E714,False
N14,E538,E762,False
N14,E538,E782,False
N14,E538,E797,False
N14,E539,E604,False
N14,E539,E662,False
N14,E539,E702,True
N14,E539,E784,True
N14,E540,E608,False
N14,E540,E754,False
N14,E541,E621,False
N14,E541,E780,True
N14,E541,E781,True
N14,E542,E695,False
N14,E542,E701,False
N14,E543,E607,False
N14,E543,E671,False
N14,E543,E696,True
N14,E543,E752,False
N14,E544,E738,False
N14,E544,E798,False
N14,E545,E618,False
N14,E545,E675,False
N14,E546,E636,False
N14,E546,E680,False
N14,E546,E745,False
N14,E546,E772,True
N14,E547,E732,False
N14,E549,E617,False
N14,E549,E659,False
N14,E550,E684,False
N14,E551,E629,True
N14,E551,E645,False
N14,E551,E732,False
N14,E551,E740,True
N14,E551,E742,False
N14,E551,E765,True
N14,E552,E607,False
N14,E552,E614,True
N14,E552,E680,False
N14,E552,E715,True
N14,E552,E720,False
N14,E552,E732,True
N14,E552,E762,False
N14,E554,E607,True
N14,E554,E631,False
N14,E555,E671,True
N14,E555,E708,False
N14,E555,E731,False
N14,E555,E777,False
N14,E556,E665,True
N14,E556,E721,False
N14,E556,E746,True
N14,E557,E606,True
N14,E558,E658,False
N14,E558,E682,True
N14,E558,E688,False
N14,E559,E615,False
N14,E559,E618,True
N14,E559,E681,False
N14,E559,E737,True
N14,E560,E610,False
N14,E560,E661,True
N14,E560,E667,True
N14,E561,E692,False
N14,E562,E623,False
N14,E562,E639,False
N14,E562,E641,False
N14,E562,E698,False
N14,E562,E744,False
N14,E562,E747,False
N14,E563,E610,False
N14,E563,E648,False
N14,E563,E674,False
N14,E563,E768,True
N14,E564,E647,True
N14,E564,E710,True
N14,E564,E793,False
N14,E565,E735,False
N14,E565,E743,False
N14,E565,E768,False
N14,E565,E793,True
N14,E566,E622,True
N14,E566,E726,False
N14,E566,E735,False
N14,E566,E763,False
N14,E567,E618,False
N14,E567,E649,True
N14,E567,E655,False
N14,E567,E707,True
N14,E567,E749,False
N14,E567,E778,False
N14,E568,E631,False
N14,E568,E771,False
N14,E568,E783,False
N14,E569,E616,False
N14,E569,E742,False
N14,E569,E792,False
N14,E570,E656,True
N14,E571,E708,False
N14,E571,E716,False
N14,E574,E600,False
N14,E574,E646,False
N14,E574,E772,False
N14,E575,E603,False
N14,E575,E666,False
N14,E576,E630,False
N14,E576,E670,False
N14,E576,E766,False
N14,E576,E790,False
N14,E577,E674,False
N14,E578,E620,True
N14,E578,E639,True
N14,E578,E788,False
N14,E578,E799,True
N14,E579,E645,True
N14,E579,E689,False
N14,E579,E732,False
N14,E580,E633,False
N14,E581,E738,False
N14,E582,E744,False
N14,E582,E754,False
N14,E583,E713,True
N14,E583,E766,True
N14,E583,E787,False
N14,E584,E600,True
N14,E584,E603,False
N14,E584,E784,False
N14,E585,E615,True
N14,E585,E750,False
N14,E585,E779,False
N14,E585,E790,True
N14,E586,E616,False
N14,E586,E692,True
N14,E586,E731,False
N14,E586,E763,True
N14,E586,E782,True
N14,E587,E776,False
N14,E588,E767,False
N14,E589,E666,False
N14,E589,E704,False
N14,E589,E725,False
N14,E589,E749,False
N14,E590,E628,False
N14,E590,E652,False
N14,E590,E655,False
N14,E590,E754,False
N14,E591,E677,False
N14,E592,E639,False
N14,E592,E709,True
N14,E592,E745,True
N14,E592,E760,False
N14,E593,E625,False
N14,E593,E674,True
N14,E593,E692,False
N14,E593,E770,False
N14,E594,E739,False
N14,E594,E751,False
N14,E594,E790,False
N14,E595,E611,False
N14,E595,E693,True
N14,E595,E699,False
N14,E595,E700,False
N14,E595,E717,True
N14,E595,E773,False
N14,E595,E781,False
N14,E596,E677,False
N14,E596,E750,False
N14,E597,E608,False
N14,E597,E630,False
N14,E597,E636,True
N14,E597,E753,False
N14,E598,E690,False
N14,E598,E734,True
N14,E598,E739,False
N14,E599,E667,False
N14,E599,E761,False
N14,E600,E886,True
N14,E600,E895,False
N14,E600,E939,False
N14,E601,E915,False
N14,E601,E967,True
N14,E602,E802,False
N14,E602,E849,False
N14,E602,E943,True
N14,E602,E997,True
N14,E603,E834,False
N14,E603,E925,True
N14,E603,E972,False
N14,E603,E990,False
N14,E605,E955,False
N14,E605,E987,False
N14,E605,E992,False
N14,E606,E898,False
N14,E606,E900,True
N14,E606,E931,False
N14,E606,E936,False
N14,E607,E801,False
N14,E607,E961,True
N14,E607,E980,True
N14,E608,E936,False
N14,E608,E988,True
N14,E609,E939,False
N14,E610,E965,False
N14,E611,E805,False
N14,E611,E821,False
N14,E612,E809,False
N14,E612,E867,True
N14,E612,E898,False
N14,E612,E910,False
N14,E612,E919,True
N14,E612,E954,False
N14,E612,E964,False
N14,E613,E827,False
N14,E613,E857,False
N14,E613,E864,False
N14,E613,E904,False
N14,E613,E917,False
N14,E614,E805,True
N14,E614,E930,False
N14,E615,E821,False
N14,E615,E831,False
N14,E615,E887,False
N14,E615,E942,False
N14,E616,E882,False
N14,E616,E887,True
N14,E616,E901,False
N14,E616,E914,False
N14,E616,E935,False
N14,E616,E941,False
N14,E616,E958,True
N14,E617,E814,False
N14,E617,E952,False
N14,E618,E801,True
N14,E618,E802,True
N14,E618,E881,True
N14,E618,E888,False
N14,E618,E936,False
N14,E618,E978,True
N14,E619,E818,False
N14,E619,E850,False
N14,E619,E855,True
N14,E619,E908,True
N14,E619,E918,False
N14,E619,E933,False
N14,E619,E982,False
N14,E620,E899,False
N14,E620,E906,False
N14,E621,E836,False
N14,E621,E868,True
N14,E621,E873,False
N14,E621,E915,True
N14,E621,E916,True
N14,E622,E862,False
N14,E622,E876,True
N14,E623,E800,False
N14,E623,E808,True
N14,E623,E810,True
N14,E623,E938,True
N14,E624,E812,True
N14,E624,E870,True
N14,E624,E931,False
N14,E625,E800,False
N14,E625,E837,False
N14,E625,E904,True
N14,E625,E908,False
N14,E625,E943,False
N14,E626,E830,False
N14,E626,E955,True
N14,E626,E974,False
N14,E627,E840,False
N14,E627,E853,False
N14,E627,E891,False
N14,E627,E911,True
N14,E627,E929,False
N14,E627,E948,True
N14,E628,E815,False
N14,E628,E934,False
N14,E629,E828,False
N14,E629,E829,True
N14,E630,E986,True
N14,E630,E993,True
N14,E631,E815,False
N14,E631,E905,False
N14,E631,E954,True
N14,E632,E838,False
N14,E632,E839,False
N14,E632,E865,True
N14,E632,E931,False
N14,E632,E952,True
N14,E633,E811,False
N14,E633,E856,True
N14,E633,E872,False
N14,E633,E902,False
N14,E633,E918,True
N14,E633,E971,False
N14,E634,E814,True
N14,E634,E838,False
N14,E634,E995,False
N14,E635,E800,False
N14,E635,E844,False
N14,E635,E856,False
N14,E635,E876,False
N14,E635,E953,True
N14,E636,E822,False
N14,E636,E844,False
N14,E636,E851,True
N14,E636,E880,False
N14,E636,E913,False
N14,E636,E937,False
N14,E637,E800,True
N14,E637,E853,True
N14,E637,E880,True
N14,E637,E953,False
N14,E637,E969,True
N14,E637,E993,False
N14,E638,E812,False
N14,E638,E815,True
N14,E638,E845,False
N14,E638,E848,True
N14,E638,E860,False
N14,E638,E926,False
N14,E638,E986,False
N14,E639,E909,False
N14,E639,E945,False
N14,E640,E835,False
N14,E641,E814,False
N14,E641,E842,True
N14,E641,E900,False
N14,E641,E983,True
N14,E642,E833,True
N14,E642,E844,True
N14,E642,E888,False
N14,E644,E818,True
N14,E644,E903,False
N14,E645,E856,False
N14,E646,E873,False
N14,E646,E910,False
N14,E647,E810,False
N14,E647,E826,False
N14,E647,E832,False
N14,E647,E861,False
N14,E647,E944,False
N14,E648,E869,False
N14,E648,E912,False
N14,E648,E943,False
N14,E649,E801,False
N14,E649,E820,True
N14,E649,E871,False
N14,E650,E889,False
N14,E650,E968,False
N14,E651,E830,True
N14,E652,E920,False
N14,E652,E974,True
N14,E653,E959,True
N14,E654,E827,False
N14,E654,E877,False
N14,E654,E946,True
N14,E654,E948,False
N14,E654,E965,False
N14,E654,E979,True
N14,E655,E824,False
N14,E655,E855,False
N14,E655,E884,False
N14,E656,E828,True
N14,E657,E819,True
N14,E657,E850,False
N14,E657,E885,False
N14,E657,E899,True
N14,E658,E915,False
N14,E658,E933,True
N14,E658,E938,False
N14,E659,E817,True
N14,E659,E991,False
N14,E660,E826,True
N14,E660,E875,False
N14,E660,E916,False
N14,E660,E924,False
N14,E661,E871,True
N14,E661,E992,False
N14,E662,E832,False
N14,E662,E843,False
N14,E662,E870,False
N14,E662,E882,True
N14,E662,E922,False
N14,E662,E998,False
N14,E663,E858,False
N14,E663,E914,True
N14,E663,E928,False
N14,E663,E984,True
N14,E664,E822,True
N14,E664,E842,False
N14,E664,E857,True
N14,E664,E970,True
N14,E664,E992,True
N14,E665,E832,True
N14,E665,E957,False
N14,E665,E960,False
N14,E666,E824,False
N14,E666,E834,True
N14,E666,E875,False
N14,E666,E879,False
N14,E667,E813,False
N14,E667,E865,False
N14,E667,E912,False
N14,E667,E976,False
N14,E667,E981,False
N14,E668,E803,False
N14,E668,E845,False
N14,E668,E969,False
N14,E668,E976,True
N14,E669,E869,False
N14,E669,E956,False
N14,E669,E980,False
N14,E671,E807,False
N14,E671,E828,False
N14,E671,E831,True
N14,E671,E859,True
N14,E671,E864,False
N14,E671,E907,False
N14,E671,E927,False
N14,E671,E947,True
N14,E672,E803,False
N14,E672,E850,False
N14,E673,E837,False
N14,E673,E877,False
N14,E673,E939,True
N14,E675,E950,True
N14,E676,E838,False
N14,E676,E846,True
N14,E676,E892,True
N14,E676,E893,False
N14,E676,E922,True
N14,E676,E927,False
N14,E676,E981,True
N14,E676,E984,False
N14,E677,E806,True
N14,E677,E892,False
N14,E678,E917,False
N14,E678,E983,False
N14,E679,E934,False
N14,E680,E845,False
N14,E680,E907,False
N14,E680,E948,False
N14,E680,E972,True
N14,E680,E989,True
N14,E681,E824,True
N14,E681,E839,False
N14,E681,E981,False
N14,E682,E846,False
N14,E682,E881,False
N14,E682,E996,False
N14,E683,E828,False
N14,E683,E913,True
N14,E683,E953,False
N14,E684,E894,False
N14,E684,E987,False
N14,E684,E999,False
N14,E685,E840,True
N14,E685,E903,False
N14,E685,E998,False
N14,E686,E870,False
N14,E686,E979,False
N14,E687,E823,True
N14,E687,E928,True
N14,E688,E902,False
N14,E688,E965,False
N14,E688,E967,False
N14,E689,E831,False
N14,E689,E944,False
N14,E689,E957,False
N14,E689,E987,False
N14,E689,E988,False
N14,E689,E991,False
N14,E690,E890,True
N14,E690,E991,False
N14,E691,E804,False
N14,E691,E953,False
N14,E692,E854,False
N14,E692,E860,True
N14,E692,E861,True
N14,E693,E876,False
N14,E694,E834,False
N14,E694,E919,False
N14,E694,E985,False
N14,E695,E872,True
N14,E695,E885,True
N14,E695,E992,False
N14,E696,E832,False
N14,E696,E959,False
N14,E697,E823,False
N14,E697,E847,True
N14,E697,E883,False
N14,E697,E924,True
N14,E698,E823,False
N14,E698,E890,False
N14,E699,E962,False
N14,E700,E833,False
N14,E700,E839,True
N14,E700,E960,True
N14,E701,E960,False
N14,E701,E997,False
N14,E702,E859,False
N14,E702,E882,False
N14,E702,E968,True
N14,E702,E994,True
N14,E703,E896,True
N14,E703,E906,True
N14,E703,E969,False
N14,E704,E803,False
N14,E704,E964,True
N14,E705,E947,False
N14,E705,E949,True
N14,E705,E999,False
N14,E706,E808,False
N14,E706,E869,True
N14,E706,E927,True
N14,E707,E819,False
N14,E707,E865,False
N14,E709,E825,True
N14,E709,E861,False
N14,E709,E864,True
N14,E710,E888,True
N14,E710,E903,True
N14,E710,E937,False
N14,E711,E926,True
N14,E711,E937,True
N14,E711,E983,False
N14,E712,E905,False
N14,E712,E912,True
N14,E713,E902,True
N14,E713,E971,False
N14,E714,E918,False
N14,E714,E922,False
N14,E714,E973,False
N14,E715,E806,False
N14,E715,E840,False
N14,E715,E866,True
N14,E715,E917,False
N14,E716,E807,True
N14,E716,E809,False
N14,E716,E823,False
N14,E716,E958,False
N14,E717,E806,False
N14,E717,E843,True
N14,E717,E977,False
N14,E718,E877,True
N14,E718,E889,False
N14,E718,E945,False
N14,E719,E886,False
N14,E720,E841,False
N14,E720,E919,False
N14,E721,E863,True
N14,E721,E888,False
N14,E721,E979,False
N14,E721,E986,False
N14,E722,E811,True
N14,E722,E862,True
N14,E723,E873,False
N14,E723,E893,False
N14,E724,E841,True
N14,E724,E849,True
N14,E724,E925,False
N14,E725,E897,False
N14,E725,E920,True
N14,E725,E971,False
N14,E726,E982,False
N14,E727,E857,False
N14,E727,E880,False
N14,E727,E901,False
N14,E727,E989,False
N14,E728,E801,False
N14,E728,E881,False
N14,E729,E929,True
N14,E730,E941,False
N14,E731,E920,False
N14,E731,E956,False
N14,E731,E960,False
N14,E732,E814,False
N14,E732,E868,False
N14,E733,E902,False
N14,E734,E897,False
N14,E734,E999,False
N14,E735,E821,True
N14,E735,E825,False
N14,E735,E851,False
N14,E735,E860,False
N14,E735,E975,False
N14,E736,E925,False
N14,E736,E945,True
N14,E738,E838,True
N14,E738,E852,False
N14,E738,E951,False
N14,E739,E819,False
N14,E739,E836,True
N14,E739,E843,False
N14,E739,E901,True
N14,E739,E912,False
N14,E739,E930,False
N14,E739,E998,False
N14,E740,E878,False
N14,E740,E884,False
N14,E740,E906,False
N14,E740,E920,False
N14,E740,E932,True
N14,E740,E949,False
N14,E742,E840,False
N14,E742,E894,False
N14,E742,E950,False
N14,E742,E962,True
N14,E743,E911,False
N14,E743,E931,True
N14,E743,E942,False
N14,E743,E950,False
N14,E743,E966,True
N14,E743,E977,True
N14,E744,E824,False
N14,E744,E825,False
N14,E744,E854,True
N14,E744,E900,False
N14,E744,E909,True
N14,E744,E924,False
N14,E744,E982,True
N14,E744,E987,True
N14,E745,E887,False
N14,E745,E889,False
N14,E745,E895,False
N14,E745,E934,False
N14,E745,E942,False
N14,E746,E878,True
N14,E746,E898,False
N14,E746,E994,False
N14,E747,E894,False
N14,E747,E946,False
N14,E747,E961,False
N14,E748,E855,False
N14,E748,E872,False
N14,E748,E983,False
N14,E749,E973,True
N14,E749,E996,False
N14,E750,E889,True
N14,E750,E891,True
N14,E750,E941,True
N14,E750,E954,False
N14,E750,E963,True
N14,E750,E991,True
N14,E750,E994,False
N14,E751,E813,True
N14,E751,E830,False
N14,E751,E834,False
N14,E751,E879,False
N14,E752,E803,True
N14,E752,E921,True
N14,E752,E923,True
N14,E752,E944,False
N14,E752,E965,True
N14,E752,E985,True
N14,E753,E825,False
N14,E753,E871,False
N14,E753,E968,False
N14,E753,E989,False
N14,E753,E996,False
N14,E754,E820,False
N14,E754,E829,False
N14,E754,E852,False
N14,E754,E917,True
N14,E755,E835,True
N14,E755,E874,False
N14,E755,E923,False
N14,E756,E816,False
N14,E756,E951,True
N14,E756,E956,False
N14,E757,E857,False
N14,E757,E966,False
N14,E757,E980,False
N14,E757,E997,False
N14,E758,E879,True
N14,E759,E816,True
N14,E759,E858,True
N14,E760,E907,True
N14,E760,E911,False
N14,E760,E966,False
N14,E760,E995,True
N14,E761,E875,False
N14,E761,E882,False
N14,E761,E894,True
N14,E762,E896,False
N14,E762,E924,False
N14,E762,E932,False
N14,E763,E904,False
N14,E763,E913,False
N14,E763,E974,False
N14,E765,E883,True
N14,E765,E910,True
N14,E765,E940,False
N14,E766,E817,False
N14,E766,E819,False
N14,E767,E802,False
N14,E767,E836,False
N14,E767,E884,True
N14,E767,E922,False
N14,E767,E930,True
N14,E767,E936,True
N14,E767,E963,False
N14,E767,E998,True
N14,E768,E811,False
N14,E768,E905,True
N14,E769,E827,True
N14,E769,E923,False
N14,E770,E945,False
N14,E770,E961,False
N14,E771,E804,True
N14,E771,E848,False
N14,E771,E898,True
N14,E771,E947,False
N14,E772,E847,False
N14,E773,E804,False
N14,E774,E806,False
N14,E774,E846,False
N14,E775,E852,True
N14,E775,E854,False
N14,E775,E997,False
N14,E776,E809,True
N14,E776,E872,False
N14,E776,E954,False
N14,E776,E975,True
N14,E777,E804,False
N14,E777,E874,False
N14,E777,E999,True
N14,E778,E940,True
N14,E779,E856,False
N14,E779,E866,False
N14,E779,E893,True
N14,E779,E972,False
N14,E780,E895,True
N14,E780,E970,False
N14,E781,E886,False
N14,E782,E820,False
N14,E782,E955,False
N14,E783,E874,True
N14,E783,E896,False
N14,E784,E862,False
N14,E784,E942,True
N14,E784,E959,False
N14,E784,E978,False
N14,E785,E863,False
N14,E785,E897,True
N14,E786,E921,False
N14,E786,E957,True
N14,E788,E873,True
N14,E788,E976,False
N14,E789,E839,False
N14,E789,E935,True
N14,E789,E944,True
N14,E789,E951,False
N14,E789,E975,False
N14,E790,E850,True
N14,E790,E868,False
N14,E790,E964,False
N14,E790,E968,False
N14,E791,E837,True
N14,E791,E962,False
N14,E791,E971,True
N14,E792,E826,False
N14,E792,E865,False
N14,E792,E959,False
N14,E792,E996,True
N14,E793,E866,False
N14,E793,E870,False
N14,E794,E842,False
N14,E794,E934,True
N14,E794,E950,False
N14,E795,E848,False
N14,E795,E929,False
N14,E795,E957,False
N14,E795,E990,True
N14,E796,E820,False
N14,E796,E875,True
N14,E796,E943,False
N14,E797,E845,True
N14,E798,E867,False
N14,E799,E956,True
N14,E799,E974,False
N15,E000,E201,True
N15,E000,E233,True
N15,E000,E306,False
N15,E000,E343,False
N15,E000,E367,False
N15,E001,E200,False
N15,E001,E206,False
N15,E001,E349,False
N15,E001,E363,False
N15,E002,E231,False
N15,E002,E265,True
N15,E002,E303,False
N15,E002,E337,False
N15,E002,E379,True
N15,E003,E259,True
N15,E003,E261,False
N15,E004,E232,False
N15,E004,E253,False
N15,E004,E262,True
N15,E004,E341,True
N15,E005,E226,False
N15,E005,E296,True
N15,E005,E334,True
N15,E006,E263,False
N15,E006,E315,True
N15,E007,E301,True
N15,E007,E331,True
N15,E008,E214,False
N15,E008,E230,False
N15,E008,E387,False
N15,E009,E275,False
N15,E009,E287,True
N15,E009,E382,False
N15,E010,E239,False
N15,E010,E264,True
N15,E010,E270,False
N15,E010,E342,False
N15,E011,E280,False
N15,E012,E223,False
N15,E012,E263,True
N15,E012,E281,False
N15,E012,E335,False
N15,E013,E254,False
N15,E013,E291,True
N15,E014,E211,False
N15,E014,E309,True
N15,E014,E321,False
N15,E014,E399,False
N15,E015,E228,False
N15,E015,E234,False
N15,E015,E242,False
N15,E015,E296,False
N15,E016,E219,False
N15,E017,E368,False
N15,E018,E227,False
N15,E018,E284,False
N15,E018,E290,False
N15,E018,E317,False
N15,E018,E359,False
N15,E019,E261,False
N15,E019,E298,False
N15,E019,E307,False
N15,E019,E370,False
N15,E020,E349,True
N15,E020,E370,True
N15,E021,E239,True
N15,E022,E214,False
N15,E022,E397,True
N15,E023,E286,True
N15,E023,E344,True
N15,E024,E229,False
N15,E024,E246,False
N15,E024,E354,False
N15,E025,E301,False
N15,E025,E310,True
N15,E026,E290,False
N15,E026,E397,False
N15,E027,E297,False
N15,E027,E299,True
N15,E027,E393,True
N15,E028,E218,False
N15,E028,E223,True
N15,E028,E271,False
N15,E028,E318,False
N15,E029,E221,True
N15,E029,E299,False
N15,E029,E331,False
N15,E029,E388,False
N15,E030,E365,True
N15,E031,E237,False
N15,E031,E239,False
N15,E031,E255,False
N15,E031,E336,False
N15,E032,E220,True
N15,E032,E334,False
N15,E032,E339,False
N15,E033,E229,False
N15,E033,E308,True
N15,E034,E341,False
N15,E034,E392,False
N15,E034,E393,False
N15,E035,E292,True
N15,E035,E351,False
N15,E036,E209,False
N15,E036,E323,False
N15,E036,E387,True
N15,E036,E396,True
N15,E037,E208,False
N15,E037,E333,False
N15,E037,E350,False
N15,E037,E358,True
N15,E037,E369,False
N15,E037,E378,True
N15,E037,E399,False
N15,E038,E228,False
N15,E038,E257,False
N15,E038,E317,False
N15,E038,E350,True
N15,E039,E258,False
N15,E039,E265,False
N15,E040,E374,True
N15,E041,E277,False
N15,E041,E311,False
N15,E041,E314,False
N15,E041,E330,False
N15,E041,E361,False
N15,E041,E395,True
N15,E042,E235,False
N15,E042,E302,False
N15,E042,E312,False
N15,E042,E321,True
N15,E042,E357,False
N15,E043,E209,True
N15,E043,E266,True
N15,E043,E320,False
N15,E044,E203,False
N15,E044,E265,False
N15,E044,E357,False
N15,E045,E241,True
N15,E045,E391,False
N15,E045,E397,False
N15,E046,E356,False
N15,E047,E211,False
N15,E047,E314,True
N15,E048,E246,False
N15,E048,E258,True
N15,E048,E280,True
N15,E048,E340,False
N15,E049,E247,False
N15,E049,E290,True
N15,E049,E324,False
N15,E050,E278,True
N15,E050,E306,False
N15,E050,E320,True
N15,E050,E372,False
N15,E050,E389,False
N15,E050,E394,False
N15,E051,E213,True
N15,E051,E249,False
N15,E051,E340,True
N15,E052,E218,False
N15,E052,E236,False
N15,E052,E274,True
N15,E052,E313,False
N15,E053,E295,True
N15,E053,E343,True
N15,E054,E252,False
N15,E056,E219,False
N15,E056,E289,False
N15,E056,E308,False
N15,E056,E325,False
N15,E056,E375,True
N15,E057,E249,True
N15,E057,E300,True
N15,E057,E399,True
N15,E058,E256,False
N15,E058,E338,True
N15,E058,E374,False
N15,E059,E257,True
N15,E059,E333,False
N15,E059,E393,False
N15,E060,E248,True
N15,E061,E200,False
N15,E061,E237,False
N15,E061,E248,False
N15,E061,E272,True
N15,E061,E310,False
N15,E062,E211,False
N15,E062,E259,False
N15,E062,E309,False
N15,E063,E208,False
N15,E063,E324,True
N15,E063,E356,True
N15,E063,E364,False
N15,E063,E368,False
N15,E063,E379,False
N15,E064,E204,False
N15,E064,E362,False
N15,E064,E369,False
N15,E065,E200,False
N15,E065,E224,True
N15,E065,E270,True
N15,E065,E312,False
N15,E066,E206,True
N15,E066,E263,False
N15,E066,E325,True
N15,E067,E254,True
N15,E067,E322,False
N15,E067,E352,False
N15,E068,E396,False
N15,E069,E292,False
N15,E070,E279,False
N15,E070,E334,False
N15,E070,E394,True
N15,E070,E398,False
N15,E071,E379,False
N15,E072,E218,True
N15,E072,E227,True
N15,E073,E269,False
N15,E073,E328,False
N15,E073,E330,False
N15,E073,E399,False
N15,E074,E244,False
N15,E074,E250,False
N15,E074,E270,False
N15,E074,E301,False
N15,E074,E332,False
N15,E074,E384,False
N15,E075,E239,False
N15,E076,E237,True
N15,E076,E279,True
N15,E076,E284,False
N15,E076,E333,False
N15,E076,E354,True
N15,E076,E374,False
N15,E076,E376,False
N15,E077,E256,False
N15,E077,E301,False
N15,E077,E350,False
N15,E079,E311,False
N15,E079,E328,False
N15,E079,E364,False
N15,E080,E214,True
N15,E080,E308,False
N15,E080,E338,False
N15,E080,E351,True
N15,E080,E362,False
N15,E080,E396,False
N15,E081,E246,True
N15,E081,E276,False
N15,E081,E309,False
N15,E081,E342,True
N15,E084,E374,False
N15,E084,E377,False
N15,E085,E229,True
N15,E085,E256,True
N15,E085,E292,False
N15,E085,E294,True
N15,E086,E245,True
N15,E086,E274,False
N15,E086,E351,False
N15,E086,E372,False
N15,E087,E321,False
N15,E087,E365,False
N15,E088,E294,False
N15,E089,E295,False
N15,E089,E313,False
N15,E090,E234,False
N15,E090,E313,True
N15,E090,E340,False
N15,E090,E345,False
N15,E090,E366,False
N15,E091,E213,False
N15,E091,E228,False
N15,E091,E306,False
N15,E091,E363,False
N15,E092,E232,True
N15,E092,E279,False
N15,E093,E313,False
N15,E093,E337,False
N15,E093,E339,True
N15,E094,E209,False
N15,E094,E278,False
N15,E094,E364,False
N15,E095,E315,False
N15,E096,E225,True
N15,E096,E285,False
N15,E096,E288,False
N15,E096,E298,True
N15,E096,E328,True
N15,E096,E332,False
N15,E096,E392,False
N15,E097,E385,False
N15,E098,E248,False
N15,E098,E362,True
N15,E098,E365,False
N15,E099,E260,False
N15,E099,E293,True
N15,E099,E360,True
N15,E100,E221,False
N15,E100,E272,False
N15,E101,E226,True
N15,E101,E227,False
N15,E101,E303,False
N15,E101,E335,True
N15,E101,E345,False
N15,E101,E359,False
N15,E102,E254,False
N15,E102,E355,True
N15,E102,E398,False
N15,E103,E346,False
N15,E104,E307,True
N15,E105,E231,True
N15,E105,E243,False
N15,E105,E266,False
N15,E106,E276,False
N15,E107,E241,False
N15,E107,E283,False
N15,E107,E357,True
N15,E108,E201,False
N15,E108,E245,False
N15,E108,E344,False
N15,E109,E267,False
N15,E109,E318,True
N15,E110,E249,False
N15,E110,E280,False
N15,E110,E281,False
N15,E110,E360,False
N15,E110,E366,True
N15,E111,E348,True
N15,E112,E212,True
N15,E112,E216,True
N15,E112,E255,True
N15,E112,E307,False
N15,E112,E372,True
N15,E113,E224,False
N15,E113,E267,True
N15,E114,E302,True
N15,E114,E355,False
N15,E114,E386,True
N15,E114,E393,False
N15,E115,E336,True
N15,E116,E334,False
N15,E116,E385,False
N15,E117,E217,False
N15,E117,E319,True
N15,E118,E212,False
N15,E118,E312,False
N15,E119,E203,False
N15,E119,E215,True
N15,E119,E294,False
N15,E120,E205,False
N15,E120,E243,True
N15,E120,E312,True
N15,E121,E365,False
N15,E122,E221,False
N15,E122,E305,False
N15,E122,E322,True
N15,E122,E353,False
N15,E122,E363,True
N15,E122,E373,False
N15,E123,E230,True
N15,E123,E241,False
N15,E123,E386,False
N15,E124,E262,False
N15,E124,E276,True
N15,E124,E280,False
N15,E125,E222,False
N15,E125,E256,False
N15,E125,E276,False
N15,E126,E253,True
N15,E126,E297,True
N15,E126,E352,True
N15,E126,E382,True
N15,E127,E210,True
N15,E127,E257,False
N15,E127,E378,False
N15,E128,E269,True
N15,E128,E381,False
N15,E129,E298,False
N15,E129,E353,True
N15,E129,E369,True
N15,E130,E211,True
N15,E130,E213,False
N15,E130,E314,False
N15,E130,E391,True
N15,E131,E203,False
N15,E131,E238,True
N15,E131,E275,True
N15,E132,E282,True
N15,E132,E311,True
N15,E132,E356,False
N15,E133,E219,False
N15,E133,E247,True
N15,E134,E210,False
N15,E134,E285,True
N15,E134,E377,False
N15,E134,E395,False
N15,E135,E271,False
N15,E135,E284,True
N15,E135,E363,False
N15,E135,E377,False
N15,E136,E278,False
N15,E136,E316,True
N15,E136,E337,False
N15,E136,E347,False
N15,E137,E217,True
N15,E137,E289,False
N15,E137,E317,False
N15,E137,E359,True
N15,E138,E222,True
N15,E138,E296,False
N15,E138,E305,False
N15,E138,E326,False
N15,E139,E215,False
N15,E139,E230,False
N15,E139,E333,True
N15,E139,E390,True
N15,E140,E293,False
N15,E140,E303,True
N15,E141,E202,True
N15,E141,E234,True
N15,E141,E288,True
N15,E141,E319,False
N15,E141,E392,True
N15,E142,E232,False
N15,E142,E263,False
N15,E143,E209,False
N15,E143,E310,False
N15,E143,E369,False
N15,E144,E235,False
N15,E144,E288,False
N15,E144,E324,False
N15,E144,E376,False
N15,E145,E339,False
N15,E145,E344,False
N15,E146,E200,True
N15,E146,E271,False
N15,E146,E344,False
N15,E147,E387,False
N15,E148,E356,False
N15,E148,E367,True
N15,E148,E383,False
N15,E149,E207,True
N15,E149,E216,False
N15,E149,E247,False
N15,E149,E381,True
N15,E150,E205,False
N15,E150,E235,True
N15,E150,E321,False
N15,E150,E385,False
N15,E151,E215,False
N15,E151,E236,True
N15,E151,E300,False
N15,E152,E255,False
N15,E152,E383,False
N15,E153,E257,False
N15,E153,E271,True
N15,E154,E204,True
N15,E154,E327,False
N15,E154,E398,False
N15,E155,E264,False
N15,E156,E250,True
N15,E156,E264,False
N15,E156,E268,True
N15,E156,E281,False
N15,E156,E286,False
N15,E157,E244,True
N15,E157,E260,True
N15,E157,E289,False
N15,E157,E305,False
N15,E157,E337,True
N15,E157,E345,True
N15,E157,E346,True
N15,E157,E375,False
N15,E158,E202,False
N15,E158,E240,True
N15,E158,E299,False
N15,E160,E225,False
N15,E160,E332,True
N15,E162,E212,False
N15,E162,E287,False
N15,E162,E329,False
N15,E162,E342,False
N15,E163,E219,True
N15,E163,E282,False
N15,E163,E285,False
N15,E163,E304,False
N15,E163,E329,True
N15,E163,E373,False
N15,E163,E385,True
N15,E163,E390,False
N15,E164,E248,False
N15,E164,E371,False
N15,E165,E347,True
N15,E166,E234,False
N15,E166,E238,False
N15,E166,E368,True
N15,E167,E205,True
N15,E167,E259,False
N15,E167,E384,True
N15,E168,E273,False
N15,E168,E330,True
N15,E168,E345,False
N15,E168,E368,False
N15,E169,E203,True
N15,E169,E305,True
N15,E170,E226,False
N15,E171,E318,False
N15,E171,E351,False
N15,E171,E361,True
N15,E171,E376,True
N15,E172,E323,True
N15,E173,E202,False
N15,E173,E224,False
N15,E173,E268,False
N15,E173,E304,False
N15,E173,E327,True
N15,E173,E364,True
N15,E174,E317,True
N15,E174,E336,False
N15,E174,E346,False
N15,E174,E353,False
N15,E174,E378,False
N15,E174,E387,False
N15,E174,E388,True
N15,E176,E287,False
N15,E176,E318,False
N15,E177,E262,False
N15,E177,E328,False
N15,E177,E358,False
N15,E178,E240,False
N15,E178,E242,True
N15,E178,E252,False
N15,E179,E204,False
N15,E179,E253,False
N15,E179,E380,True
N15,E180,E249,False
N15,E180,E252,True
N15,E180,E394,False
N15,E181,E310,False
N15,E182,E326,True
N15,E182,E342,False
N15,E182,E371,True
N15,E182,E392,False
N15,E184,E220,False
N15,E184,E336,False
N15,E184,E377,True
N15,E185,E208,False
N15,E185,E226,False
N15,E185,E228,True
N15,E185,E277,True
N15,E185,E281,True
N15,E185,E398,True
N15,E186,E236,False
N15,E187,E348,False
N15,E188,E208,True
N15,E188,E251,True
N15,E188,E303,False
N15,E189,E289,True
N15,E189,E311,False
N15,E189,E316,False
N15,E189,E330,False
N15,E189,E359,False
N15,E190,E283,True
N15,E191,E221,False
N15,E191,E231,False
N15,E191,E233,False
N15,E191,E353,False
N15,E191,E367,False
N15,E192,E207,False
N15,E192,E262,False
N15,E192,E265,False
N15,E192,E389,True
N15,E193,E366,False
N15,E194,E383,True
N15,E194,E395,False
N15,E195,E273,True
N15,E195,E324,False
N15,E196,E218,False
N15,E196,E229,False
N15,E196,E261,True
N15,E197,E251,False
N15,E197,E294,False
N15,E197,E347,False
N15,E197,E373,True
N15,E198,E210,False
N15,E198,E224,False
N15,E198,E304,True
N15,E198,E380,False
N15,E199,E235,False
N15,E199,E291,False
N15,E199,E306,True
N15,E200,E407,False
N15,E200,E432,False
N15,E200,E458,False
N15,E200,E493,True
N15,E200,E507,True
N15,E200,E572,False
N15,E201,E425,True
N15,E201,E435,False
N15,E201,E457,False
N15,E201,E570,False
N15,E202,E441,False
N15,E202,E456,False
N15,E202,E466,True
N15,E202,E547,True
N15,E203,E530,False
N15,E203,E563,False
N15,E204,E406,True
N15,E204,E477,False
N15,E204,E591,False
N15,E205,E543,False
N15,E207,E407,True
N15,E207,E437,False
N15,E207,E444,False
N15,E207,E501,True
N15,E207,E536,False
N15,E207,E574,False
N15,E208,E539,False
N15,E208,E586,False
N15,E209,E404,True
N15,E209,E426,True
N15,E209,E442,False
N15,E210,E425,False
N15,E210,E461,True
N15,E210,E462,True
N15,E210,E541,False
N15,E210,E581,True
N15,E212,E426,False
N15,E212,E509,True
N15,E212,E559,False
N15,E212,E576,False
N15,E213,E552,True
N15,E214,E431,True
N15,E214,E449,False
N15,E214,E525,False
N15,E214,E539,False
N15,E215,E427,False
N15,E215,E505,False
N15,E215,E546,False
N15,E215,E580,False
N15,E216,E491,False
N15,E216,E519,False
N15,E216,E529,True
N15,E217,E453,False
N15,E217,E528,True
N15,E218,E416,False
N15,E218,E469,True
N15,E218,E531,True
N15,E219,E418,True
N15,E219,E459,False
N15,E219,E463,False
N15,E219,E472,False
N15,E221,E419,False
N15,E221,E436,False
N15,E221,E568,True
N15,E222,E554,True
N15,E222,E564,True
N15,E222,E584,False
N15,E223,E416,True
N15,E223,E465,True
N15,E223,E478,False
N15,E224,E587,False
N15,E224,E594,True
N15,E225,E510,True
N15,E226,E465,False
N15,E226,E560,True
N15,E226,E585,False
N15,E226,E587,True
N15,E227,E410,False
N15,E227,E454,False
N15,E227,E480,True
N15,E228,E402,False
N15,E228,E431,False
N15,E228,E467,True
N15,E230,E411,True
N15,E230,E506,True
N15,E230,E589,False
N15,E230,E597,True
N15,E232,E462,False
N15,E232,E475,True
N15,E232,E524,False
N15,E232,E540,False
N15,E233,E415,False
N15,E233,E452,False
N15,E233,E548,False
N15,E234,E403,True
N15,E234,E438,False
N15,E234,E516,True
N15,E234,E557,False
N15,E235,E502,False
N15,E236,E407,False
N15,E236,E520,True
N15,E236,E524,True
N15,E236,E556,True
N15,E238,E437,True
N15,E238,E464,True
N15,E238,E498,True
N15,E238,E581,False
N15,E239,E490,False
N15,E239,E517,True
N15,E239,E547,False
N15,E240,E422,True
N15,E240,E496,False
N15,E240,E532,False
N15,E240,E564,False
N15,E240,E570,False
N15,E241,E497,False
N15,E241,E553,False
N15,E241,E565,False
N15,E241,E581,False
N15,E242,E494,False
N15,E242,E560,False
N15,E242,E587,False
N15,E243,E423,False
N15,E243,E504,True
N15,E243,E517,False
N15,E243,E540,True
N15,E243,E553,False
N15,E243,E578,True
N15,E245,E470,False
N15,E245,E537,True
N15,E245,E567,True
N15,E245,E594,False
N15,E246,E455,False
N15,E246,E552,False
N15,E247,E546,True
N15,E247,E547,False
N15,E247,E576,False
N15,E248,E524,False
N15,E248,E588,False
N15,E249,E434,True
N15,E249,E453,False
N15,E249,E523,False
N15,E249,E551,True
N15,E250,E471,False
N15,E250,E551,False
N15,E250,E567,False
N15,E251,E435,False
N15,E251,E439,False
N15,E251,E455,False
N15,E252,E433,True
N15,E252,E447,False
N15,E254,E479,True
N15,E254,E483,True
N15,E255,E445,True
N15,E255,E471,False
N15,E255,E505,True
N15,E255,E572,True
N15,E255,E577,True
N15,E257,E495,False
N15,E258,E520,False
N15,E258,E532,False
N15,E258,E566,False
N15,E258,E577,False
N15,E259,E400,True
N15,E259,E409,True
N15,E259,E413,False
N15,E259,E456,False
N15,E259,E465,False
N15,E259,E503,False
N15,E259,E544,False
N15,E260,E456,True
N15,E261,E454,True
N15,E261,E476,False
N15,E262,E488,False
N15,E263,E429,False
N15,E263,E450,True
N15,E263,E481,True
N15,E263,E542,False
N15,E264,E477,False
N15,E264,E558,False
N15,E264,E595,False
N15,E265,E474,True
N15,E265,E481,False
N15,E265,E490,False
N15,E266,E419,False
N15,E266,E596,False
N15,E267,E482,False
N15,E268,E494,False
N15,E268,E538,True
N15,E268,E541,False
N15,E268,E563,False
N15,E269,E420,False
N15,E269,E484,True
N15,E269,E490,True
N15,E269,E493,False
N15,E269,E515,True
N15,E270,E426,False
N15,E271,E405,True
N15,E271,E534,True
N15,E271,E582,False
N15,E271,E596,True
N15,E272,E404,False
N15,E272,E408,False
N15,E272,E409,False
N15,E272,E446,False
N15,E272,E491,True
N15,E273,E506,False
N15,E273,E540,False
N15,E274,E492,True
N15,E274,E508,True
N15,E274,E579,True
N15,E275,E515,False
N15,E275,E550,True
N15,E275,E566,False
N15,E275,E571,False
N15,E276,E428,False
N15,E276,E443,True
N15,E276,E546,False
N15,E276,E550,False
N15,E277,E512,False
N15,E277,E545,False
N15,E277,E549,True
N15,E278,E470,True
N15,E278,E501,False
N15,E278,E575,True
N15,E278,E576,True
N15,E279,E533,True
N15,E279,E598,True
N15,E280,E487,True
N15,E280,E570,True
N15,E281,E407,False
N15,E281,E412,True
N15,E281,E444,True
N15,E281,E499,True
N15,E281,E584,True
N15,E281,E591,True
N15,E282,E402,False
N15,E282,E430,False
N15,E282,E530,True
N15,E282,E558,False
N15,E282,E562,False
N15,E283,E476,False
N15,E283,E488,False
N15,E283,E579,False
N15,E284,E554,False
N15,E285,E466,False
N15,E285,E583,True
N15,E287,E500,False
N15,E287,E542,False
N15,E288,E456,False
N15,E288,E543,False
N15,E288,E545,True
N15,E289,E417,True
N15,E289,E425,False
N15,E289,E520,False
N15,E290,E495,False
N15,E290,E498,False
N15,E290,E590,False
N15,E291,E421,False
N15,E291,E427,False
N15,E291,E438,True
N15,E291,E457,False
N15,E291,E459,False
N15,E291,E512,False
N15,E293,E414,False
N15,E293,E448,True
N15,E293,E508,False
N15,E293,E512,True
N15,E293,E521,False
N15,E293,E535,False
N15,E294,E411,False
N15,E294,E428,False
N15,E294,E449,True
N15,E295,E400,False
N15,E295,E412,False
N15,E295,E463,True
N15,E295,E593,False
N15,E296,E429,False
N15,E296,E473,False
N15,E296,E555,False
N15,E296,E562,False
N15,E296,E567,False
N15,E296,E590,False
N15,E297,E434,False
N15,E297,E479,False
N15,E297,E485,False
N15,E298,E421,True
N15,E298,E435,False
N15,E298,E445,False
N15,E298,E586,False
N15,E299,E431,False
N15,E299,E511,False
N15,E299,E525,True
N15,E299,E544,False
N15,E299,E586,True
N15,E300,E424,False
N15,E300,E482,False
N15,E300,E509,False
N15,E300,E519,True
N15,E300,E523,False
N15,E300,E573,False
N15,E301,E430,True
N15,E301,E432,False
N15,E301,E546,False
N15,E301,E566,False
N15,E302,E439,True
N15,E302,E446,True
N15,E302,E480,False
N15,E302,E507,False
N15,E302,E535,False
N15,E302,E588,False
N15,E303,E433,False
N15,E303,E452,True
N15,E303,E471,False
N15,E303,E510,False
N15,E303,E543,True
N15,E304,E414,True
N15,E304,E417,False
N15,E304,E473,False
N15,E304,E513,False
N15,E304,E530,False
N15,E304,E576,False
N15,E304,E592,False
N15,E305,E401,False
N15,E305,E482,True
N15,E305,E502,True
N15,E305,E507,False
N15,E305,E585,True
N15,E306,E402,True
N15,E306,E447,True
N15,E306,E482,False
N15,E306,E486,True
N15,E306,E560,False
N15,E307,E492,False
N15,E307,E522,False
N15,E307,E571,True
N15,E307,E573,True
N15,E307,E578,False
N15,E309,E542,True
N15,E309,E548,True
N15,E310,E422,False
N15,E310,E484,False
N15,E310,E504,False
N15,E310,E561,False
N15,E310,E564,False
N15,E310,E580,False
N15,E310,E588,False
N15,E311,E511,True
N15,E312,E410,False
N15,E312,E504,False
N15,E312,E513,True
N15,E312,E574,True
N15,E313,E451,False
N15,E313,E464,False
N15,E313,E497,False
N15,E313,E592,False
N15,E314,E418,False
N15,E315,E458,False
N15,E315,E468,False
N15,E315,E555,True
N15,E316,E457,False
N15,E317,E452,False
N15,E317,E593,False
N15,E318,E458,True
N15,E318,E463,False
N15,E318,E563,True
N15,E319,E441,True
N15,E319,E461,False
N15,E319,E467,False
N15,E319,E492,False
N15,E319,E497,True
N15,E319,E526,False
N15,E320,E468,False
N15,E320,E559,True
N15,E321,E408,False
N15,E321,E415,True
N15,E321,E473,True
N15,E321,E519,False
N15,E322,E408,False
N15,E322,E592,True
N15,E323,E428,False
N15,E323,E450,False
N15,E323,E475,False
N15,E323,E562,True
N15,E323,E598,False
N15,E324,E479,False
N15,E324,E569,True
N15,E325,E535,True
N15,E325,E549,False
N15,E325,E557,False
N15,E325,E590,False
N15,E326,E409,False
N15,E326,E460,False
N15,E326,E487,False
N15,E327,E437,False
N15,E327,E446,False
N15,E327,E448,False
N15,E327,E502,False
N15,E327,E574,False
N15,E328,E529,False
N15,E329,E423,False
N15,E329,E432,False
N15,E329,E538,False
N15,E329,E594,False
N15,E330,E492,False
N15,E330,E508,False
N15,E330,E527,False
N15,E331,E434,False
N15,E331,E440,False
N15,E331,E441,False
N15,E331,E529,False
N15,E331,E598,False
N15,E332,E491,False
N15,E332,E494,False
N15,E332,E532,True
N15,E332,E541,True
N15,E332,E569,False
N15,E333,E417,False
N15,E333,E567,False
N15,E333,E599,False
N15,E334,E430,False
N15,E334,E535,False
N15,E334,E575,False
N15,E336,E419,False
N15,E336,E458,False
N15,E336,E509,False
N15,E337,E405,False
N15,E337,E545,False
N15,E338,E469,False
N15,E338,E484,False
N15,E338,E553,True
N15,E338,E557,True
N15,E338,E582,True
N15,E338,E597,False
N15,E339,E471,True
N15,E339,E474,False
N15,E340,E406,False
N15,E340,E450,False
N15,E340,E476,True
N15,E340,E521,False
N15,E340,E534,False
N15,E340,E565,True
N15,E341,E424,True
N15,E341,E435,True
N15,E342,E427,True
N15,E342,E513,False
N15,E342,E523,False
N15,E343,E431,False
N15,E343,E543,False
N15,E344,E413,True
N15,E344,E455,False
N15,E344,E459,True
N15,E345,E516,False
N15,E346,E436,False
N15,E346,E457,True
N15,E346,E503,True
N15,E346,E589,True
N15,E347,E467,False
N15,E347,E485,True
N15,E348,E400,False
N15,E348,E468,False
N15,E348,E536,False
N15,E349,E424,False
N15,E349,E441,False
N15,E349,E460,True
N15,E349,E486,False
N15,E349,E500,False
N15,E349,E518,False
N15,E350,E433,False
N15,E350,E439,False
N15,E350,E514,True
N15,E351,E423,False
N15,E351,E584,False
N15,E352,E495,False
N15,E352,E533,False
N15,E353,E400,False
N15,E353,E544,True
N15,E353,E590,True
N15,E354,E476,False
N15,E354,E510,False
N15,E355,E486,False
N15,E355,E586,False
N15,E356,E408,True
N15,E356,E488,True
N15,E356,E575,False
N15,E357,E485,False
N15,E358,E571,False
N15,E359,E409,False
N15,E359,E442,True
N15,E359,E593,False
N15,E359,E594,False
N15,E360,E497,False
N15,E361,E418,False
N15,E361,E500,False
N15,E361,E534,False
N15,E362,E410,False
N15,E362,E453,False
N15,E362,E498,False
N15,E362,E557,False
N15,E362,E574,False
N15,E363,E499,False
N15,E363,E526,True
N15,E364,E588,True
N15,E365,E403,False
N15,E365,E420,True
N15,E365,E521,True
N15,E365,E572,False
N15,E365,E593,True
N15,E366,E404,False
N15,E366,E464,False
N15,E366,E500,True
N15,E366,E504,False
N15,E366,E580,True
N15,E367,E406,False
N15,E367,E429,True
N15,E367,E477,False
N15,E368,E438,False
N15,E368,E502,False
N15,E368,E570,False
N15,E369,E561,True
N15,E369,E562,False
N15,E370,E406,False
N15,E370,E418,False
N15,E370,E434,False
N15,E370,E459,False
N15,E370,E511,False
N15,E371,E401,True
N15,E371,E419,True
N15,E371,E428,True
N15,E371,E437,False
N15,E371,E512,False
N15,E372,E478,False
N15,E372,E578,False
N15,E373,E483,False
N15,E373,E539,True
N15,E373,E597,False
N15,E374,E432,True
N15,E374,E551,False
N15,E374,E585,False
N15,E375,E531,False
N15,E377,E410,True
N15,E377,E424,False
N15,E377,E527,True
N15,E377,E542,False
N15,E378,E417,False
N15,E378,E489,True
N15,E378,E566,True
N15,E378,E581,False
N15,E378,E583,False
N15,E379,E565,False
N15,E381,E468,True
N15,E381,E494,True
N15,E381,E522,True
N15,E381,E573,False
N15,E382,E536,True
N15,E382,E537,False
N15,E382,E553,False
N15,E382,E558,True
N15,E382,E572,False
N15,E383,E415,False
N15,E383,E474,False
N15,E384,E436,True
N15,E384,E446,False
N15,E384,E477,True
N15,E384,E478,True
N15,E384,E596,False
N15,E385,E430,False
N15,E385,E514,False
N15,E385,E595,True
N15,E385,E599,False
N15,E386,E455,True
N15,E387,E451,True
N15,E387,E462,False
N15,E387,E479,False
N15,E387,E510,False
N15,E388,E518,False
N15,E388,E599,True
N15,E389,E402,False
N15,E389,E464,False
N15,E389,E472,True
N15,E389,E598,False
N15,E390,E442,False
N15,E390,E466,False
N15,E390,E470,False
N15,E390,E568,False
N15,E391,E405,False
N15,E391,E423,True
N15,E391,E498,False
N15,E392,E489,False
N15,E392,E522,False
N15,E393,E451,False
N15,E393,E453,True
N15,E393,E526,False
N15,E393,E552,False
N15,E394,E443,False
N15,E394,E528,False
N15,E394,E556,False
N15,E394,E596,False
N15,E395,E440,True
N15,E395,E495,True
N15,E395,E496,False
N15,E396,E429,False
N15,E397,E518,True
N15,E397,E531,False
N15,E398,E496,True
N15,E398,E511,False
N15,E398,E523,True
N15,E400,E719,False
N15,E401,E602,True
N15,E401,E655,True
N15,E401,E685,True
N15,E401,E703,False
N15,E401,E715,True
N15,E401,E781,False
N15,E402,E622,True
N15,E402,E675,True
N15,E403,E609,False
N15,E403,E627,True
N15,E403,E688,False
N15,E403,E743,False
N15,E404,E672,False
N15,E404,E686,True
N15,E404,E745,False
N15,E405,E653,False
N15,E405,E725,False
N15,E405,E742,False
N15,E405,E791,False
N15,E406,E607,False
N15,E406,E639,True
N15,E406,E736,False
N15,E407,E605,False
N15,E407,E648,True
N15,E408,E611,False
N15,E408,E631,False
N15,E408,E714,False
N15,E408,E768,False
N15,E409,E749,True
N15,E409,E795,False
N15,E410,E600,False
N15,E410,E626,False
N15,E410,E655,False
N15,E410,E719,True
N15,E411,E634,False
N15,E411,E699,False
N15,E411,E700,False
N15,E411,E733,True
N15,E413,E678,True
N15,E413,E776,False
N15,E414,E637,True
N15,E414,E670,False
N15,E414,E711,True
N15,E414,E734,False
N15,E415,E650,True
N15,E415,E720,True
N15,E415,E730,False
N15,E415,E753,False
N15,E416,E613,False
N15,E416,E693,False
N15,E416,E725,True
N15,E416,E737,False
N15,E416,E748,True
N15,E416,E773,False
N15,E417,E604,False
N15,E417,E619,False
N15,E417,E683,False
N15,E417,E769,False
N15,E418,E751,False
N15,E418,E762,False
N15,E419,E680,False
N15,E419,E710,False
N15,E420,E601,True
N15,E420,E610,False
N15,E420,E623,True
N15,E420,E671,False
N15,E420,E734,True
N15,E421,E681,False
N15,E422,E617,False
N15,E422,E628,False
N15,E422,E745,True
N15,E423,E632,False
N15,E423,E648,False
N15,E423,E746,False
N15,E423,E751,True
N15,E423,E761,False
N15,E425,E689,True
N15,E425,E722,True
N15,E425,E724,False
N15,E425,E775,False
N15,E425,E793,False
N15,E426,E691,False
N15,E426,E774,True
N15,E426,E793,False
N15,E427,E760,True
N15,E427,E773,True
N15,E428,E634,False
N15,E428,E644,True
N15,E428,E681,True
N15,E428,E753,False
N15,E429,E612,False
N15,E429,E643,False
N15,E429,E719,False
N15,E429,E797,True
N15,E430,E748,False
N15,E431,E678,False
N15,E432,E614,True
N15,E432,E673,False
N15,E433,E694,True
N15,E433,E712,False
N15,E433,E753,False
N15,E434,E650,False
N15,E434,E688,True
N15,E434,E729,False
N15,E434,E780,False
N15,E434,E797,False
N15,E435,E754,False
N15,E436,E658,False
N15,E436,E674,False
N15,E436,E680,False
N15,E436,E706,True
N15,E437,E625,True
N15,E437,E692,False
N15,E437,E735,True
N15,E438,E602,False
N15,E438,E709,False
N15,E439,E671,True
N15,E439,E724,False
N15,E439,E740,False
N15,E440,E603,False
N15,E440,E662,False
N15,E441,E727,False
N15,E442,E624,True
N15,E442,E628,True
N15,E443,E659,True
N15,E443,E666,False
N15,E443,E745,False
N15,E443,E756,False
N15,E443,E790,False
N15,E443,E792,True
N15,E444,E666,True
N15,E444,E699,False
N15,E445,E711,False
N15,E445,E769,True
N15,E446,E629,False
N15,E446,E630,False
N15,E446,E651,False
N15,E446,E660,False
N15,E446,E688,False
N15,E446,E730,True
N15,E446,E780,True
N15,E447,E654,False
N15,E447,E684,False
N15,E447,E725,False
N15,E448,E620,False
N15,E448,E737,True
N15,E448,E755,False
N15,E449,E632,True
N15,E449,E687,False
N15,E450,E624,False
N15,E450,E690,False
N15,E450,E707,False
N15,E450,E794,False
N15,E451,E610,True
N15,E451,E731,False
N15,E451,E785,False
N15,E452,E618,False
N15,E452,E690,False
N15,E452,E711,False
N15,E453,E781,False
N15,E454,E610,False
N15,E454,E615,True
N15,E454,E707,True
N15,E454,E750,False
N15,E454,E778,False
N15,E455,E622,False
N15,E455,E772,True
N15,E456,E752,True
N15,E457,E692,True
N15,E457,E721,False
N15,E458,E667,True
N15,E458,E703,False
N15,E458,E739,False
N15,E458,E740,True
N15,E458,E798,True
N15,E459,E605,True
N15,E459,E654,False
N15,E459,E661,False
N15,E459,E678,False
N15,E459,E684,True
N15,E460,E640,True
N15,E460,E710,False
N15,E460,E741,False
N15,E460,E777,False
N15,E461,E636,False
N15,E461,E727,False
N15,E461,E729,False
N15,E462,E732,False
N15,E463,E735,False
N15,E463,E771,True
N15,E463,E778,False
N15,E464,E649,True
N15,E464,E717,False
N15,E464,E786,False
N15,E466,E653,True
N15,E467,E663,False
N15,E467,E731,False
N15,E467,E749,False
N15,E467,E795,False
N15,E468,E647,False
N15,E468,E722,False
N15,E468,E779,False
N15,E469,E617,False
N15,E469,E742,False
N15,E469,E758,False
N15,E469,E784,False
N15,E470,E669,False
N15,E470,E720,False
N15,E470,E736,True
N15,E470,E777,True
N15,E470,E787,True
N15,E471,E619,False
N15,E471,E659,False
N15,E471,E693,False
N15,E472,E636,False
N15,E472,E738,False
N15,E473,E621,False
N15,E473,E630,True
N15,E473,E714,False
N15,E473,E783,True
N15,E474,E713,True
N15,E474,E752,False
N15,E475,E643,False
N15,E475,E655,False
N15,E475,E696,False
N15,E475,E751,False
N15,E476,E640,False
N15,E476,E718,True
N15,E476,E747,True
N15,E476,E764,True
N15,E476,E782,False
N15,E477,E649,False
N15,E477,E653,False
N15,E478,E660,False
N15,E478,E686,False
N15,E478,E794,False
N15,E479,E613,True
N15,E479,E706,False
N15,E479,E782,False
N15,E480,E601,False
N15,E480,E628,False
N15,E480,E672,False
N15,E480,E738,True
N15,E481,E631,False
N15,E481,E747,False
N15,E481,E789,False
N15,E482,E676,False
N15,E482,E679,False
N15,E482,E705,False
N15,E482,E712,True
N15,E482,E759,False
N15,E483,E667,False
N15,E483,E702,True
N15,E483,E703,True
N15,E483,E768,False
N15,E483,E796,False
N15,E484,E656,False
N15,E484,E689,False
N15,E485,E665,False
N15,E485,E716,True
N15,E485,E731,True
N15,E486,E733,False
N15,E487,E629,True
N15,E487,E641,False
N15,E487,E645,True
N15,E487,E663,True
N15,E487,E778,True
N15,E488,E670,False
N15,E488,E676,False
N15,E488,E704,True
N15,E488,E758,True
N15,E488,E763,False
N15,E489,E637,False
N15,E489,E728,False
N15,E489,E786,True
N15,E490,E652,False
N15,E490,E709,True
N15,E490,E735,False
N15,E490,E759,False
N15,E491,E714,True
N15,E492,E631,True
N15,E492,E732,False
N15,E493,E696,False
N15,E493,E723,False
N15,E494,E604,False
N15,E494,E625,False
N15,E495,E643,True
N15,E495,E651,True
N15,E495,E656,False
N15,E495,E682,True
N15,E495,E756,True
N15,E495,E775,True
N15,E496,E609,True
N15,E496,E622,False
N15,E496,E641,False
N15,E496,E665,True
N15,E496,E694,False
N15,E496,E756,False
N15,E497,E676,True
N15,E497,E708,False
N15,E497,E732,True
N15,E497,E770,False
N15,E498,E634,True
N15,E498,E635,False
N15,E498,E638,True
N15,E498,E698,False
N15,E498,E709,False
N15,E498,E715,False
N15,E498,E727,True
N15,E498,E741,True
N15,E498,E779,True
N15,E498,E798,False
N15,E499,E659,False
N15,E499,E662,False
N15,E499,E690,False
N15,E499,E699,True
N15,E499,E781,False
N15,E500,E668,True
N15,E500,E768,True
N15,E500,E794,False
N15,E501,E761,True
N15,E502,E607,True
N15,E502,E634,False
N15,E502,E695,True
N15,E502,E728,False
N15,E502,E786,False
N15,E503,E630,False
N15,E503,E749,False
N15,E503,E776,False
N15,E503,E789,True
N15,E504,E673,True
N15,E505,E616,False
N15,E505,E738,False
N15,E505,E773,False
N15,E506,E638,False
N15,E506,E665,False
N15,E506,E721,False
N15,E508,E621,True
N15,E508,E700,True
N15,E508,E732,False
N15,E508,E796,False
N15,E509,E658,True
N15,E509,E757,False
N15,E510,E629,False
N15,E510,E687,False
N15,E510,E744,True
N15,E512,E687,True
N15,E512,E716,False
N15,E512,E766,False
N15,E513,E600,True
N15,E513,E604,True
N15,E513,E683,True
N15,E513,E767,True
N15,E514,E692,False
N15,E514,E786,False
N15,E515,E604,False
N15,E515,E666,False
N15,E515,E731,False
N15,E515,E750,True
N15,E516,E670,True
N15,E516,E679,True
N15,E516,E686,False
N15,E516,E735,False
N15,E516,E778,False
N15,E518,E770,True
N15,E519,E619,True
N15,E519,E655,False
N15,E519,E674,False
N15,E519,E697,True
N15,E520,E602,False
N15,E520,E625,False
N15,E520,E648,False
N15,E520,E695,False
N15,E520,E796,True
N15,E521,E637,False
N15,E521,E707,False
N15,E522,E657,True
N15,E522,E672,False
N15,E523,E656,True
N15,E523,E664,False
N15,E523,E697,False
N15,E523,E764,False
N15,E523,E776,True
N15,E523,E799,False
N15,E524,E622,False
N15,E524,E684,False
N15,E524,E754,True
N15,E524,E763,True
N15,E524,E788,False
N15,E524,E794,True
N15,E525,E652,True
N15,E525,E772,False
N15,E526,E616,True
N15,E526,E743,True
N15,E527,E767,False
N15,E528,E690,True
N15,E528,E798,False
N15,E529,E606,True
N15,E529,E608,False
N15,E529,E614,False
N15,E529,E766,True
N15,E530,E682,False
N15,E530,E739,False
N15,E530,E749,False
N15,E530,E753,True
N15,E530,E766,False
N15,E531,E711,False
N15,E532,E616,False
N15,E532,E646,False
N15,E533,E639,False
N15,E533,E663,False
N15,E533,E677,True
N15,E533,E678,False
N15,E533,E787,False
N15,E534,E620,False
N15,E534,E748,False
N15,E535,E618,True
N15,E535,E665,False
N15,E535,E724,False
N15,E535,E779,False
N15,E536,E611,True
N15,E536,E691,False
N15,E536,E700,False
N15,E537,E632,False
N15,E537,E755,True
N15,E538,E654,True
N15,E538,E662,True
N15,E538,E675,False
N15,E538,E709,False
N15,E538,E719,False
N15,E539,E708,True
N15,E539,E723,True
N15,E539,E744,False
N15,E540,E716,False
N15,E541,E608,True
N15,E541,E664,True
N15,E541,E771,False
N15,E542,E714,False
N15,E542,E746,True
N15,E542,E765,False
N15,E543,E633,True
N15,E543,E644,False
N15,E543,E647,True
N15,E544,E669,True
N15,E544,E796,False
N15,E545,E664,False
N15,E545,E680,True
N15,E545,E760,False
N15,E546,E729,True
N15,E547,E624,False
N15,E547,E692,False
N15,E547,E751,False
N15,E548,E628,False
N15,E548,E637,False
N15,E548,E782,True
N15,E548,E783,False
N15,E548,E790,True
N15,E549,E619,False
N15,E549,E656,False
N15,E549,E705,False
N15,E549,E792,False
N15,E550,E623,False
N15,E550,E633,False
N15,E550,E635,False
N15,E550,E734,False
N15,E551,E721,True
N15,E551,E766,False
N15,E553,E612,True
N15,E553,E642,False
N15,E553,E666,False
N15,E553,E696,True
N15,E554,E603,True
N15,E554,E646,True
N15,E554,E768,False
N15,E554,E799,False
N15,E555,E605,False
N15,E555,E758,False
N15,E556,E677,False
N15,E556,E795,True
N15,E557,E644,False
N15,E557,E785,True
N15,E558,E645,False
N15,E558,E660,False
N15,E558,E675,False
N15,E558,E793,True
N15,E558,E795,False
N15,E559,E685,False
N15,E559,E726,False
N15,E559,E763,False
N15,E560,E623,False
N15,E560,E668,False
N15,E560,E734,False
N15,E561,E649,False
N15,E561,E652,False
N15,E561,E701,False
N15,E561,E704,False
N15,E561,E724,True
N15,E562,E787,False
N15,E563,E620,False
N15,E563,E631,False
N15,E563,E640,False
N15,E563,E756,False
N15,E564,E617,True
N15,E564,E652,False
N15,E564,E721,False
N15,E564,E774,False
N15,E565,E621,False
N15,E565,E649,False
N15,E566,E680,False
N15,E566,E726,True
N15,E566,E765,True
N15,E566,E790,False
N15,E567,E657,False
N15,E567,E694,False
N15,E567,E739,True
N15,E568,E620,True
N15,E568,E742,True
N15,E568,E765,False
N15,E569,E635,True
N15,E569,E672,True
N15,E569,E686,False
N15,E569,E717,True
N15,E569,E725,False
N15,E570,E701,True
N15,E571,E636,True
N15,E571,E669,False
N15,E571,E737,False
N15,E572,E612,False
N15,E572,E716,False
N15,E573,E611,False
N15,E573,E681,False
N15,E573,E728,True
N15,E573,E748,False
N15,E574,E651,False
N15,E574,E723,False
N15,E575,E606,False
N15,E575,E733,False
N15,E576,E615,False
N15,E576,E658,False
N15,E576,E791,True
N15,E577,E670,False
N15,E578,E603,False
N15,E578,E642,False
N15,E578,E745,False
N15,E579,E696,False
N15,E580,E627,False
N15,E580,E773,False
N15,E580,E777,False
N15,E581,E674,True
N15,E581,E679,False
N15,E582,E705,True
N15,E583,E654,False
N15,E584,E762,True
N15,E584,E781,True
N15,E584,E787,False
N15,E585,E689,False
N15,E585,E702,False
N15,E585,E710,True
N15,E587,E607,False
N15,E588,E675,False
N15,E588,E780,False
N15,E589,E642,True
N15,E590,E693,True
N15,E590,E750,False
N15,E591,E626,True
N15,E591,E651,False
N15,E592,E644,False
N15,E592,E661,True
N15,E592,E691,True
N15,E592,E698,True
N15,E592,E718,False
N15,E592,E783,False
N15,E593,E767,False
N15,E594,E761,False
N15,E594,E788,True
N15,E595,E660,True
N15,E595,E744,False
N15,E596,E605,False
N15,E596,E759,True
N15,E596,E770,False
N15,E596,E771,False
N15,E597,E679,False
N15,E597,E713,False
N15,E597,E739,False
N15,E597,E775,False
N15,E598,E681,False
N15,E598,E713,False
N15,E598,E757,True
N15,E598,E784,True
N15,E599,E641,True
N15,E599,E718,False
N15,E599,E799,True
N15,E600,E813,False
N15,E600,E934,False
N15,E601,E809,False
N15,E601,E842,False
N15,E601,E907,True
N15,E601,E970,False
N15,E601,E972,False
N15,E602,E908,True
N15,E602,E917,False
N15,E602,E930,False
N15,E602,E985,False
N15,E603,E865,True
N15,E604,E853,False
N15,E604,E961,True
N15,E605,E852,False
N15,E605,E915,True
N15,E605,E926,False
N15,E605,E979,True
N15,E606,E871,True
N15,E606,E909,True
N15,E607,E894,False
N15,E608,E805,False
N15,E608,E821,False
N15,E608,E863,True
N15,E608,E926,False
N15,E608,E939,False
N15,E608,E941,True
N15,E608,E959,True
N15,E609,E831,False
N15,E609,E899,False
N15,E609,E946,False
N15,E609,E959,False
N15,E610,E936,False
N15,E611,E844,False
N15,E611,E854,False
N15,E612,E820,True
N15,E612,E883,False
N15,E612,E945,False
N15,E612,E948,False
N15,E613,E853,False
N15,E613,E937,True
N15,E613,E968,False
N15,E614,E839,False
N15,E614,E858,False
N15,E615,E860,False
N15,E615,E879,True
N15,E615,E945,True
N15,E615,E949,True
N15,E616,E829,False
N15,E616,E851,True
N15,E616,E893,False
N15,E616,E982,False
N15,E617,E807,True
N15,E617,E912,True
N15,E617,E981,False
N15,E618,E974,False
N15,E618,E989,True
N15,E618,E995,False
N15,E619,E846,True
N15,E619,E925,False
N15,E620,E818,False
N15,E620,E888,False
N15,E620,E898,False
N15,E621,E815,False
N15,E621,E837,False
N15,E622,E840,False
N15,E622,E857,True
N15,E622,E984,False
N15,E623,E809,True
N15,E623,E856,False
N15,E623,E892,True
N15,E623,E996,False
N15,E624,E952,True
N15,E624,E960,False
N15,E624,E994,False
N15,E625,E832,False
N15,E625,E881,True
N15,E625,E884,False
N15,E626,E874,False
N15,E626,E882,True
N15,E626,E903,False
N15,E627,E865,False
N15,E627,E906,False
N15,E627,E928,True
N15,E627,E999,False
N15,E628,E822,False
N15,E628,E833,False
N15,E628,E855,True
N15,E628,E949,False
N15,E628,E980,False
N15,E628,E991,False
N15,E629,E812,True
N15,E629,E865,False
N15,E629,E872,True
N15,E629,E876,True
N15,E630,E801,True
N15,E630,E803,True
N15,E630,E820,False
N15,E630,E908,False
N15,E630,E954,True
N15,E631,E846,False
N15,E631,E876,False
N15,E632,E960,True
N15,E633,E816,False
N15,E633,E842,True
N15,E633,E922,False
N15,E633,E991,False
N15,E634,E871,False
N15,E634,E940,True
N15,E635,E867,True
N15,E636,E841,False
N15,E636,E858,True
N15,E636,E933,True
N15,E636,E990,True
N15,E637,E912,False
N15,E637,E944,False
N15,E637,E948,True
N15,E637,E991,True
N15,E638,E900,False
N15,E638,E984,True
N15,E639,E803,False
N15,E639,E897,False
N15,E640,E841,True
N15,E640,E920,False
N15,E640,E961,False
N15,E641,E886,False
N15,E641,E960,False
N15,E642,E829,False
N15,E642,E889,False
N15,E642,E922,False
N15,E642,E988,True
N15,E643,E860,True
N15,E643,E883,True
N15,E643,E890,False
N15,E643,E891,False
N15,E643,E936,True
N15,E643,E982,False
N15,E644,E938,True
N15,E644,E951,False
N15,E645,E914,False
N15,E645,E973,False
N15,E646,E826,False
N15,E646,E869,False
N15,E646,E914,False
N15,E646,E915,False
N15,E647,E921,True
N15,E647,E963,False
N15,E648,E811,False
N15,E648,E985,False
N15,E649,E817,False
N15,E649,E896,True
N15,E650,E924,False
N15,E650,E927,False
N15,E650,E968,False
N15,E651,E866,False
N15,E651,E921,False
N15,E651,E928,False
N15,E652,E875,True
N15,E652,E885,True
N15,E652,E901,True
N15,E654,E823,False
N15,E655,E811,False
N15,E655,E905,False
N15,E655,E928,False
N15,E656,E905,False
N15,E657,E967,True
N15,E658,E888,False
N15,E658,E897,False
N15,E658,E902,False
N15,E658,E923,False
N15,E658,E955,False
N15,E658,E978,False
N15,E659,E848,False
N15,E659,E863,False
N15,E659,E906,True
N15,E659,E956,True
N15,E659,E961,False
N15,E659,E987,True
N15,E661,E878,True
N15,E661,E999,True
N15,E662,E835,False
N15,E662,E855,False
N15,E662,E931,False
N15,E663,E822,False
N15,E663,E850,False
N15,E663,E967,False
N15,E663,E990,False
N15,E664,E811,True
N15,E664,E824,False
N15,E664,E850,False
N15,E664,E885,False
N15,E665,E806,False
N15,E665,E857,False
N15,E665,E925,False
N15,E665,E932,True
N15,E665,E941,False
N15,E665,E973,True
N15,E666,E807,False
N15,E666,E899,True
N15,E666,E939,True
N15,E666,E977,False
N15,E667,E903,True
N15,E667,E921,False
N15,E667,E946,True
N15,E668,E886,False
N15,E668,E907,False
N15,E668,E955,False
N15,E670,E843,True
N15,E671,E908,False
N15,E671,E962,False
N15,E671,E980,True
N15,E672,E827,False
N15,E672,E834,True
N15,E672,E879,False
N15,E672,E992,False
N15,E673,E822,False
N15,E673,E832,False
N15,E673,E833,False
N15,E673,E863,False
N15,E673,E964,False
N15,E674,E839,False
N15,E674,E873,False
N15,E674,E902,False
N15,E674,E918,False
N15,E674,E947,True
N15,E674,E990,False
N15,E675,E829,False
N15,E675,E913,True
N15,E676,E872,False
N15,E676,E891,False
N15,E676,E901,False
N15,E676,E910,True
N15,E676,E942,False
N15,E676,E967,False
N15,E677,E800,False
N15,E677,E910,False
N15,E677,E936,False
N15,E678,E869,False
N15,E679,E898,True
N15,E679,E905,False
N15,E680,E831,True
N15,E680,E836,False
N15,E680,E864,True
N15,E680,E882,False
N15,E680,E904,False
N15,E681,E870,False
N15,E682,E913,False
N15,E682,E916,True
N15,E684,E825,True
N15,E684,E834,False
N15,E684,E955,True
N15,E685,E862,False
N15,E685,E943,True
N15,E686,E861,False
N15,E686,E882,False
N15,E686,E911,False
N15,E686,E915,False
N15,E686,E959,False
N15,E687,E891,True
N15,E687,E968,True
N15,E687,E977,True
N15,E687,E985,True
N15,E688,E805,True
N15,E688,E899,False
N15,E689,E847,False
N15,E689,E920,False
N15,E689,E938,False
N15,E689,E976,False
N15,E689,E982,True
N15,E689,E987,False
N15,E690,E884,False
N15,E690,E925,False
N15,E691,E810,False
N15,E691,E816,True
N15,E691,E916,False
N15,E691,E938,False
N15,E691,E975,True
N15,E692,E830,False
N15,E692,E907,False
N15,E692,E933,False
N15,E693,E813,False
N15,E693,E856,False
N15,E693,E927,True
N15,E694,E822,True
N15,E694,E923,False
N15,E694,E953,False
N15,E695,E900,True
N15,E695,E956,False
N15,E696,E813,True
N15,E696,E858,False
N15,E696,E861,True
N15,E696,E887,False
N15,E697,E823,True
N15,E697,E826,False
N15,E698,E800,False
N15,E698,E818,False
N15,E698,E826,True
N15,E698,E906,False
N15,E699,E836,False
N15,E699,E848,True
N15,E700,E814,True
N15,E700,E918,False
N15,E700,E929,True
N15,E700,E952,False
N15,E701,E825,False
N15,E701,E887,False
N15,E701,E956,False
N15,E701,E993,False
N15,E702,E839,True
N15,E703,E940,False
N15,E704,E801,False
N15,E704,E854,False
N15,E705,E875,False
N15,E705,E917,True
N15,E705,E919,True
N15,E705,E986,True
N15,E706,E835,True
N15,E706,E862,True
N15,E706,E926,True
N15,E706,E972,False
N15,E707,E869,True
N15,E708,E996,False
N15,E708,E997,False
N15,E710,E823,False
N15,E710,E918,True
N15,E710,E929,False
N15,E710,E998,False
N15,E711,E838,False
N15,E711,E852,False
N15,E711,E879,False
N15,E711,E880,True
N15,E711,E947,False
N15,E712,E819,False
N15,E712,E835,False
N15,E712,E863,False
N15,E713,E996,True
N15,E714,E931,False
N15,E714,E962,False
N15,E714,E976,False
N15,E714,E991,False
N15,E715,E871,False
N15,E715,E877,True
N15,E715,E899,False
N15,E717,E859,False
N15,E717,E914,False
N15,E717,E969,False
N15,E717,E973,False
N15,E719,E859,False
N15,E719,E878,False
N15,E720,E804,True
N15,E720,E817,False
N15,E720,E870,False
N15,E720,E887,True
N15,E720,E888,True
N15,E720,E930,False
N15,E721,E843,False
N15,E721,E853,True
N15,E721,E937,False
N15,E722,E964,False
N15,E723,E804,False
N15,E723,E832,True
N15,E723,E868,False
N15,E723,E880,False
N15,E724,E944,False
N15,E724,E983,True
N15,E725,E874,True
N15,E725,E883,False
N15,E726,E826,False
N15,E726,E876,False
N15,E726,E895,False
N15,E726,E972,False
N15,E727,E867,False
N15,E727,E895,False
N15,E728,E889,False
N15,E728,E910,False
N15,E729,E922,True
N15,E729,E935,True
N15,E729,E953,False
N15,E729,E989,False
N15,E730,E881,False
N15,E730,E925,True
N15,E730,E935,False
N15,E731,E860,False
N15,E732,E942,True
N15,E732,E949,False
N15,E732,E958,True
N15,E733,E817,False
N15,E733,E954,False
N15,E734,E881,False
N15,E734,E897,False
N15,E734,E920,True
N15,E735,E845,True
N15,E735,E847,True
N15,E735,E849,True
N15,E735,E866,False
N15,E735,E914,True
N15,E735,E958,False
N15,E736,E821,False
N15,E737,E886,True
N15,E737,E980,False
N15,E737,E998,True
N15,E738,E957,True
N15,E738,E962,True
N15,E739,E876,False
N15,E739,E986,False
N15,E740,E800,True
N15,E740,E983,False
N15,E740,E997,False
N15,E741,E927,False
N15,E742,E838,True
N15,E742,E921,False
N15,E742,E934,False
N15,E743,E820,False
N15,E743,E893,True
N15,E743,E984,False
N15,E744,E804,False
N15,E744,E824,True
N15,E744,E825,False
N15,E744,E884,False
N15,E744,E987,False
N15,E745,E852,True
N15,E745,E933,False
N15,E745,E937,False
N15,E746,E850,True
N15,E746,E854,True
N15,E746,E957,False
N15,E747,E813,False
N15,E747,E864,False
N15,E747,E902,False
N15,E747,E940,False
N15,E747,E967,False
N15,E747,E969,False
N15,E748,E825,False
N15,E748,E847,False
N15,E748,E984,False
N15,E749,E803,False
N15,E749,E812,False
N15,E749,E873,True
N15,E750,E905,True
N15,E750,E947,False
N15,E750,E958,False
N15,E751,E924,False
N15,E751,E978,True
N15,E752,E814,False
N15,E752,E815,False
N15,E752,E868,False
N15,E752,E924,True
N15,E752,E941,False
N15,E752,E972,True
N15,E753,E933,False
N15,E753,E966,True
N15,E754,E840,True
N15,E754,E884,True
N15,E754,E917,False
N15,E754,E943,False
N15,E755,E837,True
N15,E756,E830,False
N15,E756,E958,False
N15,E757,E849,False
N15,E757,E931,True
N15,E758,E801,False
N15,E758,E815,True
N15,E758,E827,True
N15,E758,E853,False
N15,E759,E842,False
N15,E759,E910,False
N15,E759,E911,True
N15,E760,E808,False
N15,E760,E821,True
N15,E760,E904,True
N15,E760,E943,False
N15,E760,E962,False
N15,E760,E970,True
N15,E761,E839,False
N15,E761,E861,False
N15,E761,E969,True
N15,E761,E971,True
N15,E761,E977,False
N15,E762,E819,False
N15,E762,E981,True
N15,E763,E803,False
N15,E763,E806,False
N15,E763,E812,False
N15,E763,E829,True
N15,E763,E864,False
N15,E763,E941,False
N15,E763,E950,False
N15,E763,E986,False
N15,E764,E842,False
N15,E764,E998,False
N15,E765,E889,False
N15,E765,E923,False
N15,E766,E830,False
N15,E766,E871,False
N15,E768,E848,False
N15,E768,E928,False
N15,E768,E946,False
N15,E768,E966,False
N15,E768,E974,True
N15,E769,E894,True
N15,E769,E908,False
N15,E769,E929,False
N15,E770,E923,True
N15,E770,E930,True
N15,E770,E945,False
N15,E770,E980,False
N15,E771,E817,True
N15,E771,E837,False
N15,E771,E900,False
N15,E771,E919,False
N15,E772,E856,True
N15,E772,E881,False
N15,E772,E890,True
N15,E772,E934,True
N15,E772,E968,False
N15,E773,E870,True
N15,E773,E872,False
N15,E773,E950,False
N15,E774,E810,False
N15,E774,E865,False
N15,E774,E886,False
N15,E774,E902,True
N15,E774,E983,False
N15,E775,E895,True
N15,E775,E963,True
N15,E776,E934,False
N15,E776,E936,False
N15,E777,E959,False
N15,E778,E810,True
N15,E778,E900,False
N15,E778,E975,False
N15,E778,E995,True
N15,E779,E953,False
N15,E779,E976,True
N15,E779,E979,False
N15,E779,E992,True
N15,E780,E809,False
N15,E780,E812,False
N15,E780,E868,True
N15,E780,E882,False
N15,E780,E971,False
N15,E780,E993,True
N15,E781,E888,False
N15,E781,E896,False
N15,E781,E898,False
N15,E781,E929,False
N15,E781,E994,False
N15,E782,E836,True
N15,E782,E837,False
N15,E782,E891,False
N15,E782,E979,False
N15,E783,E877,False
N15,E783,E994,True
N15,E785,E858,False
N15,E785,E951,True
N15,E785,E965,False
N15,E786,E802,True
N15,E786,E807,False
N15,E786,E808,True
N15,E786,E819,True
N15,E786,E851,False
N15,E786,E857,False
N15,E786,E880,False
N15,E786,E890,False
N15,E786,E944,True
N15,E787,E844,True
N15,E787,E950,True
N15,E787,E997,True
N15,E788,E832,False
N15,E788,E838,False
N15,E788,E859,False
N15,E789,E828,True
N15,E789,E833,True
N15,E789,E973,False
N15,E789,E998,False
N15,E790,E818,True
N15,E790,E824,False
N15,E790,E885,False
N15,E790,E932,False
N15,E790,E965,True
N15,E791,E830,True
N15,E791,E845,False
N15,E791,E866,True
N15,E791,E889,True
N15,E791,E907,False
N15,E791,E953,True
N15,E791,E970,False
N15,E792,E806,False
N15,E792,E856,False
N15,E792,E964,True
N15,E793,E852,False
N15,E793,E897,True
N15,E793,E931,False
N15,E793,E947,False
N15,E794,E802,False
N15,E794,E828,False
N15,E794,E988,False
N15,E795,E806,True
N15,E796,E849,False
N15,E796,E892,False
N15,E796,E950,False
N15,E797,E855,False
N15,E797,E909,False
N15,E797,E930,False
N15,E797,E990,False
N15,E798,E807,False
N15,E798,E932,False
N15,E799,E859,True
N15,E799,E952,False
N16,E000,E290,True
N16,E001,E219,False
N16,E001,E269,True
N16,E001,E295,True
N16,E001,E335,True
N16,E002,E205,False
N16,E002,E220,False
N16,E002,E237,False
N16,E002,E274,True
N16,E002,E292,True
N16,E002,E339,False
N16,E003,E287,True
N16,E003,E319,False
N16,E003,E354,False
N16,E004,E243,False
N16,E005,E245,True
N16,E005,E304,False
N16,E006,E244,False
N16,E006,E247,True
N16,E006,E302,False
N16,E006,E362,False
N16,E006,E397,True
N16,E007,E230,False
N16,E007,E361,False
N16,E007,E384,True
N16,E007,E389,True
N16,E007,E390,False
N16,E008,E222,False
N16,E008,E271,True
N16,E008,E326,False
N16,E008,E379,False
N16,E009,E294,False
N16,E009,E356,True
N16,E010,E241,True
N16,E010,E276,True
N16,E010,E320,True
N16,E010,E360,True
N16,E010,E367,False
N16,E011,E209,False
N16,E011,E291,False
N16,E011,E293,False
N16,E011,E358,False
N16,E012,E271,False
N16,E012,E373,False
N16,E013,E374,False
N16,E014,E296,False
N16,E014,E377,True
N16,E015,E296,False
N16,E015,E393,False
N16,E016,E223,False
N16,E016,E264,True
N16,E016,E319,True
N16,E016,E355,True
N16,E016,E391,False
N16,E016,E394,False
N16,E017,E257,False
N16,E017,E314,True
N16,E017,E376,True
N16,E018,E203,True
N16,E018,E303,False
N16,E018,E308,True
N16,E019,E251,True
N16,E019,E336,False
N16,E019,E358,True
N16,E019,E385,True
N16,E019,E387,True
N16,E020,E220,False
N16,E020,E349,False
N16,E021,E220,True
N16,E021,E254,False
N16,E021,E343,True
N16,E021,E357,False
N16,E022,E254,False
N16,E022,E322,False
N16,E022,E327,True
N16,E023,E281,False
N16,E023,E368,True
N16,E024,E295,False
N16,E025,E351,True
N16,E026,E393,True
N16,E027,E217,False
N16,E027,E259,True
N16,E028,E206,False
N16,E028,E330,True
N16,E029,E211,False
N16,E029,E353,False
N16,E030,E331,False
N16,E031,E252,False
N16,E031,E346,False
N16,E031,E362,True
N16,E032,E206,True
N16,E032,E226,False
N16,E032,E244,False
N16,E032,E357,False
N16,E033,E223,False
N16,E033,E233,True
N16,E033,E258,True
N16,E033,E396,True
N16,E034,E239,True
N16,E034,E255,False
N16,E035,E277,True
N16,E036,E201,True
N16,E036,E231,False
N16,E036,E368,False
N16,E037,E225,True
N16,E037,E286,False
N16,E037,E309,True
N16,E037,E324,True
N16,E039,E229,True
N16,E039,E276,False
N16,E040,E243,True
N16,E040,E288,True
N16,E040,E334,True
N16,E040,E357,False
N16,E041,E304,False
N16,E042,E267,True
N16,E042,E305,True
N16,E042,E344,False
N16,E043,E234,False
N16,E043,E337,False
N16,E043,E345,True
N16,E043,E347,True
N16,E044,E275,False
N16,E044,E284,False
N16,E044,E285,True
N16,E045,E235,False
N16,E045,E285,False
N16,E046,E218,False
N16,E046,E238,True
N16,E046,E244,True
N16,E046,E267,False
N16,E047,E252,True
N16,E047,E255,False
N16,E047,E394,False
N16,E049,E327,False
N16,E050,E230,True
N16,E050,E312,True
N16,E050,E395,False
N16,E051,E268,True
N16,E052,E202,True
N16,E052,E224,False
N16,E052,E238,False
N16,E052,E272,False
N16,E052,E283,True
N16,E052,E327,False
N16,E053,E261,False
N16,E053,E286,False
N16,E054,E361,True
N16,E056,E290,False
N16,E056,E395,True
N16,E057,E207,True
N16,E057,E221,False
N16,E057,E280,True
N16,E057,E329,False
N16,E057,E365,False
N16,E057,E385,False
N16,E058,E229,False
N16,E058,E236,True
N16,E058,E341,False
N16,E058,E364,False
N16,E058,E366,False
N16,E059,E208,False
N16,E059,E209,False
N16,E059,E264,False
N16,E059,E324,False
N16,E059,E352,True
N16,E059,E379,False
N16,E060,E308,False
N16,E060,E378,False
N16,E061,E259,False
N16,E061,E273,False
N16,E061,E279,False
N16,E061,E282,False
N16,E062,E340,False
N16,E062,E347,False
N16,E062,E375,False
N16,E063,E248,True
N16,E063,E279,True
N16,E063,E298,True
N16,E063,E300,True
N16,E063,E350,False
N16,E064,E252,False
N16,E064,E297,False
N16,E064,E363,False
N16,E065,E212,False
N16,E065,E271,False
N16,E065,E299,True
N16,E065,E357,True
N16,E067,E286,True
N16,E067,E309,False
N16,E067,E362,False
N16,E068,E251,False
N16,E068,E257,False
N16,E069,E236,False
N16,E069,E339,False
N16,E071,E210,True
N16,E071,E297,True
N16,E072,E213,False
N16,E072,E342,False
N16,E073,E335,False
N16,E074,E245,False
N16,E074,E264,False
N16,E074,E343,False
N16,E075,E265,False
N16,E075,E288,False
N16,E075,E300,False
N16,E075,E342,False
N16,E075,E366,False
N16,E075,E386,True
N16,E076,E235,True
N16,E077,E209,False
N16,E077,E326,False
N16,E077,E331,False
N16,E077,E336,False
N16,E078,E204,False
N16,E078,E278,False
N16,E078,E349,False
N16,E079,E245,False
N16,E079,E343,False
N16,E080,E246,True
N16,E080,E283,False
N16,E080,E325,False
N16,E080,E349,True
N16,E080,E378,True
N16,E080,E394,False
N16,E081,E302,False
N16,E081,E321,False
N16,E082,E215,True
N16,E083,E227,True
N16,E083,E242,False
N16,E083,E284,True
N16,E083,E289,True
N16,E083,E311,True
N16,E083,E384,False
N16,E084,E207,False
N16,E084,E217,True
N16,E084,E263,True
N16,E084,E274,False
N16,E084,E379,True
N16,E086,E310,False
N16,E086,E355,False
N16,E087,E215,False
N16,E087,E226,False
N16,E087,E308,False
N16,E088,E208,True
N16,E090,E292,False
N16,E090,E370,True
N16,E090,E381,False
N16,E091,E209,True
N16,E091,E277,False
N16,E092,E302,True
N16,E092,E311,False
N16,E092,E369,True
N16,E092,E389,False
N16,E092,E390,True
N16,E092,E399,False
N16,E093,E256,True
N16,E093,E261,True
N16,E093,E393,False
N16,E094,E256,False
N16,E094,E306,True
N16,E094,E355,False
N16,E095,E264,False
N16,E095,E345,False
N16,E095,E348,False
N16,E096,E331,True
N16,E096,E365,True
N16,E096,E381,False
N16,E096,E399,True
N16,E097,E224,False
N16,E097,E367,True
N16,E098,E225,False
N16,E098,E231,True
N16,E098,E328,False
N16,E098,E334,False
N16,E098,E353,True
N16,E098,E359,True
N16,E099,E260,False
N16,E099,E310,True
N16,E099,E356,False
N16,E100,E219,False
N16,E101,E253,True
N16,E102,E202,False
N16,E102,E356,False
N16,E103,E222,True
N16,E103,E327,False
N16,E103,E352,False
N16,E104,E221,True
N16,E104,E360,False
N16,E104,E377,False
N16,E105,E206,False
N16,E105,E256,False
N16,E105,E338,True
N16,E105,E374,True
N16,E105,E380,False
N16,E105,E382,True
N16,E106,E216,False
N16,E107,E318,True
N16,E107,E341,True
N16,E107,E342,True
N16,E107,E349,False
N16,E107,E383,False
N16,E108,E223,True
N16,E108,E374,False
N16,E109,E228,True
N16,E109,E232,False
N16,E109,E334,False
N16,E109,E344,True
N16,E109,E392,False
N16,E110,E333,False
N16,E111,E203,False
N16,E111,E229,False
N16,E111,E294,False
N16,E112,E219,True
N16,E112,E237,True
N16,E112,E274,False
N16,E112,E293,False
N16,E112,E335,False
N16,E114,E316,False
N16,E115,E282,False
N16,E115,E289,False
N16,E115,E305,False
N16,E115,E317,False
N16,E115,E382,False
N16,E116,E273,False
N16,E116,E291,True
N16,E116,E337,True
N16,E116,E364,True
N16,E118,E316,False
N16,E118,E368,False
N16,E119,E332,False
N16,E119,E398,True
N16,E120,E291,False
N16,E120,E371,True
N16,E121,E347,False
N16,E122,E204,False
N16,E122,E251,False
N16,E123,E278,True
N16,E123,E376,False
N16,E123,E391,False
N16,E124,E201,False
N16,E124,E246,False
N16,E124,E253,False
N16,E124,E276,False
N16,E124,E307,True
N16,E124,E328,True
N16,E124,E330,False
N16,E124,E347,False
N16,E125,E243,False
N16,E125,E367,False
N16,E126,E206,False
N16,E126,E249,False
N16,E126,E274,False
N16,E127,E376,False
N16,E128,E207,False
N16,E128,E373,False
N16,E129,E307,False
N16,E130,E249,True
N16,E130,E352,False
N16,E131,E255,True
N16,E131,E382,False
N16,E132,E211,True
N16,E132,E216,True
N16,E132,E227,False
N16,E132,E351,False
N16,E133,E232,True
N16,E133,E348,True
N16,E134,E201,False
N16,E134,E204,True
N16,E134,E205,True
N16,E134,E232,False
N16,E135,E219,False
N16,E135,E275,True
N16,E136,E348,False
N16,E137,E271,False
N16,E137,E379,False
N16,E137,E388,False
N16,E138,E229,False
N16,E138,E278,False
N16,E138,E323,False
N16,E138,E384,False
N16,E139,E392,True
N16,E140,E296,True
N16,E140,E350,False
N16,E141,E200,True
N16,E141,E214,False
N16,E141,E255,False
N16,E141,E289,False
N16,E141,E312,False
N16,E141,E329,False
N16,E141,E337,False
N16,E141,E380,True
N16,E142,E318,False
N16,E142,E321,True
N16,E142,E346,True
N16,E143,E226,False
N16,E143,E231,False
N16,E143,E237,False
N16,E143,E282,True
N16,E143,E326,False
N16,E144,E275,False
N16,E144,E369,False
N16,E145,E215,False
N16,E145,E259,False
N16,E145,E295,False
N16,E145,E333,False
N16,E146,E225,False
N16,E146,E315,False
N16,E146,E339,False
N16,E146,E371,False
N16,E146,E383,True
N16,E147,E242,True
N16,E148,E317,False
N16,E149,E214,False
N16,E149,E245,False
N16,E149,E259,False
N16,E149,E267,False
N16,E149,E275,False
N16,E149,E287,False
N16,E149,E319,False
N16,E150,E203,False
N16,E150,E205,False
N16,E150,E260,True
N16,E150,E281,False
N16,E150,E354,True
N16,E150,E361,False
N16,E151,E211,False
N16,E151,E213,False
N16,E151,E242,False
N16,E151,E252,False
N16,E151,E316,False
N16,E152,E218,True
N16,E152,E254,False
N16,E152,E269,False
N16,E152,E297,False
N16,E153,E247,False
N16,E153,E358,False
N16,E154,E250,True
N16,E154,E260,False
N16,E154,E270,False
N16,E154,E285,False
N16,E154,E301,True
N16,E154,E306,False
N16,E154,E339,True
N16,E154,E348,False
N16,E155,E212,True
N16,E155,E363,False
N16,E156,E210,False
N16,E156,E233,False
N16,E156,E298,False
N16,E156,E350,True
N16,E158,E227,False
N16,E158,E322,True
N16,E159,E262,False
N16,E160,E226,True
N16,E160,E276,False
N16,E160,E325,False
N16,E160,E365,False
N16,E161,E240,False
N16,E161,E254,True
N16,E161,E373,True
N16,E161,E378,False
N16,E162,E250,False
N16,E162,E260,False
N16,E162,E278,False
N16,E162,E279,False
N16,E162,E303,True
N16,E162,E321,False
N16,E163,E266,False
N16,E163,E303,False
N16,E163,E313,False
N16,E163,E314,False
N16,E163,E375,True
N16,E164,E213,True
N16,E165,E208,False
N16,E165,E326,True
N16,E165,E329,True
N16,E166,E299,False
N16,E166,E340,True
N16,E166,E370,False
N16,E167,E311,False
N16,E167,E312,False
N16,E167,E332,True
N16,E168,E263,False
N16,E169,E234,True
N16,E169,E238,False
N16,E169,E250,False
N16,E169,E262,True
N16,E169,E301,False
N16,E170,E256,False
N16,E171,E224,True
N16,E171,E228,False
N16,E171,E248,False
N16,E171,E266,False
N16,E171,E280,False
N16,E171,E324,False
N16,E172,E202,False
N16,E172,E311,False
N16,E174,E323,False
N16,E174,E359,False
N16,E174,E385,False
N16,E175,E388,False
N16,E176,E281,False
N16,E176,E301,False
N16,E176,E317,False
N16,E176,E387,False
N16,E177,E251,False
N16,E177,E258,False
N16,E177,E261,False
N16,E177,E372,True
N16,E177,E373,False
N16,E178,E293,True
N16,E178,E306,False
N16,E178,E389,False
N16,E179,E273,True
N16,E180,E242,False
N16,E180,E335,False
N16,E180,E381,True
N16,E180,E388,True
N16,E181,E270,True
N16,E181,E284,False
N16,E181,E316,True
N16,E181,E363,False
N16,E181,E383,False
N16,E181,E395,False
N16,E182,E320,False
N16,E182,E391,True
N16,E183,E246,False
N16,E183,E365,False
N16,E183,E396,False
N16,E184,E214,True
N16,E184,E257,True
N16,E184,E277,False
N16,E184,E333,False
N16,E185,E266,True
N16,E185,E268,False
N16,E185,E325,True
N16,E186,E303,False
N16,E186,E315,True
N16,E186,E363,True
N16,E187,E204,False
N16,E187,E313,True
N16,E187,E378,False
N16,E187,E398,False
N16,E188,E360,False
N16,E188,E372,False
N16,E189,E261,False
N16,E189,E272,True
N16,E189,E338,False
N16,E190,E233,False
N16,E190,E239,False
N16,E190,E246,False
N16,E190,E285,False
N16,E190,E317,True
N16,E190,E323,False
N16,E190,E366,True
N16,E191,E208,False
N16,E191,E295,False
N16,E192,E232,False
N16,E192,E304,True
N16,E192,E312,False
N16,E192,E390,False
N16,E192,E394,True
N16,E193,E265,False
N16,E193,E279,False
N16,E193,E294,True
N16,E193,E336,True
N16,E194,E202,False
N16,E194,E323,True
N16,E194,E328,False
N16,E194,E332,False
N16,E195,E200,False
N16,E195,E291,False
N16,E195,E397,False
N16,E196,E265,True
N16,E197,E333,True
N16,E197,E355,False
N16,E197,E388,False
N16,E199,E205,False
N16,E199,E240,True
N16,E199,E241,False
N16,E199,E281,True
N16,E199,E386,False
N16,E200,E449,False
N16,E200,E476,False
N16,E201,E449,True
N16,E201,E482,True
N16,E201,E574,False
N16,E202,E485,False
N16,E202,E563,False
N16,E203,E482,False
N16,E203,E498,True
N16,E203,E541,False
N16,E203,E593,True
N16,E204,E437,False
N16,E204,E464,False
N16,E204,E509,False
N16,E204,E592,False
N16,E205,E491,False
N16,E205,E506,False
N16,E205,E528,False
N16,E206,E490,False
N16,E206,E532,False
N16,E208,E417,False
N16,E208,E445,False
N16,E208,E451,False
N16,E208,E511,False
N16,E208,E522,False
N16,E208,E538,False
N16,E208,E567,False
N16,E209,E415,False
N16,E209,E458,False
N16,E209,E463,False
N16,E210,E534,True
N16,E210,E561,False
N16,E210,E589,True
N16,E212,E551,False
N16,E212,E559,True
N16,E213,E488,True
N16,E214,E458,False
N16,E214,E565,False
N16,E215,E400,True
N16,E215,E496,True
N16,E215,E500,False
N16,E215,E501,True
N16,E215,E535,False
N16,E215,E591,True
N16,E216,E491,False
N16,E216,E495,False
N16,E216,E527,False
N16,E216,E536,False
N16,E216,E553,False
N16,E217,E444,True
N16,E217,E478,False
N16,E217,E489,False
N16,E218,E469,True
N16,E218,E502,False
N16,E218,E505,True
N16,E218,E507,False
N16,E218,E525,False
N16,E218,E548,False
N16,E218,E566,False
N16,E219,E422,False
N16,E219,E544,True
N16,E220,E420,False
N16,E220,E449,False
N16,E220,E473,True
N16,E220,E543,False
N16,E220,E583,False
N16,E221,E417,False
N16,E221,E435,False
N16,E221,E437,True
N16,E221,E451,False
N16,E223,E412,True
N16,E223,E481,True
N16,E223,E493,False
N16,E224,E524,True
N16,E224,E569,False
N16,E224,E589,False
N16,E224,E594,False
N16,E224,E599,False
N16,E225,E419,True
N16,E225,E507,False
N16,E226,E432,False
N16,E226,E558,True
N16,E227,E534,False
N16,E227,E546,False
N16,E227,E568,False
N16,E227,E587,False
N16,E227,E596,False
N16,E228,E529,False
N16,E229,E403,False
N16,E229,E449,False
N16,E229,E578,False
N16,E230,E516,False
N16,E230,E594,False
N16,E231,E539,False
N16,E231,E542,False
N16,E231,E546,False
N16,E232,E431,False
N16,E232,E466,True
N16,E232,E502,True
N16,E232,E508,True
N16,E232,E527,True
N16,E232,E534,False
N16,E232,E543,False
N16,E232,E592,True
N16,E233,E427,False
N16,E233,E516,True
N16,E234,E410,False
N16,E234,E411,False
N16,E234,E415,False
N16,E234,E540,True
N16,E234,E581,False
N16,E235,E407,False
N16,E235,E442,False
N16,E235,E501,False
N16,E235,E596,True
N16,E236,E431,False
N16,E236,E441,False
N16,E236,E500,False
N16,E236,E526,False
N16,E236,E527,False
N16,E236,E573,False
N16,E237,E446,True
N16,E237,E465,False
N16,E237,E573,True
N16,E237,E593,False
N16,E238,E433,True
N16,E238,E480,True
N16,E238,E548,False
N16,E239,E435,False
N16,E240,E507,False
N16,E240,E519,False
N16,E240,E588,False
N16,E241,E405,False
N16,E241,E406,False
N16,E241,E417,False
N16,E242,E461,False
N16,E242,E526,False
N16,E242,E542,True
N16,E243,E408,True
N16,E243,E472,False
N16,E243,E476,False
N16,E243,E495,False
N16,E243,E598,False
N16,E244,E470,True
N16,E244,E536,False
N16,E244,E571,False
N16,E245,E433,False
N16,E245,E512,True
N16,E245,E549,False
N16,E246,E473,False
N16,E246,E553,True
N16,E246,E587,False
N16,E247,E404,False
N16,E247,E414,False
N16,E247,E511,True
N16,E248,E429,False
N16,E249,E477,False
N16,E249,E494,False
N16,E249,E506,False
N16,E250,E426,True
N16,E250,E580,False
N16,E251,E447,False
N16,E251,E466,False
N16,E251,E597,False
N16,E252,E424,False
N16,E252,E470,False
N16,E252,E518,False
N16,E253,E409,False
N16,E253,E444,False
N16,E253,E553,False
N16,E253,E588,True
N16,E254,E467,True
N16,E254,E471,False
N16,E254,E523,True
N16,E254,E594,True
N16,E255,E520,True
N16,E255,E598,True
N16,E256,E416,False
N16,E257,E497,False
N16,E257,E533,True
N16,E257,E568,False
N16,E258,E523,False
N16,E258,E564,False
N16,E258,E571,True
N16,E258,E585,True
N16,E258,E589,False
N16,E258,E592,False
N16,E260,E480,False
N16,E260,E525,True
N16,E260,E554,True
N16,E260,E582,True
N16,E260,E585,False
N16,E261,E513,False
N16,E261,E517,True
N16,E262,E492,False
N16,E262,E512,False
N16,E263,E414,False
N16,E263,E464,False
N16,E263,E505,False
N16,E263,E544,False
N16,E264,E401,False
N16,E264,E498,False
N16,E264,E500,False
N16,E265,E455,False
N16,E265,E496,False
N16,E265,E508,False
N16,E265,E524,False
N16,E265,E549,False
N16,E265,E554,False
N16,E266,E460,True
N16,E267,E405,False
N16,E267,E413,True
N16,E268,E460,False
N16,E268,E467,False
N16,E268,E577,False
N16,E269,E472,True
N16,E269,E484,False
N16,E269,E486,False
N16,E269,E547,False
N16,E269,E573,False
N16,E270,E477,True
N16,E270,E591,False
N16,E271,E482,False
N16,E271,E577,True
N16,E272,E431,True
N16,E272,E536,False
N16,E272,E565,False
N16,E272,E572,True
N16,E273,E503,False
N16,E274,E437,False
N16,E275,E454,True
N16,E275,E483,False
N16,E275,E566,True
N16,E275,E579,True
N16,E276,E402,True
N16,E276,E547,True
N16,E277,E428,False
N16,E277,E457,True
N16,E277,E487,False
N16,E277,E552,False
N16,E277,E566,False
N16,E278,E441,True
N16,E278,E501,False
N16,E279,E437,False
N16,E279,E440,False
N16,E279,E487,False
N16,E280,E463,True
N16,E280,E530,True
N16,E280,E590,False
N16,E281,E425,False
N16,E281,E503,True
N16,E281,E539,False
N16,E281,E568,False
N16,E281,E584,True
N16,E282,E414,False
N16,E282,E455,False
N16,E282,E456,False
N16,E283,E409,False
N16,E283,E491,False
N16,E283,E597,False
N16,E284,E436,True
N16,E284,E456,False
N16,E284,E524,False
N16,E284,E530,False
N16,E285,E413,False
N16,E285,E492,True
N16,E285,E575,False
N16,E286,E439,True
N16,E286,E518,False
N16,E286,E586,False
N16,E287,E439,False
N16,E287,E468,False
N16,E287,E576,False
N16,E289,E490,False
N16,E290,E428,False
N16,E290,E577,False
N16,E291,E421,False
N16,E291,E522,True
N16,E291,E531,True
N16,E291,E544,False
N16,E292,E565,True
N16,E293,E435,True
N16,E293,E448,True
N16,E293,E456,True
N16,E293,E583,False
N16,E295,E426,False
N16,E295,E450,False
N16,E295,E491,True
N16,E295,E573,False
N16,E296,E423,False
N16,E296,E528,False
N16,E296,E589,False
N16,E297,E526,True
N16,E297,E532,True
N16,E298,E512,False
N16,E298,E556,False
N16,E298,E562,True
N16,E298,E570,True
N16,E298,E576,True
N16,E299,E413,False
N16,E299,E444,False
N16,E299,E528,True
N16,E299,E560,False
N16,E300,E430,True
N16,E300,E463,False
N16,E300,E521,False
N16,E300,E561,False
N16,E301,E442,True
N16,E302,E434,True
N16,E302,E488,False
N16,E302,E552,False
N16,E302,E598,False
N16,E303,E413,False
N16,E303,E432,False
N16,E304,E474,False
N16,E305,E438,False
N16,E305,E510,False
N16,E305,E569,False
N16,E305,E581,True
N16,E306,E453,True
N16,E307,E405,False
N16,E307,E421,False
N16,E307,E457,False
N16,E307,E543,True
N16,E308,E545,False
N16,E308,E557,False
N16,E309,E528,False
N16,E309,E554,False
N16,E310,E427,True
N16,E310,E514,True
N16,E310,E546,False
N16,E311,E416,True
N16,E311,E431,False
N16,E311,E550,False
N16,E311,E584,False
N16,E312,E436,False
N16,E312,E580,False
N16,E313,E410,True
N16,E313,E417,True
N16,E313,E443,True
N16,E313,E497,False
N16,E313,E541,False
N16,E313,E574,True
N16,E314,E410,False
N16,E314,E478,True
N16,E314,E540,False
N16,E315,E471,True
N16,E316,E507,True
N16,E316,E532,False
N16,E316,E557,True
N16,E317,E480,False
N16,E317,E555,False
N16,E318,E539,False
N16,E318,E552,True
N16,E318,E564,False
N16,E319,E415,False
N16,E319,E425,True
N16,E319,E447,False
N16,E319,E489,True
N16,E319,E506,True
N16,E320,E544,False
N16,E321,E430,False
N16,E321,E483,True
N16,E321,E486,True
N16,E321,E504,False
N16,E321,E582,False
N16,E322,E402,False
N16,E322,E593,False
N16,E323,E509,False
N16,E323,E516,False
N16,E323,E529,False
N16,E323,E586,False
N16,E324,E405,True
N16,E324,E452,True
N16,E324,E484,True
N16,E324,E490,False
N16,E325,E508,False
N16,E326,E415,True
N16,E327,E408,False
N16,E327,E531,False
N16,E327,E537,True
N16,E327,E560,True
N16,E328,E583,True
N16,E329,E564,True
N16,E329,E575,False
N16,E330,E592,False
N16,E331,E453,False
N16,E332,E404,True
N16,E332,E529,False
N16,E333,E514,False
N16,E333,E548,False
N16,E333,E558,False
N16,E333,E561,True
N16,E333,E587,False
N16,E334,E579,False
N16,E334,E580,False
N16,E337,E411,False
N16,E337,E461,False
N16,E337,E462,True
N16,E338,E428,True
N16,E338,E461,True
N16,E338,E497,True
N16,E339,E409,False
N16,E339,E427,False
N16,E339,E445,True
N16,E339,E520,False
N16,E340,E470,False
N16,E340,E536,True
N16,E340,E555,True
N16,E340,E569,True
N16,E340,E594,False
N16,E341,E529,True
N16,E341,E553,False
N16,E341,E572,False
N16,E342,E440,True
N16,E342,E538,True
N16,E343,E464,True
N16,E343,E475,False
N16,E343,E586,True
N16,E344,E464,False
N16,E344,E517,False
N16,E345,E487,False
N16,E345,E590,False
N16,E346,E433,False
N16,E346,E462,False
N16,E346,E499,True
N16,E347,E400,False
N16,E347,E443,False
N16,E347,E498,False
N16,E347,E502,False
N16,E347,E537,False
N16,E347,E563,True
N16,E347,E568,True
N16,E348,E477,False
N16,E348,E495,False
N16,E348,E571,False
N16,E349,E438,False
N16,E350,E410,False
N16,E350,E591,False
N16,E351,E412,False
N16,E351,E470,False
N16,E351,E488,False
N16,E351,E561,False
N16,E351,E599,True
N16,E352,E400,False
N16,E352,E450,False
N16,E352,E467,False
N16,E352,E476,False
N16,E352,E486,False
N16,E352,E499,False
N16,E353,E428,False
N16,E353,E465,False
N16,E353,E478,False
N16,E353,E515,True
N16,E354,E524,False
N16,E355,E457,False
N16,E355,E481,False
N16,E355,E485,False
N16,E356,E425,False
N16,E356,E460,False
N16,E356,E588,False
N16,E357,E435,False
N16,E357,E454,False
N16,E357,E476,True
N16,E357,E510,False
N16,E357,E581,False
N16,E358,E436,False
N16,E358,E513,True
N16,E358,E578,True
N16,E359,E416,False
N16,E359,E421,True
N16,E359,E430,False
N16,E359,E474,True
N16,E359,E551,True
N16,E360,E423,True
N16,E360,E455,True
N16,E360,E538,False
N16,E361,E458,True
N16,E361,E459,False
N16,E361,E492,False
N16,E361,E585,False
N16,E361,E597,True
N16,E362,E407,False
N16,E362,E566,False
N16,E363,E447,True
N16,E363,E549,True
N16,E364,E406,False
N16,E364,E429,True
N16,E364,E463,False
N16,E364,E467,False
N16,E365,E438,True
N16,E365,E456,False
N16,E365,E494,False
N16,E365,E520,False
N16,E365,E526,False
N16,E365,E559,False
N16,E365,E575,True
N16,E366,E406,False
N16,E366,E570,False
N16,E366,E571,False
N16,E367,E418,False
N16,E367,E424,True
N16,E367,E518,False
N16,E368,E416,False
N16,E368,E494,True
N16,E369,E448,False
N16,E369,E498,False
N16,E369,E548,True
N16,E369,E576,False
N16,E370,E411,True
N16,E370,E450,True
N16,E370,E451,True
N16,E370,E519,True
N16,E371,E465,True
N16,E371,E511,False
N16,E371,E521,True
N16,E371,E523,False
N16,E371,E533,False
N16,E371,E545,False
N16,E372,E402,False
N16,E373,E514,False
N16,E373,E525,False
N16,E374,E503,False
N16,E374,E546,True
N16,E374,E562,False
N16,E375,E458,False
N16,E375,E459,True
N16,E375,E487,True
N16,E375,E490,True
N16,E375,E519,False
N16,E375,E595,False
N16,E376,E567,False
N16,E377,E406,True
N16,E377,E443,False
N16,E377,E452,False
N16,E377,E554,False
N16,E378,E411,False
N16,E378,E420,False
N16,E378,E495,True
N16,E379,E430,False
N16,E379,E459,False
N16,E379,E510,True
N16,E379,E539,True
N16,E380,E468,True
N16,E380,E504,True
N16,E380,E550,True
N16,E380,E598,False
N16,E381,E409,True
N16,E381,E500,True
N16,E381,E595,False
N16,E382,E551,False
N16,E383,E429,False
N16,E383,E493,True
N16,E384,E550,False
N16,E384,E580,True
N16,E385,E420,True
N16,E385,E433,False
N16,E385,E446,False
N16,E385,E459,False
N16,E386,E427,False
N16,E386,E494,False
N16,E386,E518,True
N16,E386,E551,False
N16,E386,E587,True
N16,E387,E432,True
N16,E387,E570,False
N16,E387,E595,True
N16,E388,E469,False
N16,E388,E547,False
N16,E388,E590,True
N16,E389,E407,True
N16,E389,E478,False
N16,E389,E479,False
N16,E389,E541,True
N16,E389,E567,True
N16,E390,E403,True
N16,E390,E424,False
N16,E390,E434,False
N16,E390,E475,True
N16,E390,E509,True
N16,E390,E556,True
N16,E391,E419,False
N16,E391,E420,False
N16,E391,E452,False
N16,E391,E563,False
N16,E394,E485,True
N16,E394,E488,False
N16,E395,E422,True
N16,E395,E465,False
N16,E395,E479,True
N16,E395,E525,False
N16,E395,E565,False
N16,E396,E401,True
N16,E396,E515,False
N16,E397,E414,True
N16,E397,E443,False
N16,E397,E457,False
N16,E397,E535,True
N16,E397,E593,False
N16,E398,E418,True
N16,E398,E514,False
N16,E398,E540,False
N16,E398,E545,True
N16,E398,E576,False
N16,E399,E408,False
N16,E399,E421,False
N16,E399,E432,False
N16,E400,E701,False
N16,E400,E711,False
N16,E401,E614,True
N16,E401,E702,False
N16,E401,E710,False
N16,E401,E797,True
N16,E402,E678,False
N16,E403,E637,False
N16,E403,E647,True
N16,E403,E748,False
N16,E404,E630,True
N16,E404,E694,False
N16,E404,E768,False
N16,E405,E639,False
N16,E405,E646,False
N16,E406,E715,True
N16,E406,E716,True
N16,E406,E772,True
N16,E408,E637,False
N16,E408,E647,False
N16,E410,E645,False
N16,E410,E686,True
N16,E410,E688,False
N16,E410,E692,False
N16,E410,E718,False
N16,E410,E730,False
N16,E411,E607,False
N16,E411,E616,False
N16,E411,E662,False
N16,E411,E798,True
N16,E411,E799,False
N16,E412,E721,False
N16,E412,E739,False
N16,E412,E745,True
N16,E412,E750,True
N16,E412,E785,False
N16,E413,E601,False
N16,E413,E786,False
N16,E414,E685,True
N16,E414,E767,False
N16,E414,E783,False
N16,E415,E656,False
N16,E416,E603,True
N16,E416,E718,False
N16,E417,E687,False
N16,E417,E697,True
N16,E417,E706,False
N16,E417,E728,False
N16,E417,E739,False
N16,E417,E755,False
N16,E418,E682,False
N16,E418,E734,False
N16,E419,E670,False
N16,E419,E753,False
N16,E420,E663,True
N16,E420,E714,False
N16,E420,E771,False
N16,E420,E795,False
N16,E421,E604,False
N16,E421,E732,False
N16,E423,E617,False
N16,E423,E643,False
N16,E423,E648,False
N16,E423,E694,True
N16,E423,E759,False
N16,E424,E772,False
N16,E425,E702,False
N16,E425,E712,True
N16,E425,E727,False
N16,E425,E741,False
N16,E425,E770,True
N16,E426,E632,True
N16,E426,E676,False
N16,E426,E736,False
N16,E426,E756,False
N16,E427,E645,True
N16,E427,E672,True
N16,E427,E700,True
N16,E427,E748,True
N16,E427,E781,False
N16,E428,E612,False
N16,E428,E659,False
N16,E428,E691,True
N16,E428,E787,False
N16,E429,E704,False
N16,E429,E713,True
N16,E429,E728,True
N16,E430,E642,False
N16,E430,E670,True
N16,E431,E683,True
N16,E431,E703,True
N16,E431,E727,False
N16,E431,E752,False
N16,E432,E658,False
N16,E432,E679,False
N16,E432,E723,False
N16,E433,E670,False
N16,E434,E705,True
N16,E434,E725,True
N16,E434,E742,True
N16,E435,E615,True
N16,E435,E628,False
N16,E435,E734,True
N16,E435,E743,False
N16,E436,E636,True
N16,E436,E657,False
N16,E436,E751,True
N16,E437,E624,False
N16,E437,E659,False
N16,E437,E672,False
N16,E438,E711,True
N16,E438,E722,True
N16,E438,E771,True
N16,E438,E793,False
N16,E439,E721,True
N16,E439,E790,True
N16,E440,E613,False
N16,E440,E651,True
N16,E440,E681,False
N16,E440,E704,False
N16,E440,E758,False
N16,E442,E629,True
N16,E442,E763,False
N16,E443,E610,False
N16,E443,E654,True
N16,E443,E692,False
N16,E443,E766,False
N16,E443,E798,False
N16,E444,E650,False
N16,E445,E609,True
N16,E445,E620,True
N16,E445,E632,False
N16,E445,E644,True
N16,E445,E649,True
N16,E445,E660,True
N16,E445,E719,False
N16,E445,E789,False
N16,E446,E614,False
N16,E446,E638,True
N16,E446,E658,False
N16,E447,E642,True
N16,E447,E763,False
N16,E448,E632,False
N16,E449,E606,True
N16,E449,E613,False
N16,E449,E630,False
N16,E449,E709,True
N16,E449,E715,False
N16,E449,E770,False
N16,E450,E619,False
N16,E450,E626,False
N16,E450,E692,True
N16,E450,E761,False
N16,E451,E622,False
N16,E451,E631,True
N16,E451,E693,False
N16,E452,E672,False
N16,E452,E673,False
N16,E452,E702,True
N16,E452,E716,False
N16,E452,E718,True
N16,E453,E611,True
N16,E453,E680,False
N16,E454,E617,False
N16,E454,E657,False
N16,E454,E658,True
N16,E454,E776,False
N16,E454,E778,False
N16,E455,E770,False
N16,E456,E638,False
N16,E456,E689,False
N16,E456,E778,True
N16,E457,E610,False
N16,E457,E777,False
N16,E458,E750,False
N16,E459,E668,False
N16,E459,E732,False
N16,E459,E779,False
N16,E460,E679,True
N16,E460,E699,False
N16,E460,E707,True
N16,E461,E649,False
N16,E461,E709,False
N16,E461,E762,True
N16,E462,E738,False
N16,E462,E769,True
N16,E462,E772,False
N16,E463,E766,True
N16,E463,E775,False
N16,E463,E776,False
N16,E464,E698,False
N16,E464,E702,False
N16,E464,E755,True
N16,E465,E603,False
N16,E465,E717,False
N16,E466,E708,True
N16,E466,E730,False
N16,E467,E716,False
N16,E467,E742,False
N16,E467,E758,True
N16,E467,E794,False
N16,E468,E776,False
N16,E469,E752,False
N16,E470,E690,True
N16,E470,E760,False
N16,E470,E797,False
N16,E471,E608,True
N16,E471,E751,False
N16,E471,E759,True
N16,E471,E791,False
N16,E472,E733,False
N16,E472,E778,False
N16,E473,E612,True
N16,E473,E613,False
N16,E473,E659,False
N16,E473,E673,False
N16,E473,E763,True
N16,E474,E692,False
N16,E474,E765,False
N16,E475,E609,False
N16,E475,E712,False
N16,E475,E723,True
N16,E475,E745,False
N16,E475,E794,True
N16,E476,E634,False
N16,E476,E691,False
N16,E476,E735,False
N16,E476,E767,True
N16,E477,E601,True
N16,E478,E653,False
N16,E478,E675,False
N16,E479,E652,False
N16,E479,E687,False
N16,E480,E664,False
N16,E481,E689,True
N16,E481,E706,False
N16,E481,E749,True
N16,E481,E785,False
N16,E482,E674,False
N16,E482,E762,False
N16,E482,E775,True
N16,E483,E605,True
N16,E483,E685,False
N16,E483,E696,True
N16,E483,E722,False
N16,E483,E723,False
N16,E483,E744,False
N16,E483,E790,False
N16,E484,E621,False
N16,E484,E626,False
N16,E484,E731,False
N16,E485,E746,False
N16,E485,E790,False
N16,E486,E643,False
N16,E487,E600,True
N16,E487,E669,False
N16,E488,E627,False
N16,E488,E661,True
N16,E488,E667,False
N16,E488,E726,False
N16,E488,E743,False
N16,E488,E787,True
N16,E489,E617,True
N16,E489,E780,False
N16,E490,E610,False
N16,E490,E611,False
N16,E490,E760,True
N16,E490,E768,False
N16,E491,E618,False
N16,E491,E625,False
N16,E491,E633,False
N16,E491,E640,False
N16,E491,E722,False
N16,E492,E663,False
N16,E492,E706,True
N16,E492,E714,True
N16,E492,E774,False
N16,E493,E613,True
N16,E493,E634,False
N16,E493,E720,True
N16,E493,E740,True
N16,E493,E782,False
N16,E493,E786,True
N16,E494,E644,False
N16,E495,E601,False
N16,E495,E644,False
N16,E495,E698,False
N16,E495,E755,False
N16,E495,E796,False
N16,E496,E646,True
N16,E496,E695,True
N16,E496,E741,True
N16,E497,E670,False
N16,E497,E673,False
N16,E498,E719,False
N16,E498,E798,False
N16,E499,E675,False
N16,E499,E683,False
N16,E500,E690,False
N16,E500,E708,False
N16,E500,E730,False
N16,E501,E618,True
N16,E501,E665,True
N16,E501,E669,True
N16,E501,E684,True
N16,E501,E775,False
N16,E502,E707,False
N16,E502,E735,False
N16,E502,E757,False
N16,E503,E624,False
N16,E503,E656,True
N16,E503,E712,False
N16,E503,E752,True
N16,E504,E660,False
N16,E504,E764,False
N16,E506,E765,True
N16,E508,E641,True
N16,E508,E761,False
N16,E509,E610,True
N16,E509,E621,True
N16,E509,E635,True
N16,E509,E675,True
N16,E509,E677,False
N16,E509,E761,True
N16,E510,E625,False
N16,E510,E773,False
N16,E511,E784,False
N16,E513,E665,False
N16,E513,E671,False
N16,E513,E700,False
N16,E513,E723,False
N16,E513,E737,True
N16,E513,E785,True
N16,E514,E600,False
N16,E514,E668,True
N16,E514,E684,False
N16,E514,E740,False
N16,E514,E746,True
N16,E514,E768,True
N16,E515,E655,False
N16,E515,E749,False
N16,E515,E754,False
N16,E516,E690,False
N16,E516,E698,True
N16,E516,E706,False
N16,E516,E720,False
N16,E516,E764,False
N16,E517,E687,True
N16,E518,E711,False
N16,E518,E765,False
N16,E519,E639,False
N16,E519,E707,False
N16,E519,E715,False
N16,E519,E738,False
N16,E520,E655,True
N16,E520,E695,False
N16,E520,E701,False
N16,E520,E779,True
N16,E520,E799,True
N16,E521,E616,False
N16,E521,E627,True
N16,E521,E636,False
N16,E521,E659,True
N16,E521,E684,False
N16,E521,E691,False
N16,E521,E731,True
N16,E521,E762,False
N16,E522,E732,False
N16,E522,E773,True
N16,E522,E780,True
N16,E523,E623,False
N16,E524,E618,False
N16,E524,E683,False
N16,E524,E799,False
N16,E525,E731,False
N16,E525,E782,True
N16,E526,E619,False
N16,E526,E674,True
N16,E526,E678,True
N16,E527,E710,False
N16,E527,E784,False
N16,E528,E612,False
N16,E528,E661,False
N16,E528,E679,False
N16,E528,E758,False
N16,E528,E784,False
N16,E529,E724,False
N16,E529,E749,False
N16,E529,E791,True
N16,E530,E662,True
N16,E530,E769,False
N16,E531,E624,True
N16,E531,E737,False
N16,E531,E788,True
N16,E532,E605,False
N16,E532,E623,False
N16,E532,E663,False
N16,E532,E673,True
N16,E532,E777,True
N16,E533,E688,True
N16,E533,E724,True
N16,E534,E615,False
N16,E534,E616,False
N16,E534,E666,False
N16,E534,E730,True
N16,E534,E739,True
N16,E534,E772,False
N16,E534,E782,False
N16,E534,E792,False
N16,E535,E602,True
N16,E535,E675,False
N16,E536,E668,False
N16,E536,E681,True
N16,E536,E771,False
N16,E537,E726,True
N16,E537,E733,True
N16,E538,E732,True
N16,E538,E756,True
N16,E539,E617,False
N16,E539,E651,False
N16,E540,E654,False
N16,E540,E731,False
N16,E540,E795,False
N16,E541,E626,False
N16,E541,E638,False
N16,E542,E605,False
N16,E542,E697,False
N16,E542,E729,False
N16,E542,E788,False
N16,E543,E644,False
N16,E543,E683,False
N16,E543,E727,False
N16,E543,E774,False
N16,E544,E606,False
N16,E544,E625,False
N16,E544,E748,False
N16,E545,E796,False
N16,E546,E607,True
N16,E546,E618,False
N16,E546,E667,False
N16,E546,E687,False
N16,E547,E603,False
N16,E547,E625,True
N16,E547,E639,True
N16,E547,E752,False
N16,E547,E760,False
N16,E547,E790,False
N16,E548,E622,False
N16,E549,E691,False
N16,E549,E693,True
N16,E549,E767,False
N16,E550,E623,True
N16,E550,E705,False
N16,E551,E641,False
N16,E551,E648,True
N16,E551,E763,False
N16,E551,E767,False
N16,E552,E701,True
N16,E552,E734,False
N16,E553,E682,True
N16,E554,E637,False
N16,E554,E753,True
N16,E555,E620,False
N16,E555,E665,False
N16,E555,E740,False
N16,E555,E768,False
N16,E556,E622,True
N16,E556,E629,False
N16,E556,E634,True
N16,E556,E712,False
N16,E556,E738,True
N16,E557,E642,False
N16,E557,E745,False
N16,E557,E757,True
N16,E557,E786,False
N16,E558,E609,False
N16,E558,E693,False
N16,E559,E728,False
N16,E559,E778,False
N16,E561,E619,False
N16,E561,E631,False
N16,E561,E653,True
N16,E561,E794,False
N16,E561,E795,True
N16,E562,E654,False
N16,E562,E760,False
N16,E563,E616,True
N16,E563,E643,False
N16,E563,E686,False
N16,E563,E743,False
N16,E563,E754,False
N16,E563,E776,True
N16,E564,E614,False
N16,E565,E664,True
N16,E565,E671,True
N16,E566,E608,False
N16,E566,E609,False
N16,E566,E626,True
N16,E566,E666,True
N16,E566,E688,False
N16,E566,E703,False
N16,E566,E735,True
N16,E566,E754,True
N16,E566,E789,True
N16,E566,E792,True
N16,E567,E666,False
N16,E568,E604,False
N16,E568,E607,False
N16,E568,E635,False
N16,E568,E704,False
N16,E568,E746,False
N16,E569,E628,True
N16,E569,E634,False
N16,E569,E707,False
N16,E569,E736,True
N16,E569,E771,False
N16,E569,E796,True
N16,E570,E633,True
N16,E570,E708,False
N16,E570,E725,False
N16,E570,E728,False
N16,E571,E601,False
N16,E571,E602,False
N16,E571,E677,False
N16,E571,E727,True
N16,E571,E747,True
N16,E572,E700,False
N16,E572,E742,False
N16,E573,E631,False
N16,E573,E646,False
N16,E573,E664,False
N16,E574,E744,True
N16,E575,E650,True
N16,E575,E694,False
N16,E575,E781,True
N16,E576,E655,False
N16,E576,E677,True
N16,E577,E624,False
N16,E577,E667,False
N16,E577,E713,False
N16,E577,E755,False
N16,E578,E655,False
N16,E578,E717,False
N16,E578,E719,True
N16,E578,E792,False
N16,E579,E651,False
N16,E579,E676,True
N16,E579,E717,False
N16,E580,E783,True
N16,E581,E694,False
N16,E583,E611,False
N16,E583,E758,False
N16,E583,E759,False
N16,E584,E657,True
N16,E584,E680,True
N16,E584,E721,False
N16,E584,E784,True
N16,E584,E793,True
N16,E585,E619,True
N16,E585,E658,False
N16,E585,E698,False
N16,E585,E729,False
N16,E586,E704,True
N16,E586,E793,False
N16,E587,E699,True
N16,E587,E701,False
N16,E587,E795,False
N16,E588,E603,False
N16,E588,E604,True
N16,E588,E734,False
N16,E588,E781,False
N16,E589,E632,False
N16,E589,E640,True
N16,E589,E765,False
N16,E590,E641,False
N16,E590,E666,False
N16,E590,E703,False
N16,E590,E726,False
N16,E591,E685,False
N16,E591,E743,True
N16,E591,E745,False
N16,E592,E729,True
N16,E592,E781,False
N16,E593,E637,True
N16,E593,E696,False
N16,E593,E750,False
N16,E594,E649,False
N16,E594,E739,False
N16,E595,E733,False
N16,E595,E747,False
N16,E595,E748,False
N16,E595,E764,True
N16,E596,E627,False
N16,E596,E631,False
N16,E596,E643,True
N16,E596,E669,False
N16,E596,E764,False
N16,E596,E796,False
N16,E597,E717,True
N16,E597,E774,True
N16,E598,E652,True
N16,E598,E667,True
N16,E598,E716,False
N16,E599,E604,False
N16,E599,E705,False
N16,E599,E710,True
N16,E599,E737,False
N16,E599,E761,False
N16,E600,E862,False
N16,E600,E886,False
N16,E601,E812,True
N16,E601,E842,False
N16,E601,E950,False
N16,E601,E980,False
N16,E602,E828,True
N16,E602,E835,True
N16,E602,E844,True
N16,E603,E862,False
N16,E603,E893,False
N16,E603,E916,False
N16,E603,E931,False
N16,E603,E952,False
N16,E603,E981,False
N16,E603,E995,False
N16,E604,E972,False
N16,E605,E989,False
N16,E606,E959,False
N16,E607,E860,False
N16,E608,E870,True
N16,E609,E846,False
N16,E609,E901,False
N16,E609,E936,True
N16,E609,E983,False
N16,E610,E889,False
N16,E610,E899,False
N16,E610,E913,False
N16,E610,E972,False
N16,E610,E983,False
N16,E610,E992,False
N16,E611,E832,True
N16,E611,E845,False
N16,E611,E914,True
N16,E611,E960,True
N16,E612,E850,False
N16,E612,E871,False
N16,E612,E928,False
N16,E612,E935,False
N16,E612,E963,False
N16,E612,E977,False
N16,E612,E985,False
N16,E613,E807,False
N16,E613,E825,True
N16,E613,E872,False
N16,E615,E897,True
N16,E616,E909,False
N16,E616,E981,False
N16,E617,E803,False
N16,E617,E876,False
N16,E618,E883,False
N16,E618,E919,False
N16,E618,E953,True
N16,E618,E967,False
N16,E619,E875,False
N16,E619,E935,False
N16,E620,E821,True
N16,E620,E890,True
N16,E620,E898,False
N16,E620,E911,False
N16,E620,E930,False
N16,E621,E831,False
N16,E621,E881,True
N16,E621,E941,False
N16,E622,E801,False
N16,E622,E826,False
N16,E622,E832,False
N16,E622,E914,False
N16,E622,E946,False
N16,E622,E950,False
N16,E622,E965,True
N16,E623,E883,False
N16,E623,E884,False
N16,E623,E976,True
N16,E624,E837,False
N16,E624,E941,True
N16,E625,E803,True
N16,E625,E835,False
N16,E625,E853,False
N16,E625,E863,True
N16,E625,E876,False
N16,E625,E997,False
N16,E626,E819,False
N16,E627,E852,True
N16,E627,E868,True
N16,E627,E881,False
N16,E628,E933,False
N16,E628,E960,False
N16,E629,E913,True
N16,E629,E968,True
N16,E630,E829,False
N16,E630,E990,False
N16,E631,E838,True
N16,E631,E964,False
N16,E631,E973,False
N16,E632,E834,False
N16,E632,E878,False
N16,E632,E914,False
N16,E632,E968,False
N16,E633,E820,False
N16,E633,E826,False
N16,E633,E901,False
N16,E634,E825,False
N16,E634,E858,True
N16,E635,E892,False
N16,E635,E894,False
N16,E636,E875,False
N16,E636,E884,True
N16,E636,E912,False
N16,E636,E932,False
N16,E637,E806,False
N16,E637,E894,False
N16,E637,E985,False
N16,E638,E807,False
N16,E638,E887,False
N16,E638,E938,True
N16,E638,E941,False
N16,E638,E987,True
N16,E638,E999,False
N16,E639,E811,True
N16,E639,E877,True
N16,E639,E905,True
N16,E640,E942,False
N16,E642,E944,True
N16,E642,E996,True
N16,E643,E878,False
N16,E643,E901,True
N16,E643,E928,True
N16,E644,E823,True
N16,E644,E879,False
N16,E644,E896,True
N16,E645,E824,False
N16,E645,E860,True
N16,E645,E918,False
N16,E645,E977,False
N16,E646,E816,False
N16,E646,E912,False
N16,E646,E922,False
N16,E646,E963,False
N16,E647,E826,True
N16,E647,E980,False
N16,E648,E910,False
N16,E648,E962,True
N16,E648,E971,False
N16,E649,E874,False
N16,E649,E923,False
N16,E649,E991,False
N16,E650,E841,False
N16,E650,E917,False
N16,E650,E983,True
N16,E650,E984,True
N16,E651,E830,False
N16,E651,E870,False
N16,E651,E878,True
N16,E651,E887,True
N16,E651,E892,True
N16,E652,E902,False
N16,E652,E903,False
N16,E652,E956,False
N16,E652,E961,False
N16,E652,E976,False
N16,E653,E818,True
N16,E653,E829,True
N16,E653,E935,True
N16,E653,E974,False
N16,E653,E981,True
N16,E655,E814,True
N16,E655,E895,False
N16,E655,E909,True
N16,E657,E855,True
N16,E657,E875,True
N16,E657,E990,True
N16,E658,E849,False
N16,E658,E860,False
N16,E658,E885,True
N16,E658,E910,False
N16,E658,E973,True
N16,E659,E851,False
N16,E659,E886,False
N16,E659,E957,False
N16,E659,E993,False
N16,E660,E881,False
N16,E660,E989,False
N16,E661,E812,False
N16,E661,E835,False
N16,E661,E947,False
N16,E661,E955,False
N16,E662,E809,False
N16,E662,E927,False
N16,E662,E951,False
N16,E662,E957,True
N16,E663,E814,False
N16,E663,E856,False
N16,E663,E872,False
N16,E663,E885,False
N16,E663,E930,False
N16,E664,E933,True
N16,E665,E828,False
N16,E665,E866,True
N16,E665,E958,False
N16,E665,E965,False
N16,E666,E822,False
N16,E666,E934,False
N16,E667,E924,False
N16,E667,E946,True
N16,E667,E956,False
N16,E668,E831,False
N16,E668,E854,True
N16,E669,E844,False
N16,E669,E891,True
N16,E669,E920,False
N16,E670,E868,False
N16,E670,E895,True
N16,E670,E908,False
N16,E670,E931,True
N16,E670,E948,True
N16,E671,E836,True
N16,E671,E960,False
N16,E672,E838,False
N16,E672,E871,False
N16,E672,E903,False
N16,E672,E905,False
N16,E673,E819,True
N16,E673,E828,False
N16,E673,E920,True
N16,E674,E802,False
N16,E675,E848,True
N16,E675,E992,True
N16,E676,E800,True
N16,E676,E840,False
N16,E676,E902,False
N16,E676,E953,False
N16,E676,E956,True
N16,E677,E885,False
N16,E677,E952,False
N16,E678,E814,False
N16,E678,E904,False
N16,E679,E875,False
N16,E679,E892,False
N16,E679,E934,True
N16,E679,E937,True
N16,E679,E981,False
N16,E679,E999,True
N16,E681,E865,True
N16,E681,E876,False
N16,E681,E926,True
N16,E681,E959,True
N16,E682,E813,False
N16,E682,E822,True
N16,E682,E833,True
N16,E682,E881,False
N16,E682,E972,True
N16,E683,E861,True
N16,E683,E929,False
N16,E684,E874,False
N16,E684,E900,True
N16,E684,E970,True
N16,E685,E815,False
N16,E685,E844,False
N16,E685,E996,False
N16,E686,E995,True
N16,E687,E804,True
N16,E687,E943,True
N16,E688,E880,False
N16,E688,E999,False
N16,E689,E891,False
N16,E690,E801,True
N16,E690,E827,False
N16,E690,E834,True
N16,E690,E978,True
N16,E691,E864,False
N16,E691,E930,True
N16,E691,E943,False
N16,E691,E956,False
N16,E691,E991,False
N16,E692,E863,False
N16,E692,E893,False
N16,E692,E955,True
N16,E692,E982,False
N16,E693,E814,False
N16,E693,E853,True
N16,E694,E802,True
N16,E694,E904,False
N16,E695,E909,False
N16,E695,E986,False
N16,E696,E847,False
N16,E696,E868,False
N16,E696,E939,False
N16,E696,E948,False
N16,E696,E993,True
N16,E697,E819,False
N16,E697,E854,False
N16,E697,E975,False
N16,E697,E978,False
N16,E698,E951,False
N16,E699,E810,False
N16,E699,E871,True
N16,E699,E980,True
N16,E700,E904,False
N16,E700,E933,False
N16,E701,E888,True
N16,E701,E964,True
N16,E702,E830,False
N16,E702,E848,False
N16,E703,E830,False
N16,E703,E836,False
N16,E703,E874,True
N16,E703,E883,False
N16,E703,E925,False
N16,E703,E939,True
N16,E704,E809,False
N16,E704,E832,False
N16,E704,E893,True
N16,E704,E936,False
N16,E705,E823,False
N16,E705,E867,False
N16,E706,E808,False
N16,E706,E842,True
N16,E706,E997,False
N16,E707,E859,False
N16,E707,E984,False
N16,E707,E987,False
N16,E708,E813,False
N16,E708,E817,False
N16,E708,E929,False
N16,E709,E805,False
N16,E709,E851,True
N16,E709,E924,True
N16,E709,E928,False
N16,E709,E942,False
N16,E710,E801,False
N16,E710,E839,False
N16,E710,E858,False
N16,E710,E934,False
N16,E711,E808,True
N16,E711,E907,False
N16,E711,E935,False
N16,E711,E968,False
N16,E711,E988,False
N16,E711,E995,False
N16,E712,E940,False
N16,E712,E961,False
N16,E712,E969,True
N16,E713,E815,True
N16,E713,E857,False
N16,E713,E940,True
N16,E714,E845,False
N16,E714,E862,False
N16,E714,E872,False
N16,E714,E937,False
N16,E714,E946,False
N16,E714,E989,True
N16,E715,E804,False
N16,E715,E929,False
N16,E715,E949,False
N16,E715,E997,True
N16,E716,E884,False
N16,E716,E910,False
N16,E716,E923,True
N16,E716,E998,True
N16,E717,E806,True
N16,E717,E863,False
N16,E717,E903,True
N16,E717,E917,True
N16,E717,E921,False
N16,E719,E843,True
N16,E719,E853,False
N16,E720,E882,False
N16,E721,E892,False
N16,E721,E914,False
N16,E721,E974,True
N16,E722,E819,False
N16,E722,E852,False
N16,E722,E915,False
N16,E722,E919,True
N16,E723,E833,False
N16,E723,E873,False
N16,E723,E950,False
N16,E724,E843,False
N16,E724,E906,True
N16,E724,E964,False
N16,E724,E966,True
N16,E724,E995,False
N16,E725,E805,True
N16,E725,E845,False
N16,E725,E847,True
N16,E725,E945,True
N16,E725,E985,True
N16,E726,E801,False
N16,E726,E824,True
N16,E726,E855,False
N16,E726,E863,False
N16,E727,E820,False
N16,E727,E836,False
N16,E727,E911,True
N16,E729,E809,True
N16,E729,E899,False
N16,E729,E994,True
N16,E730,E813,False
N16,E730,E833,False
N16,E730,E937,False
N16,E730,E946,False
N16,E731,E916,False
N16,E731,E971,True
N16,E732,E837,True
N16,E732,E969,False
N16,E733,E947,False
N16,E734,E839,False
N16,E734,E899,True
N16,E734,E927,True
N16,E735,E865,False
N16,E735,E867,False
N16,E735,E871,False
N16,E735,E916,False
N16,E736,E877,False
N16,E736,E888,False
N16,E736,E967,False
N16,E737,E998,False
N16,E738,E812,False
N16,E738,E886,True
N16,E738,E922,False
N16,E739,E889,True
N16,E739,E921,True
N16,E739,E971,False
N16,E740,E828,False
N16,E741,E822,False
N16,E741,E849,False
N16,E741,E890,False
N16,E741,E963,True
N16,E742,E900,False
N16,E742,E911,False
N16,E742,E996,False
N16,E743,E824,False
N16,E743,E884,False
N16,E743,E901,False
N16,E743,E934,False
N16,E743,E974,False
N16,E744,E838,False
N16,E744,E841,True
N16,E744,E866,False
N16,E744,E889,False
N16,E744,E916,True
N16,E744,E953,False
N16,E744,E962,False
N16,E745,E854,False
N16,E746,E839,False
N16,E746,E985,False
N16,E747,E818,False
N16,E747,E846,True
N16,E747,E908,False
N16,E747,E989,False
N16,E747,E991,False
N16,E748,E923,False
N16,E748,E950,True
N16,E749,E938,False
N16,E749,E942,True
N16,E750,E857,True
N16,E750,E860,False
N16,E750,E922,True
N16,E751,E868,False
N16,E751,E915,True
N16,E751,E939,False
N16,E752,E825,False
N16,E752,E839,True
N16,E752,E890,False
N16,E753,E824,False
N16,E753,E836,False
N16,E753,E945,False
N16,E753,E954,False
N16,E754,E811,False
N16,E754,E820,True
N16,E754,E846,False
N16,E755,E802,False
N16,E755,E864,True
N16,E755,E895,False
N16,E755,E958,False
N16,E756,E821,False
N16,E756,E859,True
N16,E756,E925,True
N16,E756,E940,False
N16,E757,E809,False
N16,E757,E827,False
N16,E757,E897,False
N16,E757,E932,True
N16,E757,E982,False
N16,E758,E862,True
N16,E759,E887,False
N16,E759,E896,False
N16,E759,E979,False
N16,E760,E831,False
N16,E761,E806,False
N16,E761,E816,True
N16,E761,E822,False
N16,E761,E994,False
N16,E762,E812,False
N16,E762,E840,True
N16,E762,E905,False
N16,E762,E930,False
N16,E762,E951,False
N16,E763,E852,False
N16,E763,E853,False
N16,E763,E867,True
N16,E763,E929,True
N16,E763,E947,True
N16,E763,E949,True
N16,E763,E977,True
N16,E764,E807,True
N16,E764,E833,False
N16,E764,E870,False
N16,E764,E896,False
N16,E764,E920,False
N16,E764,E936,False
N16,E765,E849,False
N16,E765,E944,False
N16,E766,E883,True
N16,E766,E967,True
N16,E767,E813,True
N16,E767,E834,False
N16,E767,E899,False
N16,E767,E918,True
N16,E767,E957,False
N16,E768,E855,False
N16,E768,E898,True
N16,E768,E999,False
N16,E769,E902,True
N16,E769,E913,False
N16,E770,E858,False
N16,E770,E924,False
N16,E771,E857,False
N16,E771,E952,True
N16,E771,E988,False
N16,E772,E918,False
N16,E773,E872,True
N16,E773,E982,True
N16,E774,E880,True
N16,E774,E939,False
N16,E775,E810,True
N16,E775,E830,True
N16,E775,E869,False
N16,E775,E958,True
N16,E776,E856,True
N16,E777,E961,True
N16,E777,E970,False
N16,E777,E976,False
N16,E778,E861,False
N16,E778,E907,True
N16,E778,E908,True
N16,E778,E923,False
N16,E779,E838,False
N16,E779,E850,True
N16,E779,E864,False
N16,E779,E876,True
N16,E779,E967,False
N16,E780,E800,False
N16,E780,E879,True
N16,E781,E805,False
N16,E781,E886,False
N16,E782,E846,False
N16,E782,E873,True
N16,E782,E968,False
N16,E783,E907,False
N16,E783,E951,True
N16,E783,E979,True
N16,E784,E912,True
N16,E785,E821,False
N16,E785,E972,False
N16,E785,E988,True
N16,E786,E811,False
N16,E787,E831,True
N16,E787,E869,True
N16,E787,E882,True
N16,E787,E986,True
N16,E788,E854,False
N16,E788,E888,False
N16,E788,E894,True
N16,E788,E932,False
N16,E789,E827,True
N16,E789,E954,True
N16,E790,E954,False
N16,E790,E991,True
N16,E791,E802,False
N16,E791,E910,True
N16,E791,E922,False
N16,E791,E966,False
N16,E792,E806,False
N16,E792,E864,False
N16,E793,E912,False
N16,E794,E932,False
N16,E795,E845,True
N16,E796,E817,True
N16,E797,E849,True
N16,E797,E979,False
N16,E798,E817,False
N16,E798,E832,False
N16,E798,E858,False
N16,E798,E873,False
N16,E798,E975,True
N16,E799,E904,True
N16,E799,E906,False
N16,E799,E926,False
N16,E799,E943,False
N17,E000,E261,False
N17,E000,E266,False
N17,E000,E304,False
N17,E000,E314,True
N17,E000,E365,True
N17,E002,E267,False
N17,E002,E346,True
N17,E002,E396,False
N17,E003,E223,True
N17,E003,E230,False
N17,E003,E277,False
N17,E003,E328,True
N17,E003,E364,False
N17,E004,E268,False
N17,E004,E344,False
N17,E004,E363,True
N17,E006,E286,False
N17,E006,E300,False
N17,E007,E228,False
N17,E007,E296,False
N17,E008,E204,False
N17,E008,E274,False
N17,E008,E279,False
N17,E009,E291,False
N17,E009,E364,True
N17,E010,E234,False
N17,E010,E339,False
N17,E010,E355,False
N17,E011,E232,False
N17,E011,E256,True
N17,E011,E263,False
N17,E011,E329,False
N17,E012,E270,False
N17,E012,E273,False
N17,E012,E287,True
N17,E012,E314,False
N17,E013,E262,False
N17,E013,E335,True
N17,E014,E243,False
N17,E014,E253,True
N17,E014,E306,True
N17,E014,E349,True
N17,E015,E246,False
N17,E015,E306,False
N17,E015,E309,False
N17,E016,E203,False
N17,E016,E302,False
N17,E016,E317,False
N17,E016,E365,False
N17,E016,E384,False
N17,E017,E259,False
N17,E017,E282,False
N17,E017,E316,False
N17,E017,E353,False
N17,E018,E223,False
N17,E018,E262,False
N17,E018,E338,False
N17,E019,E278,True
N17,E019,E282,True
N17,E019,E295,False
N17,E019,E299,False
N17,E019,E344,True
N17,E020,E243,False
N17,E020,E344,False
N17,E021,E230,False
N17,E021,E245,True
N17,E021,E250,True
N17,E021,E324,True
N17,E021,E391,False
N17,E022,E253,False
N17,E022,E294,False
N17,E022,E383,False
N17,E023,E290,False
N17,E023,E342,False
N17,E025,E216,True
N17,E025,E229,True
N17,E025,E243,False
N17,E025,E274,False
N17,E025,E280,False
N17,E025,E335,False
N17,E026,E207,False
N17,E026,E374,False
N17,E027,E211,True
N17,E027,E300,False
N17,E027,E304,False
N17,E028,E240,True
N17,E028,E257,False
N17,E030,E210,True
N17,E031,E226,True
N17,E031,E320,False
N17,E031,E389,False
N17,E032,E248,False
N17,E032,E289,True
N17,E032,E332,False
N17,E032,E396,True
N17,E033,E354,False
N17,E034,E240,False
N17,E034,E259,True
N17,E034,E318,False
N17,E034,E319,True
N17,E034,E375,False
N17,E035,E216,False
N17,E035,E345,False
N17,E036,E293,False
N17,E036,E353,False
N17,E037,E299,False
N17,E037,E385,False
N17,E037,E390,False
N17,E038,E272,True
N17,E038,E287,False
N17,E038,E321,True
N17,E038,E387,False
N17,E038,E397,True
N17,E038,E399,False
N17,E039,E275,True
N17,E039,E285,False
N17,E040,E353,True
N17,E040,E371,False
N17,E041,E249,True
N17,E041,E260,False
N17,E042,E219,True
N17,E042,E354,True
N17,E043,E201,True
N17,E043,E206,False
N17,E043,E226,False
N17,E043,E227,False
N17,E044,E310,False
N17,E045,E234,False
N17,E045,E240,False
N17,E045,E327,True
N17,E046,E207,False
N17,E046,E213,False
N17,E047,E245,False
N17,E047,E252,True
N17,E047,E289,False
N17,E047,E356,False
N17,E048,E218,False
N17,E049,E281,False
N17,E049,E350,True
N17,E050,E221,False
N17,E050,E307,True
N17,E050,E329,False
N17,E050,E330,True
N17,E050,E331,False
N17,E050,E395,True
N17,E051,E243,True
N17,E051,E246,False
N17,E051,E282,False
N17,E051,E386,False
N17,E052,E206,True
N17,E052,E213,False
N17,E052,E314,False
N17,E052,E330,False
N17,E052,E371,True
N17,E053,E256,False
N17,E053,E290,False
N17,E053,E336,False
N17,E053,E360,True
N17,E053,E378,False
N17,E053,E380,False
N17,E054,E234,True
N17,E054,E236,False
N17,E054,E270,False
N17,E054,E383,True
N17,E054,E386,False
N17,E055,E372,False
N17,E055,E396,False
N17,E056,E225,False
N17,E056,E229,False
N17,E056,E325,True
N17,E056,E343,False
N17,E058,E261,False
N17,E058,E271,False
N17,E058,E339,False
N17,E059,E288,False
N17,E059,E308,True
N17,E060,E317,False
N17,E060,E347,False
N17,E060,E386,True
N17,E061,E210,False
N17,E061,E242,False
N17,E061,E265,False
N17,E061,E294,True
N17,E061,E326,False
N17,E061,E336,True
N17,E062,E253,False
N17,E062,E307,False
N17,E062,E341,False
N17,E063,E313,True
N17,E065,E379,False
N17,E066,E214,False
N17,E066,E324,False
N17,E066,E342,False
N17,E066,E356,True
N17,E067,E208,True
N17,E067,E323,True
N17,E067,E386,False
N17,E067,E397,False
N17,E068,E208,False
N17,E068,E222,True
N17,E068,E325,False
N17,E068,E340,True
N17,E069,E237,False
N17,E069,E241,True
N17,E069,E267,False
N17,E069,E301,False
N17,E069,E398,False
N17,E070,E249,False
N17,E070,E313,False
N17,E070,E348,True
N17,E071,E211,False
N17,E071,E254,True
N17,E071,E273,False
N17,E071,E368,True
N17,E071,E370,True
N17,E071,E387,False
N17,E072,E302,True
N17,E072,E341,True
N17,E073,E337,True
N17,E073,E394,True
N17,E074,E209,True
N17,E074,E210,False
N17,E074,E247,False
N17,E074,E275,False
N17,E074,E390,True
N17,E075,E330,False
N17,E075,E343,True
N17,E076,E222,False
N17,E076,E279,True
N17,E076,E312,True
N17,E076,E316,True
N17,E076,E376,False
N17,E076,E383,False
N17,E077,E349,False
N17,E078,E216,False
N17,E078,E248,False
N17,E078,E298,False
N17,E078,E388,False
N17,E079,E340,False
N17,E079,E370,False
N17,E080,E236,False
N17,E080,E247,True
N17,E080,E260,True
N17,E080,E315,False
N17,E080,E379,True
N17,E080,E381,False
N17,E080,E398,True
N17,E081,E305,False
N17,E082,E249,False
N17,E083,E208,False
N17,E083,E377,False
N17,E084,E372,True
N17,E085,E209,False
N17,E085,E216,False
N17,E085,E220,True
N17,E085,E231,False
N17,E085,E293,False
N17,E085,E303,False
N17,E086,E208,False
N17,E086,E257,False
N17,E086,E265,True
N17,E087,E215,False
N17,E087,E382,True
N17,E088,E211,False
N17,E088,E215,False
N17,E088,E228,True
N17,E088,E250,False
N17,E088,E265,False
N17,E088,E343,False
N17,E089,E201,False
N17,E089,E203,False
N17,E089,E390,False
N17,E090,E316,False
N17,E090,E381,True
N17,E091,E321,False
N17,E092,E214,True
N17,E092,E262,False
N17,E092,E323,False
N17,E092,E349,False
N17,E093,E209,False
N17,E093,E224,False
N17,E093,E258,True
N17,E093,E280,False
N17,E093,E322,False
N17,E094,E233,True
N17,E094,E298,True
N17,E094,E321,False
N17,E094,E359,False
N17,E094,E397,False
N17,E095,E215,False
N17,E095,E266,True
N17,E095,E293,False
N17,E096,E217,False
N17,E096,E238,True
N17,E096,E306,False
N17,E097,E255,False
N17,E097,E269,False
N17,E097,E271,True
N17,E097,E334,True
N17,E098,E299,False
N17,E098,E393,False
N17,E099,E200,False
N17,E099,E224,False
N17,E099,E288,False
N17,E099,E300,False
N17,E100,E358,False
N17,E100,E372,False
N17,E101,E206,False
N17,E101,E228,False
N17,E101,E229,False
N17,E101,E231,False
N17,E101,E290,True
N17,E101,E361,True
N17,E102,E292,True
N17,E102,E333,False
N17,E102,E344,False
N17,E102,E360,False
N17,E102,E369,True
N17,E103,E254,False
N17,E104,E301,True
N17,E105,E355,False
N17,E105,E379,False
N17,E106,E232,False
N17,E107,E331,False
N17,E107,E332,True
N17,E108,E317,True
N17,E109,E316,False
N17,E110,E357,False
N17,E111,E225,False
N17,E111,E233,False
N17,E111,E244,False
N17,E111,E388,True
N17,E112,E219,False
N17,E112,E264,False
N17,E112,E276,True
N17,E112,E351,True
N17,E112,E381,False
N17,E113,E225,False
N17,E113,E286,False
N17,E113,E389,False
N17,E114,E297,False
N17,E114,E359,True
N17,E115,E272,False
N17,E116,E286,False
N17,E116,E309,False
N17,E116,E367,True
N17,E116,E378,True
N17,E116,E382,False
N17,E116,E399,False
N17,E117,E249,False
N17,E117,E362,False
N17,E117,E391,True
N17,E118,E274,True
N17,E118,E329,True
N17,E118,E358,True
N17,E119,E204,False
N17,E119,E230,False
N17,E119,E273,True
N17,E119,E288,True
N17,E119,E383,False
N17,E120,E291,True
N17,E120,E322,True
N17,E120,E375,True
N17,E121,E231,False
N17,E121,E235,False
N17,E121,E260,False
N17,E121,E268,True
N17,E121,E282,False
N17,E121,E309,True
N17,E121,E333,True
N17,E122,E205,False
N17,E122,E229,False
N17,E122,E275,False
N17,E122,E278,False
N17,E123,E246,False
N17,E124,E277,True
N17,E125,E233,False
N17,E125,E263,False
N17,E125,E275,False
N17,E125,E290,False
N17,E125,E326,True
N17,E126,E242,False
N17,E127,E207,False
N17,E127,E384,True
N17,E128,E221,True
N17,E128,E237,True
N17,E128,E267,False
N17,E129,E232,True
N17,E129,E338,False
N17,E130,E276,False
N17,E131,E241,False
N17,E131,E250,False
N17,E132,E235,True
N17,E132,E245,False
N17,E132,E280,True
N17,E132,E320,False
N17,E133,E315,True
N17,E133,E329,False
N17,E133,E337,False
N17,E134,E267,True
N17,E134,E284,False
N17,E135,E303,True
N17,E136,E257,False
N17,E136,E369,False
N17,E137,E225,True
N17,E137,E350,False
N17,E138,E248,True
N17,E138,E362,True
N17,E139,E276,False
N17,E139,E303,False
N17,E139,E331,True
N17,E140,E255,True
N17,E140,E277,False
N17,E141,E297,True
N17,E141,E303,False
N17,E141,E362,False
N17,E141,E371,False
N17,E141,E397,False
N17,E142,E379,False
N17,E142,E392,False
N17,E143,E201,False
N17,E143,E319,False
N17,E143,E367,False
N17,E143,E369,False
N17,E144,E246,True
N17,E144,E353,False
N17,E145,E310,True
N17,E145,E337,False
N17,E145,E346,False
N17,E146,E215,True
N17,E146,E224,True
N17,E146,E269,False
N17,E146,E357,True
N17,E147,E222,False
N17,E147,E392,False
N17,E148,E241,False
N17,E148,E345,True
N17,E148,E365,False
N17,E149,E219,False
N17,E149,E257,True
N17,E150,E200,True
N17,E150,E205,False
N17,E150,E319,False
N17,E150,E324,False
N17,E150,E337,False
N17,E151,E227,True
N17,E151,E251,True
N17,E152,E244,True
N17,E152,E327,False
N17,E152,E345,False
N17,E152,E363,False
N17,E152,E373,False
N17,E152,E399,True
N17,E153,E241,False
N17,E153,E304,False
N17,E154,E212,True
N17,E154,E258,False
N17,E154,E285,True
N17,E155,E207,True
N17,E155,E236,True
N17,E155,E307,False
N17,E155,E342,True
N17,E155,E392,True
N17,E156,E206,False
N17,E156,E251,False
N17,E156,E270,False
N17,E156,E293,True
N17,E157,E269,False
N17,E157,E294,False
N17,E157,E304,True
N17,E157,E306,False
N17,E158,E218,True
N17,E158,E280,False
N17,E158,E333,False
N17,E158,E354,False
N17,E158,E377,False
N17,E158,E387,False
N17,E159,E239,False
N17,E160,E242,True
N17,E160,E376,True
N17,E161,E274,False
N17,E161,E300,True
N17,E161,E341,False
N17,E161,E355,True
N17,E161,E365,False
N17,E161,E394,False
N17,E162,E256,False
N17,E163,E203,True
N17,E163,E247,False
N17,E163,E283,False
N17,E163,E317,False
N17,E164,E202,False
N17,E164,E242,False
N17,E164,E328,False
N17,E164,E347,False
N17,E164,E348,False
N17,E165,E212,False
N17,E165,E228,False
N17,E166,E262,True
N17,E166,E335,False
N17,E166,E368,False
N17,E166,E393,True
N17,E166,E395,False
N17,E167,E203,False
N17,E167,E239,True
N17,E167,E245,False
N17,E167,E345,False
N17,E168,E227,False
N17,E168,E284,False
N17,E168,E308,False
N17,E168,E352,True
N17,E169,E205,True
N17,E169,E330,False
N17,E169,E352,False
N17,E169,E381,False
N17,E170,E305,True
N17,E170,E373,True
N17,E170,E374,True
N17,E170,E389,False
N17,E172,E244,False
N17,E172,E285,False
N17,E173,E315,False
N17,E173,E338,False
N17,E173,E395,False
N17,E173,E398,False
N17,E175,E217,False
N17,E175,E281,False
N17,E175,E380,True
N17,E176,E238,False
N17,E176,E355,False
N17,E176,E363,False
N17,E178,E359,False
N17,E179,E264,False
N17,E179,E350,False
N17,E180,E284,True
N17,E180,E334,False
N17,E180,E354,False
N17,E181,E217,True
N17,E181,E313,False
N17,E182,E292,False
N17,E182,E361,False
N17,E183,E236,False
N17,E183,E336,False
N17,E184,E264,True
N17,E185,E202,True
N17,E185,E234,False
N17,E185,E281,True
N17,E185,E320,True
N17,E186,E200,False
N17,E186,E213,True
N17,E186,E347,True
N17,E187,E201,False
N17,E187,E231,True
N17,E187,E295,True
N17,E187,E308,False
N17,E187,E311,False
N17,E188,E230,True
N17,E188,E311,True
N17,E188,E318,True
N17,E189,E204,True
N17,E189,E307,False
N17,E189,E313,False
N17,E189,E314,False
N17,E189,E339,True
N17,E190,E211,False
N17,E190,E252,False
N17,E190,E283,True
N17,E190,E377,True
N17,E191,E263,False
N17,E191,E389,True
N17,E192,E219,False
N17,E192,E239,False
N17,E192,E269,True
N17,E192,E361,False
N17,E192,E385,True
N17,E192,E387,True
N17,E193,E279,False
N17,E193,E291,False
N17,E193,E312,False
N17,E193,E338,True
N17,E194,E220,False
N17,E194,E250,False
N17,E194,E270,True
N17,E194,E284,False
N17,E194,E384,False
N17,E195,E205,False
N17,E195,E261,True
N17,E195,E263,True
N17,E195,E291,False
N17,E195,E366,False
N17,E196,E279,False
N17,E196,E359,False
N17,E196,E366,True
N17,E197,E253,False
N17,E197,E286,True
N17,E197,E296,True
N17,E198,E232,False
N17,E198,E351,False
N17,E199,E299,True
N17,E199,E371,False
N17,E200,E452,False
N17,E200,E464,False
N17,E200,E514,False
N17,E200,E560,True
N17,E201,E517,False
N17,E201,E535,False
N17,E201,E568,False
N17,E202,E499,False
N17,E202,E535,True
N17,E203,E579,False
N17,E204,E474,False
N17,E204,E506,False
N17,E205,E430,True
N17,E205,E432,False
N17,E205,E490,False
N17,E205,E498,False
N17,E206,E450,False
N17,E206,E460,False
N17,E206,E537,False
N17,E207,E430,False
N17,E207,E434,False
N17,E207,E505,True
N17,E209,E439,False
N17,E209,E456,False
N17,E209,E489,False
N17,E210,E451,False
N17,E210,E584,False
N17,E211,E497,False
N17,E211,E586,True
N17,E211,E591,False
N17,E212,E439,False
N17,E212,E469,False
N17,E212,E474,False
N17,E212,E476,False
N17,E212,E497,True
N17,E212,E512,False
N17,E212,E517,True
N17,E212,E583,False
N17,E213,E523,False
N17,E213,E538,True
N17,E213,E552,False
N17,E214,E458,True
N17,E214,E519,False
N17,E214,E521,False
N17,E214,E585,False
N17,E215,E453,False
N17,E215,E461,False
N17,E215,E502,False
N17,E215,E531,False
N17,E215,E597,True
N17,E217,E410,False
N17,E217,E507,True
N17,E217,E566,True
N17,E218,E504,True
N17,E219,E463,True
N17,E220,E488,True
N17,E220,E546,True
N17,E220,E582,False
N17,E221,E413,True
N17,E221,E422,False
N17,E221,E433,False
N17,E221,E495,False
N17,E221,E557,True
N17,E221,E573,False
N17,E222,E443,True
N17,E222,E471,False
N17,E223,E404,False
N17,E223,E405,False
N17,E223,E474,False
N17,E223,E496,False
N17,E223,E500,True
N17,E223,E569,False
N17,E224,E420,False
N17,E224,E448,False
N17,E224,E453,True
N17,E224,E468,True
N17,E224,E530,False
N17,E224,E559,False
N17,E225,E489,False
N17,E226,E434,False
N17,E226,E559,False
N17,E226,E563,True
N17,E227,E401,True
N17,E227,E543,False
N17,E228,E409,False
N17,E228,E532,False
N17,E228,E552,False
N17,E229,E488,False
N17,E229,E516,True
N17,E229,E548,False
N17,E229,E555,False
N17,E229,E584,False
N17,E229,E588,True
N17,E230,E526,False
N17,E230,E537,True
N17,E230,E581,True
N17,E231,E599,False
N17,E232,E416,True
N17,E232,E430,False
N17,E232,E518,False
N17,E232,E566,False
N17,E233,E415,True
N17,E233,E429,False
N17,E233,E465,False
N17,E233,E471,True
N17,E234,E522,False
N17,E234,E577,True
N17,E235,E516,False
N17,E235,E519,False
N17,E236,E541,True
N17,E236,E575,False
N17,E237,E529,True
N17,E237,E589,False
N17,E238,E433,False
N17,E238,E469,False
N17,E238,E492,False
N17,E238,E576,True
N17,E239,E436,False
N17,E239,E484,False
N17,E239,E496,False
N17,E239,E531,False
N17,E240,E450,False
N17,E240,E526,True
N17,E240,E544,True
N17,E240,E587,False
N17,E241,E402,False
N17,E241,E518,False
N17,E242,E460,True
N17,E242,E594,False
N17,E243,E436,False
N17,E243,E513,True
N17,E243,E598,False
N17,E244,E521,True
N17,E244,E525,True
N17,E244,E536,False
N17,E245,E447,False
N17,E245,E486,False
N17,E245,E515,False
N17,E245,E536,False
N17,E245,E573,False
N17,E246,E427,True
N17,E246,E444,False
N17,E246,E470,True
N17,E246,E501,False
N17,E246,E592,False
N17,E247,E482,False
N17,E247,E508,True
N17,E247,E517,False
N17,E247,E522,True
N17,E247,E561,True
N17,E248,E522,False
N17,E248,E574,True
N17,E248,E589,True
N17,E249,E494,False
N17,E249,E598,False
N17,E250,E408,False
N17,E250,E474,True
N17,E250,E542,False
N17,E250,E572,False
N17,E251,E470,False
N17,E251,E524,False
N17,E252,E433,True
N17,E252,E448,True
N17,E252,E571,False
N17,E254,E440,True
N17,E255,E414,True
N17,E255,E494,True
N17,E255,E571,True
N17,E255,E579,True
N17,E256,E528,False
N17,E256,E530,False
N17,E256,E531,True
N17,E257,E403,False
N17,E257,E457,True
N17,E257,E493,False
N17,E257,E555,True
N17,E257,E567,True
N17,E258,E445,True
N17,E258,E470,False
N17,E258,E597,False
N17,E259,E578,False
N17,E260,E408,True
N17,E260,E432,True
N17,E260,E535,False
N17,E260,E551,True
N17,E260,E559,False
N17,E260,E580,True
N17,E260,E582,True
N17,E261,E413,False
N17,E261,E455,True
N17,E262,E405,True
N17,E262,E505,False
N17,E263,E554,False
N17,E263,E561,False
N17,E264,E550,False
N17,E264,E587,False
N17,E265,E544,False
N17,E266,E400,True
N17,E266,E412,False
N17,E266,E418,False
N17,E266,E437,False
N17,E266,E479,False
N17,E267,E416,False
N17,E267,E438,False
N17,E268,E447,True
N17,E268,E528,True
N17,E268,E536,True
N17,E268,E553,False
N17,E269,E495,True
N17,E270,E410,True
N17,E270,E416,False
N17,E270,E547,False
N17,E272,E456,False
N17,E273,E428,False
N17,E273,E431,True
N17,E274,E404,False
N17,E274,E417,False
N17,E274,E430,False
N17,E274,E527,True
N17,E274,E567,False
N17,E274,E568,True
N17,E275,E443,False
N17,E276,E497,False
N17,E276,E533,False
N17,E277,E498,True
N17,E277,E571,False
N17,E278,E478,True
N17,E278,E480,False
N17,E278,E596,False
N17,E279,E442,False
N17,E279,E461,True
N17,E279,E548,True
N17,E279,E576,False
N17,E280,E570,True
N17,E280,E594,True
N17,E281,E418,True
N17,E281,E432,False
N17,E281,E550,False
N17,E281,E557,False
N17,E282,E442,False
N17,E283,E415,False
N17,E283,E431,False
N17,E283,E481,False
N17,E283,E514,True
N17,E283,E523,False
N17,E283,E543,True
N17,E284,E489,True
N17,E284,E505,False
N17,E285,E581,False
N17,E285,E584,True
N17,E286,E508,False
N17,E286,E537,False
N17,E286,E551,False
N17,E286,E599,False
N17,E287,E574,False
N17,E288,E403,False
N17,E288,E520,True
N17,E289,E433,False
N17,E289,E451,True
N17,E289,E593,True
N17,E290,E424,True
N17,E290,E429,False
N17,E290,E435,False
N17,E290,E530,False
N17,E290,E558,False
N17,E291,E426,False
N17,E291,E438,True
N17,E291,E475,False
N17,E291,E583,True
N17,E291,E592,True
N17,E292,E434,True
N17,E292,E506,True
N17,E292,E580,False
N17,E293,E427,False
N17,E293,E524,False
N17,E293,E584,False
N17,E294,E469,False
N17,E294,E553,False
N17,E294,E590,True
N17,E295,E411,True
N17,E295,E465,False
N17,E295,E473,False
N17,E295,E549,False
N17,E295,E598,True
N17,E296,E466,False
N17,E296,E493,True
N17,E296,E586,False
N17,E297,E419,False
N17,E297,E466,True
N17,E297,E585,True
N17,E298,E414,False
N17,E298,E470,False
N17,E298,E495,False
N17,E298,E504,False
N17,E298,E519,True
N17,E298,E570,False
N17,E299,E400,False
N17,E299,E509,True
N17,E300,E513,False
N17,E300,E569,False
N17,E301,E445,False
N17,E301,E517,False
N17,E302,E407,True
N17,E302,E413,False
N17,E302,E544,False
N17,E303,E441,False
N17,E303,E520,False
N17,E304,E466,False
N17,E304,E501,True
N17,E304,E518,False
N17,E304,E567,False
N17,E305,E400,False
N17,E305,E467,False
N17,E305,E555,False
N17,E305,E574,False
N17,E306,E454,False
N17,E306,E472,True
N17,E306,E496,True
N17,E306,E512,True
N17,E307,E458,False
N17,E308,E467,True
N17,E309,E440,False
N17,E309,E516,False
N17,E310,E457,False
N17,E310,E595,True
N17,E311,E472,False
N17,E311,E556,True
N17,E312,E402,False
N17,E312,E469,True
N17,E312,E480,True
N17,E312,E546,False
N17,E313,E417,False
N17,E313,E455,False
N17,E313,E511,False
N17,E314,E402,True
N17,E314,E410,False
N17,E314,E432,False
N17,E314,E458,False
N17,E314,E566,False
N17,E314,E586,False
N17,E315,E499,True
N17,E316,E416,False
N17,E316,E462,True
N17,E316,E496,False
N17,E316,E550,True
N17,E316,E595,False
N17,E317,E415,False
N17,E317,E483,False
N17,E317,E563,False
N17,E318,E400,False
N17,E318,E463,False
N17,E319,E401,False
N17,E319,E402,False
N17,E319,E452,True
N17,E319,E471,False
N17,E319,E487,True
N17,E319,E500,False
N17,E319,E545,True
N17,E319,E590,False
N17,E320,E422,True
N17,E320,E439,True
N17,E320,E507,False
N17,E320,E545,False
N17,E320,E572,True
N17,E321,E426,True
N17,E321,E445,False
N17,E321,E514,False
N17,E321,E521,False
N17,E321,E540,False
N17,E321,E575,False
N17,E322,E417,True
N17,E322,E455,False
N17,E322,E524,True
N17,E322,E539,False
N17,E322,E551,False
N17,E323,E446,False
N17,E323,E498,False
N17,E324,E411,False
N17,E324,E431,False
N17,E324,E441,False
N17,E325,E534,True
N17,E325,E586,False
N17,E327,E530,True
N17,E328,E492,False
N17,E328,E537,False
N17,E329,E424,False
N17,E329,E436,False
N17,E329,E536,False
N17,E330,E506,False
N17,E331,E578,True
N17,E332,E429,False
N17,E332,E473,True
N17,E332,E520,False
N17,E332,E542,False
N17,E332,E552,False
N17,E332,E585,False
N17,E333,E449,True
N17,E333,E453,False
N17,E333,E538,False
N17,E334,E442,True
N17,E334,E481,True
N17,E334,E491,False
N17,E334,E532,True
N17,E334,E538,False
N17,E335,E468,False
N17,E335,E523,True
N17,E335,E562,False
N17,E336,E435,False
N17,E336,E479,False
N17,E336,E560,False
N17,E337,E404,True
N17,E337,E444,True
N17,E337,E448,False
N17,E337,E482,True
N17,E337,E503,True
N17,E338,E502,True
N17,E338,E581,False
N17,E339,E475,True
N17,E339,E504,False
N17,E339,E560,False
N17,E340,E414,False
N17,E341,E509,False
N17,E341,E510,True
N17,E341,E556,False
N17,E341,E597,False
N17,E342,E449,False
N17,E342,E483,False
N17,E342,E539,True
N17,E342,E599,True
N17,E343,E423,False
N17,E343,E436,True
N17,E343,E479,True
N17,E343,E552,True
N17,E344,E407,False
N17,E344,E451,False
N17,E344,E490,True
N17,E344,E508,False
N17,E345,E401,False
N17,E345,E441,True
N17,E345,E465,True
N17,E345,E480,False
N17,E345,E595,False
N17,E346,E434,False
N17,E346,E492,True
N17,E346,E495,False
N17,E347,E410,False
N17,E347,E418,False
N17,E347,E456,True
N17,E347,E526,False
N17,E347,E588,False
N17,E348,E406,False
N17,E348,E446,True
N17,E348,E497,False
N17,E349,E435,True
N17,E349,E540,False
N17,E349,E578,False
N17,E350,E401,False
N17,E350,E455,False
N17,E350,E525,False
N17,E351,E550,False
N17,E351,E588,False
N17,E351,E590,False
N17,E352,E415,False
N17,E352,E477,False
N17,E352,E566,False
N17,E353,E412,True
N17,E353,E442,False
N17,E353,E498,False
N17,E353,E533,True
N17,E354,E461,False
N17,E354,E478,False
N17,E354,E548,False
N17,E355,E450,False
N17,E355,E527,False
N17,E355,E544,False
N17,E355,E555,False
N17,E355,E587,True
N17,E355,E588,False
N17,E355,E599,False
N17,E356,E422,False
N17,E356,E431,False
N17,E356,E487,False
N17,E357,E413,False
N17,E357,E511,True
N17,E357,E549,True
N17,E359,E528,False
N17,E359,E542,False
N17,E359,E556,False
N17,E359,E567,False
N17,E361,E439,False
N17,E361,E508,False
N17,E362,E562,True
N17,E362,E578,False
N17,E362,E595,False
N17,E363,E491,True
N17,E364,E475,False
N17,E365,E420,True
N17,E365,E459,False
N17,E365,E476,False
N17,E365,E533,False
N17,E365,E534,False
N17,E366,E419,False
N17,E367,E529,False
N17,E368,E428,True
N17,E368,E482,False
N17,E369,E445,False
N17,E369,E459,False
N17,E369,E485,True
N17,E369,E491,False
N17,E370,E483,True
N17,E370,E486,True
N17,E371,E593,False
N17,E372,E542,True
N17,E373,E518,True
N17,E373,E524,False
N17,E373,E548,False
N17,E373,E575,False
N17,E374,E418,False
N17,E374,E421,False
N17,E374,E464,True
N17,E374,E503,False
N17,E375,E421,True
N17,E375,E425,True
N17,E375,E454,True
N17,E375,E461,False
N17,E375,E475,False
N17,E375,E476,False
N17,E376,E428,False
N17,E376,E450,True
N17,E376,E580,False
N17,E377,E437,True
N17,E377,E490,False
N17,E377,E585,False
N17,E377,E597,False
N17,E378,E421,False
N17,E378,E425,False
N17,E378,E493,False
N17,E378,E572,False
N17,E379,E459,True
N17,E380,E406,True
N17,E380,E477,False
N17,E380,E482,False
N17,E380,E564,False
N17,E380,E577,False
N17,E380,E591,True
N17,E381,E449,False
N17,E381,E559,True
N17,E381,E573,True
N17,E382,E540,False
N17,E382,E575,True
N17,E383,E473,False
N17,E383,E484,True
N17,E383,E485,False
N17,E383,E540,True
N17,E384,E507,False
N17,E384,E541,False
N17,E384,E565,False
N17,E385,E409,True
N17,E385,E447,False
N17,E385,E462,False
N17,E385,E553,True
N17,E385,E554,False
N17,E385,E558,True
N17,E386,E465,False
N17,E386,E514,False
N17,E386,E522,False
N17,E386,E579,False
N17,E387,E403,True
N17,E387,E547,True
N17,E387,E565,True
N17,E388,E481,False
N17,E388,E554,True
N17,E389,E441,False
N17,E389,E503,False
N17,E389,E569,True
N17,E389,E596,False
N17,E390,E444,False
N17,E390,E449,False
N17,E390,E526,False
N17,E391,E454,False
N17,E391,E515,True
N17,E392,E429,True
N17,E392,E520,False
N17,E393,E492,False
N17,E394,E419,True
N17,E394,E423,True
N17,E394,E558,False
N17,E395,E477,True
N17,E395,E576,False
N17,E395,E581,False
N17,E396,E477,False
N17,E396,E510,False
N17,E396,E554,False
N17,E396,E564,False
N17,E397,E476,True
N17,E397,E515,False
N17,E397,E596,True
N17,E398,E564,True
N17,E399,E419,False
N17,E400,E674,True
N17,E400,E706,False
N17,E400,E737,False
N17,E400,E738,True
N17,E400,E762,False
N17,E401,E703,False
N17,E402,E761,False
N17,E403,E642,False
N17,E403,E790,True
N17,E404,E694,False
N17,E404,E733,False
N17,E405,E687,False
N17,E405,E701,False
N17,E405,E726,False
N17,E405,E756,False
N17,E406,E682,True
N17,E406,E709,False
N17,E406,E723,False
N17,E407,E625,False
N17,E407,E654,False
N17,E407,E758,False
N17,E408,E678,True
N17,E408,E679,False
N17,E408,E725,False
N17,E408,E761,False
N17,E408,E781,True
N17,E409,E658,False
N17,E409,E720,False
N17,E409,E796,False
N17,E410,E691,True
N17,E410,E692,True
N17,E410,E723,False
N17,E411,E603,True
N17,E411,E625,False
N17,E411,E632,True
N17,E411,E698,True
N17,E412,E667,False
N17,E413,E632,False
N17,E413,E779,False
N17,E415,E606,False
N17,E415,E656,False
N17,E415,E730,False
N17,E415,E737,False
N17,E416,E616,True
N17,E416,E620,True
N17,E416,E705,False
N17,E416,E757,False
N17,E417,E717,False
N17,E417,E776,False
N17,E418,E602,True
N17,E418,E614,False
N17,E418,E693,True
N17,E418,E743,False
N17,E419,E739,False
N17,E419,E781,False
N17,E420,E621,True
N17,E420,E776,False
N17,E420,E777,True
N17,E421,E614,True
N17,E421,E679,False
N17,E422,E617,True
N17,E422,E661,False
N17,E422,E697,False
N17,E422,E719,True
N17,E422,E733,True
N17,E424,E663,False
N17,E425,E754,False
N17,E425,E770,True
N17,E426,E675,False
N17,E426,E704,True
N17,E426,E730,True
N17,E426,E732,False
N17,E426,E760,False
N17,E427,E644,True
N17,E427,E738,False
N17,E428,E663,False
N17,E428,E687,True
N17,E428,E718,True
N17,E429,E637,False
N17,E430,E696,True
N17,E430,E713,False
N17,E430,E737,False
N17,E430,E742,False
N17,E430,E760,False
N17,E430,E776,False
N17,E430,E791,True
N17,E431,E787,False
N17,E431,E799,True
N17,E432,E600,False
N17,E432,E617,False
N17,E432,E620,False
N17,E432,E623,False
N17,E432,E657,False
N17,E432,E660,True
N17,E432,E686,False
N17,E432,E707,True
N17,E432,E746,True
N17,E432,E759,False
N17,E432,E763,True
N17,E433,E633,True
N17,E433,E639,True
N17,E433,E655,True
N17,E433,E661,True
N17,E433,E785,True
N17,E434,E664,True
N17,E434,E705,True
N17,E435,E637,False
N17,E435,E652,False
N17,E435,E707,False
N17,E436,E603,False
N17,E436,E660,False
N17,E437,E729,False
N17,E437,E779,True
N17,E438,E608,True
N17,E438,E651,False
N17,E438,E660,False
N17,E439,E685,False
N17,E439,E724,False
N17,E439,E765,False
N17,E439,E791,False
N17,E440,E609,True
N17,E441,E610,False
N17,E441,E767,False
N17,E443,E628,True
N17,E443,E742,True
N17,E444,E777,False
N17,E444,E786,False
N17,E445,E668,False
N17,E445,E722,True
N17,E445,E774,False
N17,E446,E611,False
N17,E446,E666,False
N17,E446,E758,False
N17,E446,E778,True
N17,E447,E604,True
N17,E447,E619,False
N17,E447,E649,False
N17,E447,E683,False
N17,E447,E702,False
N17,E447,E711,False
N17,E447,E750,True
N17,E447,E756,False
N17,E447,E792,False
N17,E448,E720,False
N17,E449,E659,False
N17,E449,E662,False
N17,E449,E751,True
N17,E449,E762,False
N17,E450,E652,True
N17,E450,E657,False
N17,E450,E786,False
N17,E451,E729,False
N17,E452,E605,True
N17,E452,E644,False
N17,E452,E700,True
N17,E452,E706,False
N17,E453,E694,False
N17,E453,E722,False
N17,E453,E768,False
N17,E454,E656,True
N17,E454,E685,False
N17,E454,E745,True
N17,E454,E772,True
N17,E455,E615,False
N17,E455,E798,False
N17,E456,E619,False
N17,E456,E788,False
N17,E457,E708,False
N17,E458,E655,False
N17,E458,E743,False
N17,E459,E626,True
N17,E459,E639,False
N17,E459,E787,True
N17,E460,E604,False
N17,E460,E685,True
N17,E460,E749,True
N17,E460,E773,False
N17,E460,E794,False
N17,E461,E726,True
N17,E461,E762,False
N17,E462,E608,False
N17,E462,E759,False
N17,E462,E764,False
N17,E462,E776,True
N17,E463,E627,False
N17,E463,E665,True
N17,E464,E638,False
N17,E464,E670,True
N17,E464,E792,True
N17,E465,E624,True
N17,E465,E636,False
N17,E465,E759,False
N17,E466,E708,False
N17,E466,E728,False
N17,E467,E630,False
N17,E467,E667,True
N17,E467,E725,False
N17,E467,E741,False
N17,E467,E772,False
N17,E468,E650,True
N17,E468,E662,True
N17,E468,E676,False
N17,E468,E721,True
N17,E468,E748,False
N17,E468,E793,False
N17,E469,E613,True
N17,E470,E779,False
N17,E471,E650,False
N17,E471,E777,False
N17,E472,E634,False
N17,E472,E717,True
N17,E473,E663,False
N17,E473,E727,False
N17,E473,E765,True
N17,E473,E771,True
N17,E474,E735,False
N17,E474,E742,False
N17,E475,E739,False
N17,E475,E797,False
N17,E476,E654,False
N17,E477,E616,False
N17,E477,E671,False
N17,E477,E699,True
N17,E478,E623,False
N17,E478,E635,False
N17,E478,E673,False
N17,E478,E713,True
N17,E478,E745,False
N17,E478,E771,False
N17,E479,E656,False
N17,E479,E677,False
N17,E479,E678,False
N17,E479,E692,False
N17,E479,E780,False
N17,E480,E637,True
N17,E480,E669,False
N17,E481,E600,True
N17,E482,E610,False
N17,E482,E627,False
N17,E483,E677,False
N17,E483,E686,False
N17,E483,E689,False
N17,E483,E709,True
N17,E484,E684,False
N17,E484,E690,False
N17,E484,E693,False
N17,E484,E725,True
N17,E485,E618,True
N17,E485,E640,False
N17,E486,E633,False
N17,E486,E732,True
N17,E487,E626,False
N17,E487,E643,False
N17,E487,E702,True
N17,E487,E710,False
N17,E487,E711,True
N17,E487,E721,False
N17,E487,E766,True
N17,E488,E752,False
N17,E489,E601,False
N17,E489,E625,False
N17,E489,E730,False
N17,E489,E794,False
N17,E490,E708,False
N17,E491,E670,False
N17,E491,E703,True
N17,E491,E722,False
N17,E492,E643,False
N17,E492,E698,False
N17,E492,E731,False
N17,E493,E635,False
N17,E493,E734,True
N17,E494,E789,False
N17,E495,E609,False
N17,E495,E675,False
N17,E495,E753,False
N17,E496,E640,True
N17,E496,E648,False
N17,E496,E651,False
N17,E496,E720,False
N17,E496,E728,True
N17,E497,E715,False
N17,E498,E634,False
N17,E498,E688,True
N17,E498,E786,False
N17,E499,E682,False
N17,E499,E715,True
N17,E500,E782,False
N17,E501,E675,True
N17,E501,E682,False
N17,E501,E764,True
N17,E502,E607,False
N17,E502,E618,False
N17,E502,E695,True
N17,E502,E701,True
N17,E504,E604,False
N17,E504,E746,False
N17,E505,E674,False
N17,E505,E736,False
N17,E505,E743,True
N17,E505,E774,False
N17,E505,E798,True
N17,E506,E629,False
N17,E506,E671,True
N17,E506,E756,False
N17,E507,E729,True
N17,E507,E769,True
N17,E508,E602,False
N17,E508,E636,True
N17,E508,E681,True
N17,E508,E688,False
N17,E508,E704,False
N17,E509,E746,False
N17,E510,E646,False
N17,E510,E732,False
N17,E511,E636,False
N17,E511,E785,False
N17,E512,E607,True
N17,E512,E689,True
N17,E512,E723,True
N17,E512,E784,False
N17,E513,E659,True
N17,E513,E739,True
N17,E513,E780,True
N17,E513,E787,False
N17,E514,E600,False
N17,E514,E601,True
N17,E514,E615,True
N17,E514,E651,True
N17,E515,E617,False
N17,E515,E727,True
N17,E516,E633,False
N17,E516,E669,True
N17,E516,E769,False
N17,E517,E645,False
N17,E517,E699,False
N17,E517,E719,False
N17,E518,E635,False
N17,E518,E744,False
N17,E518,E752,False
N17,E518,E793,True
N17,E519,E773,False
N17,E521,E649,False
N17,E521,E775,False
N17,E522,E622,False
N17,E522,E750,False
N17,E522,E797,True
N17,E523,E628,False
N17,E523,E643,True
N17,E523,E767,True
N17,E523,E778,False
N17,E524,E610,True
N17,E524,E676,False
N17,E524,E677,True
N17,E524,E724,True
N17,E524,E741,False
N17,E525,E631,False
N17,E525,E716,False
N17,E525,E718,False
N17,E525,E740,False
N17,E525,E767,False
N17,E526,E639,False
N17,E526,E668,False
N17,E526,E696,False
N17,E526,E790,False
N17,E526,E796,True
N17,E527,E665,False
N17,E527,E745,False
N17,E527,E761,True
N17,E527,E775,True
N17,E528,E667,False
N17,E528,E684,False
N17,E529,E606,False
N17,E529,E633,False
N17,E529,E646,False
N17,E529,E668,True
N17,E529,E747,False
N17,E530,E624,False
N17,E530,E630,True
N17,E530,E744,False
N17,E530,E748,True
N17,E530,E759,True
N17,E530,E767,False
N17,E531,E645,False
N17,E531,E673,True
N17,E531,E690,True
N17,E531,E744,True
N17,E532,E704,False
N17,E532,E706,False
N17,E532,E716,True
N17,E533,E608,False
N17,E533,E631,False
N17,E533,E710,True
N17,E533,E788,False
N17,E534,E655,False
N17,E534,E735,False
N17,E534,E761,False
N17,E535,E661,False
N17,E535,E733,False
N17,E535,E783,False
N17,E536,E614,False
N17,E536,E640,False
N17,E537,E714,True
N17,E539,E623,False
N17,E539,E685,False
N17,E539,E697,True
N17,E540,E680,False
N17,E540,E698,False
N17,E540,E727,False
N17,E541,E605,False
N17,E542,E672,False
N17,E542,E676,True
N17,E542,E695,False
N17,E542,E744,False
N17,E542,E746,False
N17,E542,E754,True
N17,E543,E613,False
N17,E543,E631,True
N17,E543,E632,False
N17,E543,E639,False
N17,E543,E795,False
N17,E544,E626,False
N17,E544,E764,False
N17,E544,E781,False
N17,E545,E645,True
N17,E545,E654,True
N17,E545,E689,False
N17,E546,E784,False
N17,E547,E782,True
N17,E548,E644,False
N17,E548,E712,False
N17,E548,E740,False
N17,E548,E774,True
N17,E549,E708,True
N17,E550,E619,True
N17,E550,E648,True
N17,E551,E681,False
N17,E551,E775,False
N17,E552,E646,True
N17,E552,E676,False
N17,E552,E677,False
N17,E552,E720,True
N17,E552,E758,True
N17,E553,E653,False
N17,E553,E770,False
N17,E554,E641,False
N17,E554,E702,False
N17,E554,E734,False
N17,E555,E625,True
N17,E555,E669,False
N17,E555,E735,True
N17,E556,E607,False
N17,E556,E653,True
N17,E556,E671,False
N17,E556,E683,True
N17,E556,E747,False
N17,E556,E749,False
N17,E556,E756,True
N17,E556,E786,True
N17,E558,E713,False
N17,E558,E737,True
N17,E558,E773,False
N17,E559,E733,False
N17,E559,E753,True
N17,E560,E645,False
N17,E560,E731,False
N17,E561,E661,False
N17,E561,E664,False
N17,E561,E694,False
N17,E561,E700,False
N17,E561,E712,True
N17,E561,E745,False
N17,E561,E777,False
N17,E561,E799,False
N17,E562,E612,True
N17,E562,E626,False
N17,E562,E691,False
N17,E563,E672,True
N17,E563,E709,False
N17,E564,E609,False
N17,E564,E740,True
N17,E564,E798,False
N17,E565,E686,True
N17,E566,E622,False
N17,E566,E697,False
N17,E566,E760,True
N17,E566,E784,True
N17,E566,E794,True
N17,E567,E641,True
N17,E568,E609,False
N17,E568,E631,False
N17,E568,E657,True
N17,E568,E701,False
N17,E569,E602,False
N17,E569,E612,False
N17,E569,E752,True
N17,E570,E621,False
N17,E570,E665,False
N17,E570,E706,True
N17,E570,E751,False
N17,E571,E606,False
N17,E571,E629,True
N17,E571,E702,False
N17,E571,E731,True
N17,E571,E787,False
N17,E572,E611,True
N17,E572,E642,False
N17,E572,E667,False
N17,E572,E797,False
N17,E573,E622,True
N17,E573,E634,True
N17,E573,E655,False
N17,E573,E684,True
N17,E574,E773,True
N17,E575,E621,False
N17,E575,E672,False
N17,E575,E789,False
N17,E576,E785,False
N17,E577,E638,True
N17,E577,E743,False
N17,E578,E646,False
N17,E578,E668,False
N17,E578,E688,False
N17,E578,E755,True
N17,E578,E771,False
N17,E579,E635,True
N17,E579,E641,False
N17,E579,E642,True
N17,E579,E647,False
N17,E579,E762,True
N17,E580,E642,False
N17,E580,E713,False
N17,E581,E600,False
N17,E581,E680,True
N17,E582,E768,True
N17,E583,E736,True
N17,E583,E755,False
N17,E583,E793,False
N17,E584,E651,False
N17,E584,E672,False
N17,E584,E697,False
N17,E584,E758,False
N17,E585,E658,True
N17,E585,E691,False
N17,E585,E764,False
N17,E586,E647,True
N17,E586,E688,False
N17,E586,E757,True
N17,E587,E606,True
N17,E587,E649,False
N17,E588,E624,False
N17,E588,E783,True
N17,E589,E627,True
N17,E589,E649,True
N17,E589,E694,True
N17,E589,E703,False
N17,E589,E789,True
N17,E590,E614,False
N17,E590,E636,False
N17,E590,E763,False
N17,E591,E623,True
N17,E591,E663,True
N17,E592,E622,False
N17,E592,E684,False
N17,E592,E780,False
N17,E592,E795,True
N17,E593,E618,False
N17,E593,E714,False
N17,E594,E788,True
N17,E595,E632,False
N17,E595,E657,False
N17,E595,E679,True
N17,E595,E741,True
N17,E595,E766,False
N17,E596,E729,False
N17,E596,E747,True
N17,E598,E682,False
N17,E599,E602,False
N17,E599,E637,False
N17,E599,E666,True
N17,E600,E958,False
N17,E600,E989,True
N17,E601,E800,False
N17,E601,E936,False
N17,E601,E947,False
N17,E602,E894,True
N17,E602,E921,False
N17,E603,E800,False
N17,E603,E895,False
N17,E604,E807,False
N17,E604,E887,False
N17,E604,E903,False
N17,E604,E973,False
N17,E604,E985,True
N17,E604,E991,True
N17,E605,E808,True
N17,E605,E857,False
N17,E605,E911,True
N17,E606,E824,False
N17,E606,E851,False
N17,E606,E889,True
N17,E606,E929,False
N17,E606,E945,False
N17,E607,E839,False
N17,E607,E984,True
N17,E609,E849,False
N17,E609,E896,False
N17,E609,E924,False
N17,E609,E944,False
N17,E609,E990,True
N17,E611,E814,True
N17,E611,E894,False
N17,E611,E917,True
N17,E611,E922,True
N17,E611,E926,False
N17,E611,E994,True
N17,E611,E999,True
N17,E612,E818,False
N17,E613,E883,False
N17,E613,E918,False
N17,E614,E826,True
N17,E615,E812,False
N17,E615,E838,False
N17,E615,E848,True
N17,E615,E934,True
N17,E616,E867,False
N17,E616,E917,False
N17,E616,E998,False
N17,E617,E838,False
N17,E617,E842,True
N17,E617,E898,False
N17,E617,E968,False
N17,E618,E933,False
N17,E618,E961,True
N17,E618,E972,False
N17,E619,E869,False
N17,E620,E829,False
N17,E621,E860,False
N17,E621,E957,False
N17,E622,E858,False
N17,E622,E926,False
N17,E622,E958,True
N17,E623,E820,True
N17,E623,E928,True
N17,E623,E966,True
N17,E624,E852,False
N17,E624,E936,True
N17,E624,E969,False
N17,E625,E832,False
N17,E625,E857,True
N17,E625,E940,True
N17,E626,E910,False
N17,E626,E921,False
N17,E627,E804,False
N17,E627,E818,False
N17,E627,E849,False
N17,E627,E952,True
N17,E627,E964,True
N17,E627,E975,True
N17,E628,E817,False
N17,E628,E819,True
N17,E628,E931,True
N17,E628,E946,True
N17,E629,E924,True
N17,E629,E943,False
N17,E629,E959,False
N17,E629,E967,True
N17,E630,E808,False
N17,E630,E846,True
N17,E630,E877,False
N17,E631,E910,False
N17,E631,E922,False
N17,E632,E802,True
N17,E632,E869,True
N17,E632,E977,False
N17,E633,E807,False
N17,E633,E906,False
N17,E633,E923,False
N17,E633,E984,False
N17,E633,E987,False
N17,E634,E838,True
N17,E635,E836,False
N17,E635,E849,False
N17,E635,E865,False
N17,E635,E881,False
N17,E635,E889,False
N17,E635,E983,False
N17,E636,E877,False
N17,E636,E920,False
N17,E636,E943,False
N17,E637,E878,True
N17,E637,E996,True
N17,E638,E800,True
N17,E638,E853,False
N17,E638,E870,True
N17,E638,E905,False
N17,E639,E872,True
N17,E640,E854,False
N17,E640,E964,False
N17,E641,E803,True
N17,E641,E813,False
N17,E641,E829,False
N17,E641,E848,False
N17,E642,E874,False
N17,E642,E885,False
N17,E642,E934,False
N17,E644,E816,True
N17,E644,E928,False
N17,E644,E937,True
N17,E644,E993,False
N17,E645,E977,False
N17,E646,E826,False
N17,E646,E888,True
N17,E646,E906,True
N17,E646,E946,False
N17,E647,E822,False
N17,E648,E868,True
N17,E648,E879,False
N17,E648,E928,False
N17,E648,E936,False
N17,E648,E957,False
N17,E648,E995,False
N17,E650,E884,True
N17,E650,E916,True
N17,E651,E800,False
N17,E651,E825,False
N17,E651,E893,False
N17,E651,E905,True
N17,E651,E987,False
N17,E651,E995,False
N17,E652,E822,True
N17,E652,E850,True
N17,E652,E882,False
N17,E652,E920,True
N17,E652,E940,False
N17,E653,E973,False
N17,E653,E980,False
N17,E654,E933,True
N17,E654,E952,False
N17,E655,E986,True
N17,E656,E808,False
N17,E656,E888,False
N17,E656,E955,False
N17,E656,E965,True
N17,E656,E992,True
N17,E657,E827,True
N17,E657,E855,True
N17,E658,E834,False
N17,E658,E892,False
N17,E658,E969,True
N17,E659,E939,False
N17,E660,E866,True
N17,E660,E944,True
N17,E660,E962,False
N17,E660,E963,True
N17,E661,E831,False
N17,E661,E962,False
N17,E661,E976,False
N17,E662,E834,True
N17,E662,E863,True
N17,E662,E942,False
N17,E662,E945,False
N17,E662,E962,True
N17,E662,E976,True
N17,E663,E807,True
N17,E663,E831,False
N17,E663,E881,True
N17,E663,E980,False
N17,E664,E811,False
N17,E665,E826,False
N17,E665,E830,True
N17,E665,E847,True
N17,E665,E856,True
N17,E665,E915,True
N17,E666,E867,False
N17,E666,E969,False
N17,E666,E974,False
N17,E667,E897,False
N17,E667,E908,False
N17,E667,E944,False
N17,E667,E950,False
N17,E668,E807,False
N17,E668,E815,False
N17,E668,E828,True
N17,E668,E860,False
N17,E668,E861,False
N17,E668,E971,False
N17,E669,E851,False
N17,E669,E862,True
N17,E669,E878,False
N17,E669,E894,False
N17,E669,E900,True
N17,E669,E970,False
N17,E670,E869,False
N17,E670,E995,True
N17,E671,E909,False
N17,E671,E925,False
N17,E672,E840,False
N17,E672,E949,True
N17,E672,E955,True
N17,E673,E814,False
N17,E673,E896,False
N17,E673,E901,False
N17,E673,E928,False
N17,E674,E828,False
N17,E675,E921,False
N17,E675,E922,False
N17,E675,E943,True
N17,E676,E834,False
N17,E676,E835,True
N17,E676,E883,False
N17,E676,E965,False
N17,E677,E884,False
N17,E677,E893,True
N17,E677,E935,False
N17,E678,E821,False
N17,E678,E963,False
N17,E679,E829,True
N17,E679,E845,True
N17,E679,E891,True
N17,E679,E899,True
N17,E679,E939,True
N17,E679,E945,False
N17,E680,E845,False
N17,E680,E896,False
N17,E680,E959,False
N17,E680,E970,False
N17,E681,E982,False
N17,E682,E916,False
N17,E682,E918,True
N17,E682,E927,False
N17,E682,E968,True
N17,E682,E975,False
N17,E683,E886,False
N17,E683,E999,False
N17,E684,E859,True
N17,E684,E887,True
N17,E684,E971,True
N17,E684,E977,False
N17,E684,E988,True
N17,E684,E993,False
N17,E685,E834,False
N17,E685,E942,False
N17,E685,E953,False
N17,E685,E974,True
N17,E685,E994,False
N17,E686,E858,True
N17,E686,E861,False
N17,E687,E806,True
N17,E687,E974,False
N17,E688,E873,True
N17,E689,E801,True
N17,E689,E924,False
N17,E690,E879,False
N17,E690,E985,False
N17,E691,E830,False
N17,E691,E963,False
N17,E691,E977,True
N17,E692,E891,False
N17,E693,E833,False
N17,E693,E998,False
N17,E694,E896,True
N17,E695,E849,True
N17,E695,E916,False
N17,E695,E930,False
N17,E696,E803,False
N17,E696,E825,False
N17,E696,E875,False
N17,E696,E890,False
N17,E696,E919,True
N17,E696,E988,False
N17,E697,E811,True
N17,E697,E852,True
N17,E697,E882,True
N17,E697,E903,True
N17,E697,E916,False
N17,E698,E863,False
N17,E698,E991,False
N17,E699,E810,True
N17,E699,E819,False
N17,E699,E909,True
N17,E699,E911,False
N17,E699,E925,True
N17,E700,E818,True
N17,E700,E843,False
N17,E700,E967,False
N17,E702,E934,False
N17,E703,E802,False
N17,E703,E844,False
N17,E703,E852,False
N17,E703,E886,True
N17,E703,E927,True
N17,E703,E945,True
N17,E704,E810,False
N17,E704,E812,True
N17,E704,E854,True
N17,E704,E951,False
N17,E704,E999,False
N17,E705,E902,False
N17,E705,E906,False
N17,E706,E837,False
N17,E707,E817,False
N17,E707,E827,False
N17,E707,E889,False
N17,E707,E893,False
N17,E708,E845,False
N17,E708,E871,True
N17,E708,E893,False
N17,E708,E942,True
N17,E708,E946,False
N17,E708,E951,False
N17,E709,E988,False
N17,E710,E804,False
N17,E710,E883,True
N17,E710,E907,True
N17,E711,E811,False
N17,E711,E876,True
N17,E711,E948,True
N17,E712,E806,False
N17,E712,E919,False
N17,E712,E953,True
N17,E713,E935,True
N17,E713,E972,True
N17,E713,E984,False
N17,E713,E991,False
N17,E714,E966,False
N17,E715,E852,False
N17,E715,E954,False
N17,E715,E958,False
N17,E716,E824,False
N17,E716,E885,False
N17,E716,E979,False
N17,E717,E923,True
N17,E718,E927,False
N17,E718,E932,True
N17,E719,E820,False
N17,E719,E824,True
N17,E719,E959,False
N17,E720,E805,False
N17,E720,E859,False
N17,E720,E908,True
N17,E720,E941,False
N17,E720,E980,True
N17,E720,E996,False
N17,E721,E813,True
N17,E721,E831,True
N17,E721,E851,False
N17,E721,E855,False
N17,E721,E863,False
N17,E721,E878,False
N17,E722,E837,True
N17,E722,E840,False
N17,E722,E841,False
N17,E722,E861,False
N17,E722,E904,True
N17,E722,E942,False
N17,E722,E976,False
N17,E723,E821,True
N17,E723,E846,False
N17,E723,E878,False
N17,E724,E801,False
N17,E724,E841,True
N17,E724,E908,False
N17,E724,E939,False
N17,E726,E908,False
N17,E727,E822,False
N17,E727,E918,False
N17,E727,E997,False
N17,E728,E932,False
N17,E728,E986,False
N17,E729,E888,False
N17,E729,E912,False
N17,E730,E898,True
N17,E731,E819,False
N17,E731,E941,True
N17,E731,E960,False
N17,E732,E987,False
N17,E733,E860,True
N17,E733,E864,True
N17,E734,E898,False
N17,E734,E930,False
N17,E735,E804,True
N17,E735,E811,False
N17,E735,E889,False
N17,E735,E938,True
N17,E735,E948,False
N17,E735,E981,False
N17,E736,E913,False
N17,E736,E973,False
N17,E736,E978,False
N17,E737,E821,False
N17,E737,E899,False
N17,E737,E923,False
N17,E738,E823,True
N17,E738,E848,False
N17,E738,E981,True
N17,E738,E985,False
N17,E739,E850,False
N17,E739,E853,False
N17,E740,E833,False
N17,E740,E901,False
N17,E740,E960,False
N17,E741,E802,False
N17,E741,E872,False
N17,E741,E933,False
N17,E741,E998,True
N17,E742,E904,False
N17,E742,E914,True
N17,E742,E921,True
N17,E743,E832,True
N17,E743,E913,True
N17,E743,E986,False
N17,E744,E853,False
N17,E744,E947,True
N17,E745,E803,False
N17,E745,E817,True
N17,E745,E929,True
N17,E746,E837,False
N17,E746,E892,False
N17,E746,E946,False
N17,E747,E856,False
N17,E747,E877,True
N17,E748,E876,False
N17,E748,E901,True
N17,E748,E907,False
N17,E748,E912,True
N17,E748,E960,True
N17,E748,E990,False
N17,E749,E980,False
N17,E750,E840,True
N17,E750,E997,True
N17,E751,E914,False
N17,E751,E956,False
N17,E752,E810,False
N17,E752,E949,False
N17,E752,E985,False
N17,E753,E810,False
N17,E753,E846,False
N17,E753,E862,False
N17,E753,E926,True
N17,E754,E932,False
N17,E754,E939,False
N17,E755,E844,False
N17,E755,E856,False
N17,E755,E909,False
N17,E755,E943,False
N17,E756,E823,False
N17,E756,E919,False
N17,E756,E920,False
N17,E756,E950,False
N17,E756,E952,False
N17,E756,E979,False
N17,E756,E982,True
N17,E757,E835,False
N17,E757,E951,False
N17,E758,E880,True
N17,E758,E978,True
N17,E759,E833,False
N17,E759,E839,False
N17,E759,E858,False
N17,E759,E880,False
N17,E760,E932,False
N17,E760,E961,False
N17,E761,E848,False
N17,E761,E900,False
N17,E761,E938,False
N17,E761,E970,True
N17,E761,E982,False
N17,E762,E827,False
N17,E762,E968,False
N17,E762,E970,False
N17,E763,E816,False
N17,E763,E897,True
N17,E764,E895,True
N17,E764,E988,False
N17,E765,E819,False
N17,E766,E845,False
N17,E766,E925,False
N17,E766,E937,False
N17,E766,E947,False
N17,E767,E801,False
N17,E767,E804,False
N17,E767,E830,False
N17,E768,E843,True
N17,E768,E930,True
N17,E768,E979,False
N17,E769,E846,False
N17,E769,E981,False
N17,E770,E847,False
N17,E770,E890,True
N17,E771,E801,False
N17,E771,E815,True
N17,E771,E994,False
N17,E772,E879,True
N17,E773,E886,False
N17,E773,E990,False
N17,E774,E805,True
N17,E774,E864,False
N17,E774,E873,False
N17,E774,E911,False
N17,E775,E874,False
N17,E775,E975,False
N17,E776,E931,False
N17,E776,E959,True
N17,E777,E885,True
N17,E777,E989,False
N17,E778,E915,False
N17,E778,E950,False
N17,E778,E968,False
N17,E778,E987,True
N17,E779,E865,True
N17,E779,E956,True
N17,E780,E839,True
N17,E780,E874,True
N17,E780,E883,False
N17,E780,E902,True
N17,E780,E910,True
N17,E780,E912,False
N17,E780,E978,False
N17,E781,E923,False
N17,E781,E957,True
N17,E781,E969,False
N17,E782,E851,True
N17,E782,E868,False
N17,E782,E963,False
N17,E782,E993,True
N17,E783,E955,False
N17,E784,E870,False
N17,E784,E992,False
N17,E785,E809,True
N17,E785,E865,False
N17,E785,E897,False
N17,E785,E905,False
N17,E785,E930,False
N17,E785,E964,False
N17,E786,E855,False
N17,E786,E867,True
N17,E786,E871,False
N17,E786,E906,False
N17,E786,E981,False
N17,E786,E983,True
N17,E787,E820,False
N17,E787,E822,False
N17,E788,E859,False
N17,E788,E864,False
N17,E789,E857,False
N17,E789,E861,True
N17,E791,E825,True
N17,E791,E853,True
N17,E792,E836,True
N17,E792,E842,False
N17,E792,E856,False
N17,E792,E875,True
N17,E793,E833,True
N17,E793,E866,False
N17,E793,E871,False
N17,E794,E922,False
N17,E795,E844,True
N17,E795,E865,False
N17,E795,E933,False
N17,E796,E917,False
N17,E796,E979,True
N17,E797,E892,True
N17,E797,E948,False
N17,E797,E951,True
N17,E798,E881,False
N17,E798,E884,False
N17,E798,E905,False
N17,E798,E950,True
N17,E798,E954,True
N17,E799,E809,False
N17,E799,E862,False
N17,E799,E973,True
N17,E799,E983,False
N18,E000,E281,True
N18,E001,E256,True
N18,E001,E372,False
N18,E001,E382,False
N18,E002,E234,False
N18,E002,E355,False
N18,E002,E371,True
N18,E003,E287,False
N18,E003,E354,True
N18,E003,E379,False
N18,E004,E280,True
N18,E004,E306,False
N18,E004,E320,False
N18,E004,E327,True
N18,E005,E275,True
N18,E005,E366,False
N18,E006,E286,False
N18,E006,E313,False
N18,E006,E344,False
N18,E007,E210,True
N18,E007,E274,False
N18,E007,E351,True
N18,E008,E229,False
N18,E008,E238,False
N18,E008,E331,False
N18,E008,E348,False
N18,E008,E389,False
N18,E009,E226,True
N18,E009,E257,False
N18,E009,E264,False
N18,E009,E288,True
N18,E009,E291,False
N18,E009,E332,False
N18,E011,E220,False
N18,E011,E254,False
N18,E011,E322,True
N18,E011,E386,False
N18,E012,E224,False
N18,E012,E279,False
N18,E012,E308,False
N18,E012,E363,False
N18,E013,E245,False
N18,E013,E252,False
N18,E013,E391,True
N18,E014,E366,True
N18,E015,E244,False
N18,E015,E249,False
N18,E016,E217,False
N18,E016,E245,False
N18,E016,E386,False
N18,E018,E209,False
N18,E018,E312,False
N18,E018,E333,False
N18,E018,E360,False
N18,E019,E208,False
N18,E019,E246,False
N18,E019,E297,False
N18,E019,E387,False
N18,E020,E259,False
N18,E020,E271,False
N18,E020,E280,False
N18,E020,E282,False
N18,E021,E339,True
N18,E022,E282,False
N18,E022,E300,True
N18,E022,E394,False
N18,E023,E247,True
N18,E023,E375,False
N18,E023,E392,True
N18,E024,E201,False
N18,E024,E244,False
N18,E024,E255,False
N18,E024,E298,False
N18,E024,E324,False
N18,E025,E249,False
N18,E025,E269,True
N18,E025,E294,True
N18,E025,E307,False
N18,E026,E202,False
N18,E026,E208,True
N18,E026,E281,False
N18,E026,E345,False
N18,E027,E217,False
N18,E027,E249,False
N18,E027,E299,False
N18,E027,E323,True
N18,E028,E265,True
N18,E028,E376,False
N18,E028,E380,False
N18,E029,E225,False
N18,E029,E253,True
N18,E029,E293,False
N18,E029,E329,False
N18,E030,E230,True
N18,E030,E236,False
N18,E030,E266,False
N18,E030,E323,False
N18,E030,E357,True
N18,E031,E256,False
N18,E031,E296,False
N18,E031,E317,False
N18,E031,E340,False
N18,E032,E242,False
N18,E033,E307,False
N18,E033,E317,True
N18,E033,E328,True
N18,E034,E396,False
N18,E035,E282,True
N18,E035,E333,True
N18,E036,E352,False
N18,E036,E399,True
N18,E037,E215,False
N18,E037,E286,False
N18,E037,E294,False
N18,E037,E302,True
N18,E037,E303,False
N18,E037,E321,False
N18,E037,E331,False
N18,E037,E332,False
N18,E037,E380,False
N18,E038,E238,False
N18,E038,E261,False
N18,E038,E369,False
N18,E038,E372,False
N18,E039,E212,False
N18,E039,E345,False
N18,E039,E383,True
N18,E039,E395,False
N18,E040,E228,False
N18,E040,E373,True
N18,E041,E306,True
N18,E041,E319,False
N18,E041,E328,False
N18,E043,E223,True
N18,E043,E371,False
N18,E044,E291,False
N18,E044,E315,False
N18,E044,E325,True
N18,E044,E369,True
N18,E045,E270,False
N18,E045,E309,False
N18,E046,E216,True
N18,E046,E253,False
N18,E046,E310,False
N18,E046,E323,False
N18,E046,E376,False
N18,E047,E244,True
N18,E047,E253,False
N18,E047,E297,True
N18,E047,E302,False
N18,E047,E353,True
N18,E048,E301,True
N18,E048,E398,False
N18,E049,E213,True
N18,E049,E277,False
N18,E049,E320,True
N18,E050,E225,True
N18,E050,E311,False
N18,E050,E350,False
N18,E050,E399,False
N18,E051,E213,False
N18,E052,E259,False
N18,E052,E274,False
N18,E052,E298,False
N18,E052,E299,True
N18,E053,E207,True
N18,E053,E325,False
N18,E053,E334,True
N18,E054,E266,False
N18,E054,E300,False
N18,E054,E338,False
N18,E054,E355,False
N18,E054,E361,True
N18,E054,E391,False
N18,E055,E237,False
N18,E055,E243,False
N18,E055,E258,False
N18,E055,E292,False
N18,E055,E327,False
N18,E055,E364,False
N18,E055,E392,False
N18,E056,E233,False
N18,E056,E252,False
N18,E056,E380,True
N18,E057,E271,True
N18,E057,E315,False
N18,E057,E348,False
N18,E058,E320,False
N18,E060,E318,False
N18,E060,E342,False
N18,E060,E373,False
N18,E061,E312,False
N18,E061,E388,False
N18,E061,E396,False
N18,E062,E212,True
N18,E062,E295,False
N18,E063,E293,False
N18,E063,E332,True
N18,E064,E210,False
N18,E064,E246,False
N18,E064,E273,False
N18,E064,E330,True
N18,E065,E263,True
N18,E065,E310,False
N18,E065,E351,False
N18,E065,E368,True
N18,E066,E207,False
N18,E066,E236,True
N18,E066,E272,True
N18,E066,E341,True
N18,E066,E344,False
N18,E066,E366,False
N18,E067,E251,False
N18,E067,E350,True
N18,E068,E223,False
N18,E068,E258,True
N18,E068,E318,False
N18,E068,E358,False
N18,E069,E203,False
N18,E069,E395,False
N18,E070,E357,False
N18,E070,E387,False
N18,E071,E213,False
N18,E071,E301,False
N18,E071,E358,False
N18,E071,E398,True
N18,E072,E305,False
N18,E072,E356,False
N18,E073,E232,False
N18,E073,E241,True
N18,E073,E254,True
N18,E074,E258,False
N18,E074,E284,False
N18,E074,E365,True
N18,E074,E389,True
N18,E075,E272,False
N18,E075,E311,True
N18,E075,E399,False
N18,E076,E241,False
N18,E076,E370,False
N18,E077,E321,True
N18,E078,E236,False
N18,E078,E287,True
N18,E078,E347,False
N18,E078,E362,True
N18,E078,E385,True
N18,E079,E202,False
N18,E079,E218,False
N18,E079,E239,True
N18,E079,E342,True
N18,E079,E362,False
N18,E079,E390,True
N18,E079,E392,False
N18,E080,E211,True
N18,E080,E330,False
N18,E080,E359,False
N18,E081,E232,False
N18,E081,E275,False
N18,E081,E325,False
N18,E081,E341,False
N18,E081,E367,False
N18,E081,E395,False
N18,E082,E240,False
N18,E082,E259,True
N18,E082,E289,False
N18,E083,E218,True
N18,E083,E270,True
N18,E083,E323,False
N18,E083,E342,False
N18,E083,E374,False
N18,E084,E277,True
N18,E084,E358,True
N18,E084,E378,False
N18,E085,E234,False
N18,E086,E255,True
N18,E086,E278,True
N18,E086,E321,False
N18,E086,E349,True
N18,E086,E377,True
N18,E087,E207,False
N18,E087,E278,False
N18,E087,E290,False
N18,E087,E325,False
N18,E087,E370,False
N18,E088,E202,True
N18,E088,E205,True
N18,E088,E236,False
N18,E088,E349,False
N18,E089,E300,False
N18,E089,E339,False
N18,E089,E384,False
N18,E090,E338,False
N18,E091,E273,False
N18,E091,E279,True
N18,E091,E335,False
N18,E091,E348,True
N18,E091,E361,False
N18,E092,E240,False
N18,E092,E304,True
N18,E092,E370,True
N18,E092,E396,True
N18,E092,E398,False
N18,E093,E254,False
N18,E093,E334,False
N18,E094,E297,False
N18,E095,E241,False
N18,E095,E247,False
N18,E095,E397,True
N18,E096,E263,False
N18,E096,E274,False
N18,E096,E275,False
N18,E096,E298,True
N18,E096,E335,True
N18,E096,E354,False
N18,E096,E388,False
N18,E096,E392,False
N18,E097,E262,False
N18,E097,E328,False
N18,E097,E352,False
N18,E097,E360,True
N18,E097,E367,False
N18,E097,E384,False
N18,E097,E390,False
N18,E098,E216,False
N18,E098,E256,False
N18,E099,E315,False
N18,E100,E216,False
N18,E100,E222,False
N18,E100,E248,True
N18,E100,E267,True
N18,E100,E340,True
N18,E100,E378,False
N18,E101,E224,False
N18,E101,E245,False
N18,E101,E284,True
N18,E101,E372,True
N18,E102,E263,False
N18,E102,E290,True
N18,E102,E297,False
N18,E102,E381,False
N18,E103,E376,True
N18,E104,E293,True
N18,E105,E245,True
N18,E105,E317,False
N18,E106,E318,False
N18,E106,E330,False
N18,E106,E365,False
N18,E107,E243,True
N18,E107,E360,False
N18,E108,E232,True
N18,E108,E346,True
N18,E109,E200,False
N18,E109,E312,True
N18,E110,E206,False
N18,E110,E238,True
N18,E110,E280,False
N18,E110,E285,True
N18,E110,E347,True
N18,E110,E375,True
N18,E111,E249,True
N18,E111,E302,False
N18,E112,E229,True
N18,E112,E238,False
N18,E112,E285,False
N18,E113,E376,False
N18,E113,E388,False
N18,E115,E210,False
N18,E115,E274,True
N18,E115,E363,True
N18,E115,E387,False
N18,E116,E200,True
N18,E116,E248,False
N18,E116,E305,False
N18,E116,E314,False
N18,E116,E319,True
N18,E116,E329,False
N18,E116,E336,True
N18,E116,E366,False
N18,E117,E242,False
N18,E117,E363,False
N18,E117,E374,True
N18,E118,E277,False
N18,E118,E377,False
N18,E119,E208,False
N18,E120,E303,False
N18,E120,E386,False
N18,E121,E226,False
N18,E121,E243,False
N18,E121,E312,False
N18,E121,E343,False
N18,E121,E344,False
N18,E121,E353,False
N18,E121,E373,False
N18,E122,E205,False
N18,E122,E206,False
N18,E122,E251,True
N18,E122,E268,False
N18,E122,E291,True
N18,E122,E386,True
N18,E123,E233,True
N18,E123,E264,True
N18,E123,E266,True
N18,E123,E321,False
N18,E123,E382,True
N18,E124,E218,False
N18,E124,E284,False
N18,E124,E304,False
N18,E125,E209,True
N18,E125,E267,False
N18,E125,E311,False
N18,E125,E385,False
N18,E126,E227,True
N18,E126,E329,True
N18,E127,E244,False
N18,E127,E347,False
N18,E128,E211,False
N18,E128,E394,True
N18,E129,E326,False
N18,E129,E348,False
N18,E129,E397,False
N18,E130,E315,True
N18,E130,E374,False
N18,E131,E227,False
N18,E131,E293,False
N18,E131,E387,True
N18,E132,E228,False
N18,E133,E206,True
N18,E133,E278,False
N18,E133,E296,False
N18,E134,E205,False
N18,E134,E241,False
N18,E134,E296,True
N18,E134,E339,False
N18,E135,E223,False
N18,E135,E250,True
N18,E135,E265,False
N18,E135,E341,False
N18,E136,E294,False
N18,E136,E380,False
N18,E137,E219,True
N18,E137,E356,True
N18,E137,E370,False
N18,E138,E221,False
N18,E138,E235,False
N18,E138,E273,True
N18,E138,E276,True
N18,E138,E307,True
N18,E138,E326,True
N18,E138,E362,False
N18,E138,E395,True
N18,E139,E260,True
N18,E139,E371,False
N18,E140,E234,False
N18,E141,E222,True
N18,E141,E224,True
N18,E141,E289,False
N18,E141,E345,True
N18,E142,E207,False
N18,E142,E242,True
N18,E142,E254,False
N18,E142,E260,False
N18,E142,E286,True
N18,E143,E208,False
N18,E143,E286,False
N18,E144,E262,True
N18,E145,E214,False
N18,E145,E229,False
N18,E145,E381,True
N18,E145,E397,False
N18,E146,E258,False
N18,E146,E310,False
N18,E146,E318,True
N18,E146,E322,False
N18,E146,E343,False
N18,E146,E346,False
N18,E146,E378,True
N18,E147,E203,True
N18,E147,E261,False
N18,E148,E220,False
N18,E148,E307,False
N18,E148,E316,True
N18,E148,E341,False
N18,E148,E372,False
N18,E148,E374,False
N18,E149,E324,True
N18,E149,E357,False
N18,E150,E234,True
N18,E150,E396,False
N18,E151,E217,True
N18,E151,E352,True
N18,E152,E331,True
N18,E152,E353,False
N18,E152,E388,True
N18,E154,E233,False
N18,E154,E276,False
N18,E155,E367,True
N18,E155,E371,False
N18,E155,E384,False
N18,E156,E268,True
N18,E156,E311,False
N18,E156,E350,False
N18,E157,E309,True
N18,E158,E243,False
N18,E158,E250,False
N18,E158,E255,False
N18,E158,E283,False
N18,E158,E303,True
N18,E159,E206,False
N18,E159,E262,False
N18,E159,E267,False
N18,E159,E291,False
N18,E159,E334,False
N18,E160,E239,False
N18,E160,E310,True
N18,E160,E355,False
N18,E161,E220,True
N18,E161,E233,False
N18,E161,E264,False
N18,E161,E305,False
N18,E162,E200,False
N18,E162,E235,False
N18,E162,E272,False
N18,E162,E308,True
N18,E162,E336,False
N18,E163,E209,False
N18,E163,E324,False
N18,E163,E398,False
N18,E164,E201,True
N18,E164,E219,False
N18,E164,E294,False
N18,E164,E327,False
N18,E164,E377,False
N18,E165,E220,False
N18,E165,E237,True
N18,E165,E240,False
N18,E165,E272,False
N18,E165,E347,False
N18,E166,E252,True
N18,E166,E280,False
N18,E166,E317,False
N18,E166,E335,False
N18,E166,E353,False
N18,E167,E314,False
N18,E167,E338,True
N18,E167,E358,False
N18,E168,E265,False
N18,E168,E305,True
N18,E168,E316,False
N18,E168,E364,True
N18,E168,E393,True
N18,E169,E350,False
N18,E170,E204,False
N18,E170,E246,False
N18,E171,E276,False
N18,E171,E316,False
N18,E172,E281,False
N18,E172,E373,False
N18,E173,E316,False
N18,E173,E384,True
N18,E174,E257,True
N18,E174,E379,False
N18,E175,E227,False
N18,E175,E240,True
N18,E176,E279,False
N18,E176,E292,True
N18,E176,E313,False
N18,E176,E337,True
N18,E176,E352,False
N18,E176,E390,False
N18,E178,E259,False
N18,E178,E295,True
N18,E178,E368,False
N18,E179,E252,False
N18,E179,E276,False
N18,E180,E283,True
N18,E180,E363,False
N18,E181,E230,False
N18,E181,E261,True
N18,E182,E360,False
N18,E183,E270,False
N18,E184,E285,False
N18,E184,E314,True
N18,E184,E343,False
N18,E185,E228,True
N18,E185,E231,True
N18,E185,E344,True
N18,E185,E377,False
N18,E186,E288,False
N18,E186,E355,True
N18,E187,E277,False
N18,E187,E279,False
N18,E187,E333,False
N18,E187,E359,False
N18,E188,E231,False
N18,E188,E379,True
N18,E188,E383,False
N18,E189,E269,False
N18,E189,E289,False
N18,E189,E337,False
N18,E190,E235,True
N18,E190,E266,False
N18,E191,E204,True
N18,E191,E313,True
N18,E191,E324,False
N18,E191,E361,False
N18,E191,E364,False
N18,E192,E339,False
N18,E192,E393,False
N18,E194,E221,True
N18,E195,E203,False
N18,E195,E214,True
N18,E195,E215,True
N18,E195,E283,False
N18,E195,E342,False
N18,E196,E242,False
N18,E196,E275,False
N18,E196,E283,False
N18,E196,E346,False
N18,E196,E359,True
N18,E197,E239,False
N18,E197,E246,True
N18,E197,E262,False
N18,E197,E284,False
N18,E197,E296,False
N18,E197,E329,False
N18,E197,E394,False
N18,E199,E218,False
N18,E199,E261,False
N18,E199,E289,True
N18,E199,E343,True
N18,E199,E361,False
N18,E200,E478,True
N18,E201,E447,True
N18,E201,E543,True
N18,E201,E553,False
N18,E201,E560,False
N18,E202,E493,False
N18,E203,E478,False
N18,E203,E485,False
N18,E203,E550,False
N18,E203,E569,False
N18,E204,E429,True
N18,E204,E512,False
N18,E205,E477,True
N18,E205,E539,True
N18,E205,E551,True
N18,E206,E518,False
N18,E206,E533,False
N18,E206,E576,True
N18,E207,E423,True
N18,E207,E445,False
N18,E208,E526,False
N18,E208,E589,True
N18,E209,E441,True
N18,E209,E475,True
N18,E209,E540,True
N18,E209,E548,False
N18,E210,E591,True
N18,E211,E466,False
N18,E211,E474,True
N18,E212,E417,True
N18,E212,E446,False
N18,E212,E453,True
N18,E212,E534,False
N18,E213,E410,False
N18,E213,E475,False
N18,E213,E500,True
N18,E213,E508,False
N18,E213,E522,False
N18,E214,E469,False
N18,E214,E481,False
N18,E214,E506,False
N18,E214,E587,False
N18,E215,E444,False
N18,E215,E559,True
N18,E215,E571,False
N18,E216,E433,False
N18,E216,E437,False
N18,E216,E587,False
N18,E217,E416,False
N18,E217,E439,False
N18,E217,E505,False
N18,E217,E570,False
N18,E218,E427,True
N18,E218,E461,False
N18,E218,E575,False
N18,E219,E405,True
N18,E219,E444,False
N18,E219,E465,False
N18,E219,E584,False
N18,E220,E511,True
N18,E220,E565,True
N18,E220,E597,True
N18,E220,E599,False
N18,E221,E411,False
N18,E221,E418,True
N18,E221,E478,False
N18,E221,E482,True
N18,E221,E562,False
N18,E221,E569,True
N18,E221,E594,False
N18,E222,E470,False
N18,E222,E558,True
N18,E223,E536,True
N18,E223,E593,True
N18,E224,E432,False
N18,E224,E463,True
N18,E224,E464,False
N18,E224,E548,True
N18,E225,E511,False
N18,E225,E544,False
N18,E227,E407,False
N18,E227,E537,False
N18,E227,E555,True
N18,E227,E584,True
N18,E228,E492,False
N18,E228,E510,False
N18,E228,E511,False
N18,E228,E556,False
N18,E229,E437,True
N18,E229,E514,False
N18,E229,E520,True
N18,E229,E538,False
N18,E229,E556,True
N18,E229,E560,True
N18,E229,E574,False
N18,E229,E599,True
N18,E230,E453,False
N18,E230,E471,False
N18,E230,E553,False
N18,E230,E572,False
N18,E231,E490,False
N18,E231,E555,False
N18,E232,E401,True
N18,E232,E415,True
N18,E232,E460,False
N18,E233,E448,True
N18,E233,E543,False
N18,E233,E563,True
N18,E233,E581,False
N18,E233,E591,False
N18,E234,E434,True
N18,E234,E458,False
N18,E234,E521,False
N18,E235,E445,False
N18,E235,E467,True
N18,E235,E502,False
N18,E235,E517,False
N18,E235,E594,False
N18,E236,E463,False
N18,E236,E501,True
N18,E236,E529,True
N18,E236,E593,False
N18,E237,E521,False
N18,E237,E549,True
N18,E237,E551,False
N18,E237,E552,True
N18,E238,E484,False
N18,E239,E414,False
N18,E239,E426,False
N18,E239,E535,False
N18,E240,E408,False
N18,E240,E542,False
N18,E241,E416,True
N18,E241,E452,False
N18,E241,E520,False
N18,E241,E567,True
N18,E242,E400,True
N18,E242,E495,True
N18,E242,E562,False
N18,E243,E429,False
N18,E243,E589,False
N18,E244,E432,False
N18,E244,E487,True
N18,E244,E513,False
N18,E244,E547,False
N18,E244,E595,True
N18,E245,E479,True
N18,E245,E520,False
N18,E245,E545,False
N18,E246,E509,False
N18,E247,E423,False
N18,E247,E498,False
N18,E247,E533,False
N18,E248,E509,True
N18,E248,E537,False
N18,E248,E549,False
N18,E249,E449,False
N18,E249,E547,False
N18,E250,E401,False
N18,E250,E481,True
N18,E250,E489,True
N18,E251,E566,False
N18,E252,E439,True
N18,E252,E457,False
N18,E253,E553,False
N18,E253,E583,False
N18,E254,E424,True
N18,E254,E443,False
N18,E254,E519,True
N18,E255,E536,False
N18,E255,E538,True
N18,E256,E465,False
N18,E256,E469,True
N18,E256,E480,False
N18,E256,E576,False
N18,E257,E404,True
N18,E257,E471,False
N18,E257,E484,True
N18,E257,E512,True
N18,E259,E558,False
N18,E259,E564,False
N18,E259,E578,False
N18,E260,E517,True
N18,E261,E432,False
N18,E261,E462,False
N18,E261,E474,False
N18,E261,E507,True
N18,E261,E525,False
N18,E261,E573,False
N18,E262,E486,True
N18,E263,E402,False
N18,E263,E406,False
N18,E263,E500,False
N18,E264,E436,True
N18,E264,E502,False
N18,E264,E577,False
N18,E264,E595,False
N18,E265,E445,True
N18,E265,E470,False
N18,E265,E509,False
N18,E265,E521,False
N18,E266,E466,True
N18,E266,E477,False
N18,E267,E598,False
N18,E268,E532,False
N18,E268,E552,False
N18,E269,E408,False
N18,E269,E426,False
N18,E269,E430,False
N18,E269,E443,True
N18,E269,E452,False
N18,E269,E530,False
N18,E269,E537,True
N18,E269,E582,True
N18,E270,E443,False
N18,E270,E542,False
N18,E270,E551,False
N18,E270,E596,False
N18,E270,E597,False
N18,E271,E464,False
N18,E271,E496,True
N18,E271,E533,False
N18,E271,E568,False
N18,E272,E442,False
N18,E272,E464,False
N18,E272,E465,True
N18,E272,E468,False
N18,E272,E504,False
N18,E272,E563,False
N18,E272,E580,False
N18,E273,E442,True
N18,E273,E451,True
N18,E273,E488,True
N18,E273,E561,False
N18,E274,E401,False
N18,E275,E417,False
N18,E275,E457,False
N18,E275,E472,False
N18,E275,E518,False
N18,E276,E523,False
N18,E277,E488,False
N18,E277,E564,True
N18,E277,E590,False
N18,E278,E406,False
N18,E278,E431,True
N18,E278,E481,False
N18,E278,E493,True
N18,E278,E527,False
N18,E278,E563,False
N18,E278,E575,False
N18,E279,E458,True
N18,E279,E503,True
N18,E279,E524,True
N18,E280,E436,False
N18,E280,E490,True
N18,E280,E531,False
N18,E280,E561,False
N18,E280,E562,False
N18,E280,E567,False
N18,E280,E577,True
N18,E281,E402,False
N18,E281,E476,True
N18,E281,E483,True
N18,E281,E510,True
N18,E281,E523,False
N18,E282,E450,False
N18,E282,E561,False
N18,E282,E581,False
N18,E283,E415,False
N18,E283,E493,False
N18,E283,E535,True
N18,E284,E414,False
N18,E284,E422,False
N18,E284,E461,True
N18,E284,E485,True
N18,E284,E586,False
N18,E285,E490,False
N18,E285,E573,False
N18,E286,E553,True
N18,E287,E414,False
N18,E287,E420,False
N18,E287,E421,True
N18,E287,E428,False
N18,E287,E526,False
N18,E287,E562,True
N18,E288,E467,False
N18,E288,E494,False
N18,E288,E512,False
N18,E289,E503,False
N18,E289,E525,False
N18,E289,E570,False
N18,E289,E571,False
N18,E290,E451,False
N18,E290,E459,True
N18,E290,E515,False
N18,E290,E545,False
N18,E290,E560,False
N18,E290,E566,True
N18,E291,E439,False
N18,E291,E452,False
N18,E291,E480,False
N18,E291,E532,True
N18,E291,E546,False
N18,E291,E589,False
N18,E292,E418,False
N18,E292,E454,False
N18,E292,E571,False
N18,E292,E572,False
N18,E293,E410,True
N18,E293,E432,True
N18,E294,E454,True
N18,E294,E570,True
N18,E295,E544,False
N18,E295,E547,True
N18,E295,E558,False
N18,E296,E433,False
N18,E297,E406,True
N18,E297,E412,False
N18,E297,E472,False
N18,E298,E426,True
N18,E298,E476,False
N18,E298,E565,False
N18,E299,E560,False
N18,E300,E417,False
N18,E300,E495,False
N18,E300,E524,False
N18,E300,E588,False
N18,E301,E491,False
N18,E301,E514,False
N18,E301,E522,False
N18,E301,E559,False
N18,E301,E572,False
N18,E301,E584,False
N18,E302,E595,False
N18,E303,E411,False
N18,E303,E450,True
N18,E303,E457,False
N18,E303,E466,False
N18,E303,E494,False
N18,E303,E581,True
N18,E304,E427,False
N18,E305,E516,False
N18,E306,E590,False
N18,E308,E425,True
N18,E308,E583,True
N18,E308,E591,False
N18,E309,E470,True
N18,E309,E515,True
N18,E309,E596,False
N18,E310,E400,False
N18,E310,E447,False
N18,E310,E492,False
N18,E310,E523,False
N18,E311,E429,False
N18,E311,E518,False
N18,E311,E592,False
N18,E311,E598,True
N18,E312,E420,True
N18,E312,E585,True
N18,E313,E452,True
N18,E313,E518,True
N18,E313,E527,True
N18,E313,E550,False
N18,E314,E468,True
N18,E314,E497,False
N18,E314,E546,True
N18,E314,E571,True
N18,E314,E574,False
N18,E314,E585,False
N18,E314,E588,True
N18,E315,E592,True
N18,E315,E597,False
N18,E316,E407,False
N18,E316,E544,True
N18,E316,E581,False
N18,E317,E458,False
N18,E317,E520,False
N18,E318,E409,True
N18,E318,E411,True
N18,E319,E422,True
N18,E319,E489,False
N18,E320,E414,True
N18,E320,E462,False
N18,E320,E504,True
N18,E320,E572,True
N18,E321,E507,False
N18,E322,E428,False
N18,E322,E431,False
N18,E322,E465,False
N18,E322,E596,True
N18,E323,E552,False
N18,E324,E448,False
N18,E324,E469,False
N18,E324,E597,False
N18,E325,E419,False
N18,E325,E528,True
N18,E325,E558,False
N18,E326,E407,True
N18,E326,E419,True
N18,E327,E471,True
N18,E327,E557,True
N18,E328,E423,False
N18,E328,E444,True
N18,E329,E425,False
N18,E329,E479,False
N18,E330,E413,True
N18,E330,E422,False
N18,E330,E574,True
N18,E331,E413,False
N18,E331,E513,False
N18,E331,E519,False
N18,E331,E565,False
N18,E332,E449,False
N18,E332,E473,False
N18,E332,E486,False
N18,E332,E492,True
N18,E332,E514,True
N18,E332,E533,True
N18,E332,E540,False
N18,E332,E550,True
N18,E332,E561,True
N18,E332,E575,True
N18,E332,E582,False
N18,E332,E586,False
N18,E333,E434,False
N18,E333,E472,True
N18,E333,E496,False
N18,E333,E593,False
N18,E334,E587,False
N18,E335,E456,False
N18,E336,E462,False
N18,E337,E510,False
N18,E337,E525,True
N18,E337,E548,False
N18,E338,E451,False
N18,E338,E525,False
N18,E338,E545,False
N18,E338,E554,False
N18,E338,E570,False
N18,E338,E580,True
N18,E339,E470,False
N18,E339,E528,False
N18,E340,E438,False
N18,E340,E529,False
N18,E341,E406,False
N18,E341,E428,True
N18,E341,E440,False
N18,E341,E595,False
N18,E342,E405,False
N18,E342,E459,False
N18,E342,E545,True
N18,E343,E412,False
N18,E343,E420,False
N18,E343,E447,False
N18,E343,E489,False
N18,E343,E507,False
N18,E343,E522,True
N18,E343,E541,True
N18,E344,E412,True
N18,E344,E446,True
N18,E344,E499,True
N18,E344,E521,True
N18,E345,E503,False
N18,E346,E419,False
N18,E346,E464,True
N18,E347,E409,False
N18,E347,E494,False
N18,E347,E513,True
N18,E347,E585,False
N18,E348,E404,False
N18,E348,E531,True
N18,E350,E566,False
N18,E351,E443,False
N18,E352,E402,False
N18,E352,E404,False
N18,E352,E430,True
N18,E352,E502,True
N18,E353,E573,True
N18,E353,E591,False
N18,E354,E428,False
N18,E354,E480,True
N18,E354,E578,False
N18,E355,E403,False
N18,E355,E548,False
N18,E356,E482,False
N18,E356,E530,True
N18,E356,E594,False
N18,E357,E424,False
N18,E357,E440,True
N18,E357,E451,False
N18,E357,E456,True
N18,E357,E483,False
N18,E357,E529,False
N18,E357,E599,False
N18,E359,E413,False
N18,E359,E541,False
N18,E360,E433,True
N18,E360,E505,True
N18,E360,E528,False
N18,E361,E413,False
N18,E361,E444,False
N18,E361,E463,False
N18,E361,E538,False
N18,E361,E540,False
N18,E361,E555,False
N18,E362,E447,False
N18,E362,E539,False
N18,E362,E557,False
N18,E362,E565,False
N18,E363,E469,False
N18,E363,E530,False
N18,E363,E579,False
N18,E364,E497,True
N18,E364,E543,False
N18,E364,E586,True
N18,E365,E404,False
N18,E365,E462,True
N18,E365,E491,True
N18,E365,E495,False
N18,E365,E576,False
N18,E366,E585,False
N18,E367,E402,True
N18,E367,E583,False
N18,E368,E429,False
N18,E368,E449,False
N18,E368,E499,False
N18,E369,E450,False
N18,E369,E453,False
N18,E370,E460,True
N18,E370,E494,True
N18,E370,E510,False
N18,E370,E584,False
N18,E371,E415,False
N18,E371,E441,False
N18,E371,E455,False
N18,E371,E534,True
N18,E372,E421,False
N18,E372,E473,True
N18,E372,E487,False
N18,E372,E508,False
N18,E372,E564,False
N18,E373,E449,True
N18,E373,E567,False
N18,E374,E433,False
N18,E374,E455,True
N18,E374,E489,False
N18,E374,E506,True
N18,E374,E540,False
N18,E376,E457,True
N18,E376,E549,False
N18,E377,E422,False
N18,E378,E461,False
N18,E378,E476,False
N18,E378,E501,False
N18,E379,E435,True
N18,E379,E523,True
N18,E379,E550,False
N18,E380,E577,False
N18,E381,E504,False
N18,E382,E483,False
N18,E383,E493,False
N18,E383,E498,True
N18,E383,E516,True
N18,E383,E594,True
N18,E384,E508,True
N18,E384,E587,True
N18,E385,E431,False
N18,E385,E438,True
N18,E385,E542,True
N18,E385,E554,True
N18,E386,E423,False
N18,E387,E467,False
N18,E387,E492,False
N18,E387,E495,False
N18,E388,E403,True
N18,E388,E426,False
N18,E388,E578,True
N18,E388,E579,True
N18,E388,E580,False
N18,E390,E401,False
N18,E390,E435,False
N18,E390,E535,False
N18,E390,E590,True
N18,E391,E568,True
N18,E392,E420,False
N18,E392,E421,False
N18,E393,E473,False
N18,E393,E481,False
N18,E394,E408,True
N18,E394,E506,False
N18,E394,E596,False
N18,E395,E491,False
N18,E395,E497,False
N18,E395,E502,False
N18,E395,E592,False
N18,E396,E526,True
N18,E396,E569,False
N18,E397,E450,False
N18,E397,E563,False
N18,E398,E446,False
N18,E398,E507,False
N18,E398,E555,False
N18,E399,E439,False
N18,E400,E667,True
N18,E400,E679,False
N18,E400,E717,False
N18,E401,E710,True
N18,E401,E718,False
N18,E402,E700,True
N18,E402,E783,True
N18,E404,E634,False
N18,E404,E655,True
N18,E404,E657,False
N18,E404,E665,False
N18,E404,E746,False
N18,E405,E687,True
N18,E405,E697,False
N18,E406,E623,False
N18,E406,E722,False
N18,E406,E738,True
N18,E406,E742,False
N18,E407,E697,False
N18,E407,E766,True
N18,E408,E608,True
N18,E408,E636,False
N18,E408,E728,True
N18,E408,E772,False
N18,E409,E637,False
N18,E409,E638,False
N18,E409,E691,True
N18,E409,E727,True
N18,E409,E770,True
N18,E410,E622,False
N18,E410,E631,False
N18,E410,E636,True
N18,E410,E650,False
N18,E410,E779,True
N18,E411,E638,False
N18,E411,E734,False
N18,E412,E668,True
N18,E412,E670,True
N18,E412,E701,False
N18,E412,E741,False
N18,E412,E749,False
N18,E413,E616,False
N18,E413,E620,True
N18,E413,E766,False
N18,E414,E649,False
N18,E414,E668,False
N18,E414,E708,True
N18,E416,E607,False
N18,E416,E692,False
N18,E416,E735,True
N18,E416,E796,False
N18,E417,E620,False
N18,E417,E647,False
N18,E417,E695,False
N18,E417,E730,False
N18,E417,E745,False
N18,E418,E669,False
N18,E419,E678,False
N18,E419,E706,True
N18,E419,E799,True
N18,E420,E600,False
N18,E420,E613,False
N18,E420,E673,True
N18,E420,E682,False
N18,E420,E683,False
N18,E421,E645,False
N18,E421,E703,False
N18,E421,E774,True
N18,E422,E686,True
N18,E422,E689,False
N18,E422,E723,False
N18,E423,E788,False
N18,E424,E613,True
N18,E424,E637,False
N18,E425,E631,False
N18,E425,E699,True
N18,E425,E796,True
N18,E426,E664,True
N18,E426,E739,False
N18,E426,E749,False
N18,E426,E754,True
N18,E426,E775,True
N18,E427,E605,True
N18,E427,E613,False
N18,E427,E642,True
N18,E427,E649,True
N18,E427,E695,False
N18,E428,E645,True
N18,E428,E710,False
N18,E428,E791,True
N18,E429,E615,False
N18,E429,E723,True
N18,E430,E624,False
N18,E430,E653,False
N18,E430,E672,False
N18,E430,E684,True
N18,E430,E760,True
N18,E431,E726,False
N18,E431,E773,True
N18,E431,E776,True
N18,E432,E610,True
N18,E432,E661,True
N18,E432,E737,True
N18,E432,E793,False
N18,E433,E645,False
N18,E433,E689,False
N18,E433,E702,False
N18,E433,E759,True
N18,E433,E790,True
N18,E434,E626,False
N18,E434,E694,False
N18,E434,E751,True
N18,E434,E768,False
N18,E435,E613,False
N18,E435,E646,False
N18,E435,E665,False
N18,E436,E629,False
N18,E436,E653,False
N18,E436,E665,True
N18,E436,E715,True
N18,E436,E720,True
N18,E436,E744,False
N18,E437,E634,False
N18,E437,E647,True
N18,E437,E664,False
N18,E437,E695,True
N18,E437,E707,False
N18,E437,E731,False
N18,E438,E606,False
N18,E438,E654,True
N18,E438,E694,True
N18,E439,E648,True
N18,E439,E680,True
N18,E439,E713,True
N18,E439,E795,True
N18,E440,E716,True
N18,E440,E721,True
N18,E441,E630,False
N18,E441,E663,True
N18,E441,E696,True
N18,E441,E795,False
N18,E442,E738,False
N18,E442,E748,True
N18,E443,E623,True
N18,E443,E689,True
N18,E443,E692,True
N18,E444,E611,False
N18,E444,E718,False
N18,E444,E756,False
N18,E445,E777,True
N18,E446,E640,True
N18,E446,E702,False
N18,E446,E769,True
N18,E447,E713,False
N18,E447,E731,False
N18,E448,E615,False
N18,E448,E628,False
N18,E448,E682,False
N18,E448,E750,False
N18,E448,E763,False
N18,E448,E767,True
N18,E449,E702,False
N18,E450,E744,False
N18,E451,E673,False
N18,E452,E653,False
N18,E452,E703,False
N18,E452,E732,False
N18,E453,E673,False
N18,E453,E785,False
N18,E454,E610,False
N18,E454,E636,False
N18,E454,E703,True
N18,E455,E677,False
N18,E455,E709,False
N18,E456,E602,True
N18,E456,E604,True
N18,E457,E659,False
N18,E458,E693,True
N18,E459,E610,False
N18,E459,E712,False
N18,E460,E601,False
N18,E460,E641,False
N18,E460,E684,False
N18,E460,E693,False
N18,E460,E769,False
N18,E461,E793,True
N18,E462,E623,False
N18,E462,E633,False
N18,E462,E634,False
N18,E462,E789,True
N18,E463,E677,True
N18,E463,E725,False
N18,E463,E738,False
N18,E463,E758,False
N18,E463,E780,True
N18,E464,E621,True
N18,E464,E651,False
N18,E464,E740,False
N18,E464,E782,False
N18,E465,E663,False
N18,E465,E717,True
N18,E465,E731,False
N18,E466,E617,False
N18,E466,E637,True
N18,E466,E746,True
N18,E466,E788,False
N18,E467,E688,False
N18,E467,E691,False
N18,E467,E703,False
N18,E467,E719,False
N18,E467,E778,False
N18,E468,E750,False
N18,E469,E642,False
N18,E470,E628,False
N18,E470,E777,False
N18,E471,E624,True
N18,E471,E627,False
N18,E471,E638,False
N18,E471,E748,False
N18,E472,E657,False
N18,E472,E728,False
N18,E472,E744,False
N18,E473,E635,False
N18,E473,E655,False
N18,E473,E740,True
N18,E473,E790,False
N18,E474,E611,False
N18,E474,E638,True
N18,E474,E707,False
N18,E474,E726,True
N18,E474,E789,False
N18,E475,E721,False
N18,E476,E626,False
N18,E476,E646,False
N18,E476,E651,True
N18,E476,E799,False
N18,E477,E601,False
N18,E477,E612,False
N18,E477,E616,True
N18,E477,E655,False
N18,E477,E697,True
N18,E477,E782,False
N18,E478,E603,True
N18,E478,E671,True
N18,E478,E765,False
N18,E478,E769,False
N18,E478,E771,True
N18,E479,E618,True
N18,E479,E674,False
N18,E479,E706,False
N18,E479,E772,True
N18,E479,E773,False
N18,E479,E779,False
N18,E480,E643,False
N18,E481,E607,True
N18,E481,E627,False
N18,E481,E659,True
N18,E482,E724,False
N18,E482,E776,False
N18,E483,E639,False
N18,E484,E612,True
N18,E484,E632,True
N18,E484,E666,False
N18,E484,E698,False
N18,E484,E796,False
N18,E485,E717,False
N18,E486,E604,False
N18,E486,E678,True
N18,E486,E716,False
N18,E486,E786,False
N18,E487,E624,False
N18,E487,E658,True
N18,E487,E707,True
N18,E487,E749,False
N18,E488,E635,True
N18,E489,E600,True
N18,E489,E753,False
N18,E489,E776,False
N18,E489,E789,False
N18,E490,E664,False
N18,E490,E671,False
N18,E491,E755,False
N18,E491,E761,False
N18,E491,E785,True
N18,E492,E686,False
N18,E492,E751,False
N18,E492,E787,False
N18,E492,E790,False
N18,E493,E611,False
N18,E493,E639,True
N18,E493,E671,False
N18,E493,E684,False
N18,E493,E731,True
N18,E493,E780,False
N18,E494,E647,False
N18,E494,E666,True
N18,E494,E696,False
N18,E494,E792,True
N18,E495,E771,False
N18,E497,E702,True
N18,E497,E705,True
N18,E497,E737,False
N18,E497,E774,False
N18,E497,E778,True
N18,E498,E644,False
N18,E498,E669,False
N18,E498,E789,False
N18,E499,E641,True
N18,E499,E643,False
N18,E500,E631,True
N18,E500,E690,False
N18,E500,E753,False
N18,E501,E650,False
N18,E501,E696,False
N18,E501,E734,False
N18,E502,E656,True
N18,E503,E762,True
N18,E504,E625,True
N18,E504,E652,True
N18,E504,E720,False
N18,E504,E724,False
N18,E504,E733,False
N18,E506,E634,True
N18,E506,E699,False
N18,E507,E615,False
N18,E507,E655,False
N18,E507,E704,False
N18,E507,E758,True
N18,E507,E760,False
N18,E507,E773,False
N18,E508,E659,False
N18,E508,E719,True
N18,E508,E722,True
N18,E509,E630,False
N18,E509,E787,True
N18,E509,E791,False
N18,E510,E782,False
N18,E510,E786,False
N18,E511,E607,False
N18,E511,E752,False
N18,E512,E648,False
N18,E513,E675,False
N18,E513,E760,False
N18,E513,E781,True
N18,E514,E632,False
N18,E515,E686,False
N18,E515,E732,True
N18,E515,E793,False
N18,E516,E619,False
N18,E516,E690,False
N18,E517,E670,False
N18,E517,E709,True
N18,E517,E725,False
N18,E517,E735,False
N18,E517,E749,True
N18,E517,E797,False
N18,E518,E625,False
N18,E518,E626,False
N18,E518,E644,False
N18,E518,E727,False
N18,E519,E668,False
N18,E519,E710,False
N18,E519,E741,False
N18,E520,E649,False
N18,E520,E716,False
N18,E521,E617,True
N18,E522,E725,True
N18,E522,E738,False
N18,E522,E743,False
N18,E522,E781,False
N18,E523,E685,False
N18,E523,E724,True
N18,E523,E777,False
N18,E524,E627,True
N18,E524,E630,True
N18,E524,E686,False
N18,E524,E698,True
N18,E524,E708,False
N18,E524,E729,True
N18,E524,E767,False
N18,E524,E768,False
N18,E524,E771,False
N18,E525,E734,False
N18,E525,E799,False
N18,E526,E648,False
N18,E526,E676,False
N18,E526,E715,False
N18,E526,E723,False
N18,E527,E619,True
N18,E527,E652,False
N18,E527,E683,True
N18,E527,E693,False
N18,E527,E743,False
N18,E527,E748,False
N18,E527,E775,False
N18,E528,E601,True
N18,E528,E618,False
N18,E528,E640,False
N18,E528,E681,False
N18,E528,E690,True
N18,E528,E747,False
N18,E529,E629,True
N18,E530,E621,False
N18,E530,E661,False
N18,E530,E759,False
N18,E530,E788,True
N18,E531,E704,True
N18,E532,E620,False
N18,E532,E663,False
N18,E532,E796,False
N18,E532,E798,False
N18,E533,E603,False
N18,E533,E610,False
N18,E533,E633,True
N18,E533,E718,True
N18,E533,E766,False
N18,E533,E779,False
N18,E534,E615,True
N18,E534,E660,True
N18,E534,E668,False
N18,E534,E687,False
N18,E534,E736,True
N18,E535,E706,False
N18,E535,E745,True
N18,E535,E770,False
N18,E535,E781,False
N18,E537,E637,False
N18,E537,E729,False
N18,E537,E746,False
N18,E537,E767,False
N18,E537,E784,False
N18,E538,E747,True
N18,E539,E631,False
N18,E539,E654,False
N18,E539,E719,False
N18,E539,E764,True
N18,E540,E633,False
N18,E540,E643,False
N18,E540,E657,True
N18,E540,E755,True
N18,E542,E606,True
N18,E542,E727,False
N18,E542,E786,True
N18,E542,E798,True
N18,E543,E652,False
N18,E543,E663,False
N18,E544,E606,False
N18,E544,E656,False
N18,E544,E662,False
N18,E544,E685,True
N18,E544,E748,False
N18,E544,E778,False
N18,E545,E614,True
N18,E545,E672,True
N18,E545,E688,False
N18,E545,E757,True
N18,E546,E611,True
N18,E546,E744,True
N18,E547,E609,True
N18,E548,E743,False
N18,E549,E672,False
N18,E549,E762,False
N18,E549,E783,False
N18,E549,E784,True
N18,E549,E792,False
N18,E550,E603,False
N18,E550,E679,False
N18,E551,E644,False
N18,E551,E669,True
N18,E551,E675,True
N18,E551,E705,False
N18,E551,E712,False
N18,E551,E787,False
N18,E553,E679,False
N18,E554,E670,False
N18,E554,E794,False
N18,E555,E762,False
N18,E556,E624,False
N18,E557,E671,False
N18,E557,E766,False
N18,E558,E794,False
N18,E558,E795,False
N18,E558,E798,False
N18,E559,E630,False
N18,E559,E711,False
N18,E560,E682,True
N18,E560,E684,False
N18,E560,E763,False
N18,E561,E608,False
N18,E561,E742,True
N18,E562,E677,False
N18,E562,E775,False
N18,E563,E651,False
N18,E563,E661,False
N18,E563,E711,True
N18,E563,E746,False
N18,E563,E774,False
N18,E564,E646,False
N18,E564,E701,True
N18,E564,E732,False
N18,E564,E753,True
N18,E564,E754,False
N18,E564,E793,False
N18,E564,E794,True
N18,E565,E612,False
N18,E566,E681,True
N18,E566,E713,False
N18,E566,E756,True
N18,E567,E709,False
N18,E568,E669,False
N18,E568,E674,False
N18,E569,E665,False
N18,E569,E721,False
N18,E570,E721,False
N18,E570,E756,False
N18,E571,E605,False
N18,E571,E646,True
N18,E571,E797,False
N18,E572,E640,False
N18,E572,E727,False
N18,E572,E788,False
N18,E573,E602,False
N18,E573,E714,True
N18,E573,E736,False
N18,E573,E740,False
N18,E574,E642,False
N18,E574,E741,True
N18,E574,E752,False
N18,E575,E643,True
N18,E575,E697,False
N18,E575,E764,False
N18,E575,E767,False
N18,E576,E626,True
N18,E576,E688,True
N18,E576,E700,False
N18,E576,E705,False
N18,E576,E709,False
N18,E576,E712,False
N18,E576,E757,False
N18,E576,E763,True
N18,E576,E792,False
N18,E576,E797,True
N18,E577,E628,False
N18,E577,E653,True
N18,E577,E662,True
N18,E578,E620,False
N18,E578,E640,False
N18,E578,E660,False
N18,E579,E627,False
N18,E579,E649,False
N18,E579,E658,False
N18,E579,E667,False
N18,E579,E739,False
N18,E579,E790,False
N18,E580,E730,True
N18,E580,E755,False
N18,E580,E786,False
N18,E581,E692,False
N18,E581,E743,True
N18,E581,E764,False
N18,E582,E628,True
N18,E582,E680,False
N18,E583,E734,True
N18,E584,E614,False
N18,E584,E644,True
N18,E584,E687,False
N18,E584,E691,False
N18,E584,E712,True
N18,E586,E679,True
N18,E587,E625,False
N18,E587,E680,False
N18,E587,E713,False
N18,E587,E768,True
N18,E587,E779,False
N18,E588,E673,False
N18,E588,E728,False
N18,E589,E718,False
N18,E590,E696,False
N18,E590,E724,False
N18,E590,E763,False
N18,E591,E674,True
N18,E591,E698,False
N18,E591,E714,False
N18,E591,E752,True
N18,E592,E622,False
N18,E592,E675,False
N18,E592,E676,True
N18,E592,E794,False
N18,E593,E609,False
N18,E593,E618,False
N18,E593,E641,False
N18,E593,E765,True
N18,E594,E723,False
N18,E595,E622,True
N18,E595,E650,True
N18,E595,E760,False
N18,E595,E782,True
N18,E596,E733,True
N18,E597,E704,False
N18,E598,E707,False
N18,E598,E739,True
N18,E599,E692,False
N18,E599,E750,True
N18,E599,E761,True
N18,E600,E897,False
N18,E600,E925,False
N18,E600,E949,True
N18,E600,E953,False
N18,E601,E807,False
N18,E601,E919,False
N18,E601,E983,False
N18,E601,E994,False
N18,E602,E806,False
N18,E602,E811,True
N18,E602,E830,True
N18,E602,E909,True
N18,E602,E943,True
N18,E602,E974,False
N18,E603,E950,True
N18,E603,E978,False
N18,E604,E814,False
N18,E604,E930,False
N18,E604,E956,True
N18,E605,E809,False
N18,E606,E827,False
N18,E606,E908,False
N18,E606,E942,True
N18,E608,E808,False
N18,E608,E976,True
N18,E608,E982,False
N18,E609,E874,False
N18,E609,E947,True
N18,E609,E948,True
N18,E609,E980,False
N18,E609,E987,True
N18,E609,E993,False
N18,E610,E805,False
N18,E610,E890,False
N18,E611,E867,False
N18,E611,E994,False
N18,E612,E818,True
N18,E612,E842,True
N18,E612,E869,False
N18,E613,E869,True
N18,E613,E976,False
N18,E613,E996,False
N18,E614,E833,False
N18,E614,E856,True
N18,E614,E942,False
N18,E615,E851,False
N18,E615,E912,False
N18,E615,E938,True
N18,E615,E940,True
N18,E615,E952,True
N18,E616,E865,False
N18,E616,E886,True
N18,E616,E902,False
N18,E616,E964,False
N18,E616,E965,False
N18,E617,E946,True
N18,E617,E979,False
N18,E618,E815,True
N18,E618,E879,True
N18,E618,E930,False
N18,E619,E808,True
N18,E619,E870,False
N18,E619,E934,True
N18,E620,E852,False
N18,E620,E862,True
N18,E620,E895,False
N18,E620,E933,False
N18,E620,E980,False
N18,E620,E993,False
N18,E620,E999,False
N18,E621,E957,False
N18,E621,E973,False
N18,E622,E822,False
N18,E622,E884,False
N18,E623,E834,False
N18,E623,E887,False
N18,E623,E981,False
N18,E624,E863,False
N18,E624,E913,False
N18,E626,E823,False
N18,E626,E825,False
N18,E626,E883,False
N18,E626,E918,False
N18,E626,E934,False
N18,E626,E992,False
N18,E627,E850,True
N18,E627,E886,False
N18,E628,E814,False
N18,E628,E817,True
N18,E628,E833,False
N18,E628,E834,False
N18,E628,E841,False
N18,E628,E961,False
N18,E629,E837,True
N18,E629,E983,False
N18,E630,E924,True
N18,E630,E925,True
N18,E630,E997,True
N18,E631,E917,False
N18,E632,E897,True
N18,E633,E858,True
N18,E633,E861,False
N18,E633,E867,False
N18,E634,E920,False
N18,E634,E979,True
N18,E635,E804,False
N18,E635,E814,True
N18,E635,E844,True
N18,E635,E882,True
N18,E635,E922,False
N18,E635,E949,False
N18,E635,E962,True
N18,E636,E827,False
N18,E636,E844,False
N18,E636,E868,False
N18,E636,E877,True
N18,E636,E886,False
N18,E636,E931,False
N18,E637,E803,False
N18,E637,E874,False
N18,E637,E920,True
N18,E637,E928,True
N18,E637,E954,False
N18,E637,E977,True
N18,E638,E877,False
N18,E638,E915,False
N18,E639,E906,False
N18,E639,E930,True
N18,E639,E955,False
N18,E639,E956,False
N18,E639,E975,True
N18,E640,E836,False
N18,E640,E885,True
N18,E641,E804,False
N18,E641,E836,False
N18,E641,E861,False
N18,E641,E889,False
N18,E641,E892,False
N18,E641,E896,False
N18,E641,E899,True
N18,E641,E912,True
N18,E641,E948,False
N18,E641,E962,False
N18,E641,E964,False
N18,E641,E965,True
N18,E641,E994,False
N18,E642,E814,False
N18,E642,E913,True
N18,E642,E986,True
N18,E643,E895,False
N18,E643,E902,False
N18,E643,E968,False
N18,E643,E972,True
N18,E643,E983,True
N18,E644,E859,False
N18,E644,E893,False
N18,E644,E922,False
N18,E644,E926,True
N18,E644,E941,False
N18,E645,E891,False
N18,E645,E971,False
N18,E646,E843,True
N18,E646,E851,False
N18,E647,E928,False
N18,E648,E806,False
N18,E648,E832,False
N18,E648,E846,False
N18,E648,E959,False
N18,E649,E889,True
N18,E649,E907,False
N18,E649,E910,True
N18,E649,E942,False
N18,E650,E856,False
N18,E650,E981,False
N18,E651,E851,False
N18,E651,E859,True
N18,E651,E985,False
N18,E652,E832,False
N18,E652,E873,False
N18,E652,E989,False
N18,E653,E800,False
N18,E653,E816,True
N18,E653,E875,True
N18,E653,E909,False
N18,E653,E915,False
N18,E653,E947,False
N18,E654,E800,False
N18,E654,E845,False
N18,E654,E867,True
N18,E655,E904,True
N18,E655,E919,True
N18,E655,E946,False
N18,E655,E967,False
N18,E656,E893,True
N18,E656,E990,False
N18,E657,E981,False
N18,E658,E810,False
N18,E658,E839,True
N18,E658,E923,False
N18,E658,E974,False
N18,E659,E823,True
N18,E659,E894,False
N18,E659,E914,True
N18,E659,E929,False
N18,E659,E931,True
N18,E659,E970,False
N18,E660,E872,False
N18,E660,E938,False
N18,E660,E943,False
N18,E661,E817,False
N18,E661,E872,False
N18,E662,E963,False
N18,E663,E902,True
N18,E663,E991,True
N18,E664,E865,True
N18,E665,E820,True
N18,E665,E866,False
N18,E665,E874,False
N18,E665,E935,False
N18,E665,E979,False
N18,E666,E802,False
N18,E666,E958,True
N18,E666,E983,False
N18,E667,E827,False
N18,E667,E890,False
N18,E668,E824,True
N18,E668,E982,False
N18,E668,E984,False
N18,E668,E986,False
N18,E669,E842,False
N18,E669,E969,False
N18,E670,E807,False
N18,E670,E848,False
N18,E670,E900,True
N18,E671,E869,False
N18,E671,E904,False
N18,E672,E821,False
N18,E672,E923,False
N18,E672,E975,False
N18,E673,E806,True
N18,E673,E863,False
N18,E673,E880,False
N18,E673,E932,False
N18,E673,E950,False
N18,E673,E957,True
N18,E674,E939,True
N18,E675,E820,False
N18,E675,E873,True
N18,E676,E834,True
N18,E676,E916,False
N18,E676,E917,True
N18,E676,E941,True
N18,E677,E836,False
N18,E677,E857,False
N18,E678,E833,True
N18,E678,E853,False
N18,E678,E960,False
N18,E678,E970,True
N18,E679,E816,False
N18,E679,E864,True
N18,E680,E815,False
N18,E680,E888,True
N18,E680,E899,False
N18,E681,E934,False
N18,E682,E815,False
N18,E683,E828,False
N18,E683,E849,False
N18,E683,E879,False
N18,E683,E900,False
N18,E684,E973,False
N18,E685,E803,False
N18,E685,E805,False
N18,E685,E894,False
N18,E685,E912,False
N18,E686,E853,False
N18,E686,E859,False
N18,E686,E920,False
N18,E687,E950,False
N18,E688,E854,False
N18,E688,E979,False
N18,E689,E835,True
N18,E689,E837,False
N18,E689,E847,False
N18,E689,E849,False
N18,E689,E865,False
N18,E689,E929,False
N18,E689,E988,False
N18,E690,E836,True
N18,E690,E855,False
N18,E691,E804,False
N18,E691,E828,False
N18,E692,E882,False
N18,E693,E846,True
N18,E693,E928,False
N18,E693,E954,True
N18,E694,E818,False
N18,E694,E829,False
N18,E694,E860,True
N18,E694,E894,False
N18,E694,E901,False
N18,E694,E963,True
N18,E695,E831,False
N18,E696,E868,False
N18,E696,E949,False
N18,E696,E984,False
N18,E697,E831,True
N18,E697,E857,True
N18,E697,E916,True
N18,E697,E971,False
N18,E698,E802,True
N18,E698,E921,False
N18,E698,E930,False
N18,E698,E961,True
N18,E698,E963,False
N18,E699,E822,False
N18,E699,E898,True
N18,E699,E950,False
N18,E700,E850,False
N18,E700,E919,False
N18,E700,E936,True
N18,E700,E960,True
N18,E700,E964,True
N18,E700,E998,False
N18,E702,E897,False
N18,E703,E866,False
N18,E703,E937,False
N18,E703,E959,True
N18,E704,E841,False
N18,E704,E874,True
N18,E704,E978,False
N18,E705,E947,False
N18,E705,E993,True
N18,E706,E829,False
N18,E706,E850,False
N18,E706,E884,True
N18,E707,E805,True
N18,E707,E901,False
N18,E707,E915,True
N18,E707,E985,True
N18,E708,E857,False
N18,E708,E868,False
N18,E708,E896,True
N18,E709,E812,True
N18,E709,E853,False
N18,E709,E940,False
N18,E709,E945,False
N18,E709,E948,False
N18,E710,E875,False
N18,E710,E945,False
N18,E710,E968,True
N18,E710,E995,True
N18,E711,E871,False
N18,E712,E901,True
N18,E713,E819,True
N18,E713,E931,False
N18,E713,E966,False
N18,E714,E844,False
N18,E714,E847,True
N18,E714,E849,False
N18,E714,E918,False
N18,E714,E953,True
N18,E715,E893,False
N18,E715,E966,True
N18,E716,E948,False
N18,E718,E869,False
N18,E718,E996,True
N18,E719,E800,False
N18,E719,E855,False
N18,E719,E907,False
N18,E719,E939,False
N18,E719,E942,False
N18,E719,E980,False
N18,E719,E981,True
N18,E720,E815,False
N18,E720,E825,True
N18,E720,E989,True
N18,E721,E834,False
N18,E721,E847,False
N18,E721,E890,True
N18,E721,E910,False
N18,E721,E931,False
N18,E721,E977,False
N18,E722,E821,True
N18,E722,E842,False
N18,E722,E866,False
N18,E722,E898,False
N18,E722,E923,False
N18,E722,E960,False
N18,E723,E858,False
N18,E723,E997,False
N18,E724,E806,False
N18,E724,E839,False
N18,E724,E862,False
N18,E724,E903,False
N18,E724,E906,False
N18,E725,E832,True
N18,E725,E845,True
N18,E725,E926,False
N18,E725,E987,False
N18,E726,E810,True
N18,E726,E851,True
N18,E726,E885,False
N18,E726,E992,False
N18,E727,E810,False
N18,E727,E835,False
N18,E727,E896,False
N18,E727,E980,True
N18,E730,E807,True
N18,E730,E872,False
N18,E731,E850,False
N18,E731,E863,True
N18,E731,E892,False
N18,E731,E934,False
N18,E732,E838,True
N18,E733,E822,True
N18,E733,E856,False
N18,E734,E824,False
N18,E734,E826,False
N18,E734,E888,False
N18,E734,E897,False
N18,E735,E854,False
N18,E736,E804,True
N18,E736,E954,False
N18,E737,E801,False
N18,E737,E821,False
N18,E737,E833,False
N18,E738,E812,False
N18,E738,E921,False
N18,E738,E944,True
N18,E739,E809,True
N18,E739,E840,False
N18,E740,E862,False
N18,E740,E967,False
N18,E740,E990,True
N18,E741,E827,True
N18,E741,E881,True
N18,E741,E892,True
N18,E741,E955,True
N18,E742,E848,False
N18,E742,E859,False
N18,E742,E873,False
N18,E742,E878,True
N18,E742,E908,True
N18,E743,E820,False
N18,E743,E868,True
N18,E743,E905,True
N18,E743,E932,False
N18,E744,E818,False
N18,E744,E837,False
N18,E745,E914,False
N18,E745,E987,False
N18,E746,E992,True
N18,E746,E995,False
N18,E747,E838,False
N18,E747,E974,True
N18,E748,E891,True
N18,E749,E853,True
N18,E749,E998,False
N18,E750,E876,False
N18,E750,E903,False
N18,E750,E969,True
N18,E751,E944,False
N18,E752,E816,False
N18,E752,E848,True
N18,E752,E883,True
N18,E752,E988,True
N18,E753,E899,False
N18,E753,E970,False
N18,E754,E843,False
N18,E754,E982,True
N18,E755,E835,False
N18,E755,E872,True
N18,E755,E875,False
N18,E755,E911,True
N18,E755,E918,True
N18,E755,E933,True
N18,E755,E945,False
N18,E756,E830,False
N18,E756,E881,False
N18,E756,E908,False
N18,E756,E953,False
N18,E757,E820,False
N18,E757,E839,False
N18,E757,E921,True
N18,E758,E824,False
N18,E758,E826,False
N18,E758,E835,False
N18,E759,E873,False
N18,E760,E845,False
N18,E760,E911,False
N18,E761,E813,False
N18,E761,E849,True
N18,E761,E864,False
N18,E761,E879,False
N18,E761,E997,False
N18,E762,E891,False
N18,E762,E994,True
N18,E763,E976,False
N18,E764,E894,True
N18,E764,E915,False
N18,E766,E817,False
N18,E766,E819,False
N18,E766,E828,True
N18,E766,E840,True
N18,E766,E944,False
N18,E766,E984,True
N18,E767,E828,False
N18,E767,E951,False
N18,E768,E855,True
N18,E768,E861,True
N18,E768,E901,False
N18,E768,E924,False
N18,E768,E947,False
N18,E768,E951,False
N18,E768,E974,False
N18,E769,E937,True
N18,E769,E967,True
N18,E769,E999,True
N18,E770,E816,False
N18,E770,E957,False
N18,E771,E907,False
N18,E771,E991,False
N18,E771,E993,False
N18,E772,E916,False
N18,E772,E972,False
N18,E773,E921,False
N18,E774,E878,False
N18,E774,E898,False
N18,E774,E924,False
N18,E774,E973,False
N18,E775,E933,False
N18,E775,E945,True
N18,E775,E998,True
N18,E776,E852,True
N18,E776,E876,False
N18,E776,E880,False
N18,E777,E803,True
N18,E777,E852,False
N18,E777,E883,False
N18,E777,E906,False
N18,E778,E876,True
N18,E778,E910,False
N18,E778,E956,False
N18,E778,E971,True
N18,E778,E985,False
N18,E779,E865,False
N18,E779,E903,True
N18,E779,E907,True
N18,E779,E929,True
N18,E780,E848,False
N18,E780,E923,True
N18,E781,E905,False
N18,E781,E977,False
N18,E782,E808,False
N18,E782,E837,False
N18,E782,E892,False
N18,E782,E932,True
N18,E782,E933,False
N18,E782,E958,False
N18,E782,E978,False
N18,E783,E813,True
N18,E783,E819,False
N18,E783,E829,False
N18,E783,E870,True
N18,E783,E871,True
N18,E783,E914,False
N18,E783,E952,False
N18,E784,E856,False
N18,E784,E936,False
N18,E784,E960,False
N18,E785,E866,True
N18,E785,E922,True
N18,E786,E812,False
N18,E786,E854,True
N18,E786,E951,True
N18,E787,E829,True
N18,E787,E906,True
N18,E787,E935,True
N18,E787,E973,True
N18,E788,E822,False
N18,E788,E840,False
N18,E788,E895,True
N18,E789,E888,False
N18,E789,E988,False
N18,E790,E801,True
N18,E790,E900,False
N18,E790,E919,False
N18,E790,E935,False
N18,E791,E841,True
N18,E791,E860,False
N18,E791,E927,False
N18,E791,E992,False
N18,E792,E839,False
N18,E792,E843,False
N18,E792,E852,False
N18,E792,E880,True
N18,E792,E909,False
N18,E792,E917,False
N18,E792,E978,True
N18,E793,E927,True
N18,E794,E811,False
N18,E794,E847,False
N18,E794,E867,False
N18,E794,E917,False
N18,E795,E800,True
N18,E795,E887,True
N18,E795,E927,False
N18,E795,E944,False
N18,E795,E965,False
N18,E796,E826,True
N18,E796,E845,False
N18,E796,E957,False
N18,E797,E955,False
N18,E799,E818,False
N19,E000,E263,True
N19,E000,E358,False
N19,E001,E240,False
N19,E001,E305,False
N19,E001,E318,False
N19,E001,E367,False
N19,E002,E214,True
N19,E002,E229,True
N19,E004,E271,False
N19,E004,E292,False
N19,E004,E331,True
N19,E004,E345,False
N19,E004,E369,False
N19,E006,E222,False
N19,E006,E253,False
N19,E006,E319,False
N19,E006,E398,False
N19,E007,E252,False
N19,E008,E304,False
N19,E008,E368,True
N19,E009,E225,False
N19,E009,E259,True
N19,E009,E268,True
N19,E009,E321,True
N19,E009,E352,False
N19,E010,E216,False
N19,E010,E217,True
N19,E010,E335,True
N19,E010,E368,False
N19,E011,E267,True
N19,E011,E285,True
N19,E012,E274,False
N19,E012,E278,False
N19,E012,E370,True
N19,E013,E209,False
N19,E013,E212,False
N19,E013,E327,True
N19,E013,E360,False
N19,E014,E284,False
N19,E014,E319,False
N19,E014,E360,False
N19,E015,E277,False
N19,E015,E284,False
N19,E015,E350,False
N19,E016,E234,True
N19,E016,E287,False
N19,E016,E302,False
N19,E017,E220,False
N19,E017,E236,False
N19,E017,E239,False
N19,E017,E272,True
N19,E017,E275,False
N19,E017,E289,True
N19,E017,E394,False
N19,E017,E395,True
N19,E018,E382,True
N19,E019,E232,False
N19,E019,E239,False
N19,E019,E240,True
N19,E019,E383,True
N19,E020,E353,False
N19,E022,E267,False
N19,E022,E392,True
N19,E023,E236,True
N19,E023,E254,False
N19,E023,E373,True
N19,E024,E239,False
N19,E024,E257,False
N19,E024,E308,True
N19,E025,E201,False
N19,E025,E235,False
N19,E025,E273,False
N19,E025,E282,True
N19,E026,E302,False
N19,E027,E211,False
N19,E027,E258,True
N19,E027,E296,True
N19,E027,E343,True
N19,E028,E270,True
N19,E028,E332,False
N19,E029,E313,False
N19,E030,E224,True
N19,E030,E280,True
N19,E030,E340,True
N19,E030,E370,False
N19,E031,E217,False
N19,E031,E274,True
N19,E032,E220,True
N19,E032,E258,False
N19,E032,E281,False
N19,E032,E286,False
N19,E032,E301,True
N19,E032,E342,True
N19,E032,E387,False
N19,E033,E268,False
N19,E033,E333,False
N19,E035,E208,True
N19,E035,E227,False
N19,E035,E270,False
N19,E035,E384,False
N19,E036,E379,True
N19,E037,E208,False
N19,E037,E297,True
N19,E037,E313,True
N19,E037,E380,False
N19,E038,E212,True
N19,E038,E217,False
N19,E038,E253,False
N19,E038,E261,False
N19,E038,E291,True
N19,E038,E362,False
N19,E038,E365,False
N19,E039,E210,False
N19,E039,E273,True
N19,E039,E343,False
N19,E040,E391,False
N19,E041,E244,True
N19,E042,E221,False
N19,E042,E224,False
N19,E042,E260,False
N19,E042,E314,True
N19,E042,E338,True
N19,E042,E385,False
N19,E043,E232,True
N19,E043,E279,False
N19,E043,E305,False
N19,E043,E329,False
N19,E043,E376,False
N19,E044,E348,True
N19,E045,E208,False
N19,E045,E218,True
N19,E045,E373,False
N19,E046,E259,False
N19,E046,E333,True
N19,E046,E354,False
N19,E048,E215,True
N19,E048,E219,False
N19,E048,E337,True
N19,E048,E348,False
N19,E048,E357,True
N19,E048,E375,True
N19,E049,E203,True
N19,E049,E361,True
N19,E049,E365,True
N19,E050,E235,False
N19,E050,E257,True
N19,E050,E327,False
N19,E050,E357,False
N19,E050,E367,False
N19,E051,E314,False
N19,E051,E359,False
N19,E051,E365,False
N19,E052,E221,False
N19,E052,E269,False
N19,E052,E288,False
N19,E052,E387,False
N19,E053,E226,False
N19,E053,E358,False
N19,E054,E227,True
N19,E054,E232,False
N19,E054,E242,True
N19,E054,E315,False
N19,E054,E392,False
N19,E055,E205,False
N19,E055,E243,False
N19,E055,E260,False
N19,E055,E318,False
N19,E055,E344,False
N19,E055,E389,True
N19,E056,E202,False
N19,E056,E289,False
N19,E056,E331,False
N19,E057,E238,True
N19,E057,E295,False
N19,E057,E311,False
N19,E058,E323,True
N19,E058,E355,True
N19,E059,E234,False
N19,E059,E303,False
N19,E059,E329,False
N19,E059,E359,True
N19,E059,E374,False
N19,E060,E237,False
N19,E060,E336,True
N19,E060,E381,False
N19,E061,E224,False
N19,E061,E294,False
N19,E061,E391,False
N19,E062,E293,True
N19,E062,E324,False
N19,E062,E344,False
N19,E063,E294,True
N19,E064,E237,False
N19,E064,E244,False
N19,E064,E347,True
N19,E064,E361,False
N19,E064,E397,False
N19,E065,E204,True
N19,E065,E214,False
N19,E065,E241,False
N19,E065,E340,False
N19,E065,E367,True
N19,E066,E247,False
N19,E066,E264,False
N19,E066,E387,False
N19,E066,E390,False
N19,E067,E261,False
N19,E067,E280,False
N19,E067,E330,False
N19,E067,E336,False
N19,E067,E346,False
N19,E068,E211,True
N19,E068,E213,True
N19,E068,E309,True
N19,E068,E354,False
N19,E068,E367,False
N19,E069,E289,False
N19,E070,E243,False
N19,E070,E371,False
N19,E071,E233,False
N19,E071,E249,True
N19,E071,E309,False
N19,E071,E356,False
N19,E072,E363,False
N19,E072,E381,True
N19,E073,E200,True
N19,E073,E237,True
N19,E073,E304,False
N19,E073,E356,False
N19,E074,E237,False
N19,E074,E279,True
N19,E074,E283,True
N19,E074,E285,False
N19,E075,E269,True
N19,E075,E295,False
N19,E076,E223,False
N19,E076,E328,False
N19,E077,E233,True
N19,E077,E281,True
N19,E077,E310,True
N19,E077,E349,False
N19,E077,E359,False
N19,E078,E372,True
N19,E079,E303,False
N19,E079,E366,False
N19,E079,E389,False
N19,E080,E372,False
N19,E081,E202,False
N19,E082,E376,False
N19,E083,E213,False
N19,E083,E233,False
N19,E084,E316,False
N19,E085,E205,True
N19,E086,E284,False
N19,E086,E390,False
N19,E087,E302,True
N19,E087,E322,False
N19,E087,E371,False
N19,E087,E380,True
N19,E088,E235,False
N19,E088,E257,False
N19,E088,E352,True
N19,E089,E263,False
N19,E089,E269,False
N19,E089,E308,False
N19,E089,E311,False
N19,E089,E335,False
N19,E089,E337,False
N19,E090,E266,False
N19,E091,E223,True
N19,E092,E215,False
N19,E092,E284,True
N19,E093,E211,False
N19,E093,E231,True
N19,E093,E234,False
N19,E094,E355,False
N19,E095,E295,True
N19,E095,E297,False
N19,E096,E271,False
N19,E096,E388,False
N19,E097,E245,False
N19,E097,E351,True
N19,E098,E308,False
N19,E098,E318,False
N19,E098,E329,False
N19,E098,E393,False
N19,E098,E394,True
N19,E099,E201,True
N19,E099,E207,False
N19,E099,E211,False
N19,E099,E353,True
N19,E100,E375,False
N19,E101,E250,True
N19,E101,E334,False
N19,E101,E395,False
N19,E102,E221,False
N19,E102,E273,False
N19,E102,E300,True
N19,E102,E343,False
N19,E102,E396,True
N19,E103,E317,False
N19,E104,E250,False
N19,E104,E322,False
N19,E104,E399,True
N19,E105,E205,False
N19,E106,E209,True
N19,E106,E272,False
N19,E106,E356,False
N19,E106,E374,False
N19,E107,E350,True
N19,E108,E298,False
N19,E108,E315,True
N19,E109,E277,True
N19,E109,E378,True
N19,E110,E245,False
N19,E110,E249,False
N19,E110,E271,False
N19,E110,E279,False
N19,E110,E341,False
N19,E111,E288,True
N19,E111,E322,True
N19,E111,E388,True
N19,E112,E306,True
N19,E112,E325,False
N19,E112,E394,False
N19,E113,E242,False
N19,E113,E272,False
N19,E113,E341,True
N19,E114,E383,False
N19,E114,E394,False
N19,E115,E229,False
N19,E115,E253,True
N19,E115,E254,False
N19,E115,E369,True
N19,E116,E256,True
N19,E116,E265,True
N19,E116,E390,False
N19,E117,E278,True
N19,E117,E298,False
N19,E117,E332,True
N19,E117,E371,True
N19,E118,E276,True
N19,E118,E288,False
N19,E118,E329,True
N19,E119,E266,False
N19,E119,E319,True
N19,E119,E342,False
N19,E120,E202,True
N19,E120,E248,False
N19,E120,E305,False
N19,E120,E361,False
N19,E120,E363,True
N19,E120,E398,True
N19,E121,E315,False
N19,E121,E324,True
N19,E121,E339,False
N19,E121,E355,False
N19,E121,E363,False
N19,E121,E386,True
N19,E122,E227,False
N19,E122,E300,False
N19,E122,E317,False
N19,E122,E360,True
N19,E122,E382,False
N19,E123,E222,True
N19,E123,E226,False
N19,E123,E228,True
N19,E123,E246,True
N19,E123,E278,False
N19,E123,E301,False
N19,E123,E346,True
N19,E124,E214,False
N19,E124,E224,False
N19,E124,E232,False
N19,E124,E241,True
N19,E126,E238,False
N19,E126,E271,True
N19,E126,E276,False
N19,E126,E393,False
N19,E127,E307,False
N19,E127,E323,False
N19,E127,E346,False
N19,E128,E241,False
N19,E128,E290,False
N19,E128,E364,True
N19,E128,E391,True
N19,E129,E262,True
N19,E129,E390,True
N19,E130,E297,False
N19,E130,E300,False
N19,E130,E311,True
N19,E130,E339,True
N19,E131,E376,False
N19,E131,E377,False
N19,E132,E245,True
N19,E132,E343,False
N19,E133,E292,True
N19,E133,E302,False
N19,E133,E333,False
N19,E133,E374,True
N19,E134,E204,False
N19,E134,E240,False
N19,E135,E252,False
N19,E135,E307,False
N19,E136,E206,True
N19,E136,E333,False
N19,E137,E207,False
N19,E137,E344,True
N19,E137,E358,True
N19,E138,E266,False
N19,E138,E299,False
N19,E138,E397,True
N19,E139,E325,True
N19,E139,E338,False
N19,E139,E346,False
N19,E140,E233,False
N19,E140,E251,False
N19,E140,E290,False
N19,E141,E225,True
N19,E141,E226,True
N19,E141,E308,False
N19,E142,E275,True
N19,E142,E316,True
N19,E143,E261,True
N19,E143,E310,False
N19,E144,E283,False
N19,E144,E304,True
N19,E144,E330,False
N19,E144,E385,True
N19,E145,E255,True
N19,E145,E265,False
N19,E146,E269,False
N19,E147,E334,False
N19,E148,E391,False
N19,E149,E208,False
N19,E149,E209,False
N19,E149,E218,False
N19,E149,E243,True
N19,E149,E252,True
N19,E149,E303,True
N19,E150,E278,False
N19,E150,E309,False
N19,E150,E385,False
N19,E151,E202,False
N19,E151,E356,True
N19,E152,E210,False
N19,E153,E322,False
N19,E154,E251,True
N19,E155,E389,False
N19,E156,E265,False
N19,E156,E266,True
N19,E156,E349,True
N19,E157,E245,False
N19,E157,E291,False
N19,E158,E361,False
N19,E158,E384,True
N19,E159,E213,False
N19,E159,E260,False
N19,E160,E226,False
N19,E160,E307,False
N19,E160,E377,True
N19,E161,E280,False
N19,E161,E320,True
N19,E161,E351,False
N19,E162,E221,True
N19,E162,E228,False
N19,E162,E319,False
N19,E162,E320,False
N19,E162,E334,True
N19,E162,E354,True
N19,E163,E296,False
N19,E163,E351,False
N19,E163,E366,False
N19,E164,E200,False
N19,E164,E239,True
N19,E164,E352,False
N19,E164,E393,True
N19,E165,E362,False
N19,E166,E243,False
N19,E166,E256,False
N19,E166,E347,False
N19,E166,E359,False
N19,E167,E277,False
N19,E167,E299,False
N19,E167,E328,True
N19,E168,E252,False
N19,E168,E353,False
N19,E168,E387,True
N19,E169,E312,True
N19,E169,E378,False
N19,E170,E259,False
N19,E170,E288,False
N19,E170,E388,False
N19,E171,E377,False
N19,E171,E396,False
N19,E172,E219,False
N19,E172,E246,False
N19,E173,E210,True
N19,E173,E254,False
N19,E173,E290,True
N19,E174,E263,False
N19,E174,E298,True
N19,E174,E330,True
N19,E175,E230,False
N19,E175,E264,True
N19,E175,E317,True
N19,E175,E326,True
N19,E175,E335,False
N19,E175,E386,False
N19,E176,E235,True
N19,E176,E286,True
N19,E176,E321,False
N19,E176,E326,False
N19,E176,E399,False
N19,E177,E379,False
N19,E178,E317,False
N19,E178,E355,False
N19,E178,E383,False
N19,E179,E219,True
N19,E179,E306,False
N19,E180,E294,False
N19,E180,E320,False
N19,E180,E345,True
N19,E181,E201,False
N19,E181,E312,False
N19,E182,E206,False
N19,E182,E342,False
N19,E182,E353,False
N19,E183,E238,False
N19,E183,E250,False
N19,E183,E283,False
N19,E183,E309,False
N19,E183,E376,True
N19,E183,E399,False
N19,E184,E249,False
N19,E184,E297,False
N19,E185,E229,False
N19,E185,E299,True
N19,E185,E384,False
N19,E185,E398,False
N19,E186,E285,False
N19,E187,E231,False
N19,E188,E203,False
N19,E188,E229,False
N19,E188,E388,False
N19,E189,E254,True
N19,E190,E205,False
N19,E190,E345,False
N19,E190,E366,True
N19,E191,E246,False
N19,E191,E255,False
N19,E191,E260,True
N19,E191,E287,True
N19,E192,E348,False
N19,E192,E362,True
N19,E193,E238,False
N19,E193,E250,False
N19,E193,E304,False
N19,E193,E307,True
N19,E194,E305,True
N19,E194,E318,True
N19,E195,E216,True
N19,E195,E273,False
N19,E195,E293,False
N19,E195,E364,False
N19,E196,E289,False
N19,E196,E290,False
N19,E196,E311,False
N19,E196,E334,False
N19,E197,E200,False
N19,E197,E207,True
N19,E197,E282,False
N19,E198,E207,False
N19,E198,E247,True
N19,E198,E248,True
N19,E198,E281,False
N19,E198,E327,False
N19,E198,E328,False
N19,E199,E230,True
N19,E199,E261,False
N19,E199,E262,False
N19,E200,E569,False
N19,E201,E553,False
N19,E202,E441,False
N19,E202,E445,False
N19,E202,E454,True
N19,E202,E572,False
N19,E203,E504,True
N19,E203,E573,False
N19,E203,E591,True
N19,E205,E494,False
N19,E206,E440,False
N19,E206,E443,True
N19,E206,E478,True
N19,E206,E515,False
N19,E206,E520,True
N19,E206,E543,False
N19,E206,E557,True
N19,E206,E564,False
N19,E206,E573,True
N19,E207,E462,False
N19,E207,E515,True
N19,E207,E589,True
N19,E208,E488,False
N19,E208,E559,True
N19,E209,E414,False
N19,E209,E556,False
N19,E209,E584,False
N19,E210,E404,True
N19,E210,E414,True
N19,E210,E465,True
N19,E210,E562,False
N19,E211,E430,False
N19,E212,E446,False
N19,E212,E447,True
N19,E212,E488,True
N19,E213,E406,True
N19,E213,E428,False
N19,E213,E435,False
N19,E213,E467,False
N19,E213,E480,False
N19,E213,E505,False
N19,E213,E560,False
N19,E214,E418,False
N19,E214,E479,True
N19,E214,E516,True
N19,E215,E405,False
N19,E215,E510,True
N19,E216,E432,True
N19,E216,E443,False
N19,E216,E447,False
N19,E216,E545,False
N19,E216,E546,False
N19,E217,E420,False
N19,E217,E471,False
N19,E217,E561,True
N19,E217,E568,True
N19,E217,E591,False
N19,E217,E597,False
N19,E218,E471,True
N19,E218,E509,False
N19,E218,E549,False
N19,E219,E486,False
N19,E219,E491,False
N19,E219,E570,True
N19,E220,E404,False
N19,E220,E410,True
N19,E220,E446,True
N19,E220,E521,False
N19,E220,E546,False
N19,E221,E407,False
N19,E221,E450,False
N19,E221,E572,True
N19,E221,E592,True
N19,E222,E491,True
N19,E222,E534,False
N19,E222,E550,False
N19,E223,E411,False
N19,E223,E413,False
N19,E223,E456,False
N19,E223,E508,True
N19,E223,E552,False
N19,E223,E574,True
N19,E224,E409,False
N19,E224,E476,True
N19,E224,E526,False
N19,E224,E571,False
N19,E224,E579,False
N19,E225,E410,False
N19,E225,E489,False
N19,E225,E515,False
N19,E225,E588,True
N19,E226,E437,False
N19,E226,E441,True
N19,E226,E472,False
N19,E226,E555,True
N19,E226,E570,False
N19,E227,E405,False
N19,E227,E590,False
N19,E228,E446,False
N19,E228,E544,False
N19,E228,E572,False
N19,E228,E589,False
N19,E229,E497,False
N19,E229,E505,True
N19,E230,E467,False
N19,E230,E490,False
N19,E230,E550,False
N19,E231,E415,False
N19,E231,E456,True
N19,E231,E492,True
N19,E232,E567,True
N19,E233,E400,False
N19,E233,E519,False
N19,E234,E455,True
N19,E234,E496,True
N19,E234,E540,False
N19,E236,E434,False
N19,E236,E520,False
N19,E237,E502,False
N19,E237,E546,False
N19,E237,E567,False
N19,E237,E577,False
N19,E238,E415,True
N19,E238,E506,False
N19,E239,E514,False
N19,E239,E538,False
N19,E239,E541,True
N19,E239,E546,True
N19,E240,E519,False
N19,E240,E548,False
N19,E241,E470,True
N19,E241,E475,True
N19,E241,E587,True
N19,E242,E400,True
N19,E242,E476,False
N19,E242,E520,False
N19,E242,E530,False
N19,E242,E536,True
N19,E242,E571,True
N19,E245,E433,False
N19,E246,E446,False
N19,E246,E460,True
N19,E247,E404,False
N19,E247,E489,False
N19,E247,E586,True
N19,E248,E406,False
N19,E248,E444,False
N19,E248,E468,True
N19,E248,E596,False
N19,E249,E438,False
N19,E249,E459,False
N19,E249,E499,True
N19,E250,E419,True
N19,E251,E489,True
N19,E251,E492,False
N19,E251,E501,False
N19,E251,E569,True
N19,E252,E416,False
N19,E252,E429,False
N19,E252,E550,False
N19,E253,E425,False
N19,E253,E456,False
N19,E253,E479,False
N19,E253,E544,False
N19,E253,E547,False
N19,E253,E592,False
N19,E254,E422,False
N19,E254,E473,False
N19,E255,E455,False
N19,E255,E466,True
N19,E255,E596,True
N19,E256,E491,False
N19,E256,E527,False
N19,E256,E547,False
N19,E256,E582,False
N19,E257,E495,True
N19,E257,E516,False
N19,E257,E519,True
N19,E258,E415,False
N19,E258,E430,True
N19,E258,E431,True
N19,E258,E480,False
N19,E258,E481,False
N19,E258,E490,False
N19,E259,E432,False
N19,E259,E582,False
N19,E260,E557,False
N19,E260,E575,True
N19,E261,E455,False
N19,E261,E537,False
N19,E261,E586,False
N19,E262,E459,True
N19,E262,E478,False
N19,E262,E487,True
N19,E262,E533,False
N19,E263,E531,False
N19,E263,E569,False
N19,E264,E417,False
N19,E264,E450,True
N19,E264,E487,False
N19,E264,E488,False
N19,E264,E516,False
N19,E265,E407,True
N19,E265,E498,True
N19,E265,E511,False
N19,E265,E552,True
N19,E265,E589,False
N19,E266,E499,False
N19,E267,E424,True
N19,E267,E482,False
N19,E267,E576,False
N19,E269,E417,True
N19,E269,E438,True
N19,E269,E468,False
N19,E269,E505,False
N19,E269,E539,False
N19,E270,E570,False
N19,E270,E580,False
N19,E271,E583,False
N19,E272,E477,False
N19,E272,E555,False
N19,E273,E409,True
N19,E273,E440,False
N19,E273,E517,False
N19,E273,E530,True
N19,E273,E563,True
N19,E273,E564,True
N19,E275,E466,False
N19,E275,E495,False
N19,E275,E502,True
N19,E275,E510,False
N19,E276,E482,True
N19,E276,E486,True
N19,E277,E438,False
N19,E277,E496,False
N19,E277,E574,False
N19,E279,E535,False
N19,E279,E537,True
N19,E279,E573,False
N19,E280,E453,False
N19,E281,E502,False
N19,E282,E512,False
N19,E283,E436,True
N19,E283,E448,False
N19,E283,E568,False
N19,E284,E525,True
N19,E284,E538,True
N19,E285,E506,False
N19,E285,E515,False
N19,E286,E461,False
N19,E286,E555,False
N19,E286,E585,False
N19,E286,E597,True
N19,E287,E443,False
N19,E287,E500,False
N19,E287,E559,False
N19,E287,E585,False
N19,E288,E448,False
N19,E288,E474,False
N19,E288,E581,False
N19,E288,E586,False
N19,E289,E451,False
N19,E291,E427,False
N19,E291,E428,False
N19,E291,E506,False
N19,E291,E539,True
N19,E291,E579,False
N19,E291,E584,True
N19,E292,E413,False
N19,E292,E420,False
N19,E292,E439,False
N19,E292,E449,True
N19,E292,E457,False
N19,E292,E465,False
N19,E293,E578,True
N19,E294,E401,False
N19,E294,E483,True
N19,E294,E553,True
N19,E296,E453,True
N19,E297,E458,False
N19,E297,E505,False
N19,E297,E540,False
N19,E297,E556,True
N19,E297,E579,True
N19,E298,E428,False
N19,E298,E431,False
N19,E298,E443,False
N19,E299,E479,False
N19,E299,E523,False
N19,E299,E554,True
N19,E300,E406,False
N19,E300,E448,False
N19,E300,E472,True
N19,E300,E473,True
N19,E301,E416,False
N19,E301,E425,False
N19,E301,E427,True
N19,E301,E440,True
N19,E301,E480,True
N19,E301,E534,True
N19,E301,E595,False
N19,E302,E451,True
N19,E302,E524,False
N19,E302,E549,True
N19,E303,E412,True
N19,E303,E430,False
N19,E303,E490,True
N19,E304,E426,False
N19,E304,E532,False
N19,E304,E573,False
N19,E305,E413,False
N19,E305,E416,True
N19,E305,E457,True
N19,E305,E551,False
N19,E306,E408,False
N19,E306,E474,True
N19,E307,E514,False
N19,E307,E580,False
N19,E308,E401,False
N19,E308,E408,True
N19,E308,E449,False
N19,E308,E531,False
N19,E308,E540,True
N19,E308,E576,True
N19,E309,E457,False
N19,E309,E460,False
N19,E309,E466,False
N19,E309,E571,False
N19,E310,E422,False
N19,E310,E529,False
N19,E311,E549,False
N19,E312,E425,False
N19,E312,E452,False
N19,E312,E587,False
N19,E313,E429,True
N19,E313,E471,False
N19,E313,E494,True
N19,E313,E506,True
N19,E313,E514,False
N19,E313,E580,True
N19,E314,E574,False
N19,E315,E519,False
N19,E315,E529,True
N19,E315,E550,True
N19,E315,E566,False
N19,E316,E432,False
N19,E316,E527,True
N19,E316,E543,False
N19,E317,E420,True
N19,E317,E461,True
N19,E318,E402,False
N19,E318,E418,True
N19,E318,E445,False
N19,E319,E537,False
N19,E319,E545,False
N19,E320,E465,False
N19,E321,E470,False
N19,E321,E484,False
N19,E321,E528,True
N19,E321,E533,True
N19,E322,E461,False
N19,E322,E549,False
N19,E324,E450,False
N19,E324,E511,True
N19,E324,E513,False
N19,E324,E594,False
N19,E325,E423,True
N19,E325,E484,False
N19,E325,E517,True
N19,E326,E419,False
N19,E326,E503,False
N19,E327,E442,True
N19,E327,E579,False
N19,E328,E498,False
N19,E328,E528,False
N19,E328,E530,False
N19,E328,E577,False
N19,E329,E458,True
N19,E329,E570,False
N19,E330,E428,True
N19,E330,E555,False
N19,E330,E575,False
N19,E331,E444,True
N19,E331,E494,False
N19,E332,E409,False
N19,E332,E503,True
N19,E333,E419,False
N19,E333,E421,True
N19,E333,E454,False
N19,E333,E484,True
N19,E333,E562,True
N19,E333,E594,True
N19,E333,E597,False
N19,E334,E409,False
N19,E334,E415,False
N19,E334,E442,False
N19,E334,E458,False
N19,E334,E483,False
N19,E334,E530,False
N19,E335,E534,False
N19,E336,E412,False
N19,E336,E462,False
N19,E336,E523,True
N19,E336,E537,False
N19,E336,E563,False
N19,E336,E599,True
N19,E337,E403,False
N19,E337,E462,True
N19,E337,E507,True
N19,E337,E535,True
N19,E338,E427,False
N19,E338,E439,True
N19,E338,E582,False
N19,E339,E437,True
N19,E340,E405,True
N19,E340,E432,False
N19,E340,E484,False
N19,E340,E510,False
N19,E340,E548,True
N19,E342,E411,False
N19,E342,E538,False
N19,E342,E545,True
N19,E343,E464,False
N19,E343,E536,False
N19,E343,E547,True
N19,E343,E567,False
N19,E343,E576,False
N19,E343,E581,False
N19,E344,E561,False
N19,E345,E543,True
N19,E345,E595,True
N19,E346,E422,True
N19,E346,E426,True
N19,E346,E440,False
N19,E346,E467,True
N19,E346,E485,True
N19,E346,E495,False
N19,E346,E512,False
N19,E346,E544,False
N19,E346,E569,False
N19,E346,E575,False
N19,E346,E587,False
N19,E347,E493,False
N19,E347,E525,False
N19,E347,E526,True
N19,E347,E551,True
N19,E347,E558,False
N19,E347,E560,True
N19,E347,E580,False
N19,E348,E416,False
N19,E348,E425,True
N19,E348,E485,False
N19,E348,E587,False
N19,E349,E578,False
N19,E350,E556,False
N19,E351,E498,False
N19,E351,E504,False
N19,E351,E512,True
N19,E352,E482,False
N19,E352,E522,False
N19,E352,E593,False
N19,E353,E464,False
N19,E353,E542,True
N19,E353,E544,True
N19,E353,E596,False
N19,E354,E521,False
N19,E355,E578,False
N19,E356,E405,False
N19,E356,E421,False
N19,E356,E475,False
N19,E356,E574,False
N19,E357,E502,False
N19,E358,E412,False
N19,E358,E507,False
N19,E359,E454,False
N19,E360,E469,True
N19,E360,E541,False
N19,E360,E566,False
N19,E361,E485,False
N19,E361,E513,True
N19,E362,E528,False
N19,E362,E565,False
N19,E363,E403,False
N19,E363,E436,False
N19,E363,E498,False
N19,E363,E531,True
N19,E363,E562,False
N19,E363,E583,True
N19,E364,E410,False
N19,E364,E486,False
N19,E364,E518,True
N19,E364,E526,False
N19,E364,E547,False
N19,E364,E565,True
N19,E365,E417,False
N19,E365,E442,False
N19,E365,E483,False
N19,E366,E449,False
N19,E366,E456,False
N19,E367,E461,False
N19,E367,E481,True
N19,E367,E504,False
N19,E369,E439,False
N19,E369,E551,False
N19,E370,E514,True
N19,E370,E588,False
N19,E371,E518,False
N19,E371,E524,False
N19,E372,E467,False
N19,E373,E563,False
N19,E373,E590,True
N19,E374,E460,False
N19,E374,E556,False
N19,E375,E402,True
N19,E375,E424,False
N19,E375,E577,True
N19,E376,E463,False
N19,E376,E527,False
N19,E377,E402,False
N19,E377,E423,False
N19,E377,E445,False
N19,E377,E492,False
N19,E378,E465,False
N19,E378,E507,False
N19,E378,E522,True
N19,E378,E554,False
N19,E378,E581,False
N19,E379,E433,True
N19,E379,E452,True
N19,E379,E508,False
N19,E379,E511,False
N19,E379,E532,True
N19,E379,E543,False
N19,E379,E575,False
N19,E380,E517,False
N19,E381,E448,True
N19,E381,E493,True
N19,E381,E497,True
N19,E381,E557,False
N19,E382,E435,False
N19,E382,E464,True
N19,E382,E521,True
N19,E382,E582,True
N19,E383,E494,False
N19,E384,E454,False
N19,E384,E477,True
N19,E384,E499,False
N19,E384,E564,False
N19,E384,E566,True
N19,E385,E410,False
N19,E385,E557,False
N19,E386,E463,True
N19,E386,E473,False
N19,E387,E445,True
N19,E387,E598,True
N19,E387,E599,False
N19,E388,E490,False
N19,E388,E509,True
N19,E388,E524,True
N19,E388,E529,False
N19,E389,E468,False
N19,E389,E501,True
N19,E389,E542,False
N19,E390,E435,True
N19,E390,E585,False
N19,E390,E598,False
N19,E391,E426,False
N19,E391,E450,False
N19,E391,E485,False
N19,E391,E512,False
N19,E391,E517,False
N19,E391,E565,False
N19,E392,E403,True
N19,E392,E411,True
N19,E393,E413,True
N19,E393,E434,True
N19,E393,E469,False
N19,E393,E476,False
N19,E393,E500,True
N19,E393,E558,True
N19,E393,E581,True
N19,E393,E593,True
N19,E395,E566,False
N19,E396,E458,False
N19,E399,E401,True
N19,E399,E437,False
N19,E399,E475,False
N19,E399,E551,False
N19,E399,E585,True
N19,E399,E586,False
N19,E400,E644,True
N19,E400,E669,False
N19,E400,E681,True
N19,E400,E707,True
N19,E400,E709,False
N19,E400,E730,False
N19,E401,E625,False
N19,E401,E650,False
N19,E401,E717,False
N19,E401,E749,False
N19,E402,E620,False
N19,E403,E602,False
N19,E403,E608,True
N19,E403,E616,True
N19,E403,E635,False
N19,E403,E674,False
N19,E403,E739,True
N19,E403,E743,False
N19,E404,E752,False
N19,E404,E789,True
N19,E405,E698,False
N19,E405,E743,True
N19,E405,E770,False
N19,E406,E746,False
N19,E407,E611,True
N19,E407,E701,False
N19,E407,E799,True
N19,E408,E615,False
N19,E408,E673,True
N19,E408,E753,False
N19,E410,E680,False
N19,E410,E758,True
N19,E410,E781,False
N19,E410,E792,False
N19,E411,E680,True
N19,E412,E625,True
N19,E412,E643,True
N19,E413,E618,False
N19,E413,E721,False
N19,E413,E731,True
N19,E413,E773,True
N19,E414,E627,False
N19,E414,E656,False
N19,E414,E673,False
N19,E414,E702,True
N19,E414,E708,True
N19,E414,E709,True
N19,E414,E749,True
N19,E414,E750,False
N19,E415,E609,False
N19,E415,E687,True
N19,E415,E788,False
N19,E415,E799,False
N19,E416,E613,False
N19,E416,E627,False
N19,E416,E707,False
N19,E416,E786,False
N19,E417,E644,False
N19,E417,E645,False
N19,E417,E714,True
N19,E417,E762,False
N19,E417,E795,False
N19,E418,E659,False
N19,E418,E666,False
N19,E418,E675,False
N19,E419,E630,False
N19,E419,E657,False
N19,E420,E601,True
N19,E420,E634,False
N19,E420,E703,True
N19,E420,E715,False
N19,E421,E608,False
N19,E421,E685,False
N19,E421,E756,False
N19,E422,E667,False
N19,E422,E685,False
N19,E422,E692,True
N19,E422,E694,True
N19,E422,E717,False
N19,E422,E791,False
N19,E423,E693,True
N19,E423,E704,False
N19,E423,E748,False
N19,E424,E785,False
N19,E425,E681,False
N19,E425,E706,False
N19,E425,E770,True
N19,E425,E790,False
N19,E426,E625,False
N19,E427,E700,False
N19,E428,E603,False
N19,E429,E638,False
N19,E429,E657,False
N19,E429,E744,False
N19,E430,E622,False
N19,E430,E695,False
N19,E430,E716,True
N19,E431,E623,False
N19,E431,E703,False
N19,E431,E732,False
N19,E431,E767,False
N19,E432,E690,False
N19,E432,E769,False
N19,E433,E757,True
N19,E435,E708,False
N19,E435,E710,True
N19,E435,E765,False
N19,E435,E780,False
N19,E436,E628,False
N19,E436,E629,False
N19,E437,E604,True
N19,E437,E648,False
N19,E438,E608,False
N19,E438,E631,False
N19,E438,E714,False
N19,E438,E766,True
N19,E438,E780,False
N19,E438,E784,False
N19,E439,E634,True
N19,E439,E653,True
N19,E439,E684,False
N19,E439,E689,False
N19,E440,E639,False
N19,E440,E701,True
N19,E440,E751,False
N19,E441,E674,True
N19,E441,E738,False
N19,E441,E761,False
N19,E442,E753,True
N19,E442,E789,False
N19,E443,E654,False
N19,E443,E760,False
N19,E444,E732,False
N19,E445,E609,True
N19,E445,E688,False
N19,E445,E787,False
N19,E446,E772,True
N19,E447,E609,False
N19,E447,E647,False
N19,E447,E648,False
N19,E447,E662,False
N19,E447,E723,False
N19,E448,E697,False
N19,E449,E630,True
N19,E449,E638,False
N19,E449,E642,True
N19,E449,E730,False
N19,E449,E740,False
N19,E449,E742,True
N19,E450,E603,True
N19,E450,E604,False
N19,E451,E693,False
N19,E451,E776,False
N19,E452,E663,False
N19,E452,E685,True
N19,E453,E794,True
N19,E454,E610,False
N19,E454,E710,False
N19,E455,E726,True
N19,E455,E747,False
N19,E455,E762,False
N19,E456,E706,True
N19,E456,E788,True
N19,E457,E738,True
N19,E458,E785,True
N19,E459,E640,False
N19,E459,E656,False
N19,E460,E650,True
N19,E460,E743,False
N19,E461,E670,False
N19,E461,E707,False
N19,E461,E756,False
N19,E461,E791,True
N19,E462,E651,True
N19,E462,E658,False
N19,E462,E734,True
N19,E462,E766,False
N19,E462,E787,True
N19,E463,E630,False
N19,E463,E691,True
N19,E463,E699,True
N19,E463,E705,False
N19,E463,E775,False
N19,E464,E620,False
N19,E464,E624,False
N19,E464,E708,False
N19,E465,E610,True
N19,E465,E722,False
N19,E466,E600,False
N19,E466,E619,True
N19,E466,E640,False
N19,E466,E642,False
N19,E466,E658,False
N19,E466,E662,False
N19,E466,E715,True
N19,E466,E759,False
N19,E466,E773,False
N19,E467,E633,False
N19,E467,E781,False
N19,E468,E619,False
N19,E468,E633,True
N19,E468,E645,True
N19,E468,E655,False
N19,E468,E678,False
N19,E469,E701,False
N19,E469,E764,False
N19,E470,E779,True
N19,E471,E682,False
N19,E471,E797,True
N19,E472,E693,False
N19,E472,E720,False
N19,E473,E745,False
N19,E473,E759,True
N19,E474,E649,True
N19,E474,E650,False
N19,E474,E726,False
N19,E475,E711,True
N19,E476,E607,False
N19,E477,E765,True
N19,E478,E602,False
N19,E478,E763,True
N19,E479,E676,True
N19,E479,E722,True
N19,E479,E742,False
N19,E479,E758,False
N19,E479,E763,False
N19,E480,E613,False
N19,E480,E617,True
N19,E480,E666,True
N19,E480,E761,True
N19,E480,E793,True
N19,E481,E603,False
N19,E481,E711,False
N19,E482,E605,False
N19,E482,E660,False
N19,E482,E663,False
N19,E482,E752,False
N19,E483,E629,False
N19,E484,E635,False
N19,E484,E721,True
N19,E484,E788,False
N19,E484,E796,False
N19,E485,E643,False
N19,E485,E660,True
N19,E485,E730,True
N19,E485,E742,False
N19,E486,E637,False
N19,E486,E714,False
N19,E487,E609,False
N19,E487,E623,True
N19,E487,E746,False
N19,E489,E601,False
N19,E489,E622,True
N19,E489,E627,False
N19,E489,E677,False
N19,E489,E680,False
N19,E489,E722,False
N19,E489,E728,False
N19,E489,E757,False
N19,E490,E685,False
N19,E490,E712,False
N19,E490,E716,False
N19,E491,E632,False
N19,E492,E610,False
N19,E492,E621,True
N19,E492,E773,False
N19,E493,E646,False
N19,E493,E723,True
N19,E493,E744,True
N19,E494,E631,True
N19,E494,E648,True
N19,E494,E756,False
N19,E494,E798,True
N19,E495,E671,False
N19,E495,E701,False
N19,E496,E652,False
N19,E496,E686,False
N19,E496,E754,False
N19,E496,E777,False
N19,E497,E652,False
N19,E497,E678,False
N19,E497,E767,True
N19,E498,E695,True
N19,E498,E703,False
N19,E498,E735,True
N19,E498,E781,False
N19,E500,E623,False
N19,E500,E665,True
N19,E500,E704,False
N19,E501,E614,True
N19,E501,E617,False
N19,E501,E661,False
N19,E501,E680,False
N19,E501,E690,False
N19,E501,E746,True
N19,E501,E782,False
N19,E502,E655,False
N19,E502,E734,False
N19,E502,E741,False
N19,E503,E718,False
N19,E503,E779,False
N19,E504,E602,True
N19,E504,E628,True
N19,E504,E689,True
N19,E504,E750,True
N19,E505,E611,False
N19,E505,E670,True
N19,E505,E679,True
N19,E505,E688,False
N19,E505,E734,False
N19,E505,E740,False
N19,E505,E751,True
N19,E506,E626,True
N19,E506,E672,False
N19,E506,E677,True
N19,E508,E641,True
N19,E508,E763,False
N19,E508,E767,False
N19,E509,E785,False
N19,E509,E792,False
N19,E510,E658,False
N19,E511,E746,False
N19,E511,E793,False
N19,E512,E610,False
N19,E512,E621,False
N19,E512,E637,True
N19,E512,E705,True
N19,E512,E733,True
N19,E513,E667,True
N19,E513,E696,True
N19,E513,E739,False
N19,E513,E790,True
N19,E514,E621,False
N19,E515,E654,False
N19,E515,E729,True
N19,E516,E728,False
N19,E516,E747,True
N19,E517,E602,False
N19,E517,E727,False
N19,E517,E778,True
N19,E517,E795,False
N19,E518,E606,False
N19,E519,E638,True
N19,E519,E642,False
N19,E519,E699,False
N19,E519,E748,True
N19,E520,E611,False
N19,E520,E659,True
N19,E520,E750,False
N19,E520,E779,False
N19,E521,E678,True
N19,E521,E684,False
N19,E521,E748,False
N19,E522,E639,False
N19,E522,E719,True
N19,E523,E725,False
N19,E523,E768,False
N19,E523,E779,False
N19,E524,E713,False
N19,E525,E625,False
N19,E526,E653,False
N19,E526,E745,True
N19,E526,E773,False
N19,E527,E713,True
N19,E527,E721,False
N19,E527,E737,False
N19,E527,E777,False
N19,E528,E613,False
N19,E528,E618,True
N19,E528,E641,False
N19,E528,E768,True
N19,E529,E648,False
N19,E529,E669,False
N19,E529,E695,False
N19,E529,E776,True
N19,E530,E600,True
N19,E530,E636,False
N19,E530,E691,False
N19,E530,E697,True
N19,E530,E698,True
N19,E530,E728,True
N19,E530,E735,False
N19,E530,E774,False
N19,E531,E606,True
N19,E531,E720,False
N19,E531,E723,False
N19,E531,E724,False
N19,E531,E752,True
N19,E532,E632,True
N19,E532,E771,False
N19,E533,E613,True
N19,E533,E624,False
N19,E533,E645,False
N19,E533,E684,True
N19,E534,E612,True
N19,E534,E656,False
N19,E534,E704,True
N19,E534,E709,False
N19,E534,E727,True
N19,E534,E760,False
N19,E535,E683,True
N19,E536,E622,False
N19,E536,E745,False
N19,E537,E675,False
N19,E537,E797,False
N19,E538,E729,False
N19,E538,E782,True
N19,E539,E669,True
N19,E539,E672,False
N19,E539,E694,False
N19,E539,E733,False
N19,E539,E778,False
N19,E540,E660,False
N19,E540,E792,False
N19,E541,E649,False
N19,E542,E632,False
N19,E542,E674,False
N19,E542,E713,False
N19,E542,E732,False
N19,E543,E612,False
N19,E543,E654,False
N19,E543,E659,False
N19,E544,E605,True
N19,E544,E705,False
N19,E545,E640,True
N19,E545,E785,False
N19,E546,E682,False
N19,E546,E688,True
N19,E547,E607,True
N19,E547,E624,True
N19,E547,E663,True
N19,E547,E675,True
N19,E547,E712,True
N19,E547,E781,True
N19,E548,E640,False
N19,E549,E724,True
N19,E550,E679,False
N19,E550,E718,True
N19,E550,E736,False
N19,E551,E650,False
N19,E551,E691,False
N19,E551,E762,False
N19,E552,E678,False
N19,E553,E754,False
N19,E554,E747,False
N19,E555,E636,True
N19,E555,E744,False
N19,E555,E757,False
N19,E555,E796,False
N19,E556,E700,False
N19,E556,E774,False
N19,E557,E624,False
N19,E557,E757,False
N19,E557,E774,True
N19,E557,E778,False
N19,E558,E732,True
N19,E558,E786,True
N19,E559,E665,False
N19,E559,E713,False
N19,E560,E733,False
N19,E560,E754,False
N19,E560,E788,False
N19,E561,E612,False
N19,E561,E622,False
N19,E561,E766,False
N19,E562,E612,False
N19,E562,E634,False
N19,E562,E742,False
N19,E563,E646,True
N19,E563,E723,False
N19,E564,E655,True
N19,E564,E656,True
N19,E564,E676,False
N19,E564,E684,False
N19,E564,E769,True
N19,E565,E651,False
N19,E565,E780,True
N19,E566,E639,True
N19,E566,E725,True
N19,E566,E755,False
N19,E566,E795,True
N19,E567,E600,False
N19,E567,E654,True
N19,E568,E696,False
N19,E568,E771,False
N19,E569,E658,True
N19,E569,E700,True
N19,E569,E740,False
N19,E569,E754,True
N19,E569,E764,False
N19,E569,E794,False
N19,E570,E672,False
N19,E570,E717,True
N19,E570,E718,False
N19,E570,E719,False
N19,E570,E737,True
N19,E571,E628,False
N19,E571,E673,False
N19,E571,E686,False
N19,E571,E796,True
N19,E572,E645,False
N19,E572,E778,False
N19,E573,E752,False
N19,E573,E774,False
N19,E574,E632,False
N19,E574,E662,True
N19,E574,E741,True
N19,E574,E753,False
N19,E575,E698,False
N19,E575,E720,False
N19,E575,E736,True
N19,E575,E764,True
N19,E576,E652,True
N19,E576,E762,True
N19,E576,E783,True
N19,E577,E690,True
N19,E577,E760,True
N19,E577,E770,False
N19,E578,E674,False
N19,E579,E629,True
N19,E579,E668,False
N19,E579,E671,True
N19,E579,E711,False
N19,E579,E792,True
N19,E580,E615,True
N19,E580,E668,True
N19,E580,E682,True
N19,E580,E740,True
N19,E580,E765,False
N19,E580,E771,False
N19,E581,E607,False
N19,E581,E739,False
N19,E581,E771,True
N19,E581,E784,True
N19,E582,E716,False
N19,E582,E797,False
N19,E582,E798,False
N19,E583,E755,True
N19,E583,E777,True
N19,E584,E614,False
N19,E584,E635,True
N19,E585,E641,False
N19,E585,E692,False
N19,E585,E702,False
N19,E586,E604,False
N19,E586,E620,True
N19,E586,E681,False
N19,E586,E727,False
N19,E587,E690,False
N19,E587,E712,False
N19,E588,E686,True
N19,E588,E772,False
N19,E589,E745,False
N19,E589,E775,True
N19,E590,E657,False
N19,E590,E664,True
N19,E590,E737,False
N19,E590,E756,True
N19,E591,E694,False
N19,E591,E789,False
N19,E592,E657,True
N19,E592,E687,False
N19,E592,E710,False
N19,E592,E729,False
N19,E592,E783,False
N19,E593,E672,True
N19,E593,E697,False
N19,E594,E626,False
N19,E594,E661,True
N19,E594,E724,False
N19,E595,E616,False
N19,E595,E627,True
N19,E595,E679,False
N19,E595,E683,False
N19,E595,E731,False
N19,E596,E638,False
N19,E596,E651,False
N19,E596,E664,False
N19,E596,E743,False
N19,E597,E676,False
N19,E597,E777,False
N19,E598,E647,True
N19,E599,E705,False
N19,E599,E720,True
N19,E599,E797,False
N19,E600,E859,True
N19,E600,E871,False
N19,E601,E810,False
N19,E601,E915,False
N19,E601,E974,True
N19,E602,E841,False
N19,E602,E984,False
N19,E603,E834,False
N19,E603,E859,False
N19,E603,E992,False
N19,E604,E804,False
N19,E604,E830,False
N19,E604,E849,True
N19,E604,E868,True
N19,E605,E827,False
N19,E605,E876,False
N19,E606,E815,False
N19,E606,E885,True
N19,E606,E906,True
N19,E606,E955,True
N19,E608,E825,True
N19,E608,E911,False
N19,E609,E801,True
N19,E609,E803,False
N19,E609,E823,False
N19,E609,E849,False
N19,E609,E861,False
N19,E609,E935,False
N19,E609,E939,False
N19,E609,E990,False
N19,E610,E875,False
N19,E610,E878,False
N19,E610,E910,False
N19,E610,E988,False
N19,E610,E994,True
N19,E611,E801,False
N19,E611,E982,False
N19,E613,E877,True
N19,E613,E900,True
N19,E614,E906,False
N19,E614,E919,False
N19,E615,E822,False
N19,E615,E838,False
N19,E615,E979,False
N19,E616,E849,False
N19,E617,E869,False
N19,E617,E876,True
N19,E618,E832,False
N19,E618,E889,False
N19,E618,E948,True
N19,E618,E957,True
N19,E620,E813,True
N19,E620,E820,False
N19,E620,E876,False
N19,E620,E924,False
N19,E620,E965,True
N19,E621,E805,False
N19,E621,E921,False
N19,E621,E925,False
N19,E622,E974,False
N19,E623,E953,False
N19,E623,E994,False
N19,E624,E879,False
N19,E624,E941,False
N19,E625,E800,False
N19,E625,E835,True
N19,E625,E899,True
N19,E626,E888,False
N19,E627,E822,False
N19,E627,E843,True
N19,E627,E860,False
N19,E627,E886,False
N19,E627,E967,True
N19,E628,E804,True
N19,E628,E815,False
N19,E628,E872,False
N19,E628,E911,False
N19,E628,E933,True
N19,E629,E888,False
N19,E629,E967,False
N19,E630,E808,True
N19,E630,E819,False
N19,E630,E844,True
N19,E630,E964,False
N19,E630,E996,True
N19,E631,E937,False
N19,E631,E945,False
N19,E632,E837,False
N19,E632,E890,False
N19,E632,E957,False
N19,E632,E977,False
N19,E633,E858,False
N19,E633,E913,True
N19,E633,E963,True
N19,E633,E976,False
N19,E634,E822,True
N19,E634,E961,False
N19,E635,E858,True
N19,E635,E892,False
N19,E635,E902,False
N19,E635,E986,True
N19,E636,E865,False
N19,E636,E926,False
N19,E636,E964,False
N19,E637,E931,True
N19,E637,E943,False
N19,E637,E950,False
N19,E638,E909,False
N19,E638,E935,True
N19,E638,E989,False
N19,E639,E823,False
N19,E639,E945,True
N19,E639,E988,False
N19,E640,E989,True
N19,E641,E874,True
N19,E642,E838,False
N19,E642,E931,False
N19,E642,E962,False
N19,E643,E983,False
N19,E644,E800,False
N19,E644,E991,True
N19,E645,E937,True
N19,E645,E943,True
N19,E645,E944,False
N19,E645,E980,True
N19,E645,E987,False
N19,E646,E873,True
N19,E646,E880,False
N19,E646,E884,True
N19,E646,E896,False
N19,E647,E807,False
N19,E647,E868,False
N19,E647,E869,False
N19,E647,E921,True
N19,E648,E813,False
N19,E648,E833,False
N19,E648,E845,True
N19,E648,E995,False
N19,E649,E813,False
N19,E649,E852,True
N19,E649,E881,True
N19,E650,E969,True
N19,E651,E855,True
N19,E651,E860,False
N19,E652,E865,True
N19,E652,E941,False
N19,E653,E838,False
N19,E653,E999,True
N19,E654,E914,False
N19,E654,E926,True
N19,E655,E814,True
N19,E655,E831,True
N19,E655,E877,False
N19,E655,E932,True
N19,E656,E826,True
N19,E656,E857,True
N19,E656,E867,False
N19,E656,E999,False
N19,E657,E870,True
N19,E657,E975,False
N19,E658,E824,False
N19,E658,E845,False
N19,E659,E915,True
N19,E659,E953,False
N19,E660,E883,True
N19,E660,E952,True
N19,E661,E821,False
N19,E661,E940,False
N19,E661,E958,True
N19,E661,E976,True
N19,E661,E991,False
N19,E662,E833,False
N19,E662,E860,True
N19,E663,E800,False
N19,E663,E923,False
N19,E663,E955,False
N19,E664,E826,False
N19,E664,E919,True
N19,E665,E844,False
N19,E665,E892,False
N19,E665,E935,False
N19,E665,E942,True
N19,E668,E802,True
N19,E668,E810,False
N19,E668,E886,False
N19,E668,E951,False
N19,E670,E803,True
N19,E670,E948,False
N19,E671,E811,False
N19,E671,E866,False
N19,E672,E816,False
N19,E672,E894,True
N19,E672,E907,False
N19,E672,E909,True
N19,E672,E920,False
N19,E672,E948,False
N19,E673,E853,False
N19,E674,E811,True
N19,E674,E904,True
N19,E674,E988,True
N19,E675,E809,False
N19,E675,E895,True
N19,E675,E925,False
N19,E675,E956,True
N19,E675,E960,False
N19,E676,E970,False
N19,E677,E846,False
N19,E677,E891,False
N19,E677,E915,False
N19,E677,E939,False
N19,E677,E996,False
N19,E678,E837,False
N19,E678,E854,True
N19,E678,E898,False
N19,E678,E949,False
N19,E678,E981,False
N19,E680,E885,False
N19,E680,E912,False
N19,E680,E954,False
N19,E680,E982,True
N19,E681,E824,True
N19,E681,E837,False
N19,E681,E958,False
N19,E682,E807,False
N19,E682,E889,False
N19,E682,E963,False
N19,E682,E983,False
N19,E683,E889,False
N19,E683,E897,False
N19,E683,E991,False
N19,E683,E993,False
N19,E684,E820,True
N19,E684,E839,False
N19,E684,E968,False
N19,E684,E985,True
N19,E685,E817,True
N19,E685,E977,False
N19,E685,E978,True
N19,E686,E856,False
N19,E686,E960,True
N19,E686,E996,False
N19,E687,E863,False
N19,E687,E894,False
N19,E687,E901,False
N19,E687,E972,False
N19,E688,E870,False
N19,E688,E959,False
N19,E689,E894,False
N19,E689,E912,False
N19,E689,E959,True
N19,E690,E995,True
N19,E691,E818,True
N19,E691,E846,True
N19,E691,E892,True
N19,E691,E915,False
N19,E691,E916,True
N19,E692,E821,False
N19,E692,E829,False
N19,E692,E861,True
N19,E692,E934,False
N19,E692,E944,True
N19,E693,E839,True
N19,E693,E975,True
N19,E694,E866,True
N19,E695,E949,True
N19,E696,E871,True
N19,E697,E805,False
N19,E698,E830,True
N19,E698,E854,False
N19,E698,E898,True
N19,E698,E992,False
N19,E699,E832,False
N19,E699,E919,False
N19,E699,E933,False
N19,E699,E946,True
N19,E699,E950,True
N19,E700,E833,False
N19,E700,E852,False
N19,E700,E873,False
N19,E700,E900,False
N19,E700,E986,False
N19,E701,E808,False
N19,E701,E835,False
N19,E701,E950,False
N19,E701,E978,False
N19,E702,E810,False
N19,E702,E882,True
N19,E703,E917,False
N19,E703,E938,False
N19,E703,E998,False
N19,E704,E810,True
N19,E704,E890,True
N19,E704,E903,True
N19,E704,E973,False
N19,E704,E983,True
N19,E704,E995,False
N19,E705,E812,False
N19,E705,E887,False
N19,E705,E921,False
N19,E705,E934,False
N19,E706,E871,False
N19,E706,E909,False
N19,E706,E923,False
N19,E706,E953,True
N19,E707,E823,True
N19,E707,E850,False
N19,E707,E979,False
N19,E708,E840,True
N19,E708,E875,True
N19,E708,E938,False
N19,E708,E965,False
N19,E709,E973,True
N19,E709,E980,False
N19,E710,E816,False
N19,E710,E897,True
N19,E710,E934,True
N19,E711,E888,True
N19,E711,E913,False
N19,E711,E955,False
N19,E712,E807,True
N19,E712,E812,True
N19,E712,E962,False
N19,E712,E964,True
N19,E713,E883,False
N19,E713,E886,True
N19,E714,E817,False
N19,E714,E849,False
N19,E714,E877,False
N19,E714,E943,False
N19,E715,E806,True
N19,E715,E869,False
N19,E715,E970,False
N19,E716,E899,False
N19,E716,E905,True
N19,E717,E853,True
N19,E717,E856,False
N19,E717,E971,True
N19,E718,E934,False
N19,E718,E945,False
N19,E718,E959,False
N19,E718,E960,False
N19,E718,E997,False
N19,E719,E847,False
N19,E719,E879,False
N19,E719,E895,False
N19,E719,E920,True
N19,E719,E930,True
N19,E719,E967,False
N19,E719,E970,True
N19,E719,E973,False
N19,E720,E878,False
N19,E721,E809,True
N19,E721,E848,True
N19,E721,E903,False
N19,E722,E882,False
N19,E723,E832,True
N19,E724,E855,False
N19,E724,E887,True
N19,E724,E931,False
N19,E725,E818,False
N19,E725,E831,False
N19,E726,E830,False
N19,E726,E857,False
N19,E726,E872,True
N19,E726,E937,False
N19,E726,E954,False
N19,E726,E982,False
N19,E727,E803,False
N19,E727,E851,False
N19,E727,E869,True
N19,E727,E880,False
N19,E727,E905,False
N19,E727,E907,True
N19,E727,E918,False
N19,E728,E846,False
N19,E728,E910,False
N19,E729,E850,True
N19,E729,E858,False
N19,E730,E893,True
N19,E730,E977,True
N19,E730,E998,True
N19,E731,E914,True
N19,E731,E983,False
N19,E732,E842,False
N19,E732,E867,False
N19,E732,E902,False
N19,E733,E815,True
N19,E733,E911,False
N19,E733,E920,False
N19,E733,E922,False
N19,E733,E923,False
N19,E734,E878,True
N19,E734,E941,True
N19,E735,E809,False
N19,E735,E840,False
N19,E735,E966,True
N19,E736,E926,False
N19,E736,E928,False
N19,E736,E942,False
N19,E736,E951,False
N19,E738,E846,False
N19,E738,E856,True
N19,E738,E945,False
N19,E739,E922,False
N19,E739,E937,False
N19,E740,E801,False
N19,E740,E805,False
N19,E740,E842,True
N19,E740,E916,False
N19,E740,E972,False
N19,E741,E807,False
N19,E741,E997,True
N19,E742,E862,True
N19,E743,E816,False
N19,E743,E865,False
N19,E743,E873,False
N19,E743,E874,False
N19,E743,E969,False
N19,E744,E874,False
N19,E745,E836,False
N19,E745,E880,False
N19,E745,E966,False
N19,E745,E987,True
N19,E746,E806,False
N19,E746,E819,False
N19,E746,E864,False
N19,E746,E881,False
N19,E747,E893,False
N19,E747,E927,True
N19,E747,E972,False
N19,E747,E984,True
N19,E747,E999,False
N19,E748,E992,True
N19,E749,E833,True
N19,E749,E893,False
N19,E751,E827,True
N19,E751,E884,False
N19,E752,E857,False
N19,E753,E867,True
N19,E753,E987,False
N19,E754,E818,False
N19,E754,E853,False
N19,E754,E917,True
N19,E754,E932,False
N19,E754,E993,True
N19,E755,E818,False
N19,E755,E825,False
N19,E755,E828,False
N19,E755,E880,True
N19,E755,E904,False
N19,E755,E936,True
N19,E755,E939,True
N19,E755,E942,False
N19,E755,E959,False
N19,E755,E998,False
N19,E756,E828,True
N19,E756,E847,True
N19,E756,E896,True
N19,E756,E925,True
N19,E756,E989,False
N19,E757,E881,False
N19,E758,E929,False
N19,E758,E971,False
N19,E759,E902,False
N19,E760,E803,False
N19,E760,E805,True
N19,E760,E829,True
N19,E760,E864,True
N19,E761,E876,False
N19,E761,E904,False
N19,E761,E911,True
N19,E762,E896,False
N19,E762,E990,True
N19,E763,E800,True
N19,E763,E822,False
N19,E764,E875,False
N19,E764,E901,False
N19,E764,E946,False
N19,E764,E966,False
N19,E765,E830,False
N19,E765,E838,True
N19,E765,E938,False
N19,E766,E814,False
N19,E766,E829,False
N19,E767,E863,True
N19,E768,E804,False
N19,E768,E898,False
N19,E768,E924,True
N19,E768,E947,True
N19,E768,E979,True
N19,E769,E843,False
N19,E769,E981,True
N19,E770,E958,False
N19,E771,E943,False
N19,E772,E855,False
N19,E772,E908,False
N19,E772,E910,True
N19,E772,E938,True
N19,E772,E956,False
N19,E772,E958,False
N19,E774,E834,True
N19,E774,E918,False
N19,E774,E923,True
N19,E775,E802,False
N19,E775,E979,False
N19,E776,E840,False
N19,E776,E941,False
N19,E777,E836,True
N19,E777,E908,True
N19,E777,E947,False
N19,E778,E834,False
N19,E778,E885,False
N19,E778,E889,True
N19,E778,E985,False
N19,E779,E819,True
N19,E780,E844,False
N19,E780,E862,False
N19,E780,E901,True
N19,E780,E924,False
N19,E780,E984,False
N19,E781,E899,False
N19,E781,E962,True
N19,E782,E816,True
N19,E782,E879,True
N19,E783,E893,False
N19,E783,E898,False
N19,E783,E954,True
N19,E783,E968,True
N19,E783,E972,True
N19,E784,E847,False
N19,E784,E952,False
N19,E784,E995,False
N19,E785,E821,True
N19,E785,E829,False
N19,E786,E940,False
N19,E787,E837,True
N19,E787,E884,False
N19,E788,E841,True
N19,E788,E842,False
N19,E788,E918,True
N19,E789,E815,False
N19,E789,E839,False
N19,E789,E902,True
N19,E789,E922,True
N19,E789,E927,False
N19,E789,E951,True
N19,E790,E881,False
N19,E790,E929,True
N19,E790,E949,False
N19,E791,E897,False
N19,E791,E910,False
N19,E791,E977,False
N19,E791,E986,False
N19,E792,E901,False
N19,E792,E936,False
N19,E792,E961,False
N19,E792,E980,False
N19,E792,E984,False
N19,E793,E841,False
N19,E793,E930,False
N19,E793,E942,False
N19,E794,E928,True
N19,E795,E851,True
N19,E795,E948,False
N19,E795,E961,False
N19,E796,E866,False
N19,E796,E877,False
N19,E796,E912,True
N19,E796,E940,True
N19,E797,E809,False
N19,E797,E861,False
N19,E797,E891,True
N19,E797,E897,False
N19,E797,E918,False
N19,E797,E931,False
N19,E798,E875,False
N19,E798,E878,False
N19,E798,E919,False
N19,E798,E924,False
N19,E798,E989,False
N19,E799,E848,False
N19,E799,E858,False
N19,E799,E888,False
N19,E799,E925,False
N19,E799,E961,True
N19,E799,E966,False
N20,E000,E210,True
N20,E000,E254,True
N20,E000,E261,False
N20,E000,E279,False
N20,E000,E318,False
N20,E000,E344,False
N20,E000,E355,False
N20,E001,E238,False
N20,E001,E360,False
N20,E002,E273,False
N20,E002,E350,False
N20,E002,E361,False
N20,E002,E377,False
N20,E003,E200,True
N20,E003,E249,False
N20,E003,E277,False
N20,E003,E307,True
N20,E003,E349,False
N20,E004,E298,True
N20,E004,E313,True
N20,E005,E234,True
N20,E005,E237,False
N20,E005,E331,False
N20,E005,E340,False
N20,E005,E346,False
N20,E005,E375,False
N20,E006,E375,True
N20,E006,E379,False
N20,E007,E270,False
N20,E007,E337,True
N20,E007,E395,True
N20,E008,E228,False
N20,E008,E233,True
N20,E009,E353,True
N20,E009,E370,False
N20,E009,E390,False
N20,E010,E217,True
N20,E010,E223,True
N20,E011,E210,False
N20,E011,E236,True
N20,E011,E239,True
N20,E011,E266,False
N20,E011,E292,False
N20,E012,E207,False
N20,E012,E242,False
N20,E012,E249,True
N20,E012,E258,True
N20,E012,E280,False
N20,E013,E215,False
N20,E013,E227,False
N20,E014,E246,False
N20,E014,E336,True
N20,E014,E343,True
N20,E014,E366,False
N20,E014,E382,False
N20,E015,E269,True
N20,E016,E250,False
N20,E016,E293,False
N20,E016,E354,False
N20,E016,E366,True
N20,E017,E340,True
N20,E017,E346,False
N20,E018,E213,True
N20,E018,E332,True
N20,E019,E357,False
N20,E020,E314,True
N20,E020,E329,False
N20,E021,E220,True
N20,E021,E227,False
N20,E021,E231,True
N20,E021,E235,True
N20,E021,E298,False
N20,E021,E337,False
N20,E021,E350,False
N20,E022,E246,True
N20,E022,E274,False
N20,E022,E292,False
N20,E023,E249,False
N20,E023,E380,False
N20,E024,E205,True
N20,E024,E260,True
N20,E024,E381,False
N20,E024,E396,False
N20,E025,E201,False
N20,E025,E286,True
N20,E025,E295,True
N20,E025,E345,False
N20,E026,E206,False
N20,E026,E214,True
N20,E026,E215,False
N20,E026,E216,False
N20,E026,E284,False
N20,E026,E302,True
N20,E026,E336,False
N20,E026,E370,False
N20,E027,E218,False
N20,E027,E266,True
N20,E027,E305,False
N20,E028,E277,True
N20,E028,E311,False
N20,E028,E339,False
N20,E029,E243,False
N20,E029,E298,False
N20,E029,E325,False
N20,E030,E210,False
N20,E030,E351,False
N20,E031,E224,False
N20,E031,E295,False
N20,E031,E342,True
N20,E032,E250,True
N20,E032,E268,False
N20,E032,E317,True
N20,E032,E342,False
N20,E033,E232,False
N20,E033,E299,False
N20,E034,E268,False
N20,E034,E317,False
N20,E034,E341,True
N20,E035,E215,True
N20,E035,E282,False
N20,E035,E283,True
N20,E035,E327,False
N20,E035,E358,True
N20,E036,E251,True
N20,E036,E348,False
N20,E036,E392,True
N20,E037,E275,False
N20,E037,E357,True
N20,E038,E225,False
N20,E038,E272,False
N20,E038,E278,False
N20,E038,E305,False
N20,E038,E342,False
N20,E038,E352,True
N20,E039,E247,False
N20,E039,E251,False
N20,E039,E263,True
N20,E039,E306,False
N20,E039,E334,False
N20,E039,E339,False
N20,E040,E211,False
N20,E040,E328,True
N20,E040,E345,False
N20,E040,E383,True
N20,E041,E270,False
N20,E041,E377,True
N20,E042,E237,True
N20,E042,E325,True
N20,E042,E331,False
N20,E042,E383,False
N20,E043,E256,False
N20,E043,E279,False
N20,E043,E301,True
N20,E043,E309,True
N20,E044,E289,False
N20,E045,E219,False
N20,E045,E285,True
N20,E045,E326,False
N20,E045,E364,True
N20,E046,E286,False
N20,E046,E288,True
N20,E046,E315,True
N20,E046,E316,False
N20,E047,E304,True
N20,E047,E317,False
N20,E047,E371,False
N20,E048,E311,True
N20,E049,E209,True
N20,E049,E241,False
N20,E049,E353,False
N20,E050,E300,True
N20,E050,E391,False
N20,E051,E285,False
N20,E051,E290,True
N20,E051,E353,False
N20,E051,E396,True
N20,E052,E219,True
N20,E052,E291,False
N20,E052,E388,False
N20,E053,E221,False
N20,E054,E389,False
N20,E055,E326,True
N20,E056,E280,True
N20,E056,E325,False
N20,E056,E352,False
N20,E056,E358,False
N20,E057,E205,False
N20,E057,E223,False
N20,E057,E229,True
N20,E057,E333,False
N20,E057,E387,False
N20,E058,E203,False
N20,E058,E278,True
N20,E058,E284,False
N20,E058,E372,True
N20,E059,E286,False
N20,E060,E212,True
N20,E060,E262,False
N20,E060,E323,False
N20,E060,E380,False
N20,E061,E248,False
N20,E061,E351,False
N20,E062,E306,False
N20,E062,E321,True
N20,E063,E303,False
N20,E064,E211,True
N20,E064,E236,False
N20,E064,E339,False
N20,E065,E264,True
N20,E065,E272,False
N20,E066,E205,False
N20,E066,E230,False
N20,E066,E238,False
N20,E066,E279,True
N20,E067,E261,True
N20,E067,E262,False
N20,E067,E307,False
N20,E067,E330,False
N20,E067,E365,False
N20,E068,E269,False
N20,E068,E379,False
N20,E070,E230,True
N20,E070,E244,False
N20,E070,E252,False
N20,E070,E263,False
N20,E071,E241,False
N20,E071,E264,False
N20,E071,E280,False
N20,E071,E381,False
N20,E072,E273,True
N20,E072,E322,True
N20,E072,E336,False
N20,E072,E365,False
N20,E073,E220,False
N20,E073,E246,False
N20,E073,E369,False
N20,E074,E248,False
N20,E074,E251,False
N20,E074,E302,False
N20,E075,E399,False
N20,E077,E247,False
N20,E077,E250,False
N20,E077,E287,True
N20,E077,E290,False
N20,E077,E368,False
N20,E078,E216,True
N20,E078,E389,True
N20,E079,E303,True
N20,E079,E314,False
N20,E081,E238,True
N20,E082,E294,True
N20,E083,E248,True
N20,E083,E249,False
N20,E083,E256,False
N20,E083,E302,False
N20,E084,E236,False
N20,E084,E297,True
N20,E085,E200,False
N20,E085,E265,False
N20,E085,E316,False
N20,E086,E308,False
N20,E087,E240,False
N20,E087,E268,False
N20,E087,E374,True
N20,E087,E380,True
N20,E088,E224,False
N20,E088,E256,True
N20,E088,E362,True
N20,E089,E207,False
N20,E089,E230,False
N20,E089,E282,True
N20,E089,E334,False
N20,E090,E354,True
N20,E091,E247,False
N20,E091,E298,False
N20,E091,E384,False
N20,E092,E271,False
N20,E092,E332,False
N20,E093,E202,True
N20,E093,E349,False
N20,E094,E310,True
N20,E094,E327,False
N20,E095,E246,False
N20,E095,E338,True
N20,E096,E204,False
N20,E096,E265,True
N20,E096,E323,True
N20,E097,E255,False
N20,E097,E257,True
N20,E097,E306,True
N20,E098,E244,True
N20,E098,E276,True
N20,E098,E335,True
N20,E098,E382,False
N20,E099,E204,False
N20,E099,E229,False
N20,E099,E242,False
N20,E099,E271,False
N20,E099,E338,False
N20,E100,E313,False
N20,E101,E311,False
N20,E101,E374,False
N20,E102,E213,False
N20,E102,E272,False
N20,E102,E337,False
N20,E103,E333,False
N20,E103,E385,True
N20,E104,E207,False
N20,E104,E213,False
N20,E104,E269,False
N20,E104,E318,True
N20,E104,E382,True
N20,E104,E397,False
N20,E105,E262,False
N20,E105,E343,False
N20,E106,E230,False
N20,E107,E219,False
N20,E107,E312,False
N20,E107,E369,False
N20,E107,E396,False
N20,E108,E271,True
N20,E108,E316,True
N20,E108,E349,False
N20,E108,E396,False
N20,E108,E399,True
N20,E109,E234,False
N20,E109,E259,True
N20,E109,E287,False
N20,E110,E399,False
N20,E111,E214,False
N20,E111,E228,False
N20,E112,E221,False
N20,E112,E260,False
N20,E112,E329,False
N20,E112,E365,False
N20,E113,E208,False
N20,E113,E231,False
N20,E113,E354,False
N20,E113,E368,False
N20,E114,E202,False
N20,E114,E216,False
N20,E114,E296,False
N20,E114,E342,False
N20,E114,E390,False
N20,E115,E242,True
N20,E115,E289,True
N20,E116,E266,False
N20,E116,E284,True
N20,E116,E319,False
N20,E116,E325,False
N20,E116,E354,False
N20,E116,E378,False
N20,E116,E380,False
N20,E117,E225,True
N20,E117,E272,True
N20,E117,E284,False
N20,E117,E320,False
N20,E117,E394,False
N20,E118,E276,False
N20,E118,E395,False
N20,E118,E397,True
N20,E118,E398,False
N20,E119,E221,False
N20,E119,E234,False
N20,E119,E257,False
N20,E119,E310,False
N20,E119,E311,False
N20,E120,E209,False
N20,E120,E369,True
N20,E121,E239,False
N20,E121,E285,False
N20,E122,E226,False
N20,E122,E232,False
N20,E122,E252,True
N20,E123,E297,False
N20,E124,E228,True
N20,E124,E270,True
N20,E125,E319,True
N20,E125,E359,True
N20,E125,E366,False
N20,E125,E384,True
N20,E126,E242,False
N20,E126,E307,False
N20,E126,E309,False
N20,E126,E315,False
N20,E126,E320,True
N20,E126,E390,False
N20,E127,E213,False
N20,E127,E363,True
N20,E128,E293,True
N20,E128,E388,True
N20,E129,E217,False
N20,E129,E341,False
N20,E131,E227,False
N20,E132,E221,True
N20,E132,E245,True
N20,E132,E255,True
N20,E132,E362,False
N20,E132,E386,True
N20,E133,E356,True
N20,E134,E208,True
N20,E134,E253,False
N20,E134,E303,False
N20,E134,E381,True
N20,E134,E398,True
N20,E135,E203,True
N20,E135,E212,False
N20,E135,E347,False
N20,E136,E291,False
N20,E136,E297,False
N20,E136,E333,True
N20,E136,E365,True
N20,E136,E367,True
N20,E136,E378,True
N20,E137,E201,True
N20,E138,E203,False
N20,E139,E204,True
N20,E139,E232,True
N20,E139,E324,True
N20,E139,E364,False
N20,E139,E393,True
N20,E141,E270,False
N20,E141,E304,False
N20,E141,E307,False
N20,E141,E344,True
N20,E141,E363,False
N20,E142,E206,True
N20,E142,E348,False
N20,E143,E252,False
N20,E143,E257,False
N20,E143,E283,False
N20,E143,E351,False
N20,E143,E361,True
N20,E144,E237,False
N20,E144,E253,True
N20,E144,E349,True
N20,E144,E388,False
N20,E145,E224,False
N20,E145,E385,False
N20,E146,E222,False
N20,E146,E274,True
N20,E146,E356,False
N20,E147,E217,False
N20,E147,E267,True
N20,E147,E312,True
N20,E147,E371,False
N20,E148,E254,False
N20,E148,E268,True
N20,E148,E275,True
N20,E148,E296,True
N20,E148,E389,False
N20,E149,E296,False
N20,E149,E370,True
N20,E150,E331,True
N20,E151,E355,True
N20,E152,E291,True
N20,E153,E222,True
N20,E153,E235,False
N20,E153,E238,False
N20,E153,E353,False
N20,E153,E379,False
N20,E154,E211,False
N20,E154,E277,False
N20,E154,E387,False
N20,E155,E348,True
N20,E156,E299,True
N20,E156,E351,True
N20,E157,E373,True
N20,E158,E231,False
N20,E158,E271,False
N20,E158,E371,False
N20,E159,E285,False
N20,E159,E339,True
N20,E159,E350,False
N20,E159,E390,True
N20,E160,E288,False
N20,E160,E324,False
N20,E161,E326,False
N20,E161,E359,False
N20,E161,E394,False
N20,E162,E300,False
N20,E162,E304,False
N20,E162,E334,True
N20,E163,E227,True
N20,E163,E232,False
N20,E163,E243,True
N20,E163,E254,False
N20,E164,E277,False
N20,E164,E297,False
N20,E164,E347,True
N20,E164,E386,False
N20,E165,E340,False
N20,E165,E379,True
N20,E166,E215,False
N20,E166,E329,False
N20,E166,E346,True
N20,E167,E207,True
N20,E167,E209,False
N20,E167,E368,True
N20,E168,E233,False
N20,E169,E269,False
N20,E169,E301,False
N20,E169,E394,True
N20,E170,E323,False
N20,E171,E226,True
N20,E171,E240,True
N20,E171,E330,False
N20,E171,E375,False
N20,E172,E309,False
N20,E172,E323,False
N20,E172,E345,True
N20,E173,E203,False
N20,E173,E228,False
N20,E173,E261,False
N20,E173,E263,False
N20,E173,E295,False
N20,E173,E350,True
N20,E173,E362,False
N20,E173,E392,False
N20,E174,E367,False
N20,E175,E267,False
N20,E176,E241,True
N20,E176,E302,False
N20,E177,E320,False
N20,E177,E324,False
N20,E178,E240,False
N20,E178,E247,True
N20,E178,E306,False
N20,E178,E362,False
N20,E178,E370,False
N20,E179,E329,True
N20,E179,E333,False
N20,E179,E369,False
N20,E180,E265,False
N20,E181,E218,True
N20,E181,E259,False
N20,E182,E218,False
N20,E182,E286,False
N20,E182,E308,True
N20,E182,E337,False
N20,E182,E360,True
N20,E182,E387,True
N20,E183,E328,False
N20,E183,E331,False
N20,E183,E363,False
N20,E184,E281,False
N20,E184,E293,False
N20,E184,E322,False
N20,E185,E259,False
N20,E185,E292,True
N20,E185,E330,True
N20,E185,E344,False
N20,E185,E376,False
N20,E185,E394,False
N20,E186,E224,True
N20,E186,E241,False
N20,E186,E265,False
N20,E186,E334,False
N20,E186,E376,True
N20,E187,E322,False
N20,E188,E257,False
N20,E188,E263,False
N20,E188,E327,False
N20,E188,E340,False
N20,E189,E364,False
N20,E189,E373,False
N20,E190,E245,False
N20,E190,E256,False
N20,E190,E372,False
N20,E191,E218,False
N20,E191,E254,False
N20,E191,E267,False
N20,E191,E281,True
N20,E192,E262,True
N20,E192,E282,False
N20,E192,E283,False
N20,E192,E327,True
N20,E192,E335,False
N20,E192,E384,False
N20,E193,E294,False
N20,E193,E305,True
N20,E193,E314,False
N20,E193,E341,False
N20,E193,E367,False
N20,E193,E371,True
N20,E193,E383,False
N20,E194,E236,False
N20,E194,E381,False
N20,E194,E383,False
N20,E195,E255,False
N20,E195,E296,False
N20,E196,E258,False
N20,E196,E367,False
N20,E197,E348,False
N20,E197,E372,False
N20,E197,E391,True
N20,E197,E393,False
N20,E198,E206,False
N20,E198,E392,False
N20,E199,E259,False
N20,E199,E321,False
N20,E200,E439,False
N20,E200,E469,False
N20,E200,E504,False
N20,E200,E532,True
N20,E200,E593,False
N20,E201,E446,False
N20,E201,E477,False
N20,E201,E527,False
N20,E201,E562,False
N20,E201,E567,True
N20,E202,E440,False
N20,E202,E442,True
N20,E202,E505,True
N20,E202,E511,False
N20,E202,E544,False
N20,E203,E412,False
N20,E203,E416,True
N20,E203,E489,False
N20,E203,E513,True
N20,E203,E543,False
N20,E203,E569,False
N20,E204,E410,False
N20,E204,E475,False
N20,E204,E528,False
N20,E205,E562,False
N20,E205,E583,False
N20,E206,E520,True
N20,E206,E532,False
N20,E207,E552,False
N20,E207,E553,False
N20,E208,E536,False
N20,E208,E553,False
N20,E208,E561,False
N20,E208,E581,False
N20,E209,E430,True
N20,E209,E486,False
N20,E209,E503,False
N20,E209,E561,False
N20,E210,E426,True
N20,E211,E410,True
N20,E211,E443,False
N20,E211,E473,False
N20,E211,E474,False
N20,E213,E415,True
N20,E213,E446,True
N20,E214,E400,False
N20,E214,E420,True
N20,E214,E525,False
N20,E214,E581,False
N20,E214,E597,True
N20,E215,E415,False
N20,E215,E488,False
N20,E216,E459,True
N20,E216,E532,False
N20,E216,E576,False
N20,E217,E411,False
N20,E217,E451,False
N20,E217,E543,False
N20,E217,E544,True
N20,E218,E428,False
N20,E218,E506,True
N20,E218,E521,False
N20,E218,E533,False
N20,E218,E587,False
N20,E219,E437,True
N20,E219,E494,True
N20,E220,E452,True
N20,E220,E518,True
N20,E220,E589,True
N20,E221,E509,False
N20,E221,E550,False
N20,E221,E551,True
N20,E222,E402,False
N20,E222,E443,True
N20,E222,E554,False
N20,E223,E527,False
N20,E223,E536,True
N20,E224,E413,True
N20,E224,E510,True
N20,E225,E547,False
N20,E226,E405,True
N20,E226,E434,False
N20,E226,E502,True
N20,E226,E506,False
N20,E226,E594,True
N20,E227,E571,False
N20,E227,E575,False
N20,E228,E404,True
N20,E228,E441,False
N20,E228,E489,False
N20,E228,E499,False
N20,E228,E514,True
N20,E228,E562,True
N20,E229,E448,False
N20,E229,E468,False
N20,E230,E419,False
N20,E230,E431,True
N20,E231,E412,True
N20,E231,E566,False
N20,E232,E419,True
N20,E232,E430,False
N20,E233,E455,False
N20,E233,E467,False
N20,E233,E498,False
N20,E233,E524,False
N20,E233,E537,False
N20,E233,E580,False
N20,E233,E595,True
N20,E234,E424,True
N20,E234,E488,True
N20,E234,E531,False
N20,E235,E481,False
N20,E235,E494,False
N20,E236,E421,False
N20,E236,E475,True
N20,E236,E483,False
N20,E237,E408,False
N20,E237,E434,False
N20,E238,E403,True
N20,E238,E514,False
N20,E238,E530,False
N20,E239,E420,False
N20,E239,E422,True
N20,E239,E481,True
N20,E239,E533,False
N20,E239,E564,False
N20,E240,E447,False
N20,E241,E548,False
N20,E242,E452,False
N20,E242,E461,False
N20,E244,E435,False
N20,E244,E465,False
N20,E244,E515,False
N20,E244,E551,False
N20,E245,E490,False
N20,E245,E540,False
N20,E246,E475,False
N20,E247,E404,False
N20,E248,E476,True
N20,E248,E481,False
N20,E248,E564,True
N20,E249,E462,False
N20,E249,E534,False
N20,E249,E599,True
N20,E250,E458,False
N20,E250,E472,True
N20,E250,E486,False
N20,E250,E495,True
N20,E250,E524,True
N20,E252,E456,False
N20,E252,E489,True
N20,E252,E540,True
N20,E253,E545,False
N20,E254,E417,False
N20,E255,E460,True
N20,E255,E514,False
N20,E256,E575,True
N20,E257,E409,False
N20,E257,E449,False
N20,E257,E456,False
N20,E257,E498,True
N20,E257,E505,False
N20,E258,E425,False
N20,E258,E453,True
N20,E258,E492,False
N20,E258,E536,False
N20,E258,E597,False
N20,E258,E599,False
N20,E259,E448,True
N20,E259,E534,False
N20,E259,E538,False
N20,E260,E577,False
N20,E261,E548,True
N20,E262,E404,False
N20,E262,E427,True
N20,E262,E484,False
N20,E262,E487,False
N20,E262,E503,False
N20,E263,E490,False
N20,E263,E503,False
N20,E264,E438,False
N20,E264,E480,False
N20,E264,E523,True
N20,E264,E544,False
N20,E264,E548,False
N20,E264,E568,True
N20,E265,E404,False
N20,E265,E435,True
N20,E266,E423,False
N20,E266,E528,False
N20,E266,E531,True
N20,E267,E447,False
N20,E267,E469,False
N20,E267,E574,False
N20,E268,E450,False
N20,E268,E463,True
N20,E268,E492,True
N20,E268,E506,False
N20,E268,E517,True
N20,E268,E541,False
N20,E269,E530,False
N20,E269,E557,False
N20,E270,E418,True
N20,E270,E578,False
N20,E270,E592,False
N20,E271,E478,False
N20,E271,E481,False
N20,E272,E519,False
N20,E272,E525,False
N20,E273,E534,False
N20,E273,E547,True
N20,E273,E554,True
N20,E273,E572,True
N20,E273,E595,False
N20,E274,E436,True
N20,E274,E454,False
N20,E274,E549,False
N20,E275,E401,True
N20,E275,E439,True
N20,E275,E445,False
N20,E275,E535,False
N20,E276,E453,False
N20,E277,E448,False
N20,E277,E527,True
N20,E277,E555,False
N20,E278,E461,False
N20,E278,E596,True
N20,E279,E406,False
N20,E279,E537,True
N20,E279,E582,True
N20,E280,E447,False
N20,E280,E473,False
N20,E280,E489,False
N20,E280,E507,False
N20,E280,E515,True
N20,E281,E501,True
N20,E281,E529,False
N20,E281,E591,False
N20,E282,E503,True
N20,E282,E529,False
N20,E282,E533,True
N20,E283,E434,False
N20,E283,E457,True
N20,E283,E470,False
N20,E283,E508,False
N20,E284,E435,False
N20,E284,E478,True
N20,E284,E573,True
N20,E285,E407,True
N20,E285,E510,False
N20,E286,E424,False
N20,E286,E435,False
N20,E286,E469,False
N20,E286,E502,False
N20,E286,E521,False
N20,E286,E584,False
N20,E287,E537,False
N20,E287,E559,False
N20,E288,E474,False
N20,E288,E493,False
N20,E289,E401,False
N20,E289,E550,True
N20,E290,E440,False
N20,E290,E518,False
N20,E290,E538,True
N20,E291,E405,False
N20,E291,E434,True
N20,E291,E460,False
N20,E292,E542,False
N20,E293,E408,True
N20,E293,E493,True
N20,E293,E495,False
N20,E294,E427,False
N20,E294,E468,True
N20,E294,E479,False
N20,E294,E566,False
N20,E294,E598,False
N20,E295,E464,True
N20,E295,E465,False
N20,E295,E564,False
N20,E295,E592,True
N20,E296,E473,False
N20,E297,E529,True
N20,E298,E406,True
N20,E298,E429,False
N20,E298,E539,False
N20,E299,E429,True
N20,E299,E438,True
N20,E299,E494,False
N20,E299,E558,True
N20,E300,E418,False
N20,E300,E467,True
N20,E300,E504,False
N20,E300,E544,False
N20,E300,E570,False
N20,E300,E599,False
N20,E301,E437,False
N20,E301,E499,False
N20,E302,E484,False
N20,E302,E569,True
N20,E303,E430,False
N20,E303,E436,False
N20,E303,E492,False
N20,E303,E495,False
N20,E303,E558,False
N20,E303,E576,False
N20,E304,E415,False
N20,E304,E421,False
N20,E305,E413,False
N20,E305,E442,False
N20,E305,E526,True
N20,E305,E535,False
N20,E305,E570,True
N20,E306,E441,True
N20,E306,E551,False
N20,E307,E513,False
N20,E307,E517,False
N20,E308,E519,False
N20,E308,E574,False
N20,E308,E584,False
N20,E309,E425,False
N20,E309,E557,False
N20,E310,E533,False
N20,E310,E556,False
N20,E311,E463,False
N20,E311,E507,True
N20,E311,E545,False
N20,E311,E563,False
N20,E311,E592,False
N20,E311,E597,False
N20,E312,E414,False
N20,E312,E504,True
N20,E313,E462,True
N20,E313,E490,False
N20,E313,E562,False
N20,E313,E578,True
N20,E313,E592,False
N20,E314,E400,True
N20,E314,E497,True
N20,E315,E417,False
N20,E315,E466,False
N20,E315,E472,False
N20,E315,E479,False
N20,E315,E535,True
N20,E315,E582,False
N20,E316,E471,False
N20,E316,E561,False
N20,E317,E468,False
N20,E317,E492,False
N20,E317,E555,False
N20,E317,E571,True
N20,E318,E409,True
N20,E318,E431,False
N20,E318,E445,True
N20,E318,E574,True
N20,E318,E596,False
N20,E319,E433,False
N20,E319,E459,False
N20,E319,E484,False
N20,E319,E505,False
N20,E320,E452,False
N20,E320,E519,True
N20,E321,E455,False
N20,E321,E512,False
N20,E321,E538,False
N20,E321,E585,False
N20,E322,E531,False
N20,E322,E579,False
N20,E322,E583,True
N20,E322,E584,True
N20,E323,E505,False
N20,E325,E477,True
N20,E325,E495,False
N20,E325,E518,False
N20,E326,E421,False
N20,E326,E429,False
N20,E327,E402,True
N20,E327,E414,True
N20,E327,E422,False
N20,E327,E464,False
N20,E327,E586,True
N20,E328,E408,False
N20,E328,E433,True
N20,E328,E470,True
N20,E328,E543,False
N20,E328,E561,True
N20,E330,E441,False
N20,E330,E454,False
N20,E330,E591,True
N20,E331,E447,True
N20,E331,E512,False
N20,E331,E591,False
N20,E331,E598,True
N20,E333,E402,False
N20,E333,E487,True
N20,E334,E552,False
N20,E334,E579,True
N20,E334,E585,False
N20,E334,E587,True
N20,E335,E451,True
N20,E335,E472,False
N20,E335,E473,True
N20,E335,E580,True
N20,E335,E585,False
N20,E336,E437,False
N20,E336,E590,False
N20,E337,E411,True
N20,E337,E454,False
N20,E337,E471,False
N20,E337,E480,True
N20,E337,E511,False
N20,E337,E526,False
N20,E338,E415,False
N20,E338,E418,False
N20,E338,E423,False
N20,E338,E546,True
N20,E338,E590,True
N20,E338,E598,False
N20,E339,E485,False
N20,E339,E497,False
N20,E339,E500,False
N20,E339,E523,False
N20,E340,E476,False
N20,E340,E482,True
N20,E341,E585,True
N20,E342,E463,False
N20,E343,E449,True
N20,E343,E516,True
N20,E343,E520,False
N20,E343,E542,True
N20,E344,E426,False
N20,E344,E428,False
N20,E344,E508,True
N20,E344,E509,False
N20,E344,E549,True
N20,E345,E486,True
N20,E345,E579,False
N20,E346,E421,True
N20,E346,E477,False
N20,E347,E440,True
N20,E347,E482,False
N20,E348,E406,False
N20,E348,E458,True
N20,E348,E469,True
N20,E349,E479,False
N20,E349,E500,True
N20,E349,E535,False
N20,E349,E566,True
N20,E350,E442,False
N20,E350,E464,False
N20,E350,E474,False
N20,E350,E543,True
N20,E350,E552,True
N20,E350,E560,True
N20,E350,E581,False
N20,E351,E491,False
N20,E351,E581,True
N20,E351,E587,False
N20,E351,E599,False
N20,E352,E466,True
N20,E352,E488,False
N20,E352,E541,True
N20,E353,E553,True
N20,E354,E461,False
N20,E355,E403,False
N20,E355,E444,False
N20,E355,E499,True
N20,E355,E548,False
N20,E355,E554,False
N20,E356,E557,False
N20,E357,E419,False
N20,E357,E456,True
N20,E357,E466,False
N20,E357,E594,False
N20,E358,E474,True
N20,E358,E545,True
N20,E358,E577,True
N20,E358,E589,False
N20,E359,E451,False
N20,E360,E491,True
N20,E360,E552,False
N20,E360,E555,True
N20,E360,E588,False
N20,E361,E431,False
N20,E361,E496,True
N20,E361,E556,True
N20,E361,E593,True
N20,E362,E524,False
N20,E362,E551,False
N20,E362,E557,True
N20,E363,E432,False
N20,E363,E454,True
N20,E363,E522,True
N20,E363,E538,False
N20,E364,E407,False
N20,E364,E438,False
N20,E364,E493,False
N20,E364,E571,False
N20,E365,E423,False
N20,E365,E439,False
N20,E366,E470,False
N20,E366,E506,False
N20,E366,E580,False
N20,E367,E512,False
N20,E368,E457,False
N20,E368,E527,False
N20,E368,E583,False
N20,E369,E500,False
N20,E369,E522,False
N20,E369,E588,True
N20,E370,E560,False
N20,E371,E517,False
N20,E371,E583,False
N20,E372,E419,False
N20,E372,E428,True
N20,E373,E432,True
N20,E373,E448,False
N20,E373,E455,True
N20,E374,E451,False
N20,E374,E452,False
N20,E374,E468,False
N20,E375,E400,False
N20,E375,E406,False
N20,E375,E409,False
N20,E375,E444,True
N20,E375,E573,False
N20,E376,E461,True
N20,E376,E508,False
N20,E377,E528,True
N20,E377,E542,False
N20,E377,E565,False
N20,E378,E496,False
N20,E378,E546,False
N20,E378,E577,False
N20,E379,E427,False
N20,E379,E511,True
N20,E380,E423,True
N20,E380,E507,False
N20,E380,E509,True
N20,E380,E563,True
N20,E382,E471,True
N20,E382,E494,False
N20,E382,E502,False
N20,E382,E577,False
N20,E383,E501,False
N20,E383,E567,False
N20,E384,E409,False
N20,E384,E458,False
N20,E384,E477,False
N20,E384,E532,False
N20,E385,E521,True
N20,E385,E526,False
N20,E385,E530,False
N20,E386,E417,True
N20,E386,E485,True
N20,E386,E512,True
N20,E386,E565,True
N20,E387,E437,False
N20,E387,E465,True
N20,E387,E484,True
N20,E387,E490,True
N20,E387,E530,True
N20,E387,E571,False
N20,E387,E576,True
N20,E388,E565,False
N20,E388,E569,False
N20,E389,E537,False
N20,E390,E436,False
N20,E390,E480,False
N20,E390,E487,False
N20,E390,E516,False
N20,E390,E525,False
N20,E390,E568,False
N20,E390,E575,False
N20,E390,E589,False
N20,E392,E416,False
N20,E392,E425,True
N20,E392,E572,False
N20,E392,E591,False
N20,E393,E450,True
N20,E393,E521,False
N20,E393,E525,True
N20,E393,E586,False
N20,E394,E488,False
N20,E395,E470,False
N20,E395,E534,True
N20,E395,E593,False
N20,E396,E426,False
N20,E396,E441,False
N20,E396,E446,False
N20,E396,E479,True
N20,E396,E483,True
N20,E396,E515,False
N20,E396,E539,True
N20,E396,E559,True
N20,E397,E413,False
N20,E397,E460,False
N20,E397,E598,False
N20,E398,E536,False
N20,E400,E616,False
N20,E400,E751,False
N20,E401,E674,False
N20,E401,E677,False
N20,E402,E635,False
N20,E403,E607,False
N20,E403,E670,True
N20,E403,E797,False
N20,E404,E639,True
N20,E404,E640,True
N20,E404,E748,False
N20,E404,E753,True
N20,E405,E664,True
N20,E405,E667,True
N20,E405,E709,False
N20,E405,E747,False
N20,E407,E641,True
N20,E407,E661,False
N20,E407,E682,True
N20,E408,E651,False
N20,E408,E744,False
N20,E408,E772,False
N20,E409,E689,False
N20,E409,E738,True
N20,E411,E604,False
N20,E411,E656,False
N20,E411,E736,True
N20,E411,E766,True
N20,E412,E609,True
N20,E412,E652,False
N20,E412,E681,False
N20,E412,E765,True
N20,E413,E617,False
N20,E413,E621,True
N20,E413,E720,False
N20,E413,E783,False
N20,E414,E628,False
N20,E414,E703,True
N20,E414,E755,False
N20,E415,E630,True
N20,E415,E702,True
N20,E416,E605,False
N20,E416,E717,False
N20,E416,E756,False
N20,E416,E785,False
N20,E417,E625,False
N20,E418,E633,False
N20,E418,E701,True
N20,E419,E642,False
N20,E419,E690,True
N20,E420,E603,False
N20,E420,E659,False
N20,E420,E697,False
N20,E420,E717,True
N20,E421,E731,False
N20,E421,E743,False
N20,E421,E788,False
N20,E421,E798,True
N20,E422,E723,False
N20,E422,E749,False
N20,E422,E760,True
N20,E423,E695,True
N20,E423,E725,True
N20,E423,E738,False
N20,E423,E749,True
N20,E423,E763,False
N20,E424,E625,False
N20,E424,E668,False
N20,E424,E725,False
N20,E424,E776,False
N20,E425,E612,False
N20,E425,E675,True
N20,E425,E684,False
N20,E426,E604,False
N20,E426,E623,True
N20,E426,E745,False
N20,E427,E613,True
N20,E427,E716,True
N20,E428,E614,False
N20,E428,E703,False
N20,E429,E711,True
N20,E429,E742,True
N20,E429,E794,False
N20,E430,E646,False
N20,E430,E723,False
N20,E430,E755,True
N20,E431,E676,False
N20,E431,E690,False
N20,E431,E696,True
N20,E431,E704,False
N20,E432,E635,True
N20,E432,E694,True
N20,E432,E722,False
N20,E432,E732,False
N20,E432,E753,False
N20,E434,E714,True
N20,E434,E790,False
N20,E435,E608,False
N20,E435,E747,True
N20,E435,E780,False
N20,E435,E796,True
N20,E436,E709,False
N20,E436,E799,True
N20,E437,E770,False
N20,E439,E728,False
N20,E439,E776,False
N20,E440,E767,True
N20,E441,E615,False
N20,E441,E661,True
N20,E441,E671,False
N20,E441,E727,True
N20,E441,E753,False
N20,E441,E796,False
N20,E442,E626,True
N20,E442,E693,False
N20,E442,E788,False
N20,E443,E648,False
N20,E443,E678,False
N20,E443,E790,True
N20,E444,E603,True
N20,E444,E614,False
N20,E444,E620,False
N20,E444,E639,False
N20,E444,E703,False
N20,E444,E722,False
N20,E444,E729,False
N20,E445,E768,False
N20,E446,E791,True
N20,E447,E608,True
N20,E447,E649,False
N20,E447,E686,False
N20,E447,E689,True
N20,E448,E691,False
N20,E448,E774,False
N20,E449,E649,False
N20,E449,E781,True
N20,E449,E786,False
N20,E450,E771,True
N20,E451,E679,False
N20,E452,E684,True
N20,E452,E724,False
N20,E452,E730,True
N20,E453,E707,True
N20,E454,E636,True
N20,E454,E683,False
N20,E454,E688,False
N20,E454,E775,True
N20,E454,E792,True
N20,E455,E619,False
N20,E455,E694,False
N20,E455,E733,False
N20,E455,E734,True
N20,E455,E757,False
N20,E456,E686,True
N20,E456,E727,False
N20,E456,E731,False
N20,E456,E734,False
N20,E456,E773,False
N20,E457,E604,True
N20,E457,E676,False
N20,E457,E698,False
N20,E457,E739,True
N20,E457,E756,True
N20,E458,E672,False
N20,E458,E678,True
N20,E459,E602,True
N20,E459,E610,False
N20,E459,E618,False
N20,E459,E624,False
N20,E459,E670,False
N20,E459,E780,True
N20,E460,E737,True
N20,E460,E795,False
N20,E460,E799,False
N20,E461,E615,False
N20,E461,E622,True
N20,E461,E629,False
N20,E461,E648,False
N20,E461,E667,False
N20,E461,E674,False
N20,E461,E726,False
N20,E461,E780,False
N20,E462,E632,False
N20,E462,E713,True
N20,E462,E751,False
N20,E463,E649,True
N20,E463,E665,True
N20,E463,E763,False
N20,E464,E729,False
N20,E464,E773,False
N20,E464,E782,False
N20,E465,E601,False
N20,E465,E632,True
N20,E466,E630,False
N20,E466,E706,True
N20,E466,E708,False
N20,E467,E662,False
N20,E467,E691,False
N20,E468,E612,True
N20,E468,E622,False
N20,E468,E651,False
N20,E468,E711,False
N20,E468,E742,False
N20,E468,E746,True
N20,E469,E649,False
N20,E469,E728,True
N20,E469,E764,False
N20,E470,E719,False
N20,E470,E773,False
N20,E471,E641,False
N20,E471,E653,False
N20,E471,E693,True
N20,E472,E628,False
N20,E472,E653,True
N20,E472,E728,False
N20,E473,E647,False
N20,E473,E747,False
N20,E473,E778,False
N20,E474,E637,True
N20,E474,E731,True
N20,E475,E761,True
N20,E475,E770,True
N20,E476,E743,False
N20,E476,E779,False
N20,E477,E600,False
N20,E477,E631,True
N20,E477,E638,False
N20,E477,E746,False
N20,E477,E779,True
N20,E478,E602,False
N20,E478,E774,False
N20,E479,E740,False
N20,E480,E606,True
N20,E480,E737,False
N20,E480,E786,True
N20,E481,E670,False
N20,E481,E722,True
N20,E482,E623,False
N20,E482,E675,False
N20,E482,E790,False
N20,E483,E693,False
N20,E483,E696,False
N20,E484,E600,True
N20,E484,E630,False
N20,E484,E645,False
N20,E484,E752,False
N20,E485,E616,False
N20,E485,E651,False
N20,E485,E653,False
N20,E485,E708,True
N20,E485,E763,False
N20,E485,E784,False
N20,E485,E795,False
N20,E486,E651,True
N20,E486,E677,False
N20,E486,E683,True
N20,E486,E748,True
N20,E486,E764,True
N20,E487,E612,False
N20,E487,E718,True
N20,E488,E644,False
N20,E488,E673,False
N20,E488,E744,False
N20,E490,E736,False
N20,E490,E765,False
N20,E491,E626,False
N20,E491,E660,False
N20,E491,E798,False
N20,E492,E624,True
N20,E492,E704,True
N20,E492,E721,False
N20,E492,E739,False
N20,E494,E620,True
N20,E494,E668,True
N20,E494,E746,False
N20,E495,E614,True
N20,E495,E744,True
N20,E497,E601,True
N20,E497,E654,True
N20,E497,E743,False
N20,E498,E709,False
N20,E498,E754,True
N20,E499,E752,False
N20,E500,E709,True
N20,E501,E646,True
N20,E501,E766,False
N20,E501,E769,True
N20,E502,E692,False
N20,E502,E700,True
N20,E502,E705,True
N20,E502,E738,False
N20,E503,E619,True
N20,E503,E643,False
N20,E503,E645,False
N20,E503,E652,True
N20,E503,E715,False
N20,E504,E628,False
N20,E504,E657,False
N20,E504,E705,False
N20,E505,E655,True
N20,E505,E704,False
N20,E505,E733,True
N20,E506,E679,False
N20,E506,E713,False
N20,E506,E736,False
N20,E506,E759,False
N20,E507,E644,True
N20,E507,E660,True
N20,E507,E732,True
N20,E508,E637,False
N20,E508,E658,True
N20,E509,E605,True
N20,E509,E606,False
N20,E509,E644,False
N20,E509,E671,True
N20,E509,E762,False
N20,E510,E610,True
N20,E510,E644,False
N20,E510,E648,False
N20,E510,E666,True
N20,E510,E763,True
N20,E511,E615,True
N20,E511,E672,False
N20,E512,E745,True
N20,E513,E724,True
N20,E514,E623,False
N20,E514,E648,True
N20,E514,E768,False
N20,E514,E789,True
N20,E515,E617,False
N20,E515,E618,True
N20,E515,E655,False
N20,E515,E668,False
N20,E515,E674,True
N20,E515,E692,True
N20,E515,E795,True
N20,E516,E625,False
N20,E516,E645,False
N20,E516,E673,False
N20,E516,E679,True
N20,E516,E776,True
N20,E517,E659,False
N20,E517,E688,True
N20,E517,E762,False
N20,E517,E766,False
N20,E517,E798,False
N20,E519,E606,False
N20,E519,E650,False
N20,E519,E658,False
N20,E520,E604,False
N20,E520,E607,False
N20,E520,E721,True
N20,E521,E623,False
N20,E521,E669,True
N20,E521,E723,False
N20,E521,E778,True
N20,E522,E603,False
N20,E522,E631,False
N20,E522,E673,True
N20,E523,E645,True
N20,E523,E703,False
N20,E524,E698,True
N20,E525,E720,True
N20,E525,E761,False
N20,E526,E679,False
N20,E526,E711,False
N20,E526,E726,False
N20,E526,E739,False
N20,E527,E669,False
N20,E527,E677,False
N20,E527,E730,False
N20,E527,E781,False
N20,E527,E784,True
N20,E528,E750,False
N20,E529,E676,False
N20,E529,E701,False
N20,E529,E782,True
N20,E530,E768,False
N20,E531,E629,True
N20,E531,E638,False
N20,E531,E662,True
N20,E531,E710,False
N20,E531,E720,False
N20,E532,E771,False
N20,E532,E783,False
N20,E533,E626,False
N20,E533,E696,False
N20,E533,E740,False
N20,E534,E691,True
N20,E534,E706,False
N20,E535,E617,False
N20,E535,E682,False
N20,E535,E725,False
N20,E536,E657,True
N20,E536,E692,False
N20,E536,E735,True
N20,E536,E787,False
N20,E537,E656,False
N20,E537,E683,False
N20,E537,E685,False
N20,E537,E756,False
N20,E537,E772,False
N20,E538,E677,True
N20,E538,E793,False
N20,E539,E678,False
N20,E539,E704,False
N20,E540,E695,False
N20,E540,E707,False
N20,E540,E750,True
N20,E541,E663,True
N20,E541,E699,False
N20,E541,E751,True
N20,E541,E760,False
N20,E541,E767,False
N20,E542,E632,False
N20,E542,E675,False
N20,E542,E691,False
N20,E543,E640,False
N20,E543,E699,False
N20,E543,E743,True
N20,E544,E624,False
N20,E544,E656,True
N20,E544,E732,False
N20,E544,E779,False
N20,E545,E694,False
N20,E546,E627,False
N20,E546,E664,False
N20,E546,E775,False
N20,E546,E789,False
N20,E546,E791,False
N20,E547,E653,False
N20,E548,E609,False
N20,E548,E634,False
N20,E548,E654,False
N20,E548,E656,False
N20,E549,E615,False
N20,E549,E628,True
N20,E549,E754,False
N20,E549,E772,True
N20,E550,E655,False
N20,E550,E672,False
N20,E550,E734,False
N20,E551,E638,True
N20,E551,E673,False
N20,E551,E739,False
N20,E551,E795,False
N20,E552,E630,False
N20,E552,E643,True
N20,E552,E793,False
N20,E553,E616,False
N20,E553,E621,False
N20,E553,E701,False
N20,E554,E666,False
N20,E554,E681,False
N20,E554,E750,False
N20,E554,E758,True
N20,E554,E783,False
N20,E555,E757,False
N20,E555,E762,True
N20,E556,E607,True
N20,E556,E611,False
N20,E556,E639,False
N20,E556,E642,True
N20,E556,E680,True
N20,E557,E712,True
N20,E557,E735,False
N20,E557,E785,True
N20,E558,E759,True
N20,E558,E775,False
N20,E558,E793,False
N20,E559,E625,True
N20,E559,E687,False
N20,E559,E699,True
N20,E559,E701,False
N20,E560,E617,True
N20,E560,E672,True
N20,E560,E683,False
N20,E560,E767,False
N20,E561,E632,False
N20,E561,E663,False
N20,E561,E687,True
N20,E561,E695,False
N20,E561,E719,True
N20,E562,E611,False
N20,E562,E657,False
N20,E562,E665,False
N20,E562,E716,False
N20,E562,E718,False
N20,E563,E612,False
N20,E563,E692,False
N20,E563,E792,False
N20,E564,E723,True
N20,E565,E726,True
N20,E565,E741,True
N20,E566,E714,False
N20,E566,E777,False
N20,E566,E778,False
N20,E567,E668,False
N20,E567,E674,False
N20,E567,E771,False
N20,E567,E797,True
N20,E568,E700,False
N20,E568,E712,False
N20,E568,E740,False
N20,E569,E757,True
N20,E570,E702,False
N20,E570,E787,True
N20,E571,E636,False
N20,E571,E654,False
N20,E571,E698,False
N20,E572,E636,False
N20,E572,E758,False
N20,E573,E609,False
N20,E573,E729,True
N20,E574,E671,False
N20,E574,E715,True
N20,E574,E761,False
N20,E575,E680,False
N20,E575,E681,False
N20,E575,E722,False
N20,E575,E744,False
N20,E575,E746,False
N20,E575,E756,False
N20,E575,E788,True
N20,E576,E749,False
N20,E576,E752,False
N20,E577,E634,True
N20,E577,E741,False
N20,E578,E616,True
N20,E578,E774,True
N20,E578,E776,False
N20,E579,E602,False
N20,E579,E659,True
N20,E579,E676,True
N20,E579,E711,False
N20,E580,E740,True
N20,E581,E602,False
N20,E581,E620,False
N20,E581,E647,True
N20,E581,E681,True
N20,E581,E694,False
N20,E582,E666,False
N20,E582,E768,True
N20,E582,E770,False
N20,E583,E611,True
N20,E583,E624,False
N20,E583,E718,False
N20,E583,E788,False
N20,E583,E798,False
N20,E584,E606,False
N20,E584,E633,True
N20,E584,E650,True
N20,E584,E714,False
N20,E584,E781,False
N20,E585,E682,False
N20,E585,E707,False
N20,E585,E726,False
N20,E585,E733,False
N20,E586,E727,False
N20,E586,E794,True
N20,E588,E695,False
N20,E588,E747,False
N20,E589,E675,False
N20,E589,E710,True
N20,E591,E762,False
N20,E591,E771,False
N20,E591,E778,False
N20,E592,E685,True
N20,E593,E657,False
N20,E593,E682,False
N20,E593,E760,False
N20,E593,E777,True
N20,E594,E613,False
N20,E595,E610,False
N20,E595,E752,True
N20,E595,E773,True
N20,E596,E603,False
N20,E596,E627,True
N20,E596,E646,False
N20,E596,E697,True
N20,E597,E687,False
N20,E597,E769,False
N20,E597,E793,True
N20,E599,E618,False
N20,E599,E671,False
N20,E599,E783,True
N20,E600,E840,False
N20,E600,E864,False
N20,E600,E889,False
N20,E600,E927,False
N20,E600,E940,True
N20,E600,E978,False
N20,E601,E943,False
N20,E601,E973,True
N20,E602,E809,True
N20,E602,E870,False
N20,E602,E947,False
N20,E602,E985,True
N20,E603,E880,False
N20,E604,E882,False
N20,E605,E973,False
N20,E605,E987,False
N20,E606,E811,True
N20,E606,E828,True
N20,E606,E848,False
N20,E606,E910,False
N20,E606,E911,False
N20,E606,E940,False
N20,E607,E805,False
N20,E607,E822,True
N20,E607,E823,True
N20,E608,E888,False
N20,E608,E892,False
N20,E609,E853,False
N20,E609,E857,True
N20,E609,E987,True
N20,E609,E996,False
N20,E609,E998,True
N20,E610,E818,True
N20,E610,E868,False
N20,E610,E916,False
N20,E610,E941,False
N20,E610,E967,False
N20,E611,E802,True
N20,E611,E876,True
N20,E611,E950,True
N20,E612,E922,False
N20,E612,E941,False
N20,E612,E995,True
N20,E613,E830,False
N20,E614,E843,True
N20,E614,E856,False
N20,E614,E889,True
N20,E614,E964,False
N20,E614,E967,False
N20,E615,E812,False
N20,E615,E814,False
N20,E615,E918,False
N20,E615,E921,False
N20,E615,E971,False
N20,E616,E989,False
N20,E617,E939,False
N20,E618,E874,True
N20,E618,E886,False
N20,E618,E951,True
N20,E618,E994,True
N20,E619,E898,True
N20,E620,E820,True
N20,E620,E903,False
N20,E620,E932,False
N20,E621,E892,True
N20,E621,E902,False
N20,E621,E930,False
N20,E622,E877,True
N20,E622,E886,True
N20,E622,E903,True
N20,E622,E970,True
N20,E623,E803,False
N20,E623,E831,True
N20,E623,E932,True
N20,E623,E967,False
N20,E624,E812,False
N20,E624,E896,False
N20,E625,E897,False
N20,E625,E943,False
N20,E627,E882,False
N20,E627,E972,False
N20,E628,E834,True
N20,E628,E860,False
N20,E628,E937,False
N20,E628,E966,False
N20,E629,E806,True
N20,E629,E834,False
N20,E629,E840,True
N20,E629,E881,True
N20,E629,E912,False
N20,E629,E925,True
N20,E629,E961,True
N20,E629,E977,False
N20,E630,E842,False
N20,E630,E853,True
N20,E630,E938,False
N20,E630,E982,False
N20,E632,E825,False
N20,E632,E841,False
N20,E632,E900,True
N20,E632,E951,False
N20,E632,E983,True
N20,E632,E990,True
N20,E633,E807,False
N20,E633,E931,False
N20,E633,E966,False
N20,E633,E985,False
N20,E634,E829,False
N20,E634,E867,True
N20,E634,E944,False
N20,E634,E954,True
N20,E634,E978,False
N20,E635,E859,False
N20,E636,E805,True
N20,E636,E837,False
N20,E636,E864,True
N20,E636,E909,False
N20,E636,E914,True
N20,E636,E955,True
N20,E637,E855,True
N20,E637,E928,True
N20,E638,E801,True
N20,E638,E863,False
N20,E638,E871,False
N20,E638,E875,False
N20,E639,E844,True
N20,E639,E909,True
N20,E640,E873,False
N20,E640,E889,False
N20,E640,E894,False
N20,E640,E913,False
N20,E641,E868,False
N20,E641,E947,True
N20,E642,E824,True
N20,E643,E805,False
N20,E643,E876,False
N20,E643,E879,False
N20,E643,E938,False
N20,E645,E821,False
N20,E645,E839,False
N20,E645,E895,True
N20,E645,E899,True
N20,E645,E924,False
N20,E645,E995,False
N20,E646,E835,False
N20,E646,E839,False
N20,E646,E845,True
N20,E646,E867,False
N20,E646,E910,True
N20,E646,E936,False
N20,E646,E952,False
N20,E647,E859,False
N20,E647,E869,False
N20,E647,E975,False
N20,E647,E985,False
N20,E648,E808,False
N20,E648,E871,True
N20,E649,E851,False
N20,E649,E885,True
N20,E649,E926,False
N20,E650,E816,False
N20,E650,E821,False
N20,E650,E849,False
N20,E650,E953,False
N20,E650,E992,False
N20,E651,E859,False
N20,E651,E872,False
N20,E651,E912,True
N20,E651,E945,False
N20,E651,E958,True
N20,E652,E919,False
N20,E652,E923,True
N20,E652,E941,True
N20,E652,E983,False
N20,E653,E829,False
N20,E653,E953,False
N20,E654,E848,False
N20,E654,E896,True
N20,E655,E905,False
N20,E656,E911,True
N20,E657,E843,False
N20,E657,E861,False
N20,E657,E865,True
N20,E657,E979,False
N20,E657,E992,False
N20,E658,E916,True
N20,E659,E822,False
N20,E659,E857,False
N20,E659,E864,False
N20,E659,E865,False
N20,E659,E908,False
N20,E659,E997,False
N20,E660,E819,True
N20,E660,E835,True
N20,E660,E928,False
N20,E661,E813,True
N20,E661,E909,False
N20,E661,E942,False
N20,E662,E803,False
N20,E662,E808,False
N20,E662,E942,False
N20,E663,E810,False
N20,E663,E813,False
N20,E663,E897,False
N20,E664,E864,False
N20,E664,E877,False
N20,E664,E902,False
N20,E664,E940,False
N20,E665,E832,False
N20,E665,E951,False
N20,E666,E904,False
N20,E666,E933,False
N20,E667,E860,False
N20,E667,E946,False
N20,E668,E874,False
N20,E669,E836,True
N20,E670,E802,False
N20,E670,E829,False
N20,E670,E839,True
N20,E670,E876,False
N20,E671,E813,False
N20,E671,E835,False
N20,E672,E859,True
N20,E672,E957,True
N20,E673,E863,False
N20,E673,E913,False
N20,E673,E972,True
N20,E673,E976,False
N20,E674,E917,True
N20,E674,E934,False
N20,E674,E951,False
N20,E675,E833,False
N20,E675,E922,True
N20,E675,E974,False
N20,E676,E879,True
N20,E676,E898,False
N20,E677,E865,False
N20,E677,E893,False
N20,E678,E861,True
N20,E678,E929,True
N20,E678,E969,False
N20,E678,E977,True
N20,E678,E984,True
N20,E679,E809,False
N20,E679,E882,True
N20,E680,E821,True
N20,E680,E936,False
N20,E680,E994,False
N20,E681,E858,False
N20,E681,E909,False
N20,E683,E845,False
N20,E683,E887,False
N20,E683,E897,True
N20,E683,E964,True
N20,E683,E977,False
N20,E684,E852,True
N20,E684,E991,True
N20,E684,E996,True
N20,E685,E865,False
N20,E685,E882,False
N20,E685,E990,False
N20,E686,E842,True
N20,E687,E845,False
N20,E687,E917,False
N20,E687,E973,False
N20,E689,E878,True
N20,E689,E900,False
N20,E689,E915,True
N20,E689,E963,False
N20,E689,E969,False
N20,E690,E806,False
N20,E690,E863,False
N20,E690,E891,True
N20,E690,E993,False
N20,E691,E807,False
N20,E692,E836,False
N20,E692,E863,True
N20,E692,E886,False
N20,E695,E822,False
N20,E695,E823,False
N20,E695,E898,False
N20,E695,E939,True
N20,E695,E946,True
N20,E695,E954,False
N20,E695,E956,False
N20,E695,E981,True
N20,E696,E971,False
N20,E697,E834,False
N20,E697,E884,False
N20,E697,E888,False
N20,E698,E868,True
N20,E698,E873,True
N20,E698,E879,False
N20,E698,E916,False
N20,E698,E949,True
N20,E699,E802,False
N20,E699,E841,False
N20,E699,E972,False
N20,E700,E978,False
N20,E701,E979,True
N20,E702,E800,True
N20,E702,E817,False
N20,E702,E872,True
N20,E702,E932,False
N20,E702,E962,False
N20,E703,E814,False
N20,E703,E827,False
N20,E703,E965,False
N20,E703,E983,False
N20,E705,E825,True
N20,E705,E826,False
N20,E705,E839,False
N20,E705,E850,False
N20,E705,E866,False
N20,E705,E960,True
N20,E706,E827,True
N20,E706,E830,False
N20,E706,E891,False
N20,E706,E971,True
N20,E707,E801,False
N20,E707,E824,False
N20,E707,E838,False
N20,E707,E923,False
N20,E707,E976,True
N20,E708,E851,True
N20,E709,E815,True
N20,E709,E823,False
N20,E709,E858,True
N20,E709,E952,False
N20,E710,E810,True
N20,E710,E883,False
N20,E710,E938,True
N20,E711,E820,False
N20,E713,E991,False
N20,E714,E953,True
N20,E715,E804,False
N20,E715,E875,False
N20,E715,E887,True
N20,E716,E816,True
N20,E717,E850,False
N20,E717,E998,False
N20,E718,E831,False
N20,E718,E915,False
N20,E718,E934,False
N20,E718,E936,True
N20,E718,E955,False
N20,E719,E810,False
N20,E719,E811,False
N20,E719,E812,True
N20,E719,E814,True
N20,E719,E908,True
N20,E719,E935,True
N20,E719,E982,False
N20,E719,E995,False
N20,E720,E845,False
N20,E720,E846,False
N20,E720,E855,False
N20,E720,E862,False
N20,E720,E888,True
N20,E720,E904,False
N20,E721,E817,False
N20,E722,E860,False
N20,E722,E950,False
N20,E722,E963,True
N20,E723,E832,True
N20,E723,E852,False
N20,E723,E860,True
N20,E723,E887,False
N20,E723,E907,True
N20,E723,E958,False
N20,E723,E992,True
N20,E723,E999,False
N20,E724,E848,False
N20,E724,E920,True
N20,E724,E935,False
N20,E724,E984,False
N20,E725,E813,False
N20,E725,E965,False
N20,E725,E982,False
N20,E726,E885,False
N20,E726,E980,False
N20,E727,E934,True
N20,E727,E962,False
N20,E727,E967,True
N20,E728,E918,False
N20,E728,E926,True
N20,E728,E933,True
N20,E728,E949,False
N20,E729,E804,False
N20,E729,E866,True
N20,E729,E953,False
N20,E729,E992,False
N20,E730,E987,False
N20,E731,E869,False
N20,E731,E898,False
N20,E732,E870,False
N20,E732,E879,False
N20,E733,E804,True
N20,E733,E957,False
N20,E733,E975,True
N20,E734,E961,False
N20,E734,E964,False
N20,E735,E955,False
N20,E735,E956,True
N20,E736,E838,True
N20,E736,E875,True
N20,E736,E907,False
N20,E737,E818,False
N20,E737,E876,False
N20,E737,E927,True
N20,E737,E968,True
N20,E737,E989,True
N20,E738,E904,True
N20,E738,E923,False
N20,E738,E924,True
N20,E738,E964,False
N20,E739,E811,False
N20,E739,E965,False
N20,E740,E963,False
N20,E740,E997,False
N20,E741,E824,False
N20,E741,E893,False
N20,E741,E970,False
N20,E743,E817,True
N20,E743,E833,False
N20,E743,E852,False
N20,E743,E929,False
N20,E743,E931,False
N20,E743,E946,False
N20,E743,E968,False
N20,E744,E932,False
N20,E744,E974,True
N20,E745,E919,False
N20,E745,E965,True
N20,E745,E999,False
N20,E746,E854,True
N20,E746,E939,False
N20,E747,E870,True
N20,E747,E935,False
N20,E748,E824,False
N20,E748,E894,False
N20,E748,E918,True
N20,E748,E979,False
N20,E748,E988,True
N20,E748,E996,False
N20,E749,E830,True
N20,E749,E847,True
N20,E749,E856,False
N20,E749,E901,False
N20,E749,E916,False
N20,E749,E966,False
N20,E750,E806,False
N20,E750,E944,True
N20,E751,E920,False
N20,E751,E925,False
N20,E751,E961,False
N20,E752,E848,True
N20,E752,E894,True
N20,E752,E921,True
N20,E752,E928,False
N20,E753,E849,True
N20,E753,E862,True
N20,E753,E914,False
N20,E753,E944,False
N20,E753,E980,True
N20,E753,E982,True
N20,E753,E997,False
N20,E755,E883,True
N20,E755,E962,False
N20,E755,E973,False
N20,E756,E831,False
N20,E756,E846,True
N20,E756,E944,False
N20,E757,E843,False
N20,E758,E802,False
N20,E758,E899,False
N20,E758,E950,False
N20,E758,E995,False
N20,E759,E828,False
N20,E759,E844,False
N20,E759,E943,True
N20,E759,E959,True
N20,E760,E826,True
N20,E760,E849,False
N20,E760,E854,False
N20,E760,E884,True
N20,E760,E962,True
N20,E760,E972,False
N20,E761,E840,False
N20,E761,E890,False
N20,E761,E920,False
N20,E761,E990,False
N20,E762,E823,False
N20,E762,E857,False
N20,E763,E803,True
N20,E763,E842,False
N20,E763,E878,False
N20,E763,E881,False
N20,E763,E891,False
N20,E763,E935,False
N20,E763,E945,True
N20,E764,E900,False
N20,E764,E959,False
N20,E765,E807,False
N20,E765,E820,False
N20,E765,E966,True
N20,E765,E987,False
N20,E766,E840,False
N20,E766,E850,True
N20,E766,E906,True
N20,E766,E952,False
N20,E767,E833,False
N20,E768,E830,False
N20,E768,E837,False
N20,E768,E919,True
N20,E768,E930,True
N20,E768,E988,False
N20,E769,E958,False
N20,E770,E832,False
N20,E770,E945,False
N20,E771,E854,False
N20,E771,E999,True
N20,E772,E837,True
N20,E772,E917,False
N20,E772,E947,False
N20,E772,E997,True
N20,E773,E808,True
N20,E773,E902,False
N20,E773,E948,False
N20,E773,E974,False
N20,E774,E810,False
N20,E774,E901,True
N20,E775,E858,False
N20,E776,E868,False
N20,E776,E887,False
N20,E776,E960,False
N20,E776,E990,False
N20,E777,E829,True
N20,E777,E979,False
N20,E778,E937,True
N20,E778,E986,True
N20,E779,E874,False
N20,E779,E904,False
N20,E779,E948,True
N20,E779,E952,True
N20,E780,E986,False
N20,E781,E893,True
N20,E781,E913,False
N20,E782,E843,False
N20,E782,E881,False
N20,E782,E905,False
N20,E782,E906,False
N20,E782,E941,False
N20,E782,E947,False
N20,E783,E901,False
N20,E783,E981,False
N20,E784,E815,False
N20,E784,E942,True
N20,E784,E985,False
N20,E785,E993,False
N20,E786,E902,True
N20,E786,E922,False
N20,E786,E974,False
N20,E786,E993,False
N20,E787,E827,False
N20,E788,E805,False
N20,E788,E827,False
N20,E788,E856,True
N20,E788,E978,True
N20,E789,E807,True
N20,E789,E875,False
N20,E789,E931,True
N20,E789,E969,False
N20,E791,E833,True
N20,E791,E841,True
N20,E791,E857,False
N20,E792,E969,True
N20,E793,E889,False
N20,E793,E993,True
N20,E794,E890,True
N20,E794,E998,False
N20,E795,E869,True
N20,E795,E880,True
N20,E795,E893,False
N20,E795,E913,True
N20,E796,E800,False
N20,E796,E819,False
N20,E796,E847,False
N20,E796,E926,False
N20,E797,E934,False
N20,E798,E895,False
N20,E798,E905,True
N20,E798,E958,False
N20,E798,E980,False
